0,4104039.62397836,1956116.60325445
4.5903260241036e-06,4285439.77261627,1956467.36779012
1.42928441417312e-05,4642085.44164894,1957362.9212935
2.39953622593588e-05,4965095.49306067,1958646.07749307
3.36978803769865e-05,5257673.1528124,1960432.5886341
4.34003984946141e-05,5522712.865935,1962778.85649183
5.53916589708454e-05,5816159.41615435,1966459.58025883
6.73829194470767e-05,6075922.90149054,1970978.88982316
7.9374179923308e-05,6305903.89156552,1976254.3235224
9.13654403995393e-05,6509546.1611342,1982178.52200357
0.000106232109493406,6730046.25876168,1990236.74334483
0.000121098778587273,6919743.26439319,1998885.58224419
0.00013596544768114,7082975.42289495,2007908.64981186
0.000150832116775006,7223463.69819864,2017112.67484363
0.000169616917062523,7373450.29620176,2028738.16497459
0.00018840171735004,7497589.40226368,2040123.99394966
0.000207186517637557,7600369.38335432,2051065.50003596
0.000230249411743707,7702807.89462175,2063680.36920904
0.000253312305849856,7784103.98294393,2075253.63686409
0.000276375199956005,7848652.9305573,2085708.49469165
0.000305742911964397,7912089.99884346,2097391.41859767
0.000335110623972789,7959421.7724246,2107330.67467161
0.000370921599027397,8001297.68511631,2117307.88047605
0.000406732574082004,8030636.84202852,2125237.48649642
0.000452211183316118,8055700.13915657,2132891.52851819
0.000497689792550232,8071676.61262416,2138419.96528426
0.000559003971119076,8084557.85469307,2143452.2887478
0.00062031814968792,8091583.24976573,2146574.46222683
0.000704058970175949,8096394.0081624,2148985.74671183
0.000806971751069871,8098795.58603308,2150364.21927057
0.000931804894074524,8099759.56592165,2150996.81554835
0.00105663803707918,8100030.44799089,2151195.75844648
0.00118147118008383,8100107.65590358,2151253.26479536
0.00130630432308848,8100129.92921013,2151265.93201215
0.00143113746609314,8100136.44202115,2151264.6285267
0.00158485678468332,8100138.6379197,2151257.52244809
0.0017385761032735,8100139.15509969,2151248.75885703
0.00189229542186368,8100139.32547327,2151239.63456193
0.00204601474045387,8100139.4235102,2151230.43248441
0.00223445281372864,8100139.52459398,2151219.13104723
0.00242289088700342,8100139.6217608,2151207.82525947
0.0026113289602782,8100139.71842812,2151196.51890327
0.00283846573002592,8100139.83486957,2151182.89051937
0.00306560249977365,8100139.95130137,2151169.26212413
0.00329273926952138,8100140.06773263,2151155.63372822
0.00357728389833395,8100140.21359136,2151138.56081278
0.00386182852714651,8100140.35945009,2151121.48789732
0.00420477562685228,8100140.53524617,2151100.91078482
0.00454772272655805,8100140.71104224,2151080.33367232
0.00497751155505972,8100140.93135373,2151054.54598355
0.0054073003835614,8100141.15166523,2151028.75829476
0.00597717706245954,8100141.44378633,2150994.56521793
0.00654705374135769,8100141.73590743,2150960.37214108
0.00737443683538314,8100142.16002736,2150910.72846421
0.00844244321548922,8100142.70749176,2150846.64718914
0.00994251654967448,8100143.47643544,2150756.64153584
0.0123382407147805,8100144.70449336,2150612.89608443
0.0173291977065924,8100147.26287816,2150313.43449521
0.0422839826656521,8100160.05480212,2148816.12654911
0.0780248931590906,8100178.37573772,2146671.64205967
0.113765803652529,8100181.76446722,2146658.37916127
0.149506714145967,8100171.29771952,2150158.02186711
0.185247624639406,8100160.64642275,2153653.33497968
0.220988535132844,8100156.1360665,2154494.97181877
0.256729445626283,8100153.67816705,2153444.8619807
0.302519558849002,8100150.0320791,2152127.23077225
0.348309672071721,8100153.00390381,2151431.08153704
0.403580768379444,8100157.00672328,2150533.16031225
0.458851864687166,8100176.70606236,2148565.51810184
0.514122960994889,8100199.62210154,2146784.06268517
0.584020608503558,8100238.19078557,2145260.47648017
0.653918256012228,8100203.45025832,2153479.15440401
0.723815903520897,8100166.06724553,2159091.03278975
0.793713551029566,8100159.92774748,2152722.0119494
0.879832535511738,8100219.1290605,2144299.93320433
0.96595151999391,8100257.51498382,2145676.80422315
1.05207050447608,8100304.88687021,2145082.23063837
1.15813398520356,8100419.29196794,2138429.7681412
1.26419746593103,8100586.50185543,2132525.29266443
1.37026094665851,8100718.36747174,2136604.04863327
1.47632442738598,8100811.0042399,2141044.11125898
1.58238790811346,8100914.48805842,2139454.76823495
1.66615287719605,8100954.59680257,2144159.14094038
1.74991784627863,8101019.31236647,2143047.02496032
1.86735908812353,8101072.37538536,2146496.48259676
1.95026414816808,8101097.3054343,2148388.86786436
2.00716798676826,8101130.69457621,2144355.79458517
2.06407182536844,8101248.29794141,2133962.64176644
2.10315428629146,8101328.52077153,2126818.23972425
2.12649352769648,8101327.92669106,2131862.23118539
2.1498327691015,8101329.57164962,2137301.34783323
2.19639148773541,8101332.81863899,2148155.33901579
2.23681404840695,8101363.54397258,2147088.45557184
2.2772366090785,8101396.33745293,2143540.38897547
2.32662420720323,8101453.25255593,2139173.64354533
2.49636158765043,8101740.74739186,2129589.77234209
2.60885923538896,8101920.05095041,2131933.33094256
2.67062844424897,8101921.8765579,2143429.98310026
2.73239765310898,8101914.2396098,2151308.05710021
2.79416686196899,8101888.72221487,2154580.50990032
2.83476570606729,8101951.93000729,2146327.08396145
2.87536455016558,8102038.73102124,2134221.51296232
2.91596339426388,8102110.32176404,2126527.59651434
2.94841685933,8102138.58313363,2131320.94797945
2.98087032439613,8102167.57956513,2136121.56964335
3.12614037119096,8102298.38449116,2139630.88866209
3.23267988889806,8102457.12717376,2132634.76001877
3.33921940660517,8102622.8535746,2131862.10143523
3.42391265305539,8102718.28659881,2137181.68645429
3.50860589950562,8102852.35274092,2131460.53778012
3.59329914595585,8102986.03443936,2131306.45551471
3.67799239240608,8103124.78361876,2130676.87976722
3.7590622722433,8103310.17739168,2124450.03583028
3.80919536044592,8103438.78858371,2119087.83196482
3.83867018646519,8103455.2270871,2125886.13986524
3.86814501248446,8103474.56801483,2132716.43695684
3.94992651947796,8103551.14759911,2139662.09829676
4.01143363220718,8103626.52401954,2135598.47109363
4.05915791614291,8103777.71977885,2124105.57361883
4.09573941599452,8103892.62887796,2115285.03468039
4.1455746270485,8103962.55340574,2121912.89190746
4.19540983810248,8104011.76639479,2134711.98722398
4.24524504915645,8104129.22166208,2130417.62294975
4.28351517237635,8104231.69746829,2122620.00119501
4.32178529559625,8104317.17476894,2119096.30782685
4.36005541881615,8104377.52848511,2124197.12096434
4.40783038838325,8104452.40924135,2130559.07227626
4.46521194396403,8104560.71571142,2128691.29414656
4.5225934995448,8104667.48073239,2127057.56562847
4.63535866263821,8104892.74105071,2125302.4593245
4.74812382573161,8105193.96364067,2116866.90129141
4.89261032895913,8105501.2030555,2128979.45617208
4.95023959873422,8105572.23121954,2133984.0038247
5.00786886850932,8105635.91117261,2135420.97624884
5.04562116853409,8105738.59129256,2128486.23323368
5.08337346855885,8105842.86877562,2121056.63424825
5.15852829892633,8106088.23489106,2111012.47320823
5.33686786147098,8106590.53740266,2119215.35798123
5.39689381950734,8106663.16374342,2130970.15088502
5.45691977754369,8106805.21689151,2125937.34397112
5.50134353637372,8106921.90815593,2118347.93663234
5.54576729520374,8107009.29831488,2119865.80466226
5.59019105403376,8107092.20312371,2123954.85335559
5.64401158164627,8107195.89833123,2125563.99071541
5.76401336085385,8107427.37368506,2124822.74420228
5.88401514006143,8107780.50334856,2110582.6098515
5.96730600841753,8108046.68013986,2108290.23399224
6.05059687677363,8108263.00470545,2115492.61481521
6.11387551481324,8108394.87811701,2122681.60856458
6.15012736357258,8108501.10346636,2119068.86081644
6.18637921233192,8108605.50933601,2115436.4413829
6.30361126560553,8108947.97852416,2112027.96284435
6.42084331887914,8109318.28184939,2109026.45340399
6.53807537215275,8109675.04326364,2110173.96132168
6.62206790640198,8109956.62692855,2106340.76346449
6.70606044065122,8110189.43179913,2112695.20729546
6.7702110215573,8110370.99983946,2112860.67773163
6.83436160246337,8110549.98791589,2112764.08885807
6.94055470532963,8110828.73266546,2114685.4630004
6.99898428755685,8110966.12626055,2117458.36596118
7.05741386978407,8111232.67718941,2102805.42932969
7.10234643806391,8111467.72918514,2086850.12391627
7.14727900634376,8111612.76621137,2092731.02685552
7.17963151592578,8111702.07760246,2102558.30015664
7.2119840255078,8111790.26069018,2112373.74745531
7.24007980448011,8111888.47293034,2110831.95164097
7.26817558345243,8111984.36890916,2108468.73143207
7.31567665587136,8112143.21377242,2104877.079277
7.34720062571628,8112205.37713945,2110019.40415433
7.3787245955612,8112269.18154896,2115180.17412921
7.47847482748111,8112581.77137969,2108183.40163608
7.56452147432525,8112895.80188107,2100849.48931714
7.6505681211694,8113195.5861254,2102839.45224984
7.71473791502663,8113402.78799815,2106120.86599476
7.80370538354128,8113624.92683517,2113776.01124609
7.86041187243026,8113816.35256588,2109010.80217202
7.91711836131924,8114017.5333478,2101907.8936949
7.98887692706148,8114293.81884715,2099022.29670132
8.06063549280371,8114472.06119011,2109304.44003159
8.18844195945004,8114855.39905544,2104637.01807509
8.25620237279297,8115100.66670005,2098840.17741408
8.3239627861359,8115333.08397652,2102154.80792156
8.37622696663338,8115448.08239535,2110560.24249849
8.42849114713085,8115586.88953968,2114637.31272792
8.48075532762832,8115797.44059576,2103205.67173296
8.53301950812579,8115995.73917431,2096269.65206594
8.57466852583484,8116139.88547098,2098942.43969802
8.65451252094429,8116359.43248761,2108367.2275164
8.73435651605374,8116541.13532372,2116920.43415829
8.81420051116319,8116801.15013431,2104635.12784217
8.87610895562536,8117052.88708322,2097698.14286627
8.93801740008752,8117288.22609941,2095271.60756682
8.98750614705469,8117447.67120656,2100648.34556364
9.05963166956207,8117699.89224905,2101693.24013607
9.14818117859806,8118038.17657972,2096594.43507077
9.23673068763404,8118383.57037531,2094706.50406712
9.32528019667003,8118655.3677871,2105201.09790056
9.37178357000486,8118824.23383572,2101909.89844715
9.41828694333969,8118991.67306959,2098603.7653654
9.53174187889094,8119449.30290073,2093032.00412153
9.60810442520745,8119722.5446758,2097624.34791456
9.68446697152396,8119991.7287802,2098800.53355772
9.76082951784047,8120319.00953274,2092021.11854666
9.83719206415698,8120669.21503365,2084416.29582485
9.91355461047349,8120951.75188993,2095211.69095875
9.98991715679,8121224.28222683,2097444.27116816
10.0481851878369,8121439.1580266,2097092.0958321
10.1210394225587,8121713.14877984,2094842.39248743
10.1792988591912,8121871.45428713,2102172.15400743
10.2375582958237,8122064.95911356,2103579.33092685
10.2799269302931,8122255.73960459,2094507.54255027
10.3711712434717,8122668.85132204,2084901.86404464
10.4624155566503,8123064.95796872,2086912.47462717
10.5264000488385,8123321.67952712,2091071.59661621
10.6046106979066,8123611.89996748,2094024.10351966
10.7026006195892,8123969.4657461,2095224.31997055
10.825640198673,8124478.09943365,2088015.0017607
10.8849681522979,8124689.2750493,2092641.62923566
10.9442961059229,8124895.11062654,2096377.20565788
11.026348515744,8125170.06236526,2098385.01886358
11.0596359402576,8125335.8954394,2091514.27143253
11.0929233647711,8125499.9452455,2084623.58622323
11.1656930245337,8125798.29541876,2085358.26369445
11.2384626842964,8126053.16576402,2095510.63868638
11.3112323440591,8126267.02995059,2101572.00236643
11.3692356303877,8126502.43998126,2094840.17010874
11.4272389167163,8126752.71401809,2085575.74569639
11.5025370724562,8127110.48449984,2081001.78215765
11.577835228196,8127440.18143923,2083006.5371686
11.6531333839359,8127728.18068574,2089555.7022804
11.7284315396757,8127981.45161775,2097066.47651152
11.7569133253506,8128137.4872723,2089347.47819907
11.7853951110255,8128290.76976568,2081598.04432383
11.8659299679581,8128685.41591679,2075427.93229428
11.9256861817828,8128959.39655292,2081093.47259632
11.9717456981467,8129149.94298727,2083538.86471818
12.028486131089,8129384.95555838,2086260.54677606
12.1394827387913,8129862.3803604,2083839.18028759
12.2155850070421,8130233.64152106,2077347.0054712
12.2916872752929,8130564.97766926,2081147.02151361
12.3476273705494,8130812.67280999,2082628.26208642
12.4035674658059,8131065.86510939,2080970.74688316
12.4595075610623,8131304.30056306,2081985.33641746
12.6033809818225,8131783.04096384,2098842.24464002
12.6571381595237,8132003.31123461,2093882.06990308
12.710895337225,8132265.19805334,2079135.6697611
12.7528908249111,8132451.25193331,2077079.60060073
12.8113438126386,8132705.21993105,2080970.23820609
12.8697968003661,8132888.52159946,2090136.24091329
12.9282497880936,8133056.41173645,2100048.21524412
12.9494355599966,8133154.82626463,2095609.98434812
12.9706213318996,8133250.0379432,2091137.06160582
13.0285125172736,8133505.57259102,2079850.36691547
13.0533832237457,8133581.24084396,2083974.18489313
13.0782539302178,8133659.00719306,2088123.93357161
13.1479813404276,8133876.12527351,2096352.45657747
13.2177087506374,8134087.14649125,2097126.69916198
13.2863437470581,8134360.19883002,2089128.39800283
13.3549787434788,8134629.34324298,2084904.84913032
13.4236137398995,8134888.0311018,2087581.15280887
13.4922487363203,8135155.4925819,2086485.41006281
13.560883732741,8135359.82315237,2093122.42702197
13.6295187291617,8135514.24233775,2106449.78627859
13.6474636682841,8135613.76043211,2099484.95863597
13.6654086074065,8135708.26706134,2092464.93000243
13.7080290413865,8135933.07381923,2075790.30916206
13.7618980132293,8136123.86856673,2078797.26007911
13.8157669850721,8136277.11355441,2095047.23304315
13.853798566394,8136413.17570712,2095460.89366997
13.8918301477159,8136554.25669468,2091163.02801535
13.9298617290377,8136694.52858339,2087199.61368194
13.9774811633968,8136845.13761065,2090291.76402442
14.0251005977559,8136996.75200051,2093395.88775525
14.0660530683134,8137173.1412663,2088097.85084074
14.1070055388709,8137351.13152311,2082169.65554294
14.1835868558881,8137597.36805828,2089132.4038102
14.2447509375782,8137783.56969424,2096073.16368281
14.3059150192683,8137990.78751414,2092006.07609174
14.3954278469228,8138324.09220856,2086705.36418087
14.5099347068445,8138763.32287241,2084504.89841586
14.5803391583665,8138931.52747722,2096599.91024639
14.6246167636102,8139015.75083652,2107117.78784611
14.650131392305,8139118.60563983,2102129.76256321
14.6756460209999,8139225.83343078,2094771.05005448
14.707228533102,8139359.3764554,2085670.45398061
14.7732527652579,8139602.32179877,2083213.57004055
14.8392769974139,8139823.86419551,2089338.73913225
14.9053012295698,8139987.95874616,2097378.0190959
14.9995144755377,8140330.59382209,2087370.30425304
15.0678557218122,8140565.00788239,2085802.91344652
15.1625483607756,8140852.35052394,2093472.97891806
15.257240999739,8141154.78662692,2091479.05822699
15.3290493604324,8141436.54123752,2082104.16729519
15.3661384144057,8141537.76810249,2087015.16106589
15.4032274683789,8141640.11402799,2092209.22588178
15.4856958868611,8141877.08207987,2095141.56164578
15.6039293742313,8142306.94670878,2083513.94270247
15.6736348007806,8142549.7902483,2084126.5087894
15.7433402273299,8142752.18978359,2092774.03246459
15.7990098902428,8142841.14877407,2103428.99316202
15.8662116296284,8143005.35449073,2103244.65342383
15.9175293673382,8143162.52562341,2093963.34566077
15.9585808355512,8143289.25288902,2091054.37066122
16.0556545212221,8143620.20499288,2087307.43834446
16.1407499898641,8143964.0886081,2078789.67119725
16.1924145876179,8144120.87129624,2085679.41596479
16.2237054774678,8144216.75512507,2089862.03817607
16.2549963673178,8144115.41289355,2113374.414011
16.2788630900443,8143993.78521433,2136747.48122686
16.3027298127709,8143870.76227649,2160104.69369707
16.3868337596621,8143758.95489033,2153633.34361289
16.4499453249973,8143748.85734543,2126676.35936875
16.5130568903325,8143682.42171444,2137460.18942192
16.5761684556678,8143590.46612271,2144154.21095511
16.6252592618061,8143508.01410221,2147873.47911878
16.6577067227751,8143525.52378183,2140473.07164108
16.690154183744,8143559.66445216,2129914.0823669
16.722601644713,8143594.42282027,2119361.74376928
16.7549392640045,8143569.97796649,2121837.82233129
16.7872768832961,8143525.26061568,2131524.09343527
16.8196145025876,8143479.16133081,2141195.10496267
16.8723725992864,8143452.59029057,2140326.54871278
16.9251306959852,8143437.13703811,2133137.53567707
16.9778887926841,8143377.88921935,2136886.74478379
17.0185155865285,8143327.89758623,2141503.80609246
17.074487188745,8143285.12944644,2140503.10435575
17.1304587909615,8143250.24231085,2136394.48247019
17.186430393178,8143234.23890118,2133816.02867527
17.2627420645313,8143169.61482699,2136766.14724625
17.3168133018141,8143072.41105611,2146705.24526053
17.3708845390969,8143041.56577915,2142860.25932883
17.4584041222114,8143008.61019076,2132317.11752757
17.5459237053258,8142908.37191224,2142734.88297256
17.5895199041212,8142898.74499899,2137521.61890065
17.6331161029166,8142887.61787351,2132292.50385699
17.6586877878648,8142807.15937693,2140108.53941145
17.6842594728131,8142722.90943019,2149372.62409108
17.7208224124346,8142601.81668891,2162612.81716626
17.7708581569719,8142552.42980024,2155523.94133754
17.8208939015092,8142541.2170064,2137315.81762112
17.8583151991613,8142508.16718285,2133809.09426609
17.8957364968134,8142466.66867874,2138059.54253008
17.9331577944655,8142423.88070329,2142295.83695609
18.0037354399609,8142360.04980353,2140933.11490526
18.0743130854564,8142266.924195,2143303.20676874
18.1598253906789,8142133.25792528,2148202.032859
18.3165493054799,8141918.68793049,2145404.27155764
18.4732732202808,8141623.23613218,2153696.84534568
18.6299971350818,8141480.79719979,2130121.79867221
18.6569541382887,8141463.93285146,2129398.3322846
18.6839111414957,8141446.76593672,2132109.76175628
18.7108681447026,8141428.73212799,2134812.33424316
18.8252475251518,8141428.50437492,2128803.46578243
18.8734313187924,8141373.7093821,2134563.54489037
18.9216151124331,8141298.88528893,2144663.69657382
18.9697989060738,8141293.66404411,2140556.05595552
19.0649193938983,8141285.6085422,2129737.20901421
19.1358783818811,8141169.7053993,2148294.94883029
19.1626387046546,8141142.08718711,2147672.0297267
19.1893990274281,8141112.59280157,2145999.12751567
19.2323707581855,8141065.76478263,2143317.24555962
19.3057162488631,8140952.47903938,2146687.67914723
19.3790617395407,8140907.53814617,2140674.8270263
19.4524072302183,8140916.96074582,2128105.46199186
19.5257527208959,8140926.10442083,2128276.37953301
19.5840002830146,8140907.47889005,2131401.59734109
19.6631868544632,8140881.273426,2134354.44410971
19.7423734259118,8140876.65730754,2130762.48116049
19.8031700480038,8140955.12500451,2120777.39635088
19.8639666700957,8141018.97638472,2115879.74291842
19.9105175904047,8141056.14776537,2118625.0253454
19.9570685107138,8141102.17908611,2119433.09740045
20.0036194310229,8141162.37615961,2116534.42473213
20.0737294867242,8141212.22207627,2118826.50012452
20.1296311496656,8141219.30606588,2126770.9950356
20.185532812607,8141237.49199576,2127210.95345111
20.2414344755484,8141256.25832951,2125710.10740234
20.3157475740104,8141259.31104761,2128278.25803028
20.3900606724724,8141227.98191301,2133310.68964543
20.4932015842253,8141196.3379297,2133563.0459936
20.5963424959782,8141158.62672393,2134007.10228531
20.7358202244788,8141075.14549511,2136854.48862477
20.8343950667563,8141024.39974184,2136008.0503448
20.9329699090339,8140996.41158176,2133349.63330468
21.0590079032181,8140992.98237561,2129913.99590823
21.2046672376204,8140953.59114927,2134933.09467425
21.2981004627334,8140893.90197079,2137883.14413091
21.3915336878464,8140800.01593938,2141320.42179818
21.5706252000115,8140580.05398358,2143434.11057481
21.6256653212455,8140574.98445758,2134743.95842317
21.6807054424795,8140503.59014699,2138652.22013189
21.7613020896524,8140375.46008199,2150244.50569672
21.809948833984,8140365.13339496,2140535.35585889
21.8585955783157,8140343.49076233,2134044.12802975
21.9072423226473,8140298.05963833,2137975.02773769
21.9558890669789,8140260.73205961,2140484.0572182
22.0045358113105,8140257.98932052,2135565.25020491
22.0531825556421,8140250.07819406,2131612.86670416
22.1183131809771,8140196.33306485,2137339.66126144
22.1667735199333,8140156.84667716,2140127.09923042
22.2152338588896,8140114.12270779,2140540.55736528
22.2826980295147,8140053.70321625,2141000.93145115
22.4182813653444,8139951.75342403,2138796.28516645
22.5096454138475,8139838.1240647,2144418.82785134
22.6010094623505,8139710.00220701,2147605.93258434
22.7305918356539,8139614.0300962,2137440.87465473
22.7987596303265,8139546.27791505,2139949.25404411
22.8669274249991,8139484.08881188,2142766.03646888
22.9350952196717,8139463.85642762,2135825.54698263
22.9900899567237,8139381.91097509,2141706.71227869
23.0450846937757,8139280.18228591,2151909.58838138
23.0826538631891,8139229.60796908,2150890.58126541
23.1202230326024,8139178.89491046,2148635.90702811
23.177528483426,8139126.96734697,2143948.04682926
23.2609704234749,8139103.90511139,2134562.35714336
23.3444123635239,8139176.23256839,2121419.5286164
23.4005694712027,8139223.98666006,2120407.10137656
23.4567265788815,8139263.10188916,2121457.48261274
23.5128836865603,8139215.24699701,2132936.54541584
23.5551770608134,8139186.02874401,2140163.05160517
23.5845853392078,8139198.26552953,2136063.29705445
23.6139936176022,8139208.36946608,2131940.63414154
23.7050800473891,8139139.65326426,2138166.35974247
23.796166477176,8139064.16096624,2142034.31154667
23.8872529069629,8139024.47201265,2135660.70363179
23.9783393367498,8138967.35556712,2138374.23989244
24.0694257665367,8138884.5241495,2141856.60445167
24.2048158350743,8138767.30426732,2141048.00977867
24.4098086612441,8138531.13267207,2147836.14070122
24.4497952940625,8138464.21590933,2150773.05603372
24.4740343134935,8138498.26079343,2142731.3969674
24.4982733329245,8138537.67876727,2133125.53643106
24.532336899062,8138593.75096478,2119632.75264954
24.5860501679206,8138607.62481686,2119445.97654846
24.6397634367792,8138588.11228633,2132596.01669201
24.6776679876976,8138590.03231505,2134223.48596662
24.7468173293705,8138601.40221221,2129605.78240808
24.8159666710433,8138638.28482077,2126118.20336091
24.9218162787463,8138686.70361233,2125671.55360389
25.0517574785213,8138680.05694313,2133310.38946162
25.0844188632024,8138727.24305919,2127347.24266902
25.1170802478835,8138775.92196349,2120740.85945997
25.1545884871467,8138829.77640181,2113383.09960217
25.1775115424507,8138822.15389381,2117955.51494313
25.2004345977546,8138817.83160656,2122564.87537429
25.2609288788508,8138821.25269366,2131727.6936276
25.2963950043712,8138885.95088482,2123423.95745841
25.3318611298916,8138948.2278919,2115093.97317882
25.3886194607446,8138979.36952772,2117383.21312269
25.4453777915977,8138976.11575154,2129772.06175876
25.4893050469857,8139008.43735068,2128030.25315166
25.5332323023736,8139045.92751791,2123058.23945502
25.5771595577616,8139100.39678881,2118521.59279958
25.6718583318646,8139216.02731574,2115706.41519498
25.7186164072276,8139187.54863105,2128116.12023443
25.7653744825906,8139183.66693021,2135413.94917601
25.8011288902726,8139233.09004712,2127128.64924261
25.8368832979547,8139281.36383659,2118831.42837195
25.8967651285455,8139302.94844341,2121122.79583659
25.9566469591363,8139305.67875949,2130406.96138842
25.9985032922502,8139311.57509368,2130051.60874767
26.0403596253641,8139315.98747476,2129680.47036456
26.1166234115007,8139277.09760859,2135021.85620104
26.1928871976374,8139291.56578807,2131353.74103665
26.2501176977603,8139347.55182111,2120052.74223765
26.3073481978831,8139395.61468502,2119653.85979432
26.3485348238801,8139430.80047424,2120281.02544966
26.4179411888608,8139439.09235119,2126480.18462927
26.4873475538416,8139439.39835874,2130716.43890407
26.5567539188223,8139434.10434777,2131588.7814376
26.626160283803,8139424.68260875,2132100.24465589
26.7200480198806,8139484.15323018,2123904.08291051
26.8139357559582,8139554.32888582,2121266.78399832
26.9078234920358,8139614.79923186,2123050.25532577
27.0017112281134,8139629.3948358,2128220.28545744
27.095598964191,8139615.52939852,2132860.15850239
27.1894867002686,8139636.8611698,2127927.91328195
27.2833744363462,8139669.82894429,2126196.35453418
27.3772621724238,8139655.610399,2132294.23784955
27.591515170789,8139599.41842432,2131109.40995491
27.6437204581513,8139581.88663849,2133668.72443621
27.6959257455136,8139586.43036441,2132065.74052722
27.7672392477059,8139594.26029398,2128839.12500231
27.8443957756341,8139545.57921393,2136608.19435341
27.9215523035624,8139547.71745886,2132410.37297652
27.9805309093415,8139525.83948991,2132200.20464381
28.0395095151207,8139455.03025224,2141745.76313984
28.0984881208998,8139434.5128896,2139478.63232083
28.1853401877401,8139427.728474,2131272.03365934
28.2890191905936,8139364.28142035,2138051.0101765
28.3480710252077,8139274.55526063,2147067.35703373
28.3890283751298,8139267.92247807,2142787.27524834
28.4299857250518,8139278.55041021,2134111.09888395
28.4709430749739,8139281.01973102,2128323.97940009
28.5119004248959,8139264.19335587,2131621.66626528
28.552857774818,8139247.86384007,2134924.291139
28.7576445244283,8139387.71908473,2113310.53268385
28.7878469770572,8139393.82747638,2116907.76281971
28.8180494296862,8139399.66104589,2121717.5894391
28.8635790093937,8139406.8291021,2128740.05813302
28.959804201334,8139367.20591807,2135572.5205556
29.0050046892514,8139401.54785204,2129610.4501055
29.0502051771689,8139436.7648073,2123157.99674561
29.0981688528868,8139400.98598221,2129655.17434351
29.1461325286047,8139347.41062387,2140572.07623267
29.1940962043227,8139379.29123828,2134621.34416674
29.2420598800406,8139444.17238775,2120223.65692831
29.2900235557586,8139456.20505578,2119957.45144323
29.3379872314765,8139440.98113663,2129866.89577286
29.3751074843469,8139437.70355452,2134061.7227397
29.4122277372172,8139443.427897,2131814.35222199
29.4493479900875,8139449.60680541,2129572.31697281
29.516389399098,8139371.65236379,2139044.14432486
29.5834308081084,8139295.70121384,2145900.44700562
29.6504722171188,8139259.61995262,2138704.64392144
29.7620716777857,8139267.62653833,2129092.72412292
29.7978530249248,8139231.07338125,2133708.53221955
29.8336343720639,8139194.10992773,2138780.97076544
29.9065262763245,8139255.4206857,2127490.47260322
29.9794181805851,8139361.91617544,2110648.15078492
30.0249367066836,8139345.09405921,2123599.17890512
30.070455232782,8139340.12400777,2133754.93835227
30.1013908304912,8139371.688124,2129005.58081892
30.1323264282004,8139401.12156211,2124233.59011983
30.2282325274478,8139536.70058705,2113947.70169393
30.3371310860551,8139746.81300319,2106960.03302148
30.4460296446623,8139819.24630296,2123694.65973343
30.4959387258737,8139858.073506,2125095.83512874
30.5458478070851,8139906.92377529,2120372.7325497
30.5957568882964,8139976.74970016,2116063.88211198
30.7717941864769,8140161.30471539,2122267.81177079
30.8053221211035,8140206.10875668,2119697.98578803
30.8388500557301,8140248.77892909,2117104.90330133
30.9073421994878,8140229.07405182,2127260.47201884
30.9758343432455,8140183.64620319,2140704.64720214
30.9979905978147,8140236.15757385,2131592.31716338
31.0201468523839,8140285.28271009,2122443.0467027
31.0590163954035,8140371.53748922,2106390.4513648
31.0842493117097,8140392.73778094,2106860.62289798
31.1094822280159,8140410.57219144,2111611.18297557
31.134715144322,8140427.28979261,2116349.92291833
31.2327536255421,8140549.90830493,2115708.66909202
31.3307921067622,8141041.96048411,2069877.80490795
31.3654765239253,8141277.90291836,2046736.40781023
31.3779437147736,8141348.57383268,2046479.20965356
31.3904109056219,8141426.7720459,2047447.05432352
31.4092675260029,8141543.56829302,2048898.25679972
31.4749950268507,8141959.34305558,2052339.88367876
31.5407225276986,8142431.12919526,2044049.81695666
31.589734431714,8142744.71756578,2044873.09072688
31.6279581404568,8142962.74715819,2051922.51616529
31.6661818491996,8143179.76658589,2058960.26540984
31.7149027535793,8143451.76377328,2059750.4287086
31.7636236579591,8143722.08873748,2060384.07701502
31.8380885712219,8144142.77189508,2059279.61112196
31.9125534844847,8144427.70304482,2075024.96138713
31.9870183977474,8144650.45815322,2093150.13944585
32.0614833110102,8144920.49706716,2084527.09148334
32.1118386880258,8145075.98332714,2086745.1280695
32.1621940650414,8145229.74879921,2090185.12072539
32.2399506514369,8145476.13603376,2089437.46519504
32.3177072378324,8145722.84134578,2088837.67448334
32.4319666198255,8146007.36631522,2097954.15549227
32.5089376274881,8146235.74090149,2094467.01973924
32.5859086351507,8146502.58992568,2083470.10371371
32.6573844043086,8146681.98398717,2094355.40599499
32.7288601734665,8146850.10135092,2097768.01326646
32.8003359426243,8147040.60834702,2095778.4283537
32.8718117117822,8147263.50353551,2088548.77122588
32.9432874809401,8147499.36102167,2086745.02412508
33.0147632500979,8147706.8277585,2089424.98232239
33.2217873706987,8148244.56037008,2094525.37908493
33.4288114912994,8148868.33527826,2087192.27472617
33.5234765918318,8149111.14211021,2093634.21464902
33.6181416923643,8149321.33288798,2098920.95996625
33.7555028718672,8149653.81641601,2095359.79983432
33.8540646678041,8149935.18074839,2090456.39819752
33.9526264637411,8150265.84130199,2084037.24999793
34.020509379855,8150434.29720307,2090499.33970187
34.0883922959689,8150582.21954642,2098632.03607214
34.1947364078673,8150834.2001097,2095743.21851586
34.3871060429528,8151343.09365993,2094446.60244342
34.4408962359673,8151503.76452984,2090471.1592265
34.4946864289818,8151646.70752948,2089819.85633238
34.5484766219962,8151770.58697188,2094172.26117255
34.6022668150107,8151897.13629522,2095871.23777166
34.6775049689875,8152074.87593085,2095141.20742456
34.7527431229644,8152254.22868565,2094905.78246787
34.8357186325627,8152501.08217499,2088728.82771179
34.918694142161,8152707.28589598,2091472.82322543
35.0016696517594,8152857.25717927,2101401.02096993
35.0846451613577,8152994.01718796,2103954.08208182
35.1379517304133,8153156.56818295,2093467.53520754
35.1912582994689,8153318.82749444,2085971.81925071
35.2445648685246,8153488.90067466,2084816.24912521
35.3263355425106,8153710.80649163,2088692.61245472
35.4398540703632,8153927.10877608,2100640.3967267
35.5533725982158,8154198.26116462,2092539.92852115
35.6174296502883,8154355.21540294,2091114.01632493
35.6814867023609,8154501.2034163,2094491.03594065
35.7455437544334,8154597.08473337,2101117.53854469
35.809600806506,8154742.7181407,2098568.38747784
35.8736578585785,8154926.34054902,2087618.56862646
35.9137397497201,8155020.82126546,2089451.16792155
35.9538216408616,8155116.08793151,2091847.00235287
36.0307509035303,8155326.245226,2089988.86103275
36.1076801661991,8155507.15136501,2091624.22647752
36.167502572807,8155611.26723349,2099773.83002115
36.2273249794149,8155752.16768454,2096596.42532312
36.2714755203443,8155858.65308356,2092845.12920923
36.3364582260439,8155995.70770245,2094606.16230448
36.4014409317434,8156126.36637468,2096827.75487618
36.5708715203301,8156572.95701574,2082928.38825807
36.6014201455901,8156633.166175,2086067.76578998
36.6319687708501,8156689.22765583,2091370.40446949
36.6709951505372,8156760.22219387,2098138.33991162
36.7323973108961,8156874.05959441,2099093.15244174
36.7937994712549,8157000.32767523,2097331.56191957
36.8552016316138,8157165.0083598,2090790.77489536
36.9166293407048,8157245.02469289,2098165.846689
36.9780570497958,8157282.66765102,2113804.71260393
36.9888539989669,8157328.85750218,2109697.98907138
36.9996509481381,8157368.67559538,2105522.22361072
37.0243272164854,8157460.36951076,2095979.91841896
37.0689782842769,8157626.508022,2078716.39936921
37.096567425611,8157675.9740342,2080715.42094989
37.1241565669452,8157712.08354547,2089012.38165318
37.1517457082794,8157746.75728963,2097293.54756077
37.2163533733823,8157885.16178566,2099121.93369478
37.2809610384852,8158054.22452601,2088382.83761222
37.3279105223998,8158169.58397892,2089185.2392872
37.362846097935,8158256.58593027,2089794.79791112
37.4365656555369,8158365.62295171,2099014.94789464
37.4862165090036,8158435.68369816,2104624.55298597
37.5358673624702,8158553.4725805,2097706.7414154
37.5735991727075,8158641.96135894,2092438.63290044
37.6094135775191,8158681.78954212,2096629.35479483
37.6452279823307,8158717.63309441,2102496.09004307
37.6948513924235,8158784.39406467,2106368.26429759
37.7444748025162,8158883.87747099,2100184.79563494
37.8699150584839,8159240.91226746,2082366.22406663
37.9074426350072,8159297.4135659,2088148.89062465
37.9449702115305,8159336.22893159,2098182.70613165
37.9824977880538,8159379.0868685,2107074.0675259
38.0015194636296,8159431.12881842,2103472.0329787
38.0205411392054,8159479.77811712,2099833.40450507
38.0721603878109,8159611.93508287,2089957.83461259
38.1348812880634,8159777.65366035,2087520.37201242
38.1976021883159,8159919.76887425,2089791.83838887
38.2603230885684,8159993.67371747,2101353.20763057
38.345737919953,8160142.555511,2099597.44530509
38.4090190185261,8160279.66062848,2094186.14909737
38.4723001170992,8160441.00263979,2088863.61301966
38.5444804557571,8160595.13466929,2091555.84804741
38.6166607944151,8160712.683199,2097580.28161882
38.688841133073,8160800.92072378,2104551.97040941
38.747213826579,8160901.51137333,2100595.31483508
38.805586520085,8161008.22762094,2097195.85039557
38.9005945845277,8161206.51058094,2093498.11878764
39.0245550487314,8161474.2256739,2092424.30088812
39.2079701670462,8161844.77750339,2094455.24680896
39.391385285361,8162148.49931308,2098653.35042014
39.5030903190033,8162350.96091953,2096245.38526552
39.5714399187414,8162443.00878332,2100924.56905933
39.6397895184795,8162601.2938499,2093875.15843307
39.6910873587251,8162725.5556672,2087922.24373263
39.7990194688609,8162946.06619179,2093002.74369921
39.8596799245992,8162992.94290278,2103951.69472914
39.9203403803374,8163076.1255714,2104391.23625747
39.9987558498127,8163210.79296531,2096799.00242472
40.077171319288,8163366.3730332,2093673.39811789
40.1555867887633,8163476.92804365,2098718.04370817
40.2167601392355,8163572.0678264,2099672.74988189
40.2933327838609,8163707.4253741,2096145.36438638
40.3699054284863,8163898.07853543,2088444.84878031
40.4234064412024,8163976.4198353,2093258.23741726
40.4769074539185,8164037.63319327,2102129.22627603
40.5304084666345,8164124.78864969,2100495.61340085
40.5713096623107,8164192.68971868,2097790.47606573
40.630869031511,8164316.59152909,2093797.95825606
40.7491177856344,8164525.47806069,2096209.05792876
40.8673665397577,8164696.96826142,2099372.3395581
40.9538959349066,8164858.55030422,2094741.29697514
41.07390904001,8165059.94836516,2096867.84370665
41.1939221451135,8165197.56692795,2103415.83536317
41.2273462956153,8165149.19479378,2114201.72214253
41.2607704461171,8165102.79302849,2125010.33419796
41.3207105718524,8164771.11750975,2161940.97548535
41.3806506975878,8164256.72625414,2212663.09323529
41.4014314210821,8164124.43242478,2214298.13732022
41.4222121445763,8163992.77905917,2208694.67740207
41.4429928680706,8163863.39534058,2203115.37744923
41.4856061941266,8163598.09553787,2191675.81649303
41.5112211805379,8163409.04840051,2194305.54701222
41.5368361669492,8163222.03716609,2197525.46463262
41.5842178847492,8162877.1267223,2203487.38818721
41.7049401941149,8161937.48472463,2209908.61500092
41.7761312045002,8161439.47665694,2202585.40498963
41.8473222148855,8160948.36937421,2200559.4203216
41.9185132252709,8160457.85137201,2200336.56528977
42.0073786146728,8159831.94450139,2202332.5601023
42.0962440040748,8159166.81679012,2207850.06639616
42.2085129592005,8158292.46405726,2211880.46828975
42.2798922949197,8157712.76416356,2215507.79247174
42.3258024714324,8157411.68817618,2208097.31317331
42.3717126479451,8157125.70542778,2198238.21269414
42.4285315214432,8156738.64848739,2198086.81435328
42.4853503949414,8156342.3057595,2203263.83276224
42.5421692684395,8155881.74988389,2210995.11155819
42.5989881419377,8155435.97373487,2215647.74345634
42.6558070154358,8155069.5564488,2204914.20877723
42.6990179124496,8154769.93721064,2200443.40619107
42.7422288094634,8154405.43738283,2210140.02457274
42.7854397064771,8154042.03232328,2219848.07957332
42.8127461525338,8153882.17393373,2213659.0440412
42.8400525985904,8153729.15170745,2204917.65243815
42.8732339273909,8153543.99856365,2194303.34870408
42.9360184545709,8153160.69565501,2192335.31420498
42.9988029817509,8152768.34285471,2196826.85177632
43.0615875089309,8152353.01110346,2200003.4701765
43.1648117281266,8151696.33514941,2198795.10664639
43.2680359473224,8150949.96992345,2209120.19508638
43.3462051248378,8150443.59174788,2203728.79080845
43.405877827406,8150068.79149559,2197558.99310637
43.495518766151,8149469.85006345,2203441.78562784
43.585159704896,8148838.36098045,2207709.80042872
43.656289987378,8148262.77521347,2216485.58816459
43.7051325565138,8147899.58791853,2217482.89475574
43.7539751256496,8147622.75528895,2203746.72058821
43.7926635591143,8147401.98531258,2193122.20198562
43.8163925079597,8147241.01285042,2195812.8492778
43.8401214568051,8147083.20956885,2198539.08728441
43.9035213181164,8146666.51874232,2204077.04810385
43.9669211794277,8146268.03129577,2201690.83974411
44.030321040739,8145897.21146863,2197701.56484272
44.186337777921,8144954.44518181,2201103.71584466
44.3036382592991,8144185.60544286,2204775.40606318
44.3595857800578,8143888.97399607,2196059.37400938
44.3967042262798,8143683.91287763,2191575.35767541
44.4338226725018,8143420.06339148,2198988.00800802
44.460730551014,8143230.34679234,2204378.21704642
44.5520481662448,8142643.72149183,2204943.02039616
44.6387333894293,8142122.47695654,2199526.62504419
44.7254186126137,8141605.47456757,2198995.63716757
44.8121038357981,8141078.42304243,2200905.79894015
45.0966625699748,8139345.92096814,2201869.89744092
45.2373592445997,8138480.73229198,2203663.11305283
45.3780559192247,8137667.94211748,2195521.2875907
45.5187525938496,8136962.8877038,2190901.39934938
45.5664942477106,8136654.53298758,2201025.50088579
45.5949397026494,8136471.39948523,2207064.27228785
45.6117479256983,8136422.28043067,2201055.79339938
45.6285561487471,8136367.90617944,2194952.71407772
45.6668461745359,8136244.28214834,2181047.12097365
45.6956393735402,8136151.43206264,2170592.12958972
45.7128534681991,8136061.41799849,2173802.86090339
45.7300675628581,8135976.25545135,2177276.66422526
45.7657067771956,8135799.89004216,2184471.31425636
45.8407477240285,8135472.56744005,2186005.58073104
45.9157886708615,8135126.17170387,2184896.28676119
45.9908296176945,8134671.13881226,2202464.60236353
46.0419247274228,8134339.02411461,2206588.91328478
46.093019837151,8134002.84302317,2209813.05079755
46.1216863175436,8133877.90150949,2203157.13906842
46.1503527979363,8133757.28510431,2195480.7860032
46.1969024901264,8133561.90290242,2183019.56601844
46.2144212239583,8133448.13064762,2187052.11229093
46.2319399577901,8133338.96970678,2191185.68647819
46.2730225385721,8133082.77153098,2200881.56680309
46.373454242941,8132466.61694384,2205911.78097799
46.47388594731,8131953.9224833,2194225.43038279
46.5420081351936,8131578.10886075,2196052.66138269
46.6101303230773,8131195.43538647,2201263.91005101
46.683187423621,8130837.71169312,2193997.99721541
46.7562445241647,8130421.50188155,2198969.81456757
46.8132328437346,8130092.83755233,2203219.40564773
46.8923885639233,8129649.5096415,2201116.21381136
46.9740683302629,8129170.15059491,2203582.26000172
47.0557480966026,8128780.4816798,2194474.85015634
47.1374278629422,8128369.00118409,2193126.29623579
47.2005471161255,8128012.69884331,2202448.57940323
47.249701206439,8127747.89978193,2201191.22000204
47.2864260093236,8127548.941196,2200239.97973081
47.369102711836,8127150.23006365,2194533.52942544
47.4517794143485,8126665.27204358,2202738.72092538
47.5789096814167,8126045.47108842,2190225.53976411
47.6272934616838,8125840.23628473,2185428.59753054
47.6756772419509,8125635.96224262,2186785.68620052
47.724061022218,8125425.03497258,2188149.69064037
47.943501566384,8124274.67986516,2205123.04799347
48.0090889572757,8123887.54780854,2208261.24442298
48.0746763481674,8123593.53564057,2196157.79890768
48.1210749515774,8123395.0010861,2190135.10328458
48.1674735549875,8123212.92529633,2187217.93914036
48.2138721583975,8122997.233883,2188604.74809167
48.2602707618076,8122712.52603411,2200202.94192736
48.3823771950521,8122153.95272362,2189669.03964243
48.4297970898432,8121892.50886663,2192985.04796071
48.4772169846343,8121593.41560522,2206425.30827977
48.5012783509048,8121442.26664517,2213064.01333576
48.5159736803812,8121400.93426746,2207889.42588054
48.5306690098575,8121353.87294458,2202652.31810113
48.5644514493296,8121246.20107152,2190611.22839429
48.6087337097417,8121087.74932233,2179220.6740119
48.6390731866351,8120932.25758661,2185744.69320358
48.6694126635286,8120778.95890222,2192291.65336542
48.7633629945373,8120340.75355278,2195512.97132389
48.857313325546,8119923.19624007,2192474.99941698
48.9512636565547,8119504.24597885,2192835.49539624
49.0452139875634,8119022.32525669,2200169.35148491
49.1199752302829,8118620.79869869,2205220.56248534
49.1947364730025,8118310.15363554,2191504.73878383
49.2367322781653,8118084.90394313,2195507.01702646
49.2787280833282,8117853.58100052,2202008.48052019
49.330209292528,8117620.05936645,2200581.31447535
49.3816905017279,8117423.09642039,2190674.78802332
49.4331717109278,8117191.2231484,2190283.10399199
49.4846529201276,8116940.91140384,2196683.93100642
49.5361341293275,8116690.46392267,2199117.02369224
49.6795759122724,8116027.62293606,2195186.21764666
49.7936082964879,8115500.76519412,2196926.40809934
49.8836833884913,8115018.81984692,2204382.22053643
49.9443353979029,8114766.91113558,2197852.34321286
50.0049874073145,8114548.84565331,2185428.43551158
50.0459245363042,8114407.800648,2184625.40293476
50.0868616652939,8114268.45462587,2183839.90315668
50.1535441643777,8113957.56924333,2192899.55562064
50.2202266634616,8113645.16383073,2200085.06469643
50.2869091625455,8113398.70947929,2190092.1932804
50.3535916616294,8113076.59483953,2195598.05814349
50.4202741607133,8112754.67976193,2202032.52048922
50.4869566597972,8112500.86607553,2191855.17297901
50.5536391588811,8112236.32211238,2190104.93622891
50.620321657965,8111967.62539779,2191596.34910353
50.6870041570489,8111687.677909,2193359.42827097
50.9068789965242,8110670.10290709,2203530.85493762
50.9451839520993,8110525.35424353,2198453.09191593
50.9834889076745,8110378.47035388,2193351.40775455
51.1001771670537,8109922.4481099,2191324.45610307
51.1548247022009,8109776.03471266,2183983.55225204
51.209472237348,8109626.80911361,2177111.60630017
51.2340864805283,8109503.48139476,2183577.17034625
51.2587007237086,8109383.15429239,2190075.5586273
51.3273207430088,8109045.59624403,2203369.70062633
51.3809572936817,8108772.39823543,2204731.06256559
51.5729882695003,8108031.43353333,2184712.74657699
51.6097279374411,8107923.66995987,2179256.37064987
51.6323741668274,8107793.51200498,2186743.41436788
51.6550203962137,8107666.9571272,2194269.7931891
51.7147261566096,8107352.78003418,2209631.90610982
51.7370696761993,8107281.40498165,2204049.18183236
51.759413195789,8107206.91985428,2198433.58578081
51.8217754446279,8106992.34029043,2186783.65341256
51.8841376934668,8106761.66434309,2189430.13945273
51.9464999423057,8106484.59337753,2195716.73205892
52.0920036642406,8105852.23526358,2195902.73771683
52.1461105212994,8105621.80349582,2195784.33939594
52.2002173783582,8105388.54307402,2197894.76504818
52.2693062494919,8105139.63191876,2192923.0544937
52.3383951206256,8104892.67829708,2189728.15967265
52.4074839917594,8104645.08201819,2190304.68529111
52.4765728628931,8104400.17640171,2190103.0754931
52.5919482322221,8103931.72409514,2196784.3807603
52.7073236015512,8103459.74935873,2196428.39001769
52.7902905320519,8103086.88262214,2200375.32775381
52.8732574625527,8102748.02495508,2197763.04725441
52.9562243930534,8102430.78960841,2194288.30340284
53.0782509176156,8101966.79308802,2194248.73173843
53.2002774421777,8101494.44453167,2195062.65637723
53.3223039667399,8101008.1265728,2196672.5700743
53.444330491302,8100543.91640956,2194269.04412673
53.5663570158642,8100163.20003201,2186865.78119849
53.6883835404264,8099716.50559509,2195015.52497629
53.7669753788203,8099408.35905831,2197080.52178064
53.8211934830694,8099212.90589221,2194786.14981537
53.8754115873186,8099095.13837488,2184240.58578081
53.9100540124322,8099019.45742054,2177497.94447378
53.9310929969224,8098916.0339701,2183060.95657959
53.9521319814127,8098812.49511829,2189673.71488974
53.9852498443942,8098648.80677431,2200077.01117666
54.0492460609464,8098399.30033305,2201729.68487122
54.1132422774985,8098186.93115178,2190197.66096529
54.1590626547294,8098045.52465411,2188975.66533345
54.1954257329695,8097934.41368293,2188017.35961729
54.3351866831394,8097531.12534442,2186050.2713954
54.3973420855501,8097290.50384848,2194760.33986571
54.4594974879608,8097067.86812518,2195325.80800566
54.5216528903715,8096857.69038261,2192400.01989763
54.5838082927822,8096704.39778176,2185030.96478773
54.6459636951929,8096517.19717699,2185098.1995157
54.7081190976036,8096305.895135,2191820.12470277
54.7702745000143,8096099.86744334,2191913.96300886
54.832429902425,8095890.52609612,2191850.82658522
55.0006538643339,8095360.1567788,2187758.05968083
55.0841666899811,8095089.25065114,2190247.05464718
55.1676795156284,8094842.79882448,2188656.30072159
55.2804240314263,8094486.91082681,2190705.71018547
55.3720687578671,8094197.28562918,2190969.00806759
55.463713484308,8093881.29582303,2193353.09098937
55.5944421196654,8093428.79464446,2193536.64584521
55.7251707550227,8093123.01576287,2179723.35005624
55.8558993903801,8092851.91419132,2179438.19810416
55.9866280257374,8092522.32003586,2184211.52677263
56.1450545646782,8092054.05555804,2191137.11707676
56.217265993923,8091776.66198613,2199746.34630971
56.2269569873681,8091807.89200119,2192750.79474397
56.2366479808132,8091830.99939082,2185667.14999772
56.2573479465029,8091881.72170927,2170538.35291081
56.3044156261544,8091997.03266773,2136143.52426741
56.3514833058059,8092140.60457153,2122660.78303772
56.3868268195065,8092264.17402924,2118354.10879083
56.4221703332071,8092388.81779009,2114335.28630093
56.4954140616366,8092680.03473311,2109695.47625038
56.5686577900661,8092905.62130004,2115792.93844132
56.6183547956904,8093045.53607352,2122478.96264013
56.6381579016826,8093143.2695124,2117672.38515512
56.6579610076747,8093237.6661025,2112829.39662874
56.7121198061904,8093496.24315902,2099582.96120557
56.7559516194338,8093685.89904424,2100255.92223449
56.7997834326772,8093876.58135002,2102394.43488257
56.8631468204638,8094059.3933002,2113987.37007726
56.9265102082503,8094240.37088463,2123437.57459143
56.9482840708974,8094371.24891931,2114214.5086614
56.9700579335444,8094498.73630095,2104954.78264564
57.0084600047888,8094723.83497426,2088622.1308098
57.0468620760331,8094859.13343513,2094264.91169182
57.0739327899329,8094942.23064597,2103461.97630085
57.1010035038327,8095024.0415456,2112645.67437402
57.1558059827054,8095205.17334743,2117052.81389635
57.2106084615782,8095386.46035136,2115007.94354685
57.265410940451,8095595.8813621,2111435.2495791
57.3430810646692,8095907.76938461,2106467.20267125
57.5030907562426,8096552.75282985,2107426.2366506
57.5928587299659,8096829.2789167,2115939.06518067
57.6826267036892,8097202.70541721,2105638.74065913
57.7723946774125,8097521.55733117,2108767.87046713
57.8621626511358,8097831.24599165,2113143.76801132
57.9519306248591,8098134.30905742,2111409.17678825
58.0416985985824,8098418.11210061,2116263.85540159
58.1056013801721,8098741.84257865,2096555.10048673
58.1485608191893,8098922.97668349,2095753.03103533
58.1915202582065,8099094.13078478,2101321.8735434
58.2344796972238,8099264.42513548,2105132.29189176
58.277439136241,8099431.33852316,2105463.91212225
58.3490847444091,8099696.06090099,2107214.72119442
58.4371364572443,8100006.62833119,2110036.49085675
58.536562876007,8100383.89463638,2106370.17990623
58.6359892947696,8100735.89233051,2109132.78045886
58.7119202669583,8100934.67561013,2118890.19650545
58.7878512391469,8101121.88915922,2121537.1700569
58.8637822113356,8101368.56714792,2115071.23570281
58.9397131835242,8101655.55357137,2105513.85624469
59.1220951150034,8102366.74076618,2101993.76279785
59.1841129319296,8102573.10827402,2107250.28778995
59.2461307488558,8102812.71393852,2106926.40409083
59.292532264859,8103023.68628942,2100041.72990097
59.3389337808622,8103223.75390674,2096716.66598044
59.3853352968654,8103410.43326504,2099651.05354888
59.4317368128686,8103575.9710742,2104352.30935777
59.4781383288718,8103657.19754166,2116756.66042459
59.524539844875,8103741.46315007,2128522.42494088
59.5470562762739,8103813.72617713,2125067.77296608
59.5695727076728,8103882.40136802,2121574.87992981
59.6296715318971,8104071.65876448,2112548.88396133
59.7459202026634,8104514.1303274,2104141.28351895
59.8621688734297,8104841.68090664,2116315.10434306
59.9290002706031,8104982.51615183,2124714.25273728
59.9551071108527,8105081.78762717,2119250.10257047
59.9812139511022,8105178.54430708,2113758.64078684
60.0308184762224,8105354.61156116,2105520.55319536
60.0804230013425,8105489.11424802,2111167.75145329
60.1165768732932,8105588.31659528,2115295.83292515
60.2518454042459,8105871.49130847,2123524.48859225
60.3467684879053,8106165.87457596,2111728.89475158
60.4152774781604,8106414.17553129,2106005.35030899
60.4848146655523,8106616.15178573,2110814.48836447
60.5543518529442,8106761.77283075,2120466.29691695
60.6238890403361,8106840.70074089,2134384.30040635
60.6432579095703,8106915.83969135,2128856.59244919
60.6626267788044,8106988.9610758,2122697.67772223
60.6973229207535,8107119.96341357,2111661.62048269
60.7650303102595,8107338.54211935,2106672.9338576
60.8327376997656,8107542.74883582,2112231.37495561
60.8865274528123,8107716.8032647,2110496.94328845
60.940317205859,8107878.60579085,2110457.84284051
60.9941069589057,8108012.28224966,2115158.60048037
61.088808243183,8108291.98497504,2112687.98087926
61.212885522166,8108610.41790421,2118095.61869227
61.266073704655,8108777.23397803,2114553.70269823
61.3192618871439,8108954.20478655,2108095.18160877
61.3563920338389,8109034.02523359,2112088.30661971
61.3935221805339,8109107.81863414,2118008.73291771
61.4432712561754,8109220.82466379,2121897.78094987
61.4930203318169,8109356.20580853,2117387.3329545
61.5601988259075,8109536.54772955,2114440.6098893
61.627377319998,8109717.00563052,2114700.61033097
61.6945558140886,8109949.68495469,2108344.159122
61.7482033636467,8110090.78008324,2110031.54941642
61.785802607049,8110149.87039724,2118565.49769363
61.8234018504512,8110208.0074614,2127088.2375706
61.8663469578891,8110286.67722876,2126749.1357617
61.909292065327,8110363.94336307,2125461.46561761
61.9806577430814,8110558.83701146,2116940.19871351
62.0520234208358,8110772.98505958,2109903.92194081
62.1233890985902,8110986.05093069,2110351.79980531
62.2138520530926,8111274.37110732,2108048.6880971
62.2659616099915,8111340.811217,2119118.85273538
62.3180711668905,8111375.06552984,2134904.06531247
62.3479411153713,8111469.00463487,2130021.92878482
62.3778110638521,8111587.41078331,2118056.62933299
62.407681012333,8111707.30581464,2106107.67173872
62.4598937318242,8111867.42110961,2102630.66825277
62.5121064513154,8112005.78873337,2111308.41217408
62.5504183248593,8112082.52521573,2116998.8545787
62.6362341038335,8112221.69037536,2126255.08313493
62.668372459653,8112320.37997564,2120392.03015655
62.7005108154724,8112416.99358786,2114506.49871209
62.8010162185942,8112743.26855644,2106059.95306366
62.9015216217161,8113044.87237788,2108917.54222586
63.007958038572,8113278.23344988,2119052.94734576
63.0785060283179,8113463.08450015,2116083.78775834
63.1490540180637,8113655.82050057,2111250.2990011
63.2579929776565,8113894.94415375,2118432.77382201
63.3528925886403,8114066.37816013,2123244.33206139
63.4154496692732,8114240.04739348,2113584.16627342
63.4780067499061,8114356.24731614,2117559.81032075
63.540563830539,8114462.42478036,2124319.29329692
63.6125205488966,8114609.97578492,2120711.92011127
63.6844772672542,8114754.3662453,2119877.92766883
63.7857136789468,8114971.16934144,2118335.04282194
64.0558162331198,8115658.43344789,2112154.21703224
64.3259187872928,8116174.75718606,2126815.77063325
64.3601885301375,8116263.02052456,2122760.84547836
64.3944582729821,8116356.72360936,2116890.9956299
64.4412311975402,8116479.89375198,2110750.02856055
64.4880041220984,8116584.64835742,2113413.94476487
64.5347770466565,8116690.19239851,2116007.20210526
64.6539440185253,8116939.10887112,2118035.7438528
64.7359478665492,8117088.79613828,2121020.44609274
64.7909473498761,8117238.58685086,2114957.36141123
64.8459468332031,8117362.15502801,2112979.97202073
64.90094631653,8117413.10204799,2124420.93511115
64.9349919461414,8117447.7805266,2131068.77228666
64.956219819396,8117513.54709227,2125984.76981033
64.9774476926505,8117575.898674,2120862.53483975
65.032950670958,8117739.21491581,2107467.71803477
65.0568325250858,8117772.80705167,2111084.35420186
65.0807143792137,8117808.78903838,2115176.9948588
65.1269730258591,8117878.63141375,2123108.17111613
65.1681395101687,8117977.98292744,2120294.73626655
65.2093059944782,8118081.21112808,2115407.05063787
65.2630204774027,8118194.50346742,2114388.66933687
65.3167349603271,8118290.25792372,2119136.39001214
65.3704494432515,8118409.38768401,2118265.62065207
65.4973986911227,8118696.34720806,2115136.50965531
65.6271069958579,8118915.10020248,2123097.97255856
65.6920698284096,8119067.49260877,2117452.59608298
65.7570326609613,8119208.82338482,2114045.99340494
65.821995493513,8119309.67504188,2121216.04099772
65.8997968288469,8119448.15122065,2121002.50469462
65.9775981641808,8119635.23281082,2114322.82102539
66.0553994995146,8119830.99039385,2109647.26649532
66.1332008348485,8119920.50246134,2126101.56087763
66.1679143333233,8120012.19725754,2121661.07258965
66.202627831798,8120108.84850143,2114796.32581818
66.2455904725242,8120261.35163416,2103821.30913073
66.2885531132504,8120583.36657145,2079018.36356328
66.3208732850632,8120824.45995405,2060346.03419322
66.3686276519914,8121136.69994933,2054140.36724985
66.4163820189196,8121437.00529562,2061188.41492684
66.4504446066198,8121668.43862218,2062582.16180242
66.48450719432,8121926.79750219,2056707.10195212
66.5293324038252,8122267.26205779,2048981.65181093
66.5967996020133,8122782.72592513,2046458.77921239
66.6642668002014,8123312.75595435,2044312.54328426
66.7341984649746,8123881.68874533,2039906.0901574
66.7759732086567,8124152.88280155,2047600.23660367
66.8177479523388,8124416.93618975,2057003.84436556
66.8755914508135,8124785.6191382,2061856.24865367
66.9778988362345,8125349.33984975,2071262.73155688
67.0546147424332,8125670.02473317,2087792.96176244
67.1414551146184,8126012.80240908,2090607.64741705
67.2282954868036,8126308.20329977,2096049.25295196
67.2859515716478,8126561.86227211,2089998.71241436
67.3436076564919,8126827.22470013,2081712.37799343
67.3936172743638,8127034.91693109,2084301.45615675
67.4436268922356,8127246.96427997,2086548.73261464
67.4802743604969,8127451.79004728,2080280.7479869
67.5169218287582,8127655.15997783,2073995.10903053
67.5826046704559,8127943.47946356,2078412.13294862
67.6482875121535,8128193.26260552,2091238.00974743
67.7139703538512,8128443.3139463,2091053.19358956
67.7599678722589,8128615.93694571,2091082.48109371
67.8797299136876,8129057.63524535,2091924.95833601
68.1125248068783,8130022.69915494,2081918.52182725
68.198970973244,8130349.31138123,2088379.12838525
68.2854171396098,8130681.35151608,2090311.14677124
68.3718633059756,8131030.48205433,2085821.49632889
68.5042757274279,8131531.99225003,2089172.92064908
68.6142984612716,8131926.40064099,2091732.64110082
68.7243211951154,8132322.2460298,2091089.21033163
68.8343439289591,8132792.49931592,2081879.78341961
68.9011894553322,8133053.38781336,2084736.12345175
68.9680349817053,8133321.82364031,2086347.53410558
69.0348805080785,8133606.11863746,2082854.5884332
69.1173940914311,8133911.06185442,2087700.11622018
69.1818238872878,8134144.40823905,2089901.85711019
69.3420530243034,8134637.81552625,2099761.44529267
69.374001178962,8134780.97222972,2093674.81158905
69.4059493336207,8134926.39867475,2086607.55557964
69.4581282236143,8135141.21492475,2080201.37560154
69.4980241955761,8135264.62739613,2087101.48552053
69.5379201675378,8135388.58418418,2094007.04041626
69.5853069324403,8135563.15282279,2092315.8927538
69.6326936973427,8135739.97187026,2088553.38519522
69.6945712423866,8135948.20038364,2090052.30929254
69.7564487874304,8136166.65731681,2091088.37435672
69.8183263324742,8136451.56998932,2081031.27242962
69.8802038775181,8136664.43514644,2084610.67658171
69.9420814225619,8136828.99784742,2099340.09488354
69.9704137364122,8136942.76878537,2095993.8741439
69.9987460502625,8137057.62676017,2090970.53936991
70.0380821855661,8137217.70349871,2084002.02305974
70.0807253345675,8137354.33908727,2086630.58239104
70.123368483569,8137486.56286615,2091626.05705201
70.1767501521358,8137669.87852679,2092380.52401861
70.2301318207025,8137863.34554306,2088720.40015538
70.2835134892693,8138036.3634849,2089882.32462569
70.363817212283,8138288.10683064,2093616.21008833
70.5308549367007,8138826.7138442,2092259.48131775
70.6248436727205,8139097.29601047,2095830.58699777
70.7188324087404,8139456.22347952,2085419.9042931
70.7921953737354,8139714.490918,2085536.92363067
70.8980926419855,8140081.2697515,2088568.42253118
71.0145919875324,8140514.36314396,2084895.43636653
71.1310913330792,8140905.54671821,2089912.66097016
71.2078764529506,8141075.49764313,2100222.83121161
71.2564944316966,8141186.30413738,2104759.47717708
71.3051124104426,8141381.25241358,2092455.85027002
71.3393956040415,8141517.48208975,2083766.58774809
71.3782653474464,8141646.16911327,2083960.62666577
71.4171350908513,8141771.82196702,2087512.84023928
71.4560048342562,8141888.56723542,2091359.57759027
71.5348009251286,8142054.73356109,2101982.42251077
71.5940627995171,8142235.99219121,2097359.76364493
71.6533246739056,8142432.16022816,2089005.94877274
71.7125865482941,8142653.47246763,2085576.08767905
71.7718484226826,8142855.06985742,2085656.30748333
71.831110297071,8143026.74638604,2091795.61971152
71.8903721714595,8143240.24359201,2088799.53282591
71.9631112080503,8143506.30343318,2083129.74002844
72.036315754966,8143710.76726219,2092646.95498407
72.1095203018817,8143852.81957062,2102125.75216619
72.1581275194108,8143958.23620673,2105043.68000002
72.2067347369398,8144158.7015987,2091051.96577471
72.2419023086183,8144302.56913876,2080916.28666871
72.2790671750089,8144429.98490122,2080741.15159852
72.3162320413994,8144555.34084992,2084047.87902693
72.35339690779,8144676.7457796,2087502.68411758
72.4501019476889,8144878.42035326,2102421.23449098
72.4754314163985,8144983.52531371,2096579.66617104
72.500760885108,8145086.76771677,2090336.81606719
72.5516456821613,8145291.87803573,2078117.34969426
72.5665748309567,8145316.22881527,2082019.99672155
72.581503979752,8145344.94978403,2085971.43940413
72.6186049872013,8145415.92090793,2095791.84108316
72.6859501155118,8145601.59322468,2098086.0056412
72.7532952438223,8145827.0462064,2086257.78179282
72.7827881424112,8145892.28013592,2090130.9301119
72.8122810410001,8145960.20356321,2094033.81893576
72.8972033370939,8146197.28826731,2094491.34674904
72.9821256331876,8146479.31121551,2086709.43725694
73.0670479292814,8146757.60350694,2086009.7243988
73.1317999078226,8146861.16764746,2102133.23299278
73.1799764116359,8147006.78549818,2099587.50733631
73.2281529154493,8147189.78834737,2086401.61339873
73.2539863756568,8147283.44816141,2080359.0711028
73.2719936180508,8147312.05028485,2084766.43358035
73.2900008604447,8147344.34784142,2089213.71560728
73.3380011668137,8147430.20085869,2101069.61804016
73.3815172404619,8147563.90643696,2098538.08514428
73.4250333141102,8147718.23706493,2088921.08169731
73.4685493877585,8147847.28463787,2085400.47273655
73.5000432970959,8147915.59817157,2090881.24054243
73.5315372064334,8147983.18512507,2096353.3752884
73.61158452562,8148182.32559061,2096975.4305634
73.6916318448065,8148422.37907963,2090500.09973476
73.7716791639931,8148678.15476663,2085969.69023627
73.8517264831796,8148873.54045713,2095665.02503288
73.9071469213253,8149015.61518424,2095238.54058125
73.962567359471,8149165.90730463,2093507.18614409
74.0321425130231,8149415.14280569,2084528.5386082
74.1017176665752,8149575.41506056,2092037.43815633
74.1712928201272,8149707.84981729,2102898.52555527
74.2846556852169,8149990.81818619,2094164.65618374
74.3474886157525,8150222.10319452,2081511.54040806
74.3879342710555,8150343.05717598,2082982.29922051
74.4283799263584,8150461.69689891,2086691.4200113
74.4799628645576,8150601.6439346,2090568.27780667
74.565428339598,8150804.31978446,2095559.97586917
74.6453587922847,8150955.94644635,2100923.76641433
74.696494937222,8151110.45966451,2094634.3802449
74.7476310821592,8151275.90285232,2086053.20477957
74.7900884058731,8151383.28292691,2088135.6198032
74.832545729587,8151487.82808177,2092190.61287933
74.8889243281902,8151652.53900247,2091340.50158948
74.9773555836834,8151894.08538115,2089768.33995203
75.0657868391767,8152035.71776859,2104759.53973139
75.1051186190815,8152138.10301864,2099529.7230513
75.1444503989864,8152238.54556357,2094279.26562777
75.2695362932988,8152631.12255049,2084800.92974246
75.3022342639938,8152672.22314799,2093371.72732349
75.3349322346887,8152715.4397572,2101966.00284407
75.3924351485153,8152839.04768818,2102277.58923327
75.4499380623419,8152982.34159967,2093937.34906317
75.5074409761685,8153094.1964903,2096531.52969156
75.5498724473572,8153175.36599006,2099596.22545187
75.595973179493,8153309.79519374,2094609.96906211
75.6420739116289,8153450.04398889,2088072.47830392
75.7081987020646,8153588.24623067,2093293.54848381
75.7590247410683,8153685.5285332,2100122.4906384
75.7992461820684,8153795.11197571,2096087.72664456
75.8394676230686,8153902.77994026,2092032.0397822
75.967508030096,8154252.12359987,2089200.26186345
76.0620422985675,8154539.70463673,2085390.33447315
76.1196678489078,8154653.71224938,2093012.24525267
76.1772933992482,8154754.06817866,2099976.13223877
76.266666035779,8154849.02083497,2109227.3164793
76.3771393406618,8154832.44376322,2124316.43817239
76.4876126455447,8154802.68411548,2125754.6564877
76.573233711266,8154780.89208472,2125831.95966064
76.6506206583579,8154789.03793456,2121536.92660414
76.7280076054498,8154726.6850392,2129409.3482115
76.7828216083405,8154692.32754144,2131867.57385458
76.8376356112313,8154672.85116827,2128190.35823863
76.8924496141221,8154655.42485788,2126317.51774336
76.99258962816,8154624.68831763,2126251.16037801
77.0927296421979,8154591.03940572,2126632.46349256
77.2132322620918,8154548.41642894,2127092.53887109
77.3337348819858,8154462.72311785,2131568.92175369
77.4542375018797,8154409.59094103,2127166.75850399
77.52069829038,8154340.133334,2132150.57380178
77.5871590788803,8154285.71621205,2134032.35349067
77.6536198673806,8154260.6989018,2128032.33461101
77.7200806558809,8154238.42144338,2126799.80616809
77.7865414443812,8154196.68619929,2128872.37750325
77.8530022328815,8154119.94119756,2135561.58134428
77.9071981657613,8154111.07545157,2130526.75706291
77.9613940986411,8154112.54386664,2122783.16633354
78.0155900315209,8154088.21306726,2125319.23125254
78.0539252479624,8154071.28188201,2127494.49591188
78.1378361392494,8154021.03524681,2129801.17452969
78.2394171416171,8153975.97622117,2128254.84330818
78.3781714021815,8153942.78196788,2125562.51097806
78.4355012133085,8153854.75111143,2135785.11586287
78.4928310244356,8153811.78172707,2136365.70600862
78.5358762529754,8153806.77629764,2129028.57824572
78.5789214815152,8153798.51498532,2124352.04768873
78.621966710055,8153787.09767255,2125283.34288051
78.6921584496446,8153785.59550281,2124250.7509765
78.7623501892342,8153808.68587104,2119144.90074112
78.8325419288238,8153806.32741569,2121883.35257717
78.8864598032332,8153788.55595273,2125218.09242124
78.9550102356333,8153734.16924536,2131529.10613464
79.0116803274179,8153761.13870974,2124206.87571851
79.0683504192025,8153799.66657025,2114454.39720726
79.0988016407727,8153797.37861001,2117054.53788981
79.129252862343,8153797.23171784,2119677.86022584
79.2239589282117,8153797.97212951,2123009.01640165
79.3692822822683,8153608.40745489,2144965.29841155
79.3845617623047,8153615.78567961,2141497.18543392
79.3998412423412,8153619.72335438,2137636.44493343
79.4302531127983,8153627.41728488,2129950.71650211
79.5435313417152,8153635.50097625,2122102.15733858
79.629559393531,8153644.89392041,2122042.60706722
79.7155874453468,8153626.07300504,2124942.20540666
79.825482471003,8153519.25787674,2135234.80693477
79.9353774966592,8153518.21960275,2122054.13861083
79.9731412397662,8153549.9621973,2111837.25324621
79.9869345420201,8153521.14355627,2116236.54806366
80.0007278442739,8153497.64805205,2120693.73908908
80.0337649670677,8153440.96049881,2131369.87737021
80.0724900061977,8153376.45334292,2143561.41281851
80.0853807389406,8153396.5205429,2139210.10711169
80.0982714716834,8153410.76423604,2134793.8132923
80.1277524673613,8153443.83857394,2124693.52026648
80.2460788716584,8153556.80910981,2111318.59396737
80.4584600061952,8153485.29488494,2131707.28744718
80.5428963000712,8153468.47179266,2126778.58816611
80.6273325939471,8153431.7588226,2127534.69009512
80.729584445946,8153422.49161364,2124438.35068349
80.8334062965732,8153392.51655369,2126552.0612
80.9372281472005,8153341.94620913,2129262.31951396
81.0410499978277,8153358.51100333,2121070.95473949
81.1448718484549,8153298.54501773,2130226.51818871
81.2092087064994,8153270.64890903,2131502.78350496
81.2735455645439,8153265.48899253,2124224.40374635
81.3378824225885,8153253.21000227,2124879.55016953
81.386730493098,8153250.27886809,2124756.15204145
81.46066267701,8153269.79527066,2120848.01604253
81.5745025200293,8153266.70933351,2123950.14445253
81.6635742214128,8153263.43188655,2123783.78113519
81.7526459227964,8153241.0420017,2125956.78648715
81.8615236529843,8153195.7465652,2128382.48098081
81.9342577434993,8153100.0680941,2136199.87934142
81.9787889299715,8153039.00744753,2140891.45549521
82.006737320339,8153058.52133397,2133790.5879406
82.0346857107065,8153075.29690028,2126659.34451918
82.1142955504886,8153116.02693738,2116514.24451231
82.1720479234058,8153145.99808302,2117181.12497968
82.2298002963229,8153104.59829816,2125565.07902719
82.2758693283039,8153067.13409391,2132842.88486849
82.3082331683548,8153066.4604433,2130325.62639983
82.3405970084056,8153064.01284206,2127503.96225876
82.4131838554384,8153037.48475039,2126574.52220481
82.4857707024711,8153003.12992971,2129624.13905047
82.5772227177847,8153032.49584535,2119634.79820478
82.6207891460733,8153023.00774124,2122196.60557267
82.664355574362,8153015.04766036,2124774.46522711
82.8138109963181,8152945.47438542,2130078.33542161
82.8799010823548,8152884.66614562,2134671.86640459
82.9202893428868,8152903.84363733,2127948.55418733
82.9606776034189,8152921.07937885,2121203.7083507
83.0363354790241,8152930.99340459,2120709.75244668
83.1119933546293,8152901.11199067,2126664.56501775
83.1876512302345,8152839.16405604,2133921.73386411
83.2499727451228,8152846.22914428,2125992.60162572
83.3122942600111,8152840.74881682,2123447.72255734
83.3746157748995,8152829.2124617,2125653.23405392
83.4369372897878,8152747.33206234,2134087.71742226
83.4785761304594,8152689.59021843,2140045.34852307
83.5031976418501,8152710.84224332,2133962.14223363
83.5278191532407,8152729.15138382,2127667.7647666
83.5832199433067,8152767.00606573,2114855.58624368
83.6181408391946,8152771.08975058,2117177.15164088
83.6530617350824,8152777.40293387,2119522.40288041
83.7600332774125,8152833.70896244,2117009.8956148
83.8170853027209,8152768.43891877,2127525.08261866
83.8741373280294,8152655.85369836,2145450.08256494
83.9041680385941,8152652.32887039,2141548.84040639
83.9341987491588,8152654.70441826,2134325.79782249
83.9642294597234,8152657.8334512,2127110.36281122
84.0549618885839,8152700.95361965,2118010.20400216
84.1456943174444,8152684.17981987,2124656.27264421
84.269354552724,8152623.7372423,2129611.41177528
84.3930147880036,8152600.64197213,2125314.96764588
84.4900459600197,8152618.25826788,2121369.65328493
84.5232553151588,8152564.85671544,2128474.95736549
84.5564646702978,8152513.52923456,2135603.59441514
84.658909086144,8152478.77662488,2127947.5767682
84.7348513559645,8152492.63406815,2121338.6101489
84.795273940809,8152517.06522887,2119451.87602838
84.8556965256536,8152582.38203539,2113628.50159319
84.9161191104981,8152590.03913369,2116978.474249
84.9616899715807,8152556.11317335,2127026.77311305
85.0072608326632,8152550.08851513,2129944.81102428
85.0391804223485,8152564.6223622,2125073.60323392
85.0711000120338,8152580.48404055,2120217.59784085
85.1305567227064,8152538.52651971,2125785.94696843
85.1900134333789,8152477.80547575,2136406.82402351
85.2111959746595,8152495.66670449,2131887.65760535
85.2323785159401,8152510.16744386,2127331.54647993
85.2897863730713,8152545.3490469,2115813.25694668
85.3119946294049,8152509.64276731,2121390.96193234
85.3342028857386,8152477.82726944,2127011.32566707
85.3913782680641,8152401.23579112,2140312.13758272
85.4122862398025,8152417.32079731,2135288.90599276
85.4331942115409,8152429.40855131,2130222.20330172
85.4868129370203,8152460.51875865,2117226.31782646
85.514271082907,8152451.29484591,2119296.96470213
85.5417292287936,8152443.26701615,2122162.07647967
85.5893996462828,8152430.97636193,2127043.08055322
85.6232538356903,8152464.41318276,2122103.86959722
85.6571080250978,8152495.79908353,2117141.56056883
85.7604524353806,8152510.21695613,2121901.57430659
85.8249916864913,8152546.94286579,2120416.55294947
85.889530937602,8152614.81850483,2110886.9819419
85.9540701887127,8152705.51585148,2107915.77403018
86.0186094398235,8152767.40368916,2109665.67389002
86.0831486909342,8152796.56319464,2117330.76728766
86.1476879420449,8152845.03245891,2115919.54469576
86.1975144691578,8152881.01688802,2114448.17784278
86.4187942494097,8152843.01839278,2132991.60018064
86.4696974969183,8152738.44564464,2143604.43625834
86.5206007444269,8152728.32261656,2137559.95595368
86.5715039919354,8152773.75501052,2119379.19981117
86.6088838041921,8152780.27303404,2114990.33831801
86.6369200391529,8152773.48878947,2119145.16933551
86.6649562741136,8152765.06040908,2123281.48915059
86.7597373799203,8152674.875838,2134621.74142909
86.8303344910515,8152682.54463577,2127501.14608497
86.9009316021827,8152743.4693861,2112146.27349988
86.9423199145829,8152736.39029759,2117961.23696903
86.9837082269831,8152731.43082021,2123799.205684
87.0602211008882,8152730.63632417,2124170.0495234
87.1367339747934,8152744.98794439,2121893.33883781
87.2429190511113,8152767.69830832,2120918.15259167
87.3491041274293,8152711.42692621,2130162.46426288
87.4552892037472,8152649.8118237,2130568.22425166
87.6211845063292,8152642.19637736,2123493.801644
87.7392596416187,8152565.75212612,2131965.43843506
87.8573347769081,8152566.79992422,2121715.01162206
87.9461142226186,8152548.55975323,2123870.39849153
88.0348936683291,8152535.65908987,2127049.47538781
88.1236731140396,8152539.18867282,2121901.81031012
88.1935206701505,8152483.18045732,2133276.12741512
88.2175284967509,8152500.71477897,2129311.58163333
88.2415363233512,8152515.85702405,2125151.31911201
88.2979700972284,8152550.74299158,2116067.01162271
88.3533579299759,8152582.61600153,2116246.40774037
88.4087457627234,8152597.26868602,2118483.92026563
88.4641335954709,8152559.87124991,2126966.26266662
88.5396293019434,8152542.78680613,2128016.01001266
88.6151250084159,8152533.4171732,2124507.81752756
88.7224519166827,8152514.03628632,2125752.21929372
88.8022533376478,8152547.91198732,2118226.08690178
88.8523747913006,8152520.4652429,2124515.09688405
88.9024962449534,8152495.50945783,2129844.06748993
88.9707377098982,8152464.02997949,2129483.78156622
89.038979174843,8152401.9353687,2132841.75149882
89.1896591524948,8152300.79929052,2129213.95392635
89.2730678626964,8152280.17407441,2126951.2894392
89.3564765728979,8152302.92902714,2121604.0251813
89.4630444491878,8152320.8751093,2121761.11386936
89.5654709805057,8152313.87659412,2124706.60697403
89.6678975118236,8152216.12195409,2135319.1290827
89.7391490912843,8152181.8755591,2132927.51919354
89.8104006707449,8152178.63291321,2124012.89944211
89.8816522502056,8152172.03601731,2124710.11256639
89.9529038296663,8152167.98443364,2124607.09112714
90.09585025029,8152075.48233018,2134556.8860196
90.1290943446787,8152096.19673439,2129168.63849604
90.1623384390674,8152119.36840416,2122818.38758428
90.2171261855146,8152142.50555459,2116917.10772398
90.2606568689623,8152143.26186168,2120291.01317589
90.3338403438038,8152168.33163486,2121099.24056206
90.4070238186453,8152211.33594502,2116361.13466768
90.4361287050666,8152179.30198864,2122231.30343592
90.4652335914878,8152149.40538075,2128125.58556803
90.5548407751377,8152074.76799356,2134490.81574728
90.6104170148535,8152042.31061654,2131721.79400088
90.6659932545694,8152091.12280837,2121119.55208289
90.7215694942853,8152119.38025463,2115495.7883273
90.7647323224731,8152110.02826615,2121173.18671067
90.8378925786747,8152089.33926678,2127214.97890856
90.9110528348764,8152060.78967853,2128531.35590118
90.9842130910781,8152030.98121585,2128773.54768978
91.0950684084915,8152011.6147603,2125781.6778098
91.167945611369,8152035.73348045,2121433.29950192
91.2086977469826,8152044.51921456,2119780.11919504
91.2237022809711,8151980.53305579,2127480.65019741
91.2387068149597,8151921.19994926,2135233.39547032
91.2756517136231,8151774.80548156,2154323.57013527
91.3639526147179,8151340.12061455,2181473.98585257
91.4229092780477,8151004.6404486,2190732.17494056
91.4818659413774,8150642.61008905,2194972.0737107
91.5698287298609,8150106.44064919,2196657.96909108
91.6906634480538,8149359.93577266,2197978.60048231
91.7593233004368,8149028.19437747,2187850.00427371
91.8279831528197,8148707.88448283,2179456.47522887
91.8966430052027,8148351.44371901,2185830.42644571
91.9923753220902,8147861.64708399,2186516.76165762
92.0881076389777,8147386.96617742,2184883.80720612
92.2275211109964,8146646.44487153,2189877.48824817
92.3112961496139,8146211.69715548,2188078.07203818
92.3950711882313,8145725.00786741,2194224.17343642
92.4583004420246,8145362.21376975,2195114.09255289
92.5356439432095,8144925.51305391,2194169.67368883
92.6291692480017,8144412.99238684,2192171.72612268
92.7941517400551,8143528.97436871,2190483.24106841
92.9591342321084,8142743.58699681,2183792.75069417
93.1241167241618,8141939.68543538,2188067.35994182
93.2106564697821,8141539.2783484,2184085.51948606
93.2971962154025,8141104.00838064,2188043.4509096
93.3621962312096,8140772.71628138,2189448.45471829
93.4614095145357,8140260.33921841,2190774.92228643
93.5692516269065,8139754.63097421,2185210.903645
93.6770937392774,8139205.07394034,2190797.50052246
93.7626771701816,8138714.94267589,2198017.19177339
93.8193963424927,8138390.95495322,2198582.79250921
93.8761155148037,8138126.12183439,2191189.80753848
93.9328346871148,8137826.37914246,2189920.96088107
93.9739107290991,8137570.59261894,2197347.25439368
94.0149867710835,8137319.45704796,2203899.95887118
94.0354354056348,8137241.96248886,2198628.59408786
94.0558840401861,8137161.03277058,2193319.7259753
94.1109083312367,8136943.39818201,2179031.92497052
94.1401914935355,8136817.25442692,2179370.64979694
94.1694746558343,8136693.19219598,2180352.55668975
94.223698324926,8136452.16294188,2183196.39207814
94.2960717081268,8136059.38683338,2193284.42578501
94.3684450913277,8135755.57869922,2186130.6455972
94.4233861102767,8135518.02531486,2180645.97898278
94.4606676479399,8135281.31534122,2191179.96273014
94.4979491856032,8135046.34156103,2201732.73255389
94.5507531252799,8134788.03561403,2198531.60021527
94.6035570649567,8134553.61984563,2187305.5939283
94.6563610046334,8134318.61471828,2185076.34887097
94.7091649443101,8134086.29442268,2185096.03354099
94.7764042438848,8133756.5313625,2189023.71671406
94.8436435434595,8133425.41530449,2191534.31399149
94.9108828430342,8133093.69765996,2191600.77769522
94.9948515519643,8132747.26113633,2184129.34696915
95.060504940752,8132408.82425301,2189971.06933057
95.1261583295396,8132070.39588954,2196545.54669335
95.1694403827219,8131925.00137982,2185885.54565612
95.2127224359041,8131778.03318918,2175208.59697866
95.2482109177618,8131634.68023696,2176935.53751303
95.2836993996194,8131492.7794206,2179415.69406408
95.3460312462608,8131220.04923725,2184457.57533051
95.4630151024837,8130629.30803793,2194725.4600143
95.5215604637775,8130321.05700581,2197843.93050053
95.5604092986761,8130181.12559371,2189871.34149947
95.5992581335746,8130039.47843757,2181879.9259672
95.6590134274667,8129766.35371927,2184408.87924967
95.7187687213588,8129480.21949384,2192121.14342741
95.7578108014256,8129326.89371307,2188361.76396812
95.7968528814924,8129171.76153277,2184582.77435507
95.8824838187886,8128806.4009002,2185466.99596641
95.9681147560847,8128444.71746735,2186107.92026603
96.0786954970243,8127989.05988348,2184781.27679392
96.2162827446091,8127342.05419739,2194375.34892603
96.2731939257286,8126969.67750535,2204983.83449
96.3095851409198,8126730.02326058,2211868.24184009
96.3347805855548,8126653.44905154,2204243.99680481
96.3599760301897,8126608.26695583,2190247.29032414
96.3851714748247,8126564.63904368,2176267.98642562
96.4717138866128,8126311.97414589,2168956.0501863
96.5100881274268,8126180.08322322,2176835.07292981
96.5484623682408,8126002.61626241,2183507.11667238
96.6182113332167,8125659.51073322,2195075.9498297
96.663500299168,8125446.41211035,2194357.13819325
96.7087892651193,8125232.03056708,2193476.95710937
96.8273678666774,8124702.54189619,2190214.68618336
96.8781709587422,8124404.08411179,2199153.02974832
96.9289740508069,8124144.71803263,2202471.84601181
96.9668781952564,8124055.38113543,2187605.2604629
96.9961980462838,8123984.94145918,2176091.49806248
97.0473362651049,8123789.02690976,2174630.24477486
97.0822133074275,8123626.53340147,2183983.90801746
97.11709034975,8123462.19016378,2193317.03943248
97.1446221023322,8123365.2739573,2190627.34265532
97.1721538549144,8123266.95817673,2187144.937958
97.2194800550643,8123097.19925944,2181151.87004113
97.2606193973402,8122915.34938386,2184890.72846371
97.3017587396162,8122735.04830795,2188765.4233479
97.410055592808,8122301.06336551,2186217.31080791
97.4896114019194,8121979.55009487,2186636.20864417
97.5691672110307,8121674.77385065,2185246.0102595
97.744247777263,8120994.09573868,2186613.79153703
97.9193283434954,8120276.32678809,2187953.45500452
98.01028958005,8119950.39521059,2183251.12504885
98.0725090686836,8119675.53174767,2188493.91199673
98.1347285573173,8119393.29728292,2194060.23188009
98.2340239499519,8118956.59338396,2192586.04444475
98.3101285909885,8118681.90405064,2184935.96459113
98.3862332320252,8118387.52222368,2185891.04551373
98.4623378730618,8118087.98930807,2187532.01979564
98.5914703225366,8117561.63288654,2189922.42594155
98.7498779070309,8116968.06268149,2183875.81460898
98.8309343475359,8116761.55199744,2171981.20199067
98.8608323056701,8116640.00572302,2177523.73220467
98.8907302638044,8116520.73566199,2183090.39825955
98.9817554492909,8116173.79873798,2187653.77354782
99.081652196004,8115773.13095358,2189468.16801987
99.1815489427171,8115353.93571188,2192049.23464842
99.3094800385057,8114811.71567697,2192744.45393872
99.3871662505674,8114555.05340059,2184729.63816292
99.464852462629,8114279.99126367,2183597.58480555
99.5425386746906,8113959.15071126,2191255.87386002
99.6039658972147,8113652.58683934,2199287.71735161
99.662519950193,8113458.9803002,2191280.48306897
99.7210740031713,8113310.05620938,2175044.647771
99.7578319980398,8113213.62309522,2174045.46559009
99.7945899929082,8113120.14396465,2174181.46064377
99.8521571162138,8112982.54951303,2173322.69107523
99.9378934805929,8112791.81088294,2170708.73066184
100.091325380712,8112390.3342206,2177590.93209062
100.182907709216,8112119.18427336,2179836.7196359
100.274490037719,8111841.54769336,2180192.47304402
100.387296845874,8111466.76673479,2184208.7918358
100.500103654028,8111104.9727948,2182504.71969727
100.602454738583,8110759.87680611,2184785.90522421
100.704805823138,8110383.71698302,2188547.33377152
100.807156907693,8110047.34511658,2184214.36606953
100.909507992249,8109857.79815702,2167618.57537805
100.962554348206,8109705.53302595,2171927.22926162
101.015600704163,8109526.13938818,2183295.70015572
101.050602719646,8109476.5785301,2178466.56432667
101.085604735129,8109451.19674304,2167575.47356074
101.120606750612,8109426.89619179,2156696.15499814
101.149779982083,8109362.03935012,2159180.38138957
101.178953213553,8109292.11531745,2164990.94325541
101.208126445024,8109221.41708864,2170793.66668225
101.295858555197,8108976.38132568,2178761.6027722
101.38359066537,8108694.7282759,2183602.47218231
101.471322775543,8108349.49827911,2191530.16494304
101.524914310516,8108109.01328089,2198439.89668779
101.555853475299,8108036.40490307,2191832.82500437
101.586792640082,8107966.86628437,2184003.01156573
101.633749681114,8107852.87776678,2174187.55479931
101.663180267781,8107737.22876496,2179596.93351382
101.692610854449,8107624.26543184,2185034.8816982
101.77770730256,8107347.6813896,2186538.95508278
101.862803750671,8107065.56784014,2184861.18750668
101.947900198782,8106734.16397399,2192881.1704739
102.032996646894,8106390.14077823,2194605.48466768
102.118093095005,8106018.36905031,2198036.22021744
102.17273651506,8105897.77838986,2185594.0124432
102.227379935115,8105802.1561616,2169446.60291777
102.258044999962,8105720.73042808,2171439.63083433
102.288710064809,8105641.16909492,2174514.5274728
102.336746269922,8105523.3602102,2177928.42915426
102.384782475034,8105445.08373277,2172717.97915682
102.432818680146,8105360.41040014,2168359.0994202
102.460455588433,8105264.82392743,2173847.05331186
102.48809249672,8105171.49826215,2179359.69804129
102.572352817941,8104916.30613811,2184824.29642884
102.635315279211,8104739.27284076,2181075.49617665
102.698277740482,8104538.72262328,2184111.24977593
102.761240201752,8104350.67330463,2184528.13978814
102.824202663023,8104172.8770532,2182073.6127961
102.887165124293,8103937.95326464,2188195.8018167
102.936736383892,8103753.73522466,2192840.38130558
102.988871567753,8103602.78934104,2187624.9455156
103.041006751614,8103439.48085069,2184425.30651505
103.093141935475,8103229.11579178,2191016.23805025
103.145277119336,8103036.53806054,2194271.74078629
103.197412303197,8102886.3623898,2187653.50221661
103.261314834116,8102668.85799583,2186663.22584331
103.310449384157,8102477.36726736,2192433.77773454
103.359583934198,8102349.12408987,2188327.37658689
103.408718484238,8102266.4644707,2175745.15790454
103.457853034279,8102119.22190172,2176280.08886335
103.493166678636,8101977.66125363,2185989.4368552
103.528480322993,8101834.47677225,2195680.46866045
103.553160123862,8101791.38251824,2191151.25447378
103.57783992473,8101753.45558104,2184001.8165397
103.607691157432,8101708.48918953,2175363.26055908
103.666519641638,8101534.15507214,2177069.94657029
103.707369276807,8101377.4115316,2188183.20654564
103.748218911977,8101227.76184918,2194637.344457
103.780478349469,8101112.96072858,2193467.37460325
103.812737786961,8100998.89516088,2192305.69617546
103.882017715782,8100850.41899597,2180803.49592646
103.951297644603,8100708.30219921,2172590.36097027
104.003750569018,8100534.00726149,2183126.53640676
104.056203493433,8100361.83602381,2189379.79328626
104.108656417848,8100185.15107,2189715.80619739
104.161109342264,8100017.62936695,2189063.85818242
104.255638200665,8099681.93292839,2191721.18177881
104.330161340088,8099304.1264769,2208607.95683214
104.350753741557,8099262.38652937,2203223.26999152
104.371346143026,8099226.80888877,2195441.2062406
104.397036591168,8099183.45751256,2185742.90626899
104.501064212156,8098874.60422423,2185912.14981633
104.569564431831,8098661.72417994,2190126.2735844
104.638064651505,8098473.93403303,2183635.07947963
104.69042725282,8098357.38260724,2180525.37364041
104.75721793731,8098198.00518248,2179028.53015561
104.824008621799,8098019.72583265,2182518.43346768
104.924731557199,8097698.35290745,2189213.94614027
104.981603509956,8097593.42485095,2181174.42675017
105.038475462713,8097497.56455937,2171399.50103154
105.05510273502,8097421.77454796,2176589.94518746
105.071730007326,8097350.32282322,2181827.2863281
105.114367877593,8097166.61091258,2195259.19764579
105.169547404354,8097024.78732865,2192073.75587275
105.224726931116,8096932.11204425,2175478.16641904
105.26384611471,8096799.40408952,2179075.02573
105.302965298304,8096648.31899473,2188992.89373719
105.342084481898,8096507.13100086,2196596.36073971
105.369195333746,8096453.05799832,2191096.80124581
105.396306185594,8096396.57314749,2185571.72461511
105.477957905476,8096215.59577098,2178234.37927087
105.542912083552,8096069.35651153,2179538.63804206
105.607866261628,8095934.56598719,2178100.67706969
105.672820439704,8095839.92226712,2172978.1213658
105.758041804167,8095757.64370948,2164631.28852858
105.909548629459,8095593.95234679,2167352.47622718
106.00841434675,8095458.53657352,2169608.87692067
106.107280064041,8095216.11799199,2181651.51863961
106.206145781332,8094981.87873355,2181607.29582733
106.282414145457,8095024.1652229,2155628.42609508
106.337609025262,8095156.78769429,2126335.13799634
106.363262145135,8095242.8788557,2122197.5352028
106.388915265008,8095334.5956529,2118646.41464248
106.436490257254,8095504.64034343,2112065.19913199
106.552295185401,8095971.25905346,2105711.58040331
106.668100113549,8096485.28530043,2100517.16695841
106.742740746095,8096845.71201064,2095702.616592
106.792223797811,8097039.20324991,2101129.97859676
106.841706849526,8097234.80047886,2106331.76713121
106.908922661802,8097517.78601128,2104132.5334176
106.976138474077,8097782.5155975,2104907.71352911
107.061428932559,8098111.03664379,2107302.20822514
107.16895636594,8098559.43939123,2102860.63248383
107.276483799321,8098967.36640773,2107263.17153774
107.416373811979,8099442.75102507,2111309.98652789
107.556263824636,8099925.37098587,2110785.80205433
107.663780342718,8100318.89984542,2108026.54782753
107.745941835594,8100668.32831428,2100721.19655104
107.801019053719,8100878.51367363,2103378.24887121
107.856096271843,8101082.1110276,2106373.82115557
107.957575360547,8101416.96111262,2111846.97463135
108.021017999396,8101680.72745946,2104327.48053752
108.084460638245,8101948.21033517,2100665.01937726
108.175958683005,8102366.87941467,2096361.46624451
108.233883276279,8102663.79693159,2090438.72389531
108.27316445165,8102777.42263671,2098876.22711445
108.312445627021,8102856.01374578,2113663.28645465
108.351726802392,8102942.96086509,2125802.25621001
108.376627657773,8103033.89104172,2121188.4864238
108.401528513153,8103121.62436596,2116541.0167791
108.470439663487,8103387.3454144,2105191.89655699
108.539350813821,8103699.1790301,2096801.9867487
108.578223866464,8103826.24755274,2101213.81653675
108.617096919107,8103943.32470956,2108288.40811961
108.66410126098,8104082.36480695,2114340.61486042
108.711105602853,8104212.49186692,2115544.31889363
108.777529144782,8104406.56374638,2115365.6341572
108.843952686712,8104611.01262934,2112810.63649768
108.927900511902,8104945.58890045,2103539.63432102
109.011848337093,8105195.67162863,2111078.40444037
109.075630730625,8105351.92949451,2118991.39469681
109.138373337888,8105481.10857955,2123485.07443813
109.201115945151,8105707.22262273,2113123.49650342
109.245932790374,8105881.63164282,2103275.38570063
109.281142364475,8105992.02852454,2104933.86570219
109.316351938575,8106101.84788863,2108215.53678943
109.365921624349,8106259.73271253,2111105.64334194
109.415491310123,8106422.86531899,2109948.93303454
109.567925590929,8106904.54294449,2110961.52236403
109.756896573368,8107430.94012028,2115936.05299281
109.851637086993,8107628.88490851,2122750.23901352
109.910858818198,8107789.55430229,2118548.20992764
109.970080549402,8107955.65009396,2114645.21395583
110.088286550396,8108320.40081619,2110595.02258654
110.20649255139,8108691.37227666,2109628.7813673
110.31113847749,8108924.48726233,2120573.51029594
110.415784403591,8109213.44903881,2113963.68040003
110.476063841759,8109383.78593079,2108485.55060616
110.536343279927,8109484.04060885,2122488.3207862
110.596622718095,8109687.89775024,2115193.33552873
110.656902156263,8109931.04132024,2097944.78747154
110.673296137366,8109963.81171195,2101437.81751763
110.689690118469,8110001.27992005,2104981.4585366
110.730356817653,8110093.68811711,2113772.83819062
110.810162794929,8110297.94338318,2116877.57233204
110.889968772205,8110485.56471341,2117198.28359685
111.042051873544,8110933.53883009,2105612.3545251
111.083695569019,8111025.62762381,2108979.2478646
111.125339264493,8111094.70652642,2118853.47046328
111.166982959968,8111181.9482713,2124446.86193672
111.208626655443,8111317.99617408,2116356.25776037
111.250270350918,8111453.27462928,2108257.90432512
111.286541858106,8111525.78354625,2111818.15264214
111.322813365295,8111592.85467616,2117852.21750072
111.36755731762,8111688.51353959,2122330.67229111
111.412301269946,8111825.45975157,2115814.3812828
111.457045222271,8111961.60570396,2109289.81081148
111.509066206643,8112107.28341627,2110378.30395165
111.561087191016,8112256.31335645,2111375.99200493
111.630916482084,8112490.84647449,2106891.50617831
111.700745773153,8112649.87085293,2113638.42624584
111.788395814046,8112839.82229661,2120480.58926878
111.850485735292,8113031.1920701,2109502.46299244
111.89030203761,8113111.87567726,2112556.01754483
111.930118339928,8113185.66913393,2118407.11209131
111.969934642245,8113266.02905486,2122150.89829999
112.009750944563,8113361.50033695,2119499.98453489
112.063942084801,8113487.14157041,2116559.52124673
112.119836604431,8113570.00644843,2122409.38744633
112.175731124061,8113683.38298061,2123418.36488442
112.219571770173,8113823.81317825,2114403.35499312
112.267411302851,8113961.4112986,2107748.09766241
112.300782769998,8114002.60686299,2115275.30822864
112.334154237144,8114045.693601,2122822.78114837
112.402424794703,8114188.02357532,2122922.44130522
112.470695352261,8114352.6370274,2114881.36020255
112.538965909819,8114492.62833585,2118342.52667765
112.592483562841,8114604.74862898,2119338.7568994
112.711477479066,8114893.11366653,2114311.81993308
112.800603426069,8115141.81868463,2110139.20062185
112.879867876466,8115342.97680152,2112816.07798255
112.959132326864,8115489.14650263,2121232.36210168
112.997677597478,8115591.37637679,2118023.10324079
113.036222868092,8115694.14294977,2114204.6057865
113.109791413004,8115873.84620388,2113339.11414403
113.2541680419,8116127.4334923,2125238.77475863
113.295930178664,8116228.29635458,2121568.64684586
113.337692315429,8116336.50663331,2115650.16782564
113.390938315071,8116457.89963848,2113759.21488775
113.444184314713,8116569.02500397,2117046.17704523
113.497430314356,8116670.17033425,2119335.67478607
113.624577990506,8116929.1638886,2117845.60640572
113.751725666656,8117134.31785543,2125238.37336623
113.807445611748,8117246.86636281,2122382.19528764
113.863165556841,8117366.58178586,2116961.03140983
113.931048309237,8117515.69126507,2116342.93805714
113.998931061634,8117669.16938673,2115635.1043309
114.141423446661,8117968.66903107,2118118.4321341
114.227873511838,8118175.71992866,2114494.8202895
114.314323577014,8118379.19107785,2113485.04338541
114.498616822813,8118691.51383513,2124852.73628666
114.682910068612,8119040.32744199,2112988.32933152
114.714648834449,8119087.3068511,2116774.95400508
114.746387600286,8119136.95997362,2120590.20751545
114.83788984002,8119330.25545265,2117120.58994321
114.90690073771,8119462.59607627,2117159.88590157
115.00573825109,8119654.52035388,2118409.72729066
115.104575764469,8119870.33120544,2115039.01495823
115.242508333245,8120119.44762661,2121212.54504064
115.311738530015,8120281.86542402,2116472.72640738
115.380968726784,8120454.46958663,2109888.39102465
115.469216860054,8120598.31877879,2121296.1943348
115.514053872696,8120685.1289905,2119798.43868279
115.558890885339,8120770.50909652,2118286.00473258
115.666419848337,8120959.74082079,2119698.39664764
115.700006128613,8120944.45867097,2128238.91194134
115.733592408888,8120927.68586189,2137199.21848337
115.774171768728,8120934.31801878,2143620.25594365
115.799222505811,8121019.96307895,2132292.81887961
115.824273242894,8121102.35708729,2120930.25576097
115.859075352113,8121216.90484468,2105142.99218735
115.893877461332,8121267.15124361,2107813.52822972
115.920406094147,8121297.45282693,2114802.66631047
115.946934726962,8121326.5126252,2121778.85120916
116.004001778457,8121438.93952328,2121915.61688048
116.061068829952,8121572.27799132,2113256.97672865
116.118135881447,8121707.48667977,2111844.28691572
116.175202932942,8121846.15738498,2111271.85763737
116.283775135879,8122208.81197826,2099436.27946532
116.310422785028,8122406.92561822,2084085.45616857
116.337070434177,8122602.46252369,2068705.55279659
116.414242578945,8123146.09356211,2051945.71451363
116.491414723713,8123704.45706339,2052051.53652792
116.545464192413,8124122.25870101,2046793.38699232
116.621238237563,8124647.21963555,2051544.64140455
116.697012282714,8125174.48750853,2055164.48839971
116.772786327864,8125742.6334164,2046415.93775011
116.848560373015,8126306.5826213,2046569.65505325
116.904908205004,8126629.23358052,2058167.17802877
116.977067005241,8126969.11787458,2080775.27128896
117.00563091274,8127105.04461281,2080761.29675019
117.034194820239,8127238.6090897,2080722.49381204
117.121551405148,8127634.32716666,2082057.12898249
117.301941415528,8128411.01244162,2085863.89339575
117.41471407555,8128788.75149641,2096662.42541455
117.477865777773,8128978.69109421,2101647.16998961
117.500841836514,8129109.77312108,2093552.88781537
117.523817895256,8129237.85287467,2085425.41614937
117.564189700003,8129463.01452062,2071143.04640542
117.591166500364,8129571.03719829,2072733.46305013
117.618143300725,8129671.60590527,2078973.5511033
117.645120101087,8129771.0559549,2085201.63838892
117.750079861603,8130191.68499096,2087514.78835752
117.825136834715,8130478.4219004,2088474.63352569
117.900193807827,8130772.49150045,2088803.75431853
117.975250780939,8131083.96566634,2084928.81547314
118.032446575287,8131259.73459876,2092426.53124
118.089642369636,8131459.0358721,2095338.98625713
118.135366930247,8131654.66107637,2088624.18567082
118.261316098865,8132080.50858445,2096376.88838277
118.308558445927,8132284.82499875,2091187.56002897
118.355800792988,8132503.1443139,2081883.82132635
118.403043140049,8132679.38576005,2082884.74800155
118.479187773297,8132935.70518904,2093984.96883063
118.528830377426,8133119.57776931,2091735.48976048
118.578472981555,8133303.11992071,2089518.2550124
118.8266860022,8134205.63111323,2091776.36591483
119.074899022844,8135095.11320133,2087787.07311474
119.323112043488,8136074.84553002,2085287.30413088
119.383710029342,8136266.76275223,2093918.6221759
119.444308015196,8136444.980657,2095917.88859779
119.50490600105,8136663.55726661,2092160.17969419
119.565503986903,8136921.71446914,2082031.94496681
119.626101972757,8137123.8148017,2086758.30532814
119.668789090385,8137260.66971794,2092310.95850331
119.723364505685,8137448.76326537,2091725.56464636
119.777939920985,8137637.33157923,2089995.54896242
119.865984857999,8137929.28294847,2091156.24230157
119.954029795013,8138243.27146662,2088619.06529692
120.042074732027,8138520.67884072,2092347.73864189
120.130119669041,8138859.95854722,2085977.86005894
120.213909612983,8139172.59187924,2083799.33290862
120.297699556926,8139439.56486503,2092867.12124418
120.381489500868,8139738.0012825,2087414.78605534
120.439996600931,8139915.07570895,2091156.62905074
120.498503700993,8140075.2316275,2095718.01671134
120.580391610146,8140260.95482638,2103247.86441639
120.59922763473,8140351.78408837,2097522.25177279
120.618063659315,8140439.74057655,2091762.57657608
120.669170897482,8140678.61631383,2076133.7028411
120.706096570572,8140794.42610658,2079327.75265417
120.743022243661,8140898.22428175,2087874.57238513
120.779947916751,8141001.81144648,2096164.53858915
120.809083453094,8141092.59387812,2095204.97822959
120.838218989437,8141181.35682727,2094223.12743515
120.927915982284,8141492.26700885,2088208.0733631
121.051745720942,8141907.47904169,2089764.75608062
121.152793322188,8142144.83827687,2100937.01815311
121.253840923435,8142480.50777403,2089070.17499818
121.325198225156,8142722.5365976,2086165.23363692
121.396555526878,8142956.3491359,2089242.2833145
121.4679128286,8143186.80235642,2089411.55322116
121.585280197657,8143542.90068981,2092072.31888117
121.663385701662,8143811.22137097,2087722.29518002
121.741491205667,8144067.39872512,2087934.29129254
121.819596709672,8144276.5476726,2093988.64919274
121.897702213677,8144458.22104113,2100675.84312645
121.975807717682,8144690.0959835,2092542.223114
122.029731090612,8144826.62734207,2094539.91349046
122.083654463543,8144963.3076259,2097162.01609234
122.155222369816,8145185.86585144,2091999.59727343
122.226790276089,8145411.6647675,2089339.12427401
122.352079677014,8145776.35796648,2092824.50876336
122.433178927898,8146055.74801604,2087339.50359023
122.514278178783,8146320.33610963,2085420.30353757
122.571159592481,8146464.30023158,2094545.38231131
122.628041006179,8146567.99881173,2101284.17511307
122.678662741402,8146650.5636487,2106719.96498234
122.71030058451,8146758.82501875,2100584.35463979
122.741938427619,8146872.18837006,2092887.90082395
122.786942737585,8147028.76720824,2083404.40434054
122.816469098492,8147100.95483463,2087213.79838941
122.845995459398,8147175.588271,2091049.50212979
122.934171000998,8147424.53551655,2092859.56786615
123.022346542597,8147677.81222005,2091013.51743458
123.149385626903,8148017.29854037,2094007.20947911
123.276424711209,8148343.16486826,2094839.30856928
123.549717475922,8149155.17727795,2089418.07630644
123.590134673349,8149285.26669751,2085025.46216221
123.630551870776,8149367.96809935,2091399.37076133
123.661974688369,8149433.51936269,2096368.0931362
123.777160457219,8149691.59986453,2097967.44939942
123.858085008483,8149912.54074525,2092936.72847275
124.006982943306,8150353.10679762,2088665.36805774
124.073712335712,8150511.58403582,2094669.0288414
124.140441728118,8150707.2772359,2091407.00139453
124.207171120524,8150890.4681381,2089752.22395651
124.273900512929,8151039.4867802,2096180.41736602
124.337902535491,8151225.61530526,2092193.18792349
124.401904558054,8151416.59162985,2087572.58340182
124.504370824458,8151680.75566954,2092662.97787603
124.55511728026,8151729.77682688,2104644.10409218
124.584793891378,8151758.92161726,2111655.94660031
124.602937536794,8151832.36063195,2106114.21016904
124.62108118221,8151905.96987085,2099126.60942565
124.647211335018,8152012.9357294,2089072.07024891
124.759143440139,8152329.48399059,2090251.44189021
124.814743859166,8152465.95022011,2095663.66251711
124.870344278194,8152605.07400452,2093575.87642223
124.925944697221,8152736.69098739,2093902.13009308
125.024819748024,8152953.60000408,2096675.65134507
125.145376479757,8153251.87464326,2092215.28456044
125.237971240582,8153467.26032307,2093779.02778037
125.328959776318,8153655.96507839,2098517.47093394
125.419948312055,8153851.67689766,2096469.25267392
125.510936847791,8154072.64277471,2093834.3515047
125.57133920874,8154285.88271602,2082782.46132738
125.631741569688,8154406.16507516,2090299.58809613
125.692143930636,8154501.81055951,2104091.77049703
125.712556315253,8154571.81675084,2099605.71476041
125.732968699871,8154638.14505701,2095079.45544245
125.786919701773,8154813.59029941,2083114.57396363
125.807945079308,8154829.87463923,2088361.42605997
125.828970456842,8154846.51546447,2094764.75756305
125.861404632314,8154871.40490555,2104636.04520435
125.888113748262,8154891.90372082,2112764.48307788
125.904219334754,8154951.12420342,2108111.16450558
125.920324921247,8155006.63804767,2102828.5972293
125.948744028612,8155104.27478192,2093505.29558373
126.047743300445,8155395.09641095,2085505.97122326
126.112245739805,8155554.20526543,2091265.58152446
126.176748179165,8155686.06337902,2096069.43749691
126.267598964323,8155888.00415035,2095047.10396434
126.35844974948,8156077.38094644,2096062.07639777
126.449300534637,8156289.6603152,2093569.24860455
126.584662115047,8156605.08025399,2093555.67517173
126.720023695458,8156856.24272788,2099834.06510447
126.776113724223,8156907.309053,2107975.33289033
126.832203752989,8157038.76507621,2100859.49273181
126.888293781755,8157193.2950508,2088162.74839806
126.94438381052,8157357.66400108,2085830.74240299
126.984491099953,8157476.92110137,2084701.95138096
127.035786039868,8157563.36874745,2092400.31465964
127.087080979784,8157640.56189319,2101693.04621503
127.135163325668,8157718.80507042,2102058.92965537
127.183245671552,8157796.07083757,2101452.95275912
127.263370360937,8157960.67281319,2096788.87129844
127.343495050321,8158132.20013058,2094503.49169972
127.518741245624,8158500.6078086,2094585.40404506
127.577932190014,8158657.65427361,2089312.34236284
127.637123134404,8158750.78721456,2095365.53621744
127.696314078794,8158829.24162521,2104468.857588
127.741441542157,8158923.06853223,2100230.92716572
127.78656900552,8159014.97475432,2095972.12801582
127.856022928845,8159123.21886596,2099082.28844015
127.925476852169,8159264.25170703,2097393.13402148
127.994930775494,8159441.6766945,2088531.78966079
128.064384698819,8159624.6358329,2087675.27791006
128.116799837807,8159748.09201474,2089049.15741713
128.169214976796,8159854.20366459,2093069.36813517
128.233342619685,8159929.62706149,2101358.34984739
128.386435973247,8160250.47596402,2085196.97594708
128.417299761083,8160321.05373258,2084710.80685027
128.448163548919,8160391.18035648,2087531.14026051
128.479027336755,8160460.57532452,2090344.05488124
128.617989244298,8160708.79120689,2097897.28828555
128.69612401497,8160883.88883872,2091786.59892681
128.750452356835,8160982.55102598,2094372.67548985
128.8047806987,8161081.65097166,2096694.98000371
128.921774411383,8161284.09451423,2097650.72958627
129.158597216944,8161723.51205572,2095997.43964228
129.275624174167,8161907.19760384,2099910.99160413
129.356418601449,8162071.89312188,2095100.95788614
129.437213028731,8162238.22995356,2092511.51607153
129.538221265908,8162432.55242754,2094819.97594748
129.639229503084,8162631.10823216,2094111.59460239
129.740237740261,8162827.53896893,2094150.23531506
129.841245977437,8162984.64772803,2098926.6809177
129.909223915732,8163084.78712671,2100968.88570395
129.977201854027,8163259.78789117,2089781.95680078
130.030326267472,8163340.27400306,2092636.73085536
130.105911538823,8163415.94997332,2105766.10405275
130.157677057264,8163474.23279753,2104903.91718084
130.209442575705,8163546.64684512,2102410.2948208
130.261208094146,8163676.15363857,2093465.80972954
130.312973612587,8163790.52718734,2088426.12783351
130.364739131029,8163873.3612319,2094055.92317702
130.436785492089,8164017.93748634,2094473.80094436
130.508831853149,8164160.10423733,2091616.83697597
130.546048155803,8164161.64317773,2101675.23281598
130.583264458456,8164164.55741214,2111751.11459709
130.632090294313,8164264.66672059,2105305.89993733
130.68091613017,8164403.43255761,2088471.39553098
130.718618061068,8164471.85803032,2085887.93147629
130.74678667639,8164504.40500563,2092063.5883231
130.774955291712,8164535.18729237,2098219.1792415
130.867688134081,8164659.78513548,2101156.68597382
130.96042097645,8164775.26979656,2101452.35991803
131.053153818819,8164940.78228523,2095923.69736442
131.209190803806,8165321.46133378,2085112.72535456
131.331110911703,8165481.82177992,2101579.23493172
131.383816101052,8165469.50596852,2114949.55175791
131.4365212904,8165527.56732104,2111475.54512436
131.489226479749,8165610.93157095,2099752.44560883
131.541931669098,8165729.12417144,2092498.23878472
131.594636858447,8165860.05288488,2086689.69494983
131.643429977791,8165937.23064448,2090951.14849898
131.692223097135,8166009.55145972,2096959.10598573
131.737131270886,8166121.07505608,2092897.19135657
131.782039444638,8166241.22928007,2086121.43591181
131.835931726872,8166271.60903043,2096331.105276
131.979467513766,8166430.39327957,2095354.85131623
132.032867440455,8166536.71875621,2088592.20843076
132.086267367144,8166641.26103715,2091299.16962
132.128639498921,8166695.47154586,2095419.68924441
132.239516855815,8166825.7338215,2101388.80054568
132.317793827054,8166958.84301429,2094915.65174255
132.477505454248,8167144.90248839,2105496.64343927
132.535387610231,8167252.11625983,2100655.66878796
132.593269766214,8167414.52191106,2083801.77925091
132.635852227497,8167472.00017502,2087716.17484128
132.66935615859,8167507.0204362,2095191.09667146
132.702860089682,8167541.19559593,2102657.07855357
132.742686983505,8167591.42784974,2102016.72552364
132.782513877327,8167639.70750288,2101071.06870612
132.871177217073,8167789.0777615,2095324.27332155
132.982207116463,8167974.41845817,2094752.89465217
133.093237015853,8168115.75625662,2099960.07341308
133.254135505807,8168346.41948564,2095849.74899477
133.415033995761,8168580.99086838,2099484.38101002
133.515232765076,8168615.25533367,2110672.39593017
133.615431534391,8168686.0359714,2106320.33619012
133.666102574508,8168830.08036886,2091609.55986515
133.716773614624,8168949.62710284,2082394.68429156
133.754898284245,8168986.06547328,2090947.37152093
133.793022953866,8169023.82189076,2099513.98812908
133.858337310984,8169101.52074885,2101165.89456038
133.923651668101,8169158.88240919,2102238.4146697
134.008542757233,8169166.91164542,2113386.58159738
134.03458139411,8169216.42510227,2107885.10936508
134.060620030987,8169262.94510778,2102350.50873779
134.107360199306,8169345.79881111,2092531.86584233
134.135584241375,8169365.87840581,2095878.45309116
134.163808283445,8169388.78052417,2099256.67280639
134.242560282346,8169412.59403812,2109227.18934868
134.300080193164,8169395.99425285,2116999.88902515
134.335925380914,8169441.64736373,2111627.02955966
134.371770568664,8169495.31746385,2103752.67237407
134.415870518975,8169554.58787008,2096474.43074899
134.459970469287,8169588.23316152,2100354.88075699
134.504070419598,8169622.99569075,2104247.12217251
134.586489264983,8169708.40826746,2102195.88684334
134.668908110367,8169756.83590784,2105884.17271452
134.751326955751,8169766.27321924,2112060.78575616
134.818005840636,8169768.05213728,2114860.09757674
134.884684725522,8169845.76963144,2104007.81905837
134.934664431419,8169926.49529618,2096978.23260062
135.020690490066,8170090.25777979,2090183.36520375
135.074223361564,8170124.29980476,2099665.37962289
135.127756233061,8170132.83869393,2109127.10522852
135.19468492452,8170081.06958421,2120873.1067403
135.238797854955,8170109.55444774,2116388.84692214
135.28291078539,8170160.65026082,2105945.84168812
135.327023715825,8170191.25822987,2101591.78990493
135.358963929677,8170197.63672002,2105546.15391481
135.390904143529,8170203.0315051,2109489.1225173
135.450996711628,8170285.59836031,2103374.18004647
135.511089279727,8170392.64226667,2091499.88733788
135.528296286841,8170369.48725895,2097585.36290689
135.545503293956,8170351.29885934,2103725.93088825
135.586835362277,8170307.46481627,2118477.40645174
135.643869497121,8170331.04201886,2117408.93010678
135.683004563365,8170376.82598568,2106508.09999917
135.722139629609,8170412.59350526,2099965.48417975
135.761274695853,8170432.68291725,2103197.31110644
135.827843507051,8170475.77340627,2106555.60231869
135.89441231825,8170535.52061809,2103535.48400836
135.987885439392,8170597.19194726,2105346.67385297
136.081358560535,8170595.51748201,2113325.6564602
136.169150237786,8170611.25784543,2112351.89343263
136.256941915036,8170571.94281117,2117463.40125296
136.344733592287,8170515.26656731,2122789.02981561
136.412521060278,8170514.71685342,2113748.43784206
136.480308528269,8170559.9543043,2108106.28821565
136.54809599626,8170562.91826061,2110361.61291014
136.61588346425,8170536.8307289,2118750.75544581
136.659904310445,8170550.41323132,2114982.30798321
136.703925156639,8170562.39310059,2111196.23542291
136.772391658123,8170522.99489446,2117229.96832002
136.840858159606,8170487.78781175,2120880.12325615
136.90932466109,8170462.63632084,2118298.79431557
136.977791162573,8170469.04789184,2114398.21726124
137.073194732883,8170459.07898122,2114796.56476714
137.178806936273,8170453.93267789,2114400.41097372
137.284419139662,8170405.11124023,2119580.27371387
137.390031343051,8170345.35937768,2120812.37458294
137.49564354644,8170277.33773643,2121713.40321349
137.601255749829,8170218.67557316,2120637.38379574
137.706867953219,8170182.68375092,2117926.62896828
137.931141077496,8170017.11652303,2126076.82104786
137.974596717986,8170013.83464336,2120568.30458468
138.018052358475,8170006.30672257,2115593.78621685
138.068185662182,8169976.91170545,2118413.64667617
138.118318965888,8169942.97876123,2121573.88761119
138.210202316217,8169769.58541444,2136039.79191735
138.249145278459,8169755.56748155,2130246.88335979
138.288088240701,8169747.40784039,2122316.93266706
138.338173359329,8169746.17526531,2115310.65261433
138.388258477958,8169760.80634899,2112369.43926379
138.438343596586,8169772.39176202,2110926.67194329
138.501187620477,8169785.66781072,2111489.32802175
138.580744729936,8169717.45560195,2121755.2937129
138.660301839395,8169623.31811711,2128581.13640913
138.812164651223,8169548.32337051,2115286.49617465
138.848439239422,8169510.81951874,2118583.50168008
138.884713827622,8169471.68270771,2123309.40382086
138.937503903578,8169388.41992714,2130549.03384143
139.003495505391,8169236.07370157,2140337.10810181
139.046163397333,8169208.38595795,2134520.9736848
139.088831289275,8169205.42851657,2122993.25991518
139.131499181216,8169178.33759709,2117579.86417158
139.162348103782,8169129.82619317,2123321.84721976
139.208527155538,8169056.81878935,2131911.85314179
139.254324781746,8169030.76433653,2128526.3909903
139.300122407954,8169012.13347989,2121983.79959292
139.345920034162,8168950.17253638,2124273.68917055
139.416895069539,8168820.42424923,2136696.03995678
139.44038563584,8168816.66127429,2132589.0568735
139.46387620214,8168811.37649548,2128035.88941696
139.510668834174,8168800.16793028,2118962.37201746
139.54753603986,8168741.56528122,2123049.40901967
139.584403245545,8168675.85274225,2129985.02541879
139.621270451231,8168610.54905661,2136503.6229222
139.685887176772,8168493.91019402,2136737.61808214
139.731413414335,8168425.31121907,2135290.76152881
139.776939651897,8168390.33759292,2129517.79726584
139.866308453574,8168270.34659466,2130162.70001156
139.955677255251,8168106.66806932,2137441.50222196
140.068512669866,8167886.42801255,2138768.39310373
140.18134808448,8167697.61203904,2135162.69676647
140.294183499095,8167563.67694563,2129329.06946052
140.407018913709,8167373.84924215,2136601.09870785
140.467338081981,8167322.9700347,2130899.37261344
140.527657250252,8167275.4483378,2124129.65057213
140.584021699031,8167176.10038714,2131651.89558685
140.640386147809,8167100.7730593,2134237.40851466
140.684318889363,8167069.24277051,2128815.13660256
140.737433236397,8167003.22020725,2127344.31928117
140.778286170623,8166910.2052716,2135015.04888219
140.822107300629,8166814.08990331,2142865.94055103
140.849218801756,8166792.00036161,2138480.45724729
140.876330302883,8166767.55338123,2134065.91403864
140.922684095308,8166723.01675859,2127063.66912609
140.951892675273,8166653.89337928,2131842.71196308
140.981101255239,8166587.38517732,2136650.47310595
141.06567965824,8166427.3000382,2139927.12151361
141.133330963333,8166315.99562761,2135627.07973318
141.200982268426,8166197.08167092,2136906.44938266
141.26863357352,8166110.99734188,2133572.78645056
141.36699491135,8165955.56368991,2134851.19526896
141.442393515139,8165823.97461351,2138835.89227446
141.533921361429,8165749.00310823,2126292.27304863
141.62544920772,8165673.41322568,2126300.22661292
141.693248314094,8165579.90662261,2130999.84304691
141.761047420469,8165538.67375911,2127215.72904329
141.828846526844,8165521.45437437,2118734.43030842
141.855322231506,8165459.44239905,2125604.99350866
141.881797936167,8165400.27453858,2132507.27321093
141.924631480561,8165306.15596418,2143403.05342821
141.94154499781,8165297.03281068,2140429.56795609
141.95845851506,8165284.31829308,2137415.05419658
142.00253608481,8165251.3299103,2129557.63630185
142.080241240815,8165126.34638122,2133401.24742141
142.157946396821,8164972.56514062,2140535.66726811
142.301529417559,8164663.9443978,2142965.02827625
142.413186678454,8164428.24255325,2142538.01296309
142.607461338758,8163920.02364881,2152053.26496264
142.677391911552,8163761.66526261,2147663.57563014
142.747322484345,8163610.23304362,2143006.9546424
142.817253057138,8163445.91527338,2145526.40497299
142.926,8163223.26045916,2142240.89453588
