0,4104039.62397836,1956116.60325445
6.03756336466445e-06,4241943.35188789,1985656.37511934
1.77192444734524e-05,4486145.1643073,2038557.3200657
2.94009255822403e-05,4703204.64464037,2086408.94995974
4.10826066910282e-05,4896160.15796548,2129793.24928982
5.27642877998162e-05,5067706.90889713,2169202.66638211
6.7213545494492e-05,5253875.45690118,2213076.01617878
8.16628031891678e-05,5414878.71196121,2252180.28464306
9.61120608838437e-05,5554139.80961712,2287081.71215326
0.00011056131857852,5674612.62451233,2318262.07173814
0.000128743710756572,5803473.82473708,2352851.3285771
0.000146926102934624,5910885.61364015,2382904.29493044
0.000165108495112676,6000438.42092412,2409018.09156105
0.000187302489125167,6089901.82652725,2436301.10367169
0.000209496483137657,6161586.68147673,2459262.33008545
0.000231690477150148,6219044.35794634,2478567.41177698
0.000259696563805579,6275648.85198443,2498588.26104974
0.000287702650461011,6318486.44594289,2514618.30101518
0.000321535882784541,6356658.85142699,2529758.28045154
0.000355369115108072,6383939.60209497,2541267.74731532
0.000397762868070795,6407487.99004215,2551854.86012974
0.000440156621033518,6422956.69022796,2559301.99308098
0.000495742605166435,6435572.07663145,2565816.60620807
0.000551328589299352,6442842.96081152,2569872.96775646
0.0006269053918441,6448111.6453189,2573049.78260514
0.000719307279872997,6450958.63635264,2574934.42294441
0.000838923128547362,6452280.71291834,2575906.84751478
0.000958538977221728,6452667.55070917,2576229.46184411
0.00107815482589609,6452781.7277124,2576337.87700504
0.00119777067457046,6452815.62790818,2576376.81760232
0.00131738652324482,6452825.69629318,2576393.47446252
0.0014654525130448,6452828.99881477,2576404.96181279
0.00161351850284477,6452829.57707272,2576413.59369329
0.00176158449264475,6452829.57296559,2576421.57952556
0.00190965048244472,6452829.44327203,2576429.42026104
0.00208979886905753,6452829.25144942,2576438.91938849
0.00226994725567034,6452829.05238913,2576448.40972819
0.00245009564228315,6452828.8523285,2576457.89882027
0.00263024402889596,6452828.65212892,2576467.38773551
0.00285897261015591,6452828.39791683,2576479.43547197
0.00308770119141586,6452828.14370139,2576491.48320411
0.00331642977267581,6452827.8894858,2576503.53093604
0.00360326496151262,6452827.57068883,2576518.63929479
0.00389010015034944,6452827.25189186,2576533.74765353
0.00423632258077128,6452826.86709018,2576551.98409344
0.00458254501119312,6452826.4822885,2576570.22053334
0.00501736467863141,6452825.99901728,2576593.12362118
0.0054521843460697,6452825.51574605,2576616.02670902
0.00603061600769413,6452824.87286028,2576646.49421577
0.00672502052671783,6452824.1010789,2576683.0703159
0.00759400658335406,6452823.13526253,2576728.8420817
0.00874159860562374,6452821.85979538,2576789.28875156
0.0103912896949462,6452820.02628072,2576876.182291
0.0131456829103619,6452816.96496799,2577021.26337742
0.0195477730316117,6452809.84949883,2577358.47818937
0.0485895479591903,6452777.57162548,2578888.18434551
0.0922111100636538,6452729.08935253,2581185.84598147
0.135832672168117,6452735.37846659,2578974.95769295
0.179454234272581,6452756.00879433,2575783.97366774
0.223075796377044,6452798.70977632,2573099.34059114
0.266697358481508,6452864.24881524,2570885.20416049
0.310318920585971,6452919.28795029,2569630.36175868
0.353940482690434,6452946.16787154,2571522.73348112
0.409764560195155,6453014.83998772,2571925.34088554
0.465588637699875,6453237.15273241,2562712.22984356
0.521412715204595,6453670.81696348,2547409.37318873
0.562072054025592,6454210.38641703,2528958.11257054
0.602731392846589,6454900.92945806,2503863.60916123
0.607041636633378,6455201.64516667,2491523.65035064
0.611351880420167,6455488.39091796,2478953.33750407
0.618399802871216,6455960.73415591,2458429.53653854
0.639814848989471,6457395.56562114,2396067.02673163
0.671167231161544,6459496.21996252,2304765.86491024
0.702519613333617,6461630.52556791,2218399.56375415
0.709405448812703,6462180.85174508,2211825.4771341
0.71629128429179,6462746.81460075,2205419.42917254
0.728851125585409,6463775.55856416,2193714.62013372
0.775276353025548,6467578.7013824,2150452.48183976
0.800978641758485,6469681.73454553,2127505.22659169
0.810037231042443,6470400.33019603,2128374.05486365
0.819095820326401,6471126.86229642,2129345.6896524
0.8379888068331,6472640.67002065,2131361.18640673
0.917940448136033,6479021.95571196,2139466.35577421
1.01970245675387,6487038.74354399,2145724.64855372
1.12146446537171,6495088.26446004,2142842.7763824
1.17760749077606,6499545.12570994,2141129.1839191
1.23375051618041,6503678.16378619,2160272.65223407
1.28989354158477,6507604.06740323,2193403.08821909
1.32973345489727,6509850.66222461,2231620.77998605
1.36957336820978,6511907.23513693,2274931.48499711
1.392863743969,6513113.02159804,2300248.0828571
1.41615411972822,6514381.75380165,2304895.34893109
1.43944449548744,6515669.67890995,2300164.52266718
1.46273487124666,6516951.03266248,2295451.95301716
1.49970137995848,6518989.85811702,2287977.91778053
1.52152827754441,6520091.07467112,2293604.89901885
1.54335517513035,6521194.09014332,2299422.33424259
1.59240214337708,6523672.80252435,2312491.93379369
1.61057742569776,6524854.79748451,2299663.69921343
1.62875270801843,6526194.35780914,2273704.00822809
1.64222002166203,6527190.96338655,2254509.1418744
1.67952800520497,6529951.64423164,2201330.84615077
1.72668381893595,6533592.90300166,2161050.13837133
1.75594994042692,6535942.80535241,2149051.9925588
1.78521606191789,6538293.82979002,2137015.77754611
1.84820079011948,6543775.83102177,2101372.59406463
1.91118551832107,6549364.24701353,2071088.25959559
1.9395861756506,6551830.73057287,2075051.84975656
1.96798683298012,6554299.41889081,2079047.02881641
2.05024597941592,6561538.13184196,2077038.49234184
2.0833816143357,6564474.83814155,2072713.42701034
2.10324832399436,6566167.11419471,2074442.24558996
2.11644551686997,6567092.28378363,2090456.09063205
2.12964270974559,6568018.6096642,2106543.27924521
2.16039489320832,6570177.03054226,2144023.70748963
2.18668711099768,6572022.26367109,2176068.64397875
2.20323796927389,6573204.76032473,2191749.42485362
2.2197888275501,6574408.47725815,2188541.44265101
2.23236956594932,6575334.2750045,2186058.8465169
2.26729439783006,6577888.30971915,2179175.52260261
2.29037589683591,6579576.36495879,2174626.34854245
2.31345739584176,6581616.42804092,2149423.6561862
2.33653889484761,6583882.82883606,2109055.10170007
2.35271059764382,6585463.63932881,2080817.08647567
2.38425059519465,6588560.0126695,2025725.64707611
2.40199159023171,6590293.49022538,1998168.98088973
2.40898072261697,6590970.89565448,1998084.14514928
2.41596985500224,6591655.38732934,1998133.59161759
2.42986655749926,6593015.16878995,1998214.83850337
2.48735329616532,6598639.2149005,1998555.92717156
2.52251669413174,6601488.02014839,2038451.90990272
2.54387662348265,6603030.15070817,2076490.71620318
2.56523655283355,6604570.54482641,2114480.29229945
2.58605786816257,6606071.86023109,2151513.21234655
2.59739925922034,6606889.73188049,2171684.98745962
2.6087406502781,6607773.44793255,2172819.48469162
2.61702076019471,6608430.76487412,2169216.41152604
2.62530087011131,6609077.60323662,2165660.3220262
2.64872973630746,6610915.5366619,2155589.36156899
2.68714139076423,6613928.53315114,2139078.27560024
2.725553045221,6616790.60310051,2143039.42318658
2.76396469967776,6619573.92821057,2157480.90209429
2.79405834441038,6621768.9573608,2168773.02878133
2.83244567318499,6624160.65299266,2196281.40581664
2.87083300195959,6626479.94545325,2226247.76956015
2.88743992755865,6627486.29432192,2239209.76338543
2.89707839067095,6628069.09480285,2246732.6718803
2.90671685378325,6628899.92463379,2233711.14432017
2.91635531689555,6629818.96630813,2211132.51233533
2.92599378000785,6630723.66007414,2188626.95424612
2.94803248564221,6632808.20626518,2137159.47782367
2.98947642072225,6636727.47987546,2040374.80030641
3.01303286694891,6639082.041453,2004341.56411968
3.02937031431527,6640809.37884911,1990271.07860366
3.04570776168163,6642532.97697039,1976151.95660579
3.08759072353345,6646951.37551439,1939960.58638228
3.12163115561684,6649811.08268431,1980072.75032637
3.13245141330279,6650603.9367215,2005796.86999829
3.14327167098874,6651391.98224363,2031428.27652158
3.16637302529267,6653074.24451361,2086160.84375937
3.18605693987888,6654508.02537821,2132796.14842508
3.19706540904205,6655309.86081116,2158877.52027044
3.20807387820522,6656133.23494249,2165503.95455436
3.21681048504855,6656788.11395531,2164773.5265167
3.22554709189188,6657428.40763915,2164100.44820922
3.24842610461549,6659118.41716387,2162327.83305356
3.28420247731051,6661760.61981678,2159556.20683707
3.29637276641825,6662659.45120069,2158613.36116864
3.30854305552599,6664027.49291936,2123171.94069717
3.31744584038736,6665157.34113844,2085901.72502049
3.32445137478701,6666042.98913347,2056655.73709165
3.34069667757874,6668096.53970899,1988824.44038674
3.36677470289477,6671392.41253132,1879938.29948079
3.39285272821079,6674688.34735477,1771052.08764675
3.39981003365767,6675567.66459928,1742002.54954026
3.40133371787656,6675725.6308506,1740557.45912014
3.40285740209546,6675926.27414195,1740448.27643717
3.40438108631435,6676118.82277709,1740236.77182556
3.40767081998172,6676537.67016477,1739819.17510377
3.41921049489877,6678006.01525887,1738344.15640021
3.47690886948404,6685347.52204855,1730971.5644848
3.56264457342397,6696095.50496103,1740057.74324329
3.64838027736391,6706771.64576255,1746796.57482083
3.73411598130384,6717391.50373475,1748341.23726123
3.83914434021013,6730295.26791894,1753998.36822412
3.97594000820782,6746859.82019712,1768379.52785543
4.03697930816523,6754269.99756784,1763548.89316192
4.09801860812265,6761724.74687952,1749256.68293627
4.13279682288917,6765917.77432667,1752228.3399891
4.16757503765569,6770109.41853214,1755912.98136745
4.22964889437289,6777567.34438052,1760549.19194555
4.30875631920255,6787021.77052942,1763997.359292
4.4130027589957,6799358.77577344,1770841.74165233
4.47404222341072,6806534.80557524,1773109.19213654
4.53508168782573,6813445.86006025,1797237.15844742
4.57628309404856,6817982.1006861,1824564.64584523
4.61748450027139,6822396.47064418,1850621.47777418
4.66899968675718,6827709.21219232,1881041.78769593
4.73734172247624,6834649.88185244,1907299.99067186
4.8056837581953,6841497.79155574,1920816.00525932
4.85447578886777,6846347.61593725,1923210.14231645
4.90326781954023,6851196.77810944,1925391.46058695
5.00856416423508,6861628.88054295,1924868.25153926
5.08066795340731,6868685.76892583,1930917.76796867
5.15277174257955,6875779.82836492,1927948.88760309
5.20293609433288,6880712.78404312,1924604.90953663
5.2341980777719,6883682.89485248,1933046.50117153
5.26546006121092,6886655.04252344,1941517.84734783
5.35698510071438,6895531.75772464,1934912.62455062
5.4239834097331,6902032.64446074,1926923.57415597
5.49098171875182,6908442.37604649,1938616.57667897
5.55798002777055,6914725.58294277,1949320.61765325
5.67283603527821,6925339.19920906,1965247.36082303
5.7469056589591,6932338.62767016,1949957.57074906
5.82097528263999,6939473.97492664,1925877.91237741
5.90987573874147,6948065.39968602,1918337.05945783
5.94139376599454,6951015.65259389,1927028.03638464
5.97291179324761,6953967.33532653,1935745.3100178
6.06905282558899,6962862.35836558,1951137.99077253
6.16519385793038,6971653.48556818,1958710.73484592
6.26133489027176,6980405.51937568,1958662.36242935
6.35908845859086,6989216.0760197,1964053.51525467
6.45684202690996,6997950.43646718,1967410.85355554
6.55459559522907,7006744.18959031,1961200.14900168
6.65234916354817,7015441.74225368,1965832.14547304
6.75010273186727,7023985.76091635,1977616.98024709
6.84785630018637,7032416.79343524,1985842.14569676
6.94560986850547,7040777.40822979,1988254.07981313
6.99606243960088,7045106.03634124,1985291.2275637
7.02665513727443,7047858.79597588,1973103.11465967
7.05724783494798,7050631.46080408,1959323.45109986
7.10094760160875,7054570.83093172,1940493.43847077
7.11041218504656,7055376.12603011,1944605.04532106
7.11987676848438,7056182.26331167,1948811.23941582
7.14013649888826,7057911.06931152,1957804.50981737
7.19219750317731,7062349.53753998,1980916.05035779
7.22577042775828,7065200.28720052,1985130.04072242
7.25934335233924,7068051.37349828,1986032.47295991
7.2929162769202,7070883.75346357,1986948.87690074
7.44250348866599,7083459.35056723,1989731.04728532
7.59209070041177,7095968.24632717,1988445.90873017
7.67508058075308,7102848.61719999,1991308.33908249
7.75807046109438,7109668.0415759,1996066.35207336
7.85814321733967,7117883.2880139,1995953.18725798
7.95821597358497,7125970.59312864,2003702.29935066
8.16259453266461,7142221.97266777,2009962.46879811
8.30667199834162,7153881.7430464,1990184.58416927
8.35146063302038,7157481.59550563,1994011.56297271
8.39624926769915,7161073.58558428,1997864.46063857
8.48783600049116,7168349.7295409,2002362.75867439
8.57942273328317,7175432.79192466,2017953.09765568
8.64747836342481,7180680.1585768,2020459.00094643
8.71553399356645,7185927.56984022,2019266.8643386
8.79736319357677,7192185.51877158,2021295.35143146
8.92180089481399,7201678.34922986,2021432.78240685
8.98825997848007,7206766.87302041,2014856.45356728
9.05471906214616,7211764.53175854,2022026.72707539
9.10351172817605,7215409.13811606,2029187.62720943
9.17418683979509,7220637.46687918,2033916.29770023
9.24486195141414,7225829.48089539,2037310.52513219
9.36300945197776,7234493.03091812,2038030.5807459
9.48115695254138,7243421.22066911,2008072.00971645
9.52684519217804,7246796.28491337,2011816.99525806
9.5725334318147,7250102.78571863,2029938.12100013
9.60470373178688,7252432.73938092,2040388.61310448
9.63687403175907,7254784.60474326,2037296.50642452
9.66125079549225,7256565.70803896,2034934.24921088
9.74278001188625,7262446.78640226,2036669.98546868
9.82430922828024,7268286.89374663,2042278.60385052
9.90705485912819,7274214.16677813,2037379.13597931
9.96436953002049,7278265.76902241,2043242.3717327
10.0216842009128,7282303.82048774,2047010.88586408
10.0789988718051,7286339.07920957,2047276.49865524
10.1532358651464,7291573.02172388,2042663.73260668
10.2485576161783,7298194.65513811,2050929.88242474
10.3175815408355,7302902.10071004,2062549.42081399
10.4443213820201,7311632.63290213,2051097.14872863
10.5710612232046,7320322.77934661,2053685.8053206
10.6420147952314,7325205.31315624,2050518.22088723
10.7129683672581,7330113.90180265,2042936.19134848
10.8216196113284,7337488.20841597,2052189.45838305
10.9027471671294,7342908.07452083,2061176.6403371
11.0280037714991,7351132.94173789,2067824.84510142
11.1532603758688,7359406.10660552,2061796.0243152
11.2785169802385,7367592.02734385,2066946.18686102
11.369745263362,7373510.48139594,2068634.27356229
11.4609735464854,7379306.93370571,2077379.3414101
11.5522018296089,7385014.89291708,2085381.1925053
11.66744912162,7392293.96291758,2076503.42318776
11.7465153301282,7397336.84326773,2069931.49322548
11.8255815386363,7402390.414014,2066511.32626694
11.8871051793539,7406364.80781254,2061671.84050712
11.9294055554804,7408975.79327731,2070095.40656914
11.9717059316068,7411545.97953375,2083751.15646953
12.0012271190709,7413348.40210182,2092657.8959162
12.0203206527309,7414539.23926384,2089144.8756431
12.0394141863909,7415734.18972648,2085585.64504557
12.0882742537729,7418787.12648009,2076479.20976784
12.1456084223394,7422326.2391982,2077320.8062679
12.202942590906,7425854.58756681,2081105.52337608
12.2602767594726,7429336.92084917,2083770.66129606
12.348261204585,7434671.47150383,2087270.42029961
12.4767805892923,7442350.85759764,2093547.62842457
12.5587204805773,7447264.51102144,2089471.03423966
12.6406603718623,7452085.08272477,2094832.2177411
12.7050278720694,7455803.39498932,2107067.67775255
12.7276661298771,7457165.50644835,2101325.40446469
12.7503043876849,7458525.93719977,2095546.4256322
12.8120348636175,7462213.2841912,2084087.53496167
12.87376533955,7465837.38982544,2090494.41842924
12.9214336934869,7468646.23025418,2092053.82366015
12.9691020474238,7471462.44325152,2089399.80910779
13.0167704013606,7474259.47064189,2089062.10528558
13.0644387552975,7477014.78276486,2093033.30532952
13.1311060647483,7480858.57038204,2098486.93515751
13.3347022522342,7492420.49438871,2103832.98540815
13.5013957610951,7501885.88181194,2098271.7557275
13.5503702331833,7504592.91153071,2105039.5917222
13.5993447052716,7507298.30635914,2111823.86448697
13.7647100105982,7516284.94093486,2116530.0968013
13.8587905266681,7521519.59661726,2104974.31474248
13.9528710427379,7526717.12920214,2104323.74322272
14.0675655768092,7533007.90096281,2106651.22769077
14.1532882445902,7537590.1527075,2115970.09574177
14.2390109123712,7542141.63334492,2121237.57338813
14.3058477131742,7545718.13762631,2114516.48352401
14.3590613207866,7548529.06513489,2117335.95223583
14.412274928399,7551350.64689835,2119307.45599157
14.4886728486852,7555367.3554686,2117990.35955554
14.5637589889662,7559251.63362787,2125249.15559743
14.6388451292472,7563129.28575085,2127272.0139029
14.7139312695282,7567014.64671787,2123896.5381524
14.7890174098092,7570880.85849273,2124827.33916509
14.8802824583871,7575649.41236601,2116928.59337525
14.9524847115145,7579338.3599777,2122403.66059333
15.0246869646419,7582960.49667567,2132227.75894135
15.0968892177693,7586513.73626498,2141134.39890901
15.1374258856159,7588564.526051,2135451.75134215
15.1779625534626,7590625.89316157,2128847.45881725
15.2459054195496,7594111.27401289,2120139.30415744
15.3855378353932,7601105.80276931,2132970.91702537
15.4377667001347,7603637.95988499,2139229.37077105
15.4899955648763,7606152.81994485,2143427.74572504
15.5356265013222,7608421.98638892,2136982.36385055
15.581257437768,7610707.70754939,2127650.40583158
15.6268883742139,7612915.51010515,2130355.46266064
15.6725193106598,7615077.699885,2141561.73093641
15.7020503532129,7616482.22806309,2147811.53775901
15.7221309316562,7617483.92957585,2142917.7381663
15.7422115100995,7618484.02138523,2137985.52185309
15.7959432186617,7621154.46297501,2124787.8523788
15.8192863749782,7622244.65428094,2129730.17781317
15.8426295312948,7623326.34297811,2137001.26493919
15.8723057512413,7624701.21957829,2146236.51483502
15.9338811087274,7627646.20242833,2145961.71058582
15.975550567893,7629681.87749037,2134909.71875425
16.0012016042769,7630921.31290829,2128830.26402516
16.0177726004095,7631675.73258058,2134355.84266555
16.0343435965421,7632423.00353115,2139934.32522331
16.0748357833867,7634255.88258838,2153564.50495367
16.1442792920471,7637467.12493784,2154489.55368384
16.2137228007076,7640723.66176094,2144591.53256689
16.2831663093681,7643978.93864052,2143073.88167104
16.3526098180286,7647113.37740687,2153280.0273355
16.3956816471355,7649035.22501446,2161960.79989292
16.4209871633629,7650240.1449925,2155670.3131487
16.4462926795903,7651454.30932018,2146955.31989782
16.4779944545784,7652975.58545769,2136045.3199854
16.5410227596076,7655943.08029976,2132913.98961242
16.6040510646367,7658881.47807489,2139859.23739814
16.6536970390627,7661134.55836957,2145578.47462347
16.7719152500473,7666524.30608264,2147744.01246249
16.8576263987829,7670363.96663089,2151170.95292994
16.9433375475185,7674211.16620425,2152771.81272073
17.0679956200639,7679682.72392657,2159965.2997508
17.5767006073901,7701489.20423141,2162094.37136063
17.5923380918443,7702137.89284091,2167937.43723923
17.6079755762985,7702820.22708413,2168682.41428952
17.6236130607527,7703514.22284476,2164275.80808592
17.6392505452069,7704209.14485732,2159891.9502275
17.6901238357998,7706473.71854718,2145629.45251423
17.7321796729754,7708261.54741913,2149971.89967297
17.7742355101511,7710030.64723814,2159350.44331207
17.8020786618905,7711208.40353032,2164504.57407902
17.8212737180734,7712071.98101078,2158997.9814051
17.8404687742563,7712934.04169706,2153452.42932291
17.8915028269504,7715219.8062434,2138708.0784832
17.9220416724156,7716461.72409572,2147485.72054374
17.9525805178808,7717666.16102984,2163197.69062122
17.983119363346,7718870.24482079,2178894.95845517
18.0280867087357,7720720.86207076,2180923.46832163
18.0730540541255,7722589.53155092,2170104.5750305
18.1058748801803,7723958.18901516,2163489.98232948
18.1459269121996,7725631.3814145,2162604.54255884
18.185978944219,7727304.78739615,2161726.97799116
18.2771658608543,7731029.21663254,2168635.98759775
18.3683527774897,7734723.65653988,2171286.10249574
18.4595396941251,7738333.53785349,2178169.88211687
18.5691777675859,7742692.40667131,2175440.39869152
18.6314299113822,7745055.34065677,2183903.63527833
18.6746105132976,7746613.60335706,2200109.13368921
18.6969225938541,7747418.64998445,2208474.76995504
18.7110902211488,7748006.01302948,2202982.54123705
18.7252578484436,7748602.00966207,2194328.67328472
18.7394254757383,7749198.68683938,2185690.80233527
18.790615354318,7751357.66292617,2154480.27767415
18.8169895741467,7752373.41589779,2157517.32767306
18.8433637939755,7753333.39996423,2171366.48435527
18.8638992747894,7754087.33266968,2182128.32365924
18.898587627374,7755357.84661593,2200306.09527303
18.9119165158372,7755870.23376342,2199281.15774929
18.9252454043004,7756385.58067284,2197216.92203986
18.9465667275703,7757189.68786989,2193923.17539079
19.025228557448,7760232.35599849,2181454.00938645
19.0770861866787,7762285.48961075,2172780.20672216
19.09460246951,7762979.8146313,2169850.6592098
19.1121187523414,7763454.52677715,2187685.54527399
19.1296350351727,7763857.63167774,2215115.35276808
19.1471513180041,7764259.52727034,2242507.51394957
19.1942796840345,7765334.53409829,2316206.74898192
19.1994154166364,7765452.06623412,2324238.48595472
19.202622523398,7765274.83442511,2340374.42172451
19.2058296301596,7765093.95136618,2359716.46217262
19.2090367369213,7764906.53093627,2378966.67787927
19.2158902781152,7764502.75670128,2420123.84326962
19.2405904336296,7763056.56499832,2568454.24077772
19.2757615855312,7760995.84081312,2779664.15850003
19.2891966507458,7760208.79201688,2860344.59630241
19.2974837246921,7759723.29689904,2910110.21791333
19.3057707986383,7759162.24428375,2933575.04752283
19.3140578725846,7758481.93791913,2944636.87641657
19.3223449465309,7757807.90373097,2955803.44778125
19.3401486677869,7756372.04966356,2979794.5730136
19.3997630516655,7751547.05470173,3060111.60854654
19.4079731150209,7750887.55792678,3061046.33020421
19.4161831783764,7750213.50994728,3061528.81305174
19.4310208133402,7748996.77015046,3062413.56305742
19.4885555167017,7744282.16464944,3065846.38796232
19.5764642543624,7737197.01110013,3059618.8959494
19.6643729920231,7730120.83399602,3057838.79027606
19.7522817296838,7723189.47390273,3049546.45025066
19.8469887675287,7715711.39569699,3048391.88951703
19.9416958053736,7708187.38090032,3052140.03433971
20.0023579006465,7703427.36891056,3046287.02750144
20.0630199959193,7698885.73283953,3033176.31874958
20.1236820911922,7694314.69061727,3026618.88422167
20.1700630819998,7690792.49922126,3029525.50797636
20.2164440728073,7687268.33958442,3031495.37961316
20.2834328471778,7682172.43781027,3031870.38269064
20.4014599698156,7673011.32838622,3042169.30257053
20.4392020167597,7670182.41564247,3035868.97584006
20.4769440637038,7667353.47262171,3029548.28178985
20.5916908105217,7658946.82253326,3014007.64157711
20.7359068856306,7648481.34695409,3013249.94431825
20.8003571304428,7643633.88129595,3026603.79436939
20.8387570270655,7640815.80790588,3022702.09666441
20.8771569236881,7637997.37568596,3018775.65342433
20.9891368571969,7629695.17022587,3020587.69386085
21.0492664759262,7625438.5569676,3009195.67359197
21.1093960946555,7621207.80917942,2997802.31218282
21.1834600554361,7615890.64124408,3004994.32952407
21.2358232830782,7612073.57007681,3009821.29870852
21.4015506421531,7600598.16185949,2977313.676858
21.4245836016949,7599075.11942309,2976267.79706031
21.4476165612367,7597553.78062942,2975265.72051537
21.5082493195161,7593520.9285326,2974988.90442026
21.5688820777955,7589262.52516896,2989738.03339149
21.6152286304219,7585968.13775364,2999628.57409846
21.6751701219309,7581597.1618614,3008700.50667511
21.7437130854825,7576794.8036487,3001334.04604209
21.8122560490342,7572071.16860387,2988872.91591648
21.871408539427,7567855.31221317,2998325.19534036
21.9305610298199,7563746.71803485,2997061.36288089
21.9897135202128,7559730.45699426,2985654.06289619
22.0488660106056,7555631.7807151,2988140.58166514
22.0949760019354,7552425.68513341,2992388.87706383
22.1575636817168,7548072.95607898,2992869.44919303
22.2201513614981,7543686.48322019,2994630.15748875
22.298314353068,7538124.8965824,3001475.205434
22.3051390030428,7537932.04592355,2985963.81770945
22.3119636530176,7537793.95359039,2964589.42607964
22.3187883029924,7537659.185085,2943279.30676127
22.3367117324288,7537311.43410681,2887309.66533348
22.4043040745395,7536272.26074109,2668294.87861791
22.4111737529843,7536592.6851971,2634263.83923615
22.418043431429,7536908.08987118,2600070.81569943
22.4314087989188,7537509.65536108,2533557.47372788
22.4754421245944,7539510.03102952,2314432.53035667
22.4986610431367,7540564.10398963,2198886.49040131
22.5046208743797,7540886.85687751,2183465.9249035
22.5105807056227,7541274.27044144,2172717.10751944
22.5165405368657,7541656.79138002,2161905.44277194
22.5327768403139,7542694.66914953,2132461.95532547
22.6035616332349,7547238.80185091,2009080.11552595
22.6125072611292,7547833.19409024,2005308.60391927
22.6214528890235,7548435.75541955,2001665.97673089
22.639804563602,7549681.63783903,1994181.11969272
22.7112981048515,7554491.99072276,1968181.85865843
22.782791646101,7559501.97058733,1959043.03565865
22.8379290928887,7562899.61735057,1987141.43630039
22.8930665396764,7566244.01086339,2031340.45865959
22.9189103926598,7567805.19881972,2037890.44369525
22.9447542456431,7569352.50301071,2039110.00061817
22.9705980986264,7570900.42318915,2040343.68626232
23.0719815144644,7577303.15827698,2006571.4955566
23.1444119870021,7581747.62265707,2013282.57346034
23.2168424595398,7586087.97647426,2037420.46214859
23.2892729320775,7590463.8023326,2030257.78388971
23.3469836177752,7593951.6036815,2027727.42267106
23.4213163342136,7598422.08744375,2027849.13078374
23.495649050652,7602839.38583403,2034060.2140148
23.5209542736868,7604487.44365331,2019144.18149499
23.5462594967217,7606158.60719841,2000569.85340559
23.5715647197566,7607830.07784176,1982005.2176044
23.5932125602044,7609260.76539309,1966123.7243256
23.6148604006522,7610540.69871854,1974674.16508335
23.6365082411,7611778.23609616,1994719.2421295
23.6581560815478,7613014.32732306,2014727.43974934
23.6913550685663,7614906.31140074,2045412.16845587
23.7245540555848,7616814.2675481,2052462.29276483
23.7501567097175,7618277.99800367,2051343.81733787
23.7757593638502,7619742.39781985,2050242.54447991
23.8690419672085,7625094.41257766,2046204.95306416
23.937702170913,7628789.8105263,2068146.18574824
24.0063623746175,7632282.15175865,2108202.14143349
24.0405340462136,7633946.01160121,2115744.27825186
24.0747057178097,7635608.58617578,2123258.69106556
24.1813647755764,7640816.25039151,2125315.19783
24.2613436363814,7644557.33082686,2139435.10796941
24.3178804597899,7647122.56850904,2152113.14580538
24.4064876494929,7651054.66423493,2165747.32791485
24.4398057116263,7652587.49817598,2159421.56045196
24.4731237737597,7654119.53741067,2153069.067832
24.5765686461748,7658885.99246187,2145011.46896824
24.6800135185899,7663540.66947738,2154299.55281985
24.7500896465462,7666713.0600439,2152210.58308787
24.8201657745025,7669866.52768737,2150150.03582867
24.8902419024588,7672949.7621694,2159233.6409009
24.9792688772269,7676719.32931263,2172768.59791002
25.0682958519949,7680568.92092847,2166165.54380492
25.1351704196034,7683643.16045531,2145243.99625605
25.1863574453665,7686103.96600015,2121376.89185537
25.2375444711296,7688401.02995997,2129674.2745149
25.2737030773077,7689990.45306814,2143902.8464433
25.3098616834857,7691552.36703727,2156791.45273073
25.3564477271985,7693462.67038868,2168780.75018536
25.3962835230587,7695104.72041692,2179032.90024316
25.4209638315346,7696196.14811298,2172774.34942803
25.4456441400105,7697294.50810344,2164194.79953495
25.4790772524115,7698782.59541701,2152580.62493125
25.5438603037551,7701572.30226243,2153295.64667813
25.6086433550988,7704314.15746367,2164560.30722448
25.6734264064424,7706982.91331201,2171667.96509395
25.738209457786,7709734.57388685,2166254.43541023
25.8163024764557,7713097.73938235,2154080.86307177
26.0033370683776,7720741.86113725,2183330.14693159
26.0554948418544,7722615.91827337,2202446.18579674
26.1076526153312,7724550.35173332,2213390.95299917
26.1298788151419,7725513.61908278,2197667.02882372
26.1521050149526,7726475.18679774,2181890.27518601
26.2082488988131,7728921.11507364,2144969.54029604
26.2643927826736,7731529.50913789,2125190.13062672
26.3064918392729,7733435.77368137,2117063.27920503
26.3272052231356,7734247.76062386,2131258.82142705
26.3479186069982,7735061.4152746,2145503.49604028
26.4019434605955,7737194.58655862,2181099.40524876
26.4195071074283,7737911.3876853,2179079.38600981
26.4370707542611,7738625.05144942,2176986.81469891
26.4779945499088,7740277.41551417,2172110.75031971
26.571379177969,7743968.70629541,2176749.00498622
26.6647638060291,7747617.25377209,2180612.7100596
26.7581484340892,7751317.56264799,2174409.54610069
26.8765031213944,7756003.80140136,2172927.72842489
26.9948578086997,7760496.47609938,2189159.05650984
27.1023541702909,7764455.69538159,2196626.92477129
27.209850531882,7768373.77585394,2198385.70677373
27.349396177146,7774007.58818199,2150680.27942923
27.4889418224099,7779443.97642786,2186646.29135078
27.5121368208174,7780306.92064207,2193794.68822397
27.535331819225,7781162.6791371,2192144.44060922
27.5585268176325,7782019.33695405,2190519.7471468
27.6330535394455,7784815.22152238,2183462.53377613
27.7267926548163,7788339.23683049,2179242.50865386
27.8002765888902,7791018.91843728,2190816.66140248
27.8469761296109,7792726.64443844,2188797.36760856
27.8936756703317,7794440.72283201,2186760.41213907
27.9871299229974,7797803.2565516,2191513.46511174
28.0805841756632,7801174.96485204,2190057.26338594
28.1740384283289,7804391.81856383,2203644.93546207
28.2448789187881,7806868.0062656,2201861.39826797
28.3299025657602,7809814.62545776,2199046.98417078
28.4149262127322,7812707.67386295,2206929.34100279
28.4670671525051,7814628.21871956,2188692.6254437
28.519208092278,7816587.44563173,2172675.46865991
28.5713490320509,7818619.77512357,2160538.77946636
28.6447003667471,7821266.1770218,2173650.11396308
28.7180517014434,7823785.4733754,2198779.91211399
28.7914030361397,7826278.14010043,2200791.07758375
28.864754370836,7828800.4721182,2197292.19375646
28.9381057055323,7831318.65249376,2194868.52387059
29.0854842409658,7836356.61887971,2196768.07239007
29.181769132875,7839522.33914298,2206475.33844912
29.2780540247841,7842703.33931586,2204445.76907274
29.3538199022916,7844983.91750793,2224402.94649354
29.3932179095172,7846125.09161688,2239907.16285812
29.415847506002,7846898.86522249,2231875.83165959
29.4384771024868,7847706.27986432,2216386.24952775
29.4611066989716,7848514.27097449,2200918.52056183
29.5007177934959,7849928.83332023,2174563.08123799
29.512634985761,7850305.95166089,2178357.80786217
29.524552178026,7850687.70374727,2182253.12960243
29.550202430473,7851522.40151314,2190634.16174374
29.6558575467812,7854775.18835988,2223468.78624154
29.6893567023726,7855747.67480995,2233398.19805284
29.722855857964,7856956.29974551,2214245.57156194
29.7563550135554,7858256.49219869,2181289.74614923
29.7819681812764,7859250.83952673,2156111.63036419
29.8009351112932,7859979.54806852,2139089.04099667
29.8077618251231,7860177.4058245,2144275.49047312
29.8145885389531,7860384.81038714,2149628.59572943
29.8277747206383,7860800.03185734,2159952.45800401
29.8746936019434,7862253.18125875,2196683.06928812
29.9461526990688,7864510.11703278,2212886.15033789
29.9937697562504,7866017.62915128,2209029.5120905
30.041386813432,7867537.05502032,2206934.07339561
30.1144928840417,7869864.23265604,2205353.54489003
30.2075653776694,7872779.31974729,2209656.10932492
30.300637871297,7875645.65410887,2213653.43962271
30.6000443718018,7884575.51919083,2228797.50546742
30.6291431497294,7885492.55401095,2221210.0073178
30.6582419276571,7886409.60217327,2213593.63863628
30.7442641003408,7889062.84177614,2206694.45786361
30.8096126269438,7891034.35596339,2213374.04908005
30.8609300515234,7892506.75803811,2221540.17208667
30.9023430140846,7893722.70761725,2226924.18354365
30.928246251172,7894540.86929838,2217614.01890063
30.9541494882593,7895376.92262316,2208264.43524187
30.9991925341821,7896824.10087909,2192004.08536979
31.0261687007542,7897658.67807714,2194337.50679335
31.0531448673263,7898491.09731741,2197091.24090897
31.1093268958924,7900229.39186327,2202860.49549951
31.2418665727602,7904119.49568019,2218900.95843776
31.374406249628,7907984.48459648,2214958.66543922
31.4372689816128,7909778.57605353,2217739.10947924
31.5001317135976,7911525.27102081,2230034.63186826
31.5397392892344,7912653.85192547,2227027.37805944
31.5793468648712,7913781.93857192,2223994.62145183
31.7008416468257,7917214.56537592,2223266.09891486
31.8223364287801,7920641.17936934,2221964.45976769
31.8956454536391,7922766.43590114,2214045.05710576
31.9452498591124,7924146.26391721,2218705.73567027
31.9948542645856,7925513.81098411,2224354.87858528
32.082759974567,7927929.75336005,2227268.38587616
32.1706656845483,7930336.73955276,2226830.40384626
32.2997757952935,7933866.06167487,2225962.53871566
32.4983629348623,7939250.97541375,2228814.98055019
32.5934383135593,7941811.53470514,2226928.4535007
32.6885136922563,7944330.42568253,2229963.36259231
32.7835890709533,7946860.54432497,2228143.20107707
32.8786644496503,7949334.47384001,2232613.19832239
32.9737398283473,7951921.28768837,2220890.49292431
33.045092728601,7953721.6572865,2231808.84195695
33.1164456288547,7955485.33788311,2246174.29578759
33.1877985291085,7957397.31966737,2225569.21963842
33.2417775922154,7958805.75255714,2225015.42385991
33.2957566553223,7960207.71614962,2228910.2403535
33.3497357184292,7961495.69026893,2240017.82089684
33.4037147815362,7962784.44340861,2250887.03755762
33.4637029488701,7964204.36309738,2249804.82694637
33.5236911162041,7965709.26014025,2241515.04774445
33.5681802378796,7966905.39543949,2227097.54608926
33.612669359555,7968065.17633932,2219869.90391203
33.6457338206505,7968878.38900987,2228050.91152261
33.7069217661706,7970375.07797597,2240179.69638275
33.7458350785757,7971394.38360123,2232815.88756377
33.7847483909807,7972413.55515593,2225428.8347367
33.8536248900786,7974154.03706111,2227605.66230677
33.9225013891765,7975850.50069671,2235060.06978134
33.9913778882744,7977477.42057032,2244371.59616766
34.103998282992,7980138.58418779,2245380.23781306
34.2166186777096,7982855.05887462,2238890.43992261
34.2933998200363,7984740.79937112,2232826.1935609
34.341729268561,7985852.66896522,2240996.45525398
34.3900587170856,7986941.64100127,2251098.76031998
34.4594973235887,7988546.90275457,2248853.42074918
34.5086139230562,7989691.2274974,2245204.59205721
34.5773594458004,7991329.85665608,2239733.01964056
34.6726722372089,7993573.99342169,2240512.69122039
34.7679850286174,7995908.80386229,2230673.57602079
34.8632978200259,7998159.28435017,2237030.15297945
34.9586106114344,8000243.40174165,2254278.55808799
35.0539234028428,8002384.18566394,2249120.9374965
35.1492361942513,8004541.23515645,2244487.41726255
35.2361332846165,8006462.79499813,2250290.82949377
35.3230303749816,8008413.90467151,2246176.41067589
35.3912056476712,8009992.84464971,2237586.55045047
35.4299577783039,8010818.35184439,2244508.01005858
35.4687099089366,8011614.65433616,2254957.63967745
35.5074620395693,8012413.09143713,2263288.17281631
35.5462141702021,8013213.12488452,2262658.63154998
35.5849663008348,8014013.14844804,2262020.92449128
35.6564352846839,8015625.67033958,2247442.0475834
35.727904268533,8017250.00679015,2238017.45759742
35.7816654825895,8018453.42231191,2241314.86486604
35.8354266966459,8019606.30511431,2247553.38547096
35.9109153302838,8021196.68435123,2254855.14282755
35.9631003337419,8022378.67590997,2245009.2138638
36.0152853371999,8023534.75920816,2240107.86113684
36.067470340658,8024642.1189256,2247292.64324626
36.1727973720295,8026766.04021678,2261994.98722453
36.278124403401,8028981.5680251,2251444.71599964
36.3563040088386,8030644.35153928,2248221.90471033
36.4184130458322,8031957.56577169,2249274.41033621
36.4805220828259,8033258.12784129,2250626.61941466
36.5732121832945,8035116.37629985,2258689.66093204
36.6659022837631,8036682.67818995,2287791.46643008
36.7585923842317,8038551.06422896,2261159.17893931
36.8512824847003,8040574.11383077,2237474.0132574
36.8925435851406,8041462.25745184,2241517.49893733
36.933804685581,8042289.87688058,2247933.10115963
36.990697993149,8043407.04099771,2257517.52186838
37.025139484468,8044183.40163726,2250267.4557232
37.059580975787,8044978.5945462,2238092.93188389
37.094022467106,8045773.73881834,2225926.45392731
37.1203469231606,8046288.56871588,2232413.1290513
37.1466713792151,8046785.80354298,2243666.0418898
37.1729958352697,8047283.0193639,2254908.43274018
37.2396090384684,8048577.09743109,2262891.25458889
37.3062222416671,8049886.28162619,2257360.00752838
37.3580417942726,8050901.34008636,2257366.66537807
37.4098613468782,8051896.84356178,2259229.89981515
37.4616808994837,8052811.62109609,2269026.21712328
37.5135004520892,8053763.07791979,2272888.80642894
37.5546469245716,8054589.8164913,2262447.95734004
37.6064652041105,8055625.06677461,2251330.09288352
37.6582834836493,8056628.71150909,2254581.35047066
37.6979375206423,8057396.46515134,2257079.74617116
37.7710091317805,8058642.92812947,2273956.03973985
37.8440807429186,8059852.67493115,2284504.33788337
37.9933399608747,8062612.04393411,2252244.18238461
38.0288972140882,8063323.40587265,2248559.00503541
38.0644544673017,8064041.40493228,2247342.26379463
38.1114102471059,8064966.47645559,2248203.9209492
38.1583660269101,8065826.30917262,2256840.67778887
38.1991125371437,8066572.31570668,2264337.39985801
38.2235430881131,8067098.4563024,2256736.54825358
38.2479736390826,8067629.4769053,2248625.76298465
38.2963463810275,8068660.59766827,2232563.28341886
38.3163464573262,8069020.35829548,2237617.22394963
38.3363465336248,8069373.19369705,2245392.26452177
38.3622342848749,8069829.79742719,2255445.45499848
38.4670470511613,8071593.05432467,2277416.0535499
38.5494638216696,8073076.24289952,2269102.56412426
38.631880592178,8074575.25150763,2260957.71304358
38.6966101917369,8075705.21106063,2269305.55601349
38.7613397912958,8076864.26199721,2266417.82987251
38.8097789738389,8077723.11501655,2265040.28984651
38.8797958243151,8078919.94474779,2270317.26097614
38.9498126747913,8080092.27755308,2273050.85341581
39.0716862526717,8081990.08953683,2289616.13092796
39.1080967526366,8082568.13625783,2291526.8387762
39.1445072526016,8083285.12282225,2272537.33239278
39.1809177525665,8084002.26660536,2253533.29330903
39.2284202266282,8084809.49292406,2255009.29491682
39.2759227006899,8085553.35317054,2274354.04455832
39.3092090257049,8086128.28038074,2279348.57261239
39.3325122694358,8086611.06827945,2266971.12937991
39.3660922020226,8087307.03803189,2249130.78038147
39.4019010666561,8088040.3439151,2231736.73943395
39.4152593149367,8088266.38011788,2236141.95184846
39.4286175632173,8088495.02294848,2240620.0162554
39.4599212186479,8089044.01524727,2251114.74659586
39.6005843398648,8091320.65680419,2281330.5347423
39.6557273081875,8092210.64083972,2278609.26000047
39.7108702765101,8093115.73107965,2274737.50854733
39.7851578305969,8094420.25850136,2263242.23444203
39.8594453846836,8095624.10310637,2270521.88193963
39.9138154075924,8096492.27971933,2276858.62662879
40.0008024137945,8097886.00089394,2275362.14858682
40.1102952183686,8099599.42117192,2278677.44806896
40.1387592380048,8099918.26669144,2292332.11605425
40.167223257641,8100237.09221706,2306016.13163005
40.2492218788845,8101522.9421036,2286677.19276854
40.3147393357863,8102655.17500933,2255355.80778124
40.3512466262924,8103198.05789311,2268143.0789053
40.3877539167986,8103736.67508112,2280950.74599312
40.4353049309647,8104572.34083305,2272472.60963237
40.4828559451308,8105441.14266874,2255143.03657
40.5304069592969,8106337.19590635,2245747.52322329
40.5967714253779,8107608.87108439,2238951.58376466
40.6209467805995,8107987.30789531,2246822.5654793
40.6451221358211,8108357.77026587,2256353.68150063
40.6813831994683,8108913.59218834,2270644.62038517
40.765569649614,8110155.73892193,2282703.7689594
40.8497560997598,8111365.11421959,2286572.03033072
40.9083607473912,8112216.08336818,2286238.19653601
40.9669653950227,8113167.35219063,2273904.10279813
41.0054523658284,8113774.76886625,2268416.64041255
41.043939336634,8114291.75766804,2278938.14657219
41.073191649828,8114684.46115926,2286950.40381261
41.1405106538168,8115690.42710244,2284805.7393547
41.2078296578056,8116711.32292758,2274207.75521749
41.2343906597748,8117008.14345548,2285967.75799085
41.2609516617439,8117305.44639139,2297766.27125503
41.300660100479,8117759.17371457,2314930.8821211
41.3148576138155,8117965.32376775,2310941.7411694
41.3290551271521,8118169.16248907,2306882.5971162
41.3624989633214,8118635.75378315,2297318.29734177
41.511216652786,8118010.56053563,2511330.97357485
41.513381028167,8117798.69106686,2524539.68926657
41.5155454035481,8117617.45414956,2538179.53566028
41.5184722854006,8117380.24859757,2556546.45334457
41.5251144819141,8116821.67869754,2598237.95828305
41.549549907175,8114777.24423432,2751620.52851798
41.5964191563175,8110853.080108,3045818.51089246
41.6047951557986,8110121.84458045,3074829.23459664
41.6131711552796,8109244.55874762,3084927.39518925
41.6193063919144,8108607.19866887,3092434.26587653
41.6324105741326,8107262.90094186,3108471.91015756
41.6767824440871,8102686.68912381,3162757.51475129
41.7443398901792,8095648.05140997,3196627.609494
41.7841591050848,8091462.72872464,3201387.74182052
41.8239783199905,8087316.8891197,3201569.0920406
41.9097130518788,8078415.91480623,3195507.7521389
41.9954477837672,8069589.94479702,3190930.18217736
42.1362134303739,8055106.52796115,3190483.15945822
42.2769790769807,8040673.48425266,3187427.81183728
42.4001664642192,8028288.35914744,3174245.05668134
42.4833613602105,8019984.77739689,3172494.57667551
42.5665562562018,8011721.08797594,3169800.84911217
42.6611369456319,8002609.83522549,3152488.34442466
42.755717635062,7993750.12888465,3135684.06637788
42.8502983244921,7985042.7805851,3126042.92045951
42.9448790139223,7976406.99029069,3121298.49923831
43.0394597033524,7967789.18207306,3120365.28259923
43.1540477077531,7957476.84478776,3112895.78794632
43.2686357121537,7947253.65970431,3109208.26228965
43.3832237165544,7937067.45876416,3106884.15498291
43.4978117209551,7926920.85861833,3105151.23707597
43.6123997253558,7916857.20138853,3101093.90283798
43.7269877297565,7906515.95988802,3116105.5317193
43.8102153973563,7898840.20798606,3127444.83332819
43.8934430649562,7891221.81591909,3123598.32506738
43.9563907918448,7885653.45532051,3111917.43982856
44.0193385187333,7880138.69208614,3101102.63274344
44.1019327078007,7873003.48415247,3092573.14491317
44.2067465956129,7864121.3784551,3083299.41334247
44.240449552138,7861113.4103586,3092683.62274665
44.2741525086632,7858105.26513293,3102090.89506094
44.3736560793317,7849216.39045098,3110439.92774069
44.4731596500003,7840417.775257,3104908.7188883
44.5982256237892,7829717.09315738,3084334.17254251
44.6031156245579,7829669.71551552,3063523.54632223
44.6080056253266,7829714.47443933,3029884.63516034
44.6128956260953,7829770.56706291,2996427.35773274
44.6224644565149,7829894.70649775,2930943.38654951
44.6507983022304,7830240.30163918,2737026.02069425
44.6737293923633,7830521.87817424,2580087.89193362
44.6966604824961,7830802.92862545,2423149.16835258
44.7068018756115,7831061.37260382,2382389.53130648
44.7169432687268,7831469.53112359,2356597.50764329
44.7248776030548,7831784.2359709,2336336.6605615
44.7437689218696,7832523.02990868,2288101.18511877
44.7755975211395,7833774.94546935,2206835.09721758
44.7943017469907,7834510.20703634,2159078.34849134
44.8130059728418,7835276.8641639,2138381.04675606
44.831710198693,7836094.14357792,2129956.57916578
44.8504144245441,7836909.61654827,2121487.2762478
44.9017821436744,7839153.85730105,2097984.69766745
44.9633538860032,7842151.45547424,2061691.9131854
45.0002498738614,7843947.63524964,2040084.08996229
45.0222697670543,7845012.49704367,2040046.76905657
45.0442896602472,7846077.80802927,2040067.43405259
45.099535850647,7848760.92092882,2040120.76042663
45.1122437984218,7849276.75992354,2049883.64812901
45.1249517461966,7849790.87648126,2060109.15313567
45.1502369679023,7850830.23527664,2080447.64635985
45.1874552677214,7852350.42615315,2110382.97297008
45.2246735675404,7853945.82162572,2109623.54119028
45.2618918673595,7855763.55776697,2092972.30120933
45.289571648382,7856892.66678346,2080612.97432548
45.3507351315996,7859829.62879589,2054477.06710173
45.3885749292696,7861656.36457926,2038459.18088761
45.4264147269397,7863320.6846307,2050655.94724984
45.4642545246098,7864925.93114517,2075265.20042869
45.5020943222798,7866542.90024982,2097251.56989707
45.5136653342292,7867104.03151713,2090361.29772891
45.5252363461786,7867660.22130891,2083362.64994513
45.5500246854961,7868837.94030339,2068374.54097083
45.6046544710559,7871385.78793592,2038772.02504284
45.6242073220189,7872337.55511992,2041366.71980551
45.6437601729819,7873239.9812489,2044018.11305563
45.6946565561569,7875598.94484309,2050919.42129437
45.7256435352742,7876880.46375474,2067242.73800466
45.7566305143916,7878135.44876203,2086161.84578415
45.7980870713611,7879814.49381392,2111466.88870652
45.8101767723844,7880384.03470512,2105195.03612236
45.8222664734077,7880952.30248592,2096156.57046667
45.8380091942183,7881693.28084972,2084409.37493899
45.893178761945,7884294.8024987,2043240.96414925
45.9185138714047,7885323.95748668,2053827.4380279
45.9438489808644,7886316.47264534,2075573.13654337
45.9691840903241,7887308.34543098,2097290.3292319
46.0471736817957,7890606.52615468,2097510.87153671
46.1251632732673,7893969.78081477,2074319.49695343
46.171392766377,7895891.09984784,2086234.98742393
46.1971786452747,7896962.78136727,2092877.49887623
46.2132779830298,7897454.86489665,2110664.23230705
46.2293773207848,7897921.62603976,2131505.83240867
46.2498052201045,7898513.45824367,2157934.48031248
46.2825092381401,7899458.58080263,2200245.19252077
46.3015971402452,7900018.15318413,2222544.08867919
46.3130950178339,7900386.4955148,2219964.46562585
46.3245928954225,7900749.30251314,2217268.55139574
46.3485957729372,7901491.35009447,2211643.70351319
46.4003048754059,7903099.33132346,2199696.45885177
46.4191416141322,7903622.6688856,2205571.65876485
46.4379783528585,7904145.24722524,2211500.86779057
46.4866062272291,7905504.52881164,2226809.55974274
46.5372050665027,7906962.78257177,2226405.52581872
46.5878039057764,7908431.8780376,2220044.95026895
46.63840274505,7909881.7530556,2219867.42869206
46.6890015843236,7911327.71081942,2221679.17305448
46.7634055175021,7913440.18604407,2222758.79900039
46.8823557559132,7916783.60364988,2226100.97349139
46.9699991513156,7919292.68154106,2218701.1383353
47.057642546718,7921699.30373723,2227115.57871188
47.1452859421204,7923924.86461843,2247163.82769803
47.188344117481,7924956.9186335,2257910.77840623
47.2314022928417,7926189.76002374,2242710.11960803
47.2650243874238,7927191.97466871,2223200.5081285
47.2986464820059,7928194.21051864,2203704.01664456
47.3266181283068,7929071.92382037,2197859.94909715
47.3545897746076,7929948.81448573,2192585.7335573
47.4113886129642,7931671.48445003,2191003.95600949
47.4511859999873,7932677.60321646,2215578.00132843
47.4814297307731,7933442.06449095,2234268.29994686
47.5290258808903,7934729.89187362,2238420.1886832
47.5766220310076,7936050.72228739,2226198.00740004
47.6115632330761,7937012.46208408,2220648.71524555
47.6465044351446,7937965.86774653,2222101.23340095
47.7005725491417,7939438.8309539,2224400.18341078
47.7816445906668,7941526.42553046,2235889.01189005
47.8627166321919,7943670.48557465,2232447.55843045
47.943788673717,7945828.03557023,2228298.27836768
47.9958832154064,7947215.70069925,2227673.70620658
48.0290812118905,7947973.03217317,2239543.1634984
48.0622792083746,7948716.49924907,2253203.54956584
48.0923393634881,7949389.83622312,2265570.92737221
48.1223995186015,7950246.08187191,2251375.80268523
48.1447553341618,7950916.58659178,2233901.54036332
48.167111149722,7951587.39445334,2216446.57886248
48.1938544696864,7952392.58051449,2195566.83293282
48.2205977896508,7953094.01231191,2199594.9507998
48.2398461741755,7953589.60467649,2207994.6027664
48.2590945587003,7954084.7998466,2216376.20498504
48.2999235736426,7955131.71639778,2234154.04325513
48.3240091352832,7955777.09689004,2231745.00728303
48.3480946969238,7956421.27014776,2229242.0120381
48.4075178555002,7957986.67827559,2224870.24157166
48.4669410140767,7959479.13226702,2233053.49223071
48.5263641726531,7960974.27377957,2237372.96989417
48.5857873312296,7962467.14719265,2236780.40413061
48.645210489806,7963963.29538893,2235548.09406535
48.7873514421927,7967518.57784935,2237389.40838677
49.0165727729767,7973187.12530688,2235963.59752368
49.0875121938401,7974887.17027461,2242310.09042794
49.1584516147035,7976573.94515071,2244334.17180023
49.2293910355669,7978315.80214483,2239069.34411277
49.2840901379619,7979716.97096527,2228011.29240708
49.3387892403568,7981053.91629045,2230587.7713246
49.3934883427517,7982369.75883768,2238819.62416544
49.4481874451466,7983716.35550472,2236411.79461324
49.5028865475416,7985059.65113031,2233263.1517065
49.5625269096236,7986415.03363923,2244074.5476032
49.6221672717056,7987787.05642565,2249506.72597451
49.6818076337876,7989176.03760108,2245723.93060577
49.7414479958696,7990573.00719684,2243920.82540635
49.8697654028553,7993486.74889088,2250182.44382431
49.9459727487611,7995286.05166227,2241864.85621897
50.0221800946669,7997138.38333837,2231198.67659907
50.0983874405727,7998914.02161533,2241087.63397239
50.232988095251,8001938.92762685,2247035.12013536
50.3237430720889,8004046.8555256,2239256.50531632
50.4144980489268,8006107.1809856,2244091.69877492
50.5052530257647,8008140.70477613,2246244.68464733
50.6290026006933,8010850.00130734,2250373.40204203
50.752752175622,8013524.60313566,2252877.98044348
50.8765017505506,8016190.05670716,2251143.80691253
51.0002513254793,8018921.58099602,2244595.38123157
51.0707332410199,8020412.87425243,2250977.50657287
51.1412151565606,8021952.95524578,2248676.27064316
51.2366386165596,8024055.1013406,2243377.71805334
51.3320620765586,8026073.7141125,2251495.06317126
51.4055301776212,8027560.82505788,2261670.44453401
51.465961725415,8028798.1309579,2258264.67094992
51.5263932732087,8030067.7484149,2253552.36184443
51.6103592737249,8031857.5530859,2247416.22896267
51.6725786226641,8033092.33972377,2257463.0304263
51.7347979716033,8034351.15920061,2259569.23045266
51.7970173205425,8035623.13384929,2255348.19042456
51.8592366694818,8036826.29386189,2261538.23580894
51.9076739286258,8037786.93553436,2263493.15285354
51.9561111877697,8038872.96283674,2247862.90974379
51.9936009953925,8039713.83596705,2235753.61449667
52.0250851182841,8040347.83148669,2239988.85567361
52.0565692411756,8040972.5174301,2247988.70138668
52.0880533640672,8041597.30534311,2255982.3652259
52.1539599054805,8042944.4344305,2254758.63950588
52.2198664468938,8044267.17211484,2253784.92887058
52.2857729883071,8045522.22439593,2262791.01947337
52.3566151443759,8046942.88380323,2258177.76124845
52.4274573004447,8048319.07946111,2257893.35551549
52.4840235729235,8049359.32414226,2267802.38981547
52.5405898454023,8050475.01647945,2262968.13479522
52.5971561178811,8051615.1067879,2252267.09961559
52.6353207224076,8052340.99757113,2255587.55006894
52.673485326934,8053057.4591684,2259789.63717904
52.7438339215427,8054406.26145099,2262474.1544929
52.826603397038,8055898.44068528,2269345.58999947
52.9093728725333,8057291.08258972,2284494.33820387
52.9338520270894,8057814.55233423,2271889.81286496
52.9583311816455,8058337.4537958,2259241.03158649
52.9950914630073,8059114.83889138,2240242.66314222
53.0185331211315,8059563.2388455,2241789.52409562
53.0419747792558,8060008.50634869,2247072.30109327
53.06541643738,8060453.70119384,2252345.68044342
53.1656257730718,8062353.44357786,2259879.22997013
53.3101027817356,8065198.6623465,2248812.43687371
53.3442746099968,8065790.31625133,2258301.69120009
53.378446438258,8066381.97696559,2267820.25545133
53.4423954787535,8067551.43793309,2268399.32368451
53.5063445192491,8068737.43717332,2261060.00121294
53.5702935597446,8069909.13892405,2262225.81753988
53.6342426002401,8071047.39686953,2265898.60281646
53.7310053383722,8072755.38989387,2269131.83827253
53.8277680765043,8074495.0528384,2264533.02270419
53.9245308146364,8076188.7661025,2268998.24131572
54.0438552408958,8078289.78179991,2266767.2314202
54.1631796671551,8080356.90052635,2270011.70687407
54.2825040934145,8082354.10367727,2274605.12559401
54.4018285196739,8084423.69767388,2266183.92484473
54.5211529459333,8086557.64230669,2261216.08688493
54.5962300365572,8087824.08064525,2270210.30190343
54.671307127181,8089107.46008361,2268593.17441826
54.7292073419148,8090105.21538768,2267072.46127578
54.8797183271139,8092720.06193705,2262796.57200848
54.961244448766,8094031.82625098,2273187.64430874
55.0427705704182,8095384.86963193,2272700.57872571
55.1242966920704,8096752.91065846,2266547.51463077
55.2294426084852,8098346.85190224,2283722.43117331
55.2910849741557,8099215.52797433,2293579.14839178
55.3306763123895,8099860.77894314,2286151.13131422
55.3702676506233,8100526.11163816,2274652.57619546
55.4098589888571,8101185.69357495,2266280.38064418
55.4494503270909,8101837.2171396,2267433.44851655
55.5013377482346,8102695.58493381,2268769.68308765
55.5697300754549,8103885.32494247,2261531.22087532
55.6381224026753,8104976.14111098,2267976.96818296
55.7065147298956,8106001.15217995,2283158.21212675
55.7513006586177,8106706.46237645,2279134.97162387
55.7960865873398,8107411.82377539,2275091.47149341
55.8934200191761,8108934.99954491,2274466.80852573
55.9907534510123,8110499.25752628,2269877.11418532
56.0579599547282,8111500.90712291,2277120.16411382
56.1251664584441,8112521.53075561,2279813.04714567
56.19237296216,8113584.04014338,2271937.4328827
56.2390294261288,8114251.95935407,2277680.08473568
56.2856858900976,8114909.41154931,2285652.31770806
56.3510215091935,8115892.16027415,2281773.29540287
56.4163571282893,8116875.7214695,2276716.68653851
56.5132386904998,8118310.03018123,2279740.63849205
56.5722661903678,8119272.178427,2268871.06213597
56.6312936902359,8120140.17935196,2272548.58549153
56.6903211901039,8120936.66755788,2289262.12950234
56.7370516115635,8121675.65172292,2281196.68894527
56.7709870897363,8122227.51334684,2271235.03804633
56.8049225679091,8122766.73112682,2263757.78322308
56.8388580460819,8123243.81129617,2271051.59277148
56.8660029814946,8123625.33347814,2276903.18170279
56.9579025242056,8124937.18336724,2282983.78677188
57.1136880004796,8127110.2178474,2285996.93856074
57.2216752959226,8128513.47159952,2293944.75504049
57.2951469658952,8129467.51516003,2293636.74675038
57.3364955796917,8130154.07412123,2278348.39742519
57.3778441934882,8130856.65128144,2260999.56620536
57.4364915842819,8131660.28273451,2270159.04735513
57.5227368409407,8132803.25648814,2292305.20131435
57.5888071362197,8133883.02387017,2262386.91830403
57.6291228596235,8134507.50769896,2260038.71597251
57.6694385830274,8135127.23707284,2263903.6853337
57.7097543064313,8135717.41104173,2269606.07187416
57.7581874450705,8136323.36252618,2283481.19756848
57.8041168707338,8136903.07063041,2295058.25980119
57.8500462963972,8137522.86945739,2290443.86618358
57.8827645708105,8137964.81088121,2287142.37652434
57.9935060778581,8139475.44801248,2282503.78381844
58.1042475849057,8140875.4879937,2293166.979904
58.1818679440045,8141858.45712898,2292152.32820757
58.2437755443648,8142684.91246735,2287425.85247147
58.3106414208274,8143571.057126,2283841.98322935
58.3775072972899,8144340.88386173,2297758.30036568
58.4293951960114,8144907.12100268,2306417.46718857
58.4838856356685,8145452.20683736,2313765.14259876
58.5383760753257,8146185.25813209,2298009.89912152
58.5928665149829,8146984.69213854,2272439.29298667
58.64735695464,8147827.28358994,2263941.52791157
58.6859201242531,8148430.88661242,2259778.64914764
58.7430245395728,8149213.21210204,2269215.37757328
58.8001289548926,8149964.00404113,2283756.37994885
58.8213095451948,8150289.73295307,2279182.60106409
58.842490135497,8150614.46493573,2274562.855036
58.8988152013988,8151466.33962316,2262272.05422874
58.9245558964777,8151791.56217805,2268243.83195412
58.9502965915567,8152109.83558876,2274823.55026373
59.0007509683896,8152757.01637202,2287655.67808239
59.1027393283165,8153885.67729842,2303325.490822
59.1354475584939,8154312.42756949,2296711.00587403
59.1681557886713,8154738.85385432,2290065.25162784
59.2630644508529,8155933.11306719,2286366.73495905
59.3849467336853,8157450.9750831,2287931.87877651
59.4595445129708,8158263.73547979,2299254.75384251
59.5341422922563,8159077.11097697,2304376.60550087
59.6087400715418,8159920.38995762,2298668.73959655
59.6833378508272,8160809.56080003,2293429.97928362
59.7651666556062,8161922.67763531,2277116.78924852
59.8469954603851,8163026.08646638,2273316.61547831
59.9511491329559,8164367.10206017,2280848.77931886
60.0553028055267,8165538.75856143,2297162.86688561
60.1594564780975,8166772.6007725,2290220.98968871
60.2297911278441,8167613.62380899,2284503.97495266
60.2766518160845,8168120.6043559,2295222.28783357
60.3235125043248,8168661.463433,2297315.88169532
60.3703731925652,8169226.89517664,2290745.41835143
60.4172338808055,8169785.72279677,2287064.70574174
60.4640945690458,8170337.68617073,2288398.61425067
60.5260955869939,8170973.20746849,2298483.82130484
60.5715562576044,8171352.39119617,2314377.86605184
60.6012201760657,8171603.68800783,2323943.72564148
60.6203319174912,8171825.09127701,2318040.71345072
60.6394436589167,8172045.34006516,2312082.75048236
60.6873722699715,8172584.25845425,2297135.36715526
60.7607287249696,8173465.28028718,2287527.69168536
60.8340851799678,8174353.06500779,2284121.04253088
60.9074416349659,8175236.88344126,2284708.68950928
60.9807980899641,8176112.68690345,2285492.46002421
61.1994349404951,8178589.67388576,2296504.77424531
61.2642561363059,8179147.57111599,2310634.79309578
61.3031524431026,8179495.95311118,2317139.53026725
61.3275510823292,8179808.92221921,2306796.00269352
61.3519497215558,8180121.50665296,2296409.60700112
61.3949418331511,8180662.9922086,2278102.8001511
61.4216004230411,8180948.46055014,2280577.13042829
61.4482590129311,8181229.7404129,2286384.8586665
61.4810738486349,8181576.16840672,2293525.99362031
61.5779901030113,8182526.30722898,2304651.45818488
61.6749063573877,8183341.77176914,2318264.68244223
61.7357199602793,8183986.80153997,2306838.18621168
61.796533563171,8184728.0450245,2280593.19143713
61.8213516658095,8184949.71714291,2286527.72177845
61.846169768448,8185167.51603374,2295271.48056859
61.8780283249325,8185447.40032446,2306489.24185138
61.9439623453972,8186119.7051861,2304931.03279578
62.0098963658619,8186868.26458078,2289056.51982168
62.0581805514141,8187569.96655267,2269850.45010937
62.1064647369662,8188237.46484192,2256318.80511203
62.1258357804309,8188423.98266077,2265710.09884262
62.1452068238955,8188611.18258779,2275146.21640717
62.1965669206175,8189119.42073177,2300170.17076926
62.2250558226564,8189391.55703544,2303014.46786564
62.2535447246953,8189657.99166597,2304291.97160527
62.2976220882746,8190069.88850378,2306271.18740386
62.349584078184,8190658.68933617,2295801.06036094
62.4015460680933,8191239.0872318,2285432.31307388
62.4301227755311,8191492.20014598,2293053.75235198
62.4586994829688,8191738.78522275,2300713.3932203
62.5104021364709,8192210.88232868,2310325.58658948
62.562104789973,8192733.9018699,2302916.95682115
62.613807443475,8193245.95095492,2298300.56600678
62.6655100969771,8193735.81457044,2301443.26885383
62.7506279967948,8194358.77241266,2321730.60170094
62.8132163665313,8194805.51987574,2332388.82911884
62.8541022830478,8195264.47860453,2310139.37513696
62.8949881995643,8195724.17906666,2287871.98100067
62.9209157511583,8195959.51673314,2289655.73216492
62.9468433027523,8196194.22512484,2295367.31860771
62.9727708543463,8196429.09009408,2301071.20085518
63.0841325954544,8197510.57135559,2299121.96778767
63.1644739524956,8198571.56051114,2269748.77861068
63.2448153095367,8199460.30502889,2277366.42382649
63.284669252932,8199821.98795511,2297962.29443714
63.3245231963272,8200197.3851154,2304885.90015779
63.3866913686995,8200780.2096811,2302178.3674593
63.4353060851965,8201236.87746717,2302380.08487587
63.5240048020066,8202017.71119534,2305739.21953311
63.6127035188168,8202723.18959994,2315108.44861209
63.701402235627,8203215.43460659,2339478.61590856
63.7129281463398,8203126.66713004,2353703.94117437
63.7244540570527,8203040.76121819,2368027.4592114
63.7497428652638,8202869.66474932,2399455.9346558
63.7803995253336,8202653.97397268,2437551.00102463
63.7925907647854,8202568.68968001,2452700.98317998
63.7990392622064,8202523.49939178,2460714.4494344
63.8032864941061,8202212.19858945,2480318.63231066
63.8075337260057,8201879.77902101,2504898.24580208
63.8117809579054,8201541.94130995,2529384.03184716
63.8218487421601,8200732.19979619,2587441.06304839
63.8582214003956,8197822.99921134,2797194.74619568
63.8799154702024,8196086.60025634,2922298.4477106
63.9016095400093,8194318.39365004,3041009.42301951
63.904661113419,8194029.76516243,3046626.74851703
63.9077126868287,8193697.41197326,3051859.68654164
63.9120330070139,8193235.59553941,3059328.05513977
63.9240031970192,8191962.06291966,3080013.53447377
63.9713119251857,8186916.29138622,3161756.97247782
63.9946663856701,8184426.2286036,3202111.67445078
64.0104539534255,8182748.84793761,3212393.11243444
64.0262415211808,8181041.46601305,3213649.22783782
64.0420290889361,8179334.78018736,3214939.69125438
64.0869880438142,8174485.78104284,3218626.91950163
64.1595924777714,8166828.62647844,3208931.78392124
64.2321969117286,8159130.77549984,3206141.94256583
64.2884981699175,8153094.65239343,3214153.27653787
64.3447994281065,8147112.54645981,3212642.22002542
64.4011006862955,8141142.86579255,3208670.86213995
64.4774433255918,8133121.34862379,3204209.49357405
64.6087871955461,8119234.1134854,3207763.98988192
64.6643728203783,8113512.3225565,3197101.83249218
64.7199584452105,8107758.36196241,3191987.55514275
64.7755440700427,8101957.32379641,3196899.65869218
64.8311296948748,8096210.66388867,3195918.26118813
64.902363765769,8088894.88354129,3188957.5226908
64.9735978366632,8081555.04172719,3190521.97987834
65.0448319075573,8074211.77934355,3191333.85996374
65.3431100599886,8043750.9113146,3182719.17732124
65.5708961821601,8021277.04543355,3154709.16177381
65.7986823043316,7999160.13862932,3166416.13459083
65.8314711121609,7995928.505244,3166226.06440393
65.8642599199902,7992699.89817168,3165733.4089036
65.9406219072434,7985293.99934777,3157590.10867011
66.0169838944965,7977989.70816405,3147127.73068102
66.1333586996032,7966768.9974003,3152362.37317105
66.1933794271124,7960943.03717088,3155587.06277394
66.229104829768,7957696.75206667,3143032.52784652
66.2648302324236,7954495.3076707,3127114.13102138
66.3083927754749,7950583.56883444,3111722.70991098
66.3519553185262,7946652.85078354,3113327.58247777
66.3955178615774,7942721.68747793,3114942.07803741
66.4344699507059,7938998.70236275,3127478.65119605
66.4734220398344,7935249.64767925,3141493.31302681
66.5346483272329,7929442.63631714,3146411.22161407
66.5958746146313,7923689.6501985,3138067.06427041
66.6438354247876,7919307.39142849,3130180.96109965
66.7177518877037,7912541.90822927,3122430.13467986
66.7916683506198,7905689.92556647,3129332.1066339
66.8385486812526,7901505.37884506,3120759.57561837
66.8854290118854,7897352.36406384,3109343.95592776
66.8944141966639,7896556.25636083,3107155.51759808
66.8990959169582,7896141.59099645,3106015.66368079
66.9022781468971,7896142.80478481,3090818.31282777
66.905460376836,7896159.45763081,3068603.66641942
66.9086426067749,7896185.50368823,3046550.31365113
66.9147982083599,7896243.87925948,3003865.18429325
66.933934171107,7896408.5896784,2871160.78212753
66.9660991179296,7896688.96988104,2648107.51075204
66.9982640647523,7896968.59511822,2425053.27364039
67.0059971182471,7897218.64354046,2390680.54390152
67.0137301717418,7897577.83970859,2362442.97854776
67.0214632252366,7897932.6902778,2334144.85700852
67.0422725902194,7898879.7484129,2258000.92374744
67.0685056383768,7900077.89413382,2162013.01344575
67.0947386865343,7901275.33489724,2066024.32334305
67.1069380114221,7901766.4527386,2048456.36503849
67.1154684303516,7902140.16141974,2051289.66032047
67.1239988492811,7902507.4633438,2053996.02082468
67.1420058566439,7903269.02884287,2059719.34115972
67.189574157064,7905296.15608779,2074840.61605276
67.221898204153,7906761.43021703,2068746.09617348
67.2542222512421,7908256.4162429,2054704.05642896
67.2865462983311,7909751.67239743,2040677.71571291
67.3310140224675,7911646.5061744,2051310.99815013
67.3754817466038,7913484.31558512,2075115.39683366
67.4106343605076,7914969.3723,2085262.38923254
67.4357003637828,7916069.5619291,2078053.20186947
67.489944086796,7918435.69617623,2062461.46499882
67.5387070120269,7920811.53726184,2031115.36447652
67.5874699372578,7923245.50698259,1995197.40672649
67.6008667862101,7923894.83521362,1987530.87440208
67.6059824802366,7924043.42792998,1996866.80735203
67.6110981742631,7924206.83113838,2006442.95039726
67.620307940737,7924517.35008969,2023650.8176344
67.6506670458353,7925511.86907881,2080376.01762148
67.6773618776718,7926388.43099564,2130256.07294264
67.6949831231422,7926966.72180439,2163181.67687077
67.7126043686125,7927674.35225811,2161900.56869986
67.7259135748326,7928213.04747952,2150241.44089687
67.7392227810527,7928753.97233796,2138638.50691124
67.7739802544435,7930176.21192895,2108335.8033586
67.9477676213975,7937522.44598832,2068716.13229153
67.9908595740174,7939251.38234093,2084496.23271195
68.0196608105133,7940503.69688422,2078735.47476881
68.0484620470092,7941776.72040741,2065223.6821295
68.077263283505,7943050.08155771,2051729.20626192
68.1002143805999,7944059.15727697,2041301.82744523
68.1078289967324,7944312.13222092,2049302.97020642
68.1154436128649,7944568.58537433,2057471.23086712
68.1302558328904,7945084.27446408,2073345.71313305
68.185201354884,7946969.59307053,2132228.57992624
68.2048226838022,7947685.46475161,2144971.06910544
68.2244440127204,7948481.03895395,2131712.15047164
68.2440653416386,7949275.67687487,2118424.52230789
68.3052300711797,7951756.40612971,2079125.16684832
68.344019357698,7953407.40343065,2068664.87495635
68.3828086442162,7955058.91055226,2058230.51650014
68.4419445513649,7957470.17388808,2064611.95464434
68.5010804585137,7959831.68899088,2081013.81857325
68.518632380448,7960365.61344664,2098431.91663398
68.5361843023822,7960901.15731412,2115918.42090571
68.5782190355315,7962196.13046084,2157797.75263298
68.644599370859,7964013.82474946,2202299.92074085
68.6897606823092,7965170.46395338,2225319.00801564
68.7349219937593,7966303.73202674,2233130.73682312
68.7800833052095,7967423.85529248,2236411.1443404
68.8252446166596,7968496.08205203,2241553.4898739
68.9093176053322,7970475.7582391,2250904.9422361
68.9683991443661,7971948.82421685,2240555.11306003
69.0274806834,7973411.34927365,2235415.1553455
69.086562222434,7974868.88427293,2236349.37659748
69.1456437614679,7976317.63371439,2236654.35672878
69.2983578667959,7979957.28473166,2248035.2492724
69.377610915226,7981656.87113581,2261129.10927977
69.4568639636562,7983499.79283394,2251318.92309724
69.5108274835809,7984833.86400593,2236191.76785898
69.5647910035057,7986351.17897481,2212109.74199301
69.5941083369585,7987175.71793788,2199024.53075399
69.6142727522826,7987644.61840391,2204986.24320641
69.6344371676067,7988090.25078079,2217328.03462901
69.6546015829308,7988535.39861102,2229649.03603359
69.6942369970705,7989406.64878235,2253866.15931483
69.7197513722113,7989993.29778618,2255532.26804294
69.7452657473521,7990576.94367624,2253018.22063042
69.7707801224929,7991160.71033762,2250513.95460404
69.8791492389917,7993609.3835873,2250274.40341986
69.9875183554905,7996168.95126116,2237969.92681128
70.0652210235127,7997991.07619756,2238652.96807843
70.124327813541,7999347.47358062,2242360.98068296
70.1834346035693,8000668.45298576,2248077.23174947
70.2722665775058,8002473.63171636,2266949.58402423
70.3338407701362,8003912.77162858,2252546.67495676
70.373618096776,8004942.78314814,2227651.94601529
70.3992318678875,8005606.14248738,2211637.68692801
70.4147212545741,8005963.03241084,2214834.41732268
70.4302106412606,8006316.04896151,2218803.863838
70.4577425499347,8006969.05722231,2225856.43448628
70.5664222604376,8009366.3706711,2250689.23046224
70.6819839508579,8011934.68058509,2245060.56977156
70.7454182261559,8013309.98926024,2247683.57287355
70.808852501454,8014670.27878473,2253185.47343379
70.8766550835326,8016201.95091808,2244935.2634204
70.9444576656113,8017652.74913945,2248871.9010426
71.0153412249656,8019086.76326754,2261865.67645551
71.0862247843199,8020354.3470812,2282590.82818705
71.124651124863,8021172.6925382,2273174.18862178
71.163077465406,8022075.15137577,2252032.15965885
71.2015038059491,8022967.53426922,2231764.16113391
71.2221673556568,8023436.83145129,2232230.13716489
71.2428309053644,8023907.5807485,2232744.76029104
71.2972176570618,8025157.54931738,2234103.36690279
71.4218220984313,8027854.86039203,2247138.90586696
71.490221233865,8029215.02398849,2261233.8040186
71.5376842680326,8030201.93553938,2258953.70272556
71.5851473022003,8031196.03684008,2253495.12097036
71.6447669019091,8032431.58434921,2252619.1569547
71.7168448289312,8033902.63780805,2255450.62494421
71.7889227559533,8035311.77097434,2263118.29418589
71.8975622201948,8037472.87191949,2259906.68982329
71.9272003262906,8037971.17541337,2268513.5275513
71.9568384323864,8038455.08263436,2278052.02318458
71.9929540877869,8039065.41954126,2289676.934137
72.0163314708404,8039569.92779395,2281206.32715401
72.0397088538938,8040108.81273407,2265643.66881223
72.0630862369473,8040647.9809334,2250100.30327502
72.0935476463366,8041353.56882354,2229848.1146885
72.1145414586473,8041767.33515836,2231454.73839433
72.135535270958,8042167.69552272,2240182.8145441
72.1565290832687,8042567.58014625,2248888.85171319
72.1929202054313,8043256.84552096,2263978.61424372
72.2175459806102,8043807.10849779,2259293.4212246
72.242171755789,8044377.04548011,2248434.69254518
72.2667975309679,8044947.19018203,2237591.6367199
72.3580424826844,8046843.11871182,2244241.56578028
72.4270293437479,8048209.56767731,2259166.47736445
72.4960162048114,8049556.59630612,2257621.4708947
72.5507649600599,8050595.78497368,2260868.46844937
72.6055137153084,8051638.20356512,2263594.72460621
72.6966610649275,8053443.92290609,2254934.05727084
72.7672846981756,8054813.45666636,2256978.8308753
72.8379083314237,8056102.3484051,2264752.26446858
72.9085319646718,8057325.78138229,2277128.37964346
72.9791555979199,8058429.95836007,2291718.71131562
73.0295047873246,8059380.43300148,2279460.30704303
73.0798539767293,8060435.96112123,2250881.27077645
73.11694978242,8061187.37530403,2241135.24564454
73.1438112682248,8061724.2776706,2243982.21697122
73.1706727540296,8062260.44247118,2246803.1518623
73.2579034093318,8064000.7392112,2248922.5047246
73.4040615123983,8066782.38887703,2260935.86327416
73.4795380473863,8068166.0851757,2263058.70878168
73.5550145823743,8069487.67227782,2269451.44554745
73.6608999103728,8071361.30216865,2268879.24514896
73.8123365625026,8074093.44208113,2264435.78618526
73.865473254405,8074907.44372831,2280463.14369662
73.8976345428238,8075399.74603958,2290175.0439901
73.9173059685942,8075788.86421989,2282818.51770261
73.9369773943647,8076180.05862273,2273542.29036032
73.9653939782785,8076745.13669432,2260149.9768285
74.0412828704023,8078174.69975095,2251054.48300913
74.0937733269904,8079127.46184479,2260361.7974657
74.1462637835786,8080034.64375356,2265727.64151203
74.1987542401668,8080939.64111868,2270553.68653969
74.3164497293785,8082946.72023959,2270449.95341566
74.4044455038382,8084436.08568779,2270639.41426494
74.4982787720233,8085946.80651772,2279855.543354
74.5612214547522,8086993.48375565,2275887.21571533
74.6241641374811,8088069.52919192,2271232.32358205
74.7341765698251,8090031.61664459,2258510.24099696
74.794768374716,8091194.20440363,2247230.58314162
74.8314616692626,8091808.23253814,2254133.71643064
74.8681549638092,8092417.46912983,2263378.26478113
74.9185678695346,8093257.17670654,2271349.29005414
74.96898077526,8094092.34104503,2271112.28816272
75.0193936809854,8094932.75352125,2270688.22804158
75.1537801939072,8097115.02380088,2274435.68242953
75.2881667068291,8099234.88056142,2277214.76683639
75.339234663646,8099891.68281095,2291515.77410393
75.390302620463,8100508.00498805,2310452.96572427
75.4175754509295,8100991.06535007,2299640.54713567
75.4448482813959,8101536.88458583,2277016.7534194
75.4721211118624,8102082.94652526,2254420.29175037
75.5558372869063,8103548.38626895,2252170.75097689
75.6204064382434,8104578.28371061,2272126.33442531
75.6669271678882,8105275.97173756,2279654.59431212
75.7481557196758,8106503.9796777,2280988.5109458
75.8537755351567,8108244.70056325,2265997.25271316
75.9050809742954,8109123.64842435,2257933.48339029
75.940152560855,8109654.7448831,2265545.80957826
75.9752241474146,8110185.83995638,2273182.17437363
76.0840307606998,8111781.74970279,2284396.52941794
76.1524374690584,8112897.26559235,2272594.0728171
76.2208441774169,8113997.29787358,2265316.30095671
76.2730386566346,8114751.08599307,2276624.05391381
76.3640802613302,8116055.83338955,2286295.62597955
76.4551218660257,8117380.11005359,2283247.14160819
76.5461634707212,8118692.61603086,2281648.96614808
76.7079704428707,8121024.57037018,2282653.29397157
76.7932340040628,8122367.92984277,2269291.3604934
76.8784975652549,8123709.20557886,2267749.59718779
76.9434137615395,8124729.39988885,2266518.98941985
76.9991513874877,8125629.73569522,2265105.55028144
77.0321635641911,8126027.13525186,2277315.51381664
77.0651757408944,8126422.02974597,2289909.60272334
77.1132639454309,8127051.27883426,2299713.72498485
77.1613521499673,8127758.58404852,2286847.71279136
77.2239056183499,8128667.94162486,2277054.74343068
77.2719901337443,8129361.98055208,2278249.08794673
77.3200746491387,8130050.58524205,2279410.86840225
77.4997933178276,8132382.77785697,2301523.07247282
77.5179808151078,8132665.60114478,2295614.70998809
77.536168312388,8132948.28580599,2289534.40300642
77.5784868633752,8133590.62669806,2275382.90997652
77.6315063779261,8134253.5024889,2282193.79436599
77.6845258924771,8134831.05742047,2305953.21411774
77.7230738796198,8135414.74684181,2297245.1868405
77.7616218667626,8136084.83889257,2270839.02846362
77.7893490815583,8136566.65018039,2251864.74635931
77.8259317953437,8137090.89684058,2255120.58716626
77.862514509129,8137583.59016411,2270201.0130544
77.8990972229144,8138076.57459954,2285263.84076369
77.9354789916803,8138546.56320998,2287533.60534636
77.9718607604463,8139020.06332313,2289446.83547384
78.0529226112464,8140158.78791486,2280493.53069316
78.1780007740508,8141927.36430681,2277936.89292129
78.3030789368552,8143549.35414662,2290064.23158235
78.4281570996596,8145107.99656805,2291945.33353361
78.4856879261175,8145899.45231111,2281646.09236706
78.5432187525754,8146523.93032258,2295307.31081918
78.5867342204852,8146960.09317228,2311713.48787634
78.6302496883949,8147527.62383042,2304057.98867933
78.6737651563047,8148139.70625696,2285697.00029827
78.7172806242145,8148767.3513301,2272525.494018
78.7607960921243,8149429.02738404,2267334.99829866
78.8043115600341,8150074.56531832,2264038.0586546
78.8478270279439,8150593.67881025,2278187.18390085
78.8785444903863,8150959.62596464,2288190.85672845
78.9363768337406,8151744.14572703,2286700.22997017
78.994209177095,8152561.60953966,2273088.56341543
79.0300695416789,8153002.05533382,2278175.32599976
79.0659299062628,8153434.66056791,2285929.74536955
79.1133106336419,8154023.67859267,2291763.13130254
79.1606913610209,8154636.87755814,2286190.01447363
79.2466898318878,8155722.57287926,2286700.39973435
79.3326883027546,8156774.84868362,2291504.76720181
79.5164226252149,8158883.18678466,2301915.68486217
79.5831055584627,8159534.41005625,2313129.47913086
79.6497884917105,8160365.98965112,2295591.86959359
79.6977506875722,8161015.93303468,2275889.89072057
79.7271132429168,8161392.1680519,2276576.02175762
79.7564757982613,8161771.48626095,2278373.83165956
79.8062916721143,8162404.07216754,2282066.95885562
79.8923378234666,8163373.94891266,2296196.24280785
79.9401408460921,8164006.04574419,2288013.3239308
79.9879438687177,8164651.88087608,2276718.16151208
80.047932198369,8165425.27359163,2277121.01961344
80.1079205280204,8166171.36687583,2282798.41154129
80.1679088576717,8166780.18370337,2298820.01879222
80.227897187323,8167439.69459855,2302751.25617252
80.2714734008985,8167950.44455261,2295381.50502082
80.315049614474,8168451.84919788,2291323.50601689
80.3586258280495,8168940.65896321,2293597.88402289
80.4199447523071,8169604.7661836,2297225.20827042
80.5411388817608,8170870.60467026,2303862.39886538
80.6167662739922,8171717.26188448,2297607.06174317
80.6923936662236,8172805.21614283,2264664.28879147
80.7305683180072,8173288.72044959,2267351.57831349
80.7687429697909,8173763.63114563,2274938.61915073
80.8069176215745,8174220.25533451,2282697.3848233
80.9149825924855,8175326.69587427,2303657.66848558
81.0230475633965,8176460.83724503,2300080.7062544
81.0937187000158,8177291.9681256,2287969.83135013
81.1429935858938,8177835.18824119,2290104.22879323
81.1922684717718,8178375.41988134,2293813.29681011
81.2692439625688,8179196.7102422,2296690.39809198
81.3671774654059,8180137.88900845,2307439.85883584
81.450459179812,8180992.11528307,2302816.75938283
81.5337408942181,8181997.00331755,2283950.59388303
81.5931999345741,8182806.19278763,2267033.13418244
81.6305647380868,8183195.74152093,2276650.2087892
81.6679295415994,8183566.66007879,2290867.30101773
81.7052943451121,8183937.52902397,2303221.83742975
81.7426591486247,8184298.74251822,2304210.10657854
81.7800239521374,8184660.08340062,2305183.43336651
81.8710639546911,8185620.16167151,2296800.72515789
81.9621039572448,8186610.86700024,2292028.73479612
82.0531439597985,8187519.78246927,2299844.42636574
82.1441839623523,8188303.13825236,2314158.69425029
82.2012191548048,8188761.59300785,2322491.63163372
82.2365079708151,8189098.58838227,2315271.88742299
82.2717967868254,8189446.40324205,2308025.3340575
82.3742329400993,8190633.10941968,2282406.37903041
82.4369353953581,8191306.05811065,2284886.64774065
82.4996378506169,8191921.81368384,2300916.53442841
82.5185904399281,8192160.78266423,2295954.96142452
82.5375430292394,8192400.67251345,2290746.02855145
82.5808394153468,8192931.98760638,2278842.69577078
82.646245260108,8193580.01670201,2289614.68603224
82.7116511048692,8194166.6396428,2308818.13875074
82.7770569496304,8194729.89742536,2311329.59363909
82.8424627943916,8195382.80774523,2301906.94487101
82.9586148859426,8196626.32114427,2290762.6614507
83.0747669774935,8197727.99642159,2303395.03081243
83.1595805601748,8198243.73971185,2331646.80277531
83.261742771369,8199110.46138882,2311911.46629162
83.3221161221974,8199768.76432055,2287453.50157473
83.3824894730258,8200444.45554618,2282927.24984813
83.4428628238542,8201078.98620198,2286375.05475376
83.5165022299197,8201850.68301072,2292015.78985199
83.6042943488456,8202766.2887293,2288618.92095109
83.6920864677715,8203611.33953396,2297197.04539453
83.7581665320802,8204201.31354095,2302548.58834561
83.8701361769699,8205173.6629477,2307787.72546235
84.0185956839837,8206480.75512886,2304370.04567378
84.1201897465979,8207341.89967015,2308274.51517598
84.1747422030022,8207702.36034251,2321243.82023693
84.2292946594065,8208192.84639947,2314643.20446221
84.2720610733993,8208651.50778467,2296080.14156239
84.305766417839,8208998.66268075,2285156.4443103
84.3394717622787,8209289.31596503,2292323.94125497
84.3661091549508,8209518.74357493,2298005.49917879
84.454956323792,8210447.53866661,2289393.97797041
84.502175203152,8210976.65350288,2277132.09440785
84.5200613328778,8211111.97899016,2283663.65683045
84.5379474626035,8211248.60458831,2290250.4964218
84.5834626046902,8211609.52221301,2307017.31420145
84.6387517708651,8212064.86475211,2311214.48658521
84.69404093704,8212523.10656324,2308434.42087142
84.7493301032149,8213025.66263496,2303425.71762459
84.8240489563309,8213671.64024932,2302350.93472368
84.8987678094469,8214241.84202459,2314151.41015136
84.9326665533865,8214558.14857967,2308563.04822684
84.9665652973261,8214879.99866683,2302529.32008668
85.0396301493842,8215428.14771428,2308772.39064998
85.1126950014423,8215874.78456781,2328971.55134764
85.1857598535005,8216248.9267682,2337544.68738269
85.227060346546,8216625.48204007,2322891.27743868
85.2683608395916,8217075.98123888,2297821.80561882
85.29684407857,8217386.31875105,2280541.39885029
85.3143158596496,8217514.80472836,2284053.75401263
85.3317876407291,8217641.42251539,2290826.45535624
85.3534942786738,8217798.63002605,2299226.7706208
85.3954810428134,8218099.30443665,2315474.09141151
85.4201634158824,8218353.58161156,2309995.63865791
85.4448457889513,8218615.46124946,2301037.31408393
85.474825058719,8218933.3184447,2290165.17088
85.5400231568668,8219548.0791704,2288458.07587062
85.6052212550145,8220119.1895092,2300158.83175024
85.6570407912524,8220531.44117884,2304680.62411731
85.7088603274903,8220947.03883584,2308048.8673166
85.7807323885125,8221545.37163855,2304953.02961678
85.8526044495347,8221938.64263977,2324567.06893948
85.924476510557,8222278.25961705,2341973.13722371
85.9809919934026,8222556.29352889,2339380.6920669
86.0375074762483,8222684.29272214,2353114.14834861
86.0647066981138,8222713.18307948,2363753.08763601
86.0919059199794,8222742.14931782,2374383.31842884
86.1155852522265,8221644.50324312,2466049.91728758
86.1239806557506,8221088.26036938,2514217.5784622
86.1323760592747,8220527.57300735,2562251.33286108
86.1494388643388,8219367.58380299,2659876.57068062
86.1790181621268,8217371.74596725,2829124.29853525
86.1935908802102,8216387.53009866,2912505.45270184
86.2081635982937,8215117.65324554,2971499.3452099
86.2198212025368,8213851.09526324,3002697.52818966
86.228736687904,8212885.75126244,3026627.31495078
86.2500698899082,8210591.34992109,3083897.67760309
86.2775029686548,8207633.40625221,3157536.88493056
86.2946177127503,8205788.66407886,3203479.43868296
86.3117324568458,8203959.23845936,3219219.91969019
86.3288472009414,8202087.26532294,3220577.24489361
86.3420816496332,8200640.06734792,3221663.29611748
86.3773550443676,8196796.1255793,3224574.89972221
86.4521580881342,8188806.71831152,3216198.21098436
86.5269611319007,8180846.47452887,3209111.5466996
86.6017641756673,8172827.23095499,3215398.588381
86.6540982476782,8167301.96569038,3210188.88856907
86.7064323196891,8161764.9477746,3206227.25541168
86.7786453459987,8154026.17032723,3213259.04787427
86.8508583723083,8146405.60747716,3208356.05173054
86.9230713986179,8138835.32620064,3201075.6868776
87.1088458003963,8119530.73912261,3193583.25597387
87.2532704767206,8104870.20724289,3179412.78309696
87.3976951530449,8090104.40338467,3191545.47168675
87.4292516357863,8086957.77360143,3185587.32995366
87.4608081185276,8083816.21273962,3178652.98505492
87.5147662485219,8078448.19811189,3169662.14405738
87.5687243785162,8073098.69139573,3168367.39724655
87.6654496538498,8063713.55903724,3155312.64964555
87.7415093039402,8056210.00135884,3160553.25630092
87.8175689540307,8048591.15183165,3175138.40357049
87.9319109762756,8037415.93665503,3158747.16054448
88.0462529985204,8026569.31446137,3141669.00003284
88.101283964023,8021384.24700213,3138209.5302893
88.1383617151453,8017760.05532061,3146205.98726554
88.1754394662676,8014135.18106833,3154220.2779529
88.2478457693734,8007183.8830648,3152582.30656077
88.3202520724792,8000229.46454596,3148165.70393738
88.4073012834038,7991732.81828312,3159428.90325414
88.442038816085,7988456.12693085,3152102.020517
88.4767763487661,7985179.96750042,3144757.12468572
88.583440313645,7975035.68416536,3144269.16228504
88.6364610283485,7970153.06984093,3135297.34917138
88.6894817430521,7965342.19262471,3120904.27318015
88.7425024577556,7960657.78605863,3110357.26613281
88.8096844707066,7954701.14529854,3103572.45286256
88.8509802612344,7950819.65388402,3119058.65011333
88.8922760517622,7946937.30160788,3134562.02601627
88.9286191579956,7943570.63114175,3135078.80995655
88.9649622642289,7940207.99677038,3131979.06855721
89.0013053704622,7936846.19899039,3128902.90774996
89.1461993488168,7923629.93270236,3120921.44089029
89.176370805908,7920885.32793584,3120156.11592143
89.1906568627768,7919587.91995278,3119794.90105807
89.1981161185165,7918909.68925412,3119605.62808756
89.2055753742562,7918652.50124812,3094771.79872357
89.2113762730545,7918512.32890553,3068324.08559685
89.2171771718528,7918376.78901663,3041968.07953398
89.2311598429557,7918060.93631105,2978433.94544999
89.2783759342874,7916978.17719736,2763880.97693888
89.3021225071028,7916575.97582149,2653013.60919124
89.3158992711798,7917169.88444756,2570992.52014537
89.3296760352569,7917764.04858176,2488871.03895385
89.3592168915868,7919021.83688897,2312778.5925503
89.3775322772121,7919805.94911412,2203603.61201827
89.3958476628375,7920589.26185554,2094427.36373912
89.3998453169607,7920760.27392976,2070597.7790837
89.4012692450539,7920751.50158647,2069287.90856522
89.4026931731471,7920815.17957196,2069823.59175324
89.4041171012403,7920876.06435444,2070201.27625747
89.4069078324032,7920987.36868235,2070994.58084629
89.4151892820644,7921320.00011318,2073337.76520327
89.4527463858039,7922822.69946186,2083963.28961206
89.6405319045013,7930358.58413387,2090046.71009552
89.7195401439746,7933733.23926194,2064862.19393695
89.7985483834478,7937258.5872672,2041292.65808936
89.8107417300702,7937692.96710805,2050828.26218643
89.8229350766925,7938131.39781471,2062312.77044725
89.8403910831908,7938758.25580984,2078736.41095631
89.9057385319381,7941220.34258425,2133595.98835748
89.9207185034073,7941686.88992284,2130385.72022002
89.9356984748765,7942256.71438796,2127092.09601736
89.9700373550891,7943548.59114106,2119544.2555019
90.0641248691446,7947252.75403898,2093962.50476113
90.1582123832,7950964.22691193,2091782.57958407
90.2094848323881,7952987.54043632,2094072.10465444
90.2607572815762,7955156.21831057,2073175.24765223
90.2995181427448,7956795.78441463,2057364.89175004
90.3153319382024,7957408.33885591,2062198.23124213
90.3311457336601,7958021.19665861,2067468.25409219
90.362965073785,7959272.40177787,2078068.56984111
90.5067440260585,7964782.43753061,2100441.86748918
90.5587284688472,7966853.69369187,2088540.57295595
90.6107129116359,7968857.82977756,2085445.61367955
90.6478096634474,7970123.96102444,2107697.83833844
90.677112205871,7971123.98705414,2125290.71489
90.7794587049751,7973935.1747457,2209575.31549325
90.8228282649969,7975085.87632569,2224627.34831798
90.8521385597889,7975870.48236873,2220307.36952708
90.8814488545809,7976656.0197251,2216021.36162738
90.9368733097864,7978020.51408743,2225274.4110913
90.992297764992,7979326.95012812,2243356.96851523
91.0477222201975,7980617.10237355,2247320.28529209
91.0900399730362,7981597.71460759,2248577.90117559
91.1541230735508,7983060.97867632,2250727.78159361
91.2426596433317,7985144.02856409,2245015.71134263
91.3032373678151,7986608.05937542,2236121.55302101
91.3278115962259,7987128.97331747,2243326.5470486
91.3523858246368,7987650.71009146,2250568.59084411
91.3988821417984,7988644.64282017,2264274.21262296
91.4267883608777,7989291.82599716,2259617.02150014
91.454694579957,7989943.92310346,2254372.23733378
91.5097717422188,7991222.87901891,2244470.33136041
91.6124820077701,7993729.11188664,2231457.84927782
91.7338562497126,7996634.95434129,2235727.70593366
91.8552304916552,7999408.27264058,2246081.97044067
91.9407281577271,8001352.80709307,2245281.32545899
92.026225823799,8003277.14937058,2246900.76218798
92.1317394412022,8005641.89214491,2247212.09342726
92.194920030196,8007095.6515152,2241376.02134935
92.2334877208703,8007869.76149894,2251257.09749842
92.2720554115446,8008633.61816105,2263229.22610517
92.308125468215,8009388.97529672,2268273.70511135
92.3441955248855,8010263.57145358,2251908.51124503
92.3802655815559,8011138.24151755,2235528.75809108
92.4399423761376,8012515.75965699,2232232.11115132
92.4996191707193,8013872.14319438,2240820.30697356
92.5592959653009,8015159.09468521,2247365.78832266
92.6384117917862,8016891.80951324,2248929.96611008
92.7175276182714,8018608.35573625,2247101.77245879
92.7952659633544,8020210.79143626,2259841.34611386
92.8442671445164,8021263.71678974,2255646.77711621
92.8932683256784,8022319.38069559,2250114.28407369
92.9736456181733,8024060.23470842,2247702.44953
93.0540229106682,8025658.97524242,2260848.34854978
93.1596455567132,8027857.30738459,2254269.83266093
93.228102223002,8029318.06899857,2245659.8730772
93.2965588892908,8030728.90914933,2255196.47961169
93.3457645306908,8031797.08713196,2249967.38095601
93.3830056813768,8032613.72570344,2245300.65768535
93.457127308849,8034136.275844,2250740.48656092
93.5312489363211,8035653.07452659,2255584.85602297
93.6053705637933,8037169.05531648,2254210.19539845
93.6794921912654,8038605.89272426,2262266.25119366
93.7536138187376,8040140.22558443,2254542.97022507
93.8277354462097,8041674.55382443,2248647.0346133
93.9018570736819,8043162.85721321,2256009.25979745
93.975978701154,8044612.36136049,2259448.02080276
94.0501003286262,8046070.96073444,2258336.68536919
94.1832081640254,8048554.07359305,2273051.19844229
94.276588708028,8050115.609637,2286339.98590778
94.3351764987811,8051263.06530068,2271387.09150842
94.3937642895341,8052518.80389415,2241307.6508457
94.4379974551825,8053478.52746913,2236135.24020019
94.469516526647,8054167.54777128,2234543.76512232
94.5146169281284,8055130.62429461,2235012.8427731
94.5597173296097,8056042.06606488,2241285.33503316
94.6394666718434,8057595.81147145,2255198.29412729
94.7429656239586,8059504.00623219,2266442.83858604
94.8167947190408,8060873.28698719,2264260.48137773
94.890623814123,8062248.17516368,2263841.97702691
94.9803698755999,8063825.76636386,2271430.00545691
95.0701159370768,8065445.52639385,2268357.35713416
95.1598619985538,8067133.78737664,2259954.8782956
95.2768394983946,8069188.94992733,2273323.04389851
95.3332484231021,8070238.64600227,2267575.27904117
95.3896573478095,8071377.91724094,2248657.32852019
95.4341777932389,8072220.6328247,2249326.91924282
95.4786982386683,8073055.40074537,2254790.95033113
95.5232186840976,8073865.63436543,2259989.59632061
95.649993676315,8076055.57993994,2271971.13563735
95.7767686685324,8078277.72022877,2266181.83424641
95.8492516108536,8079508.73933241,2269851.02594276
95.9217345531748,8080738.96906072,2273873.71908595
95.994217495496,8082029.72390678,2264835.67974863
96.0381593608521,8082734.6185834,2270704.80226094
96.0821012262082,8083436.52248188,2278330.98938828
96.1484466093372,8084579.61744092,2273026.02026118
96.2147919924663,8085781.44569661,2260546.27352439
96.2811373755953,8087097.06266965,2244910.48423494
96.3379714658081,8088100.10857991,2252290.85022545
96.3948055560209,8089050.99874472,2270104.11202334
96.4516396462337,8089936.32190708,2278203.25144454
96.5084737364465,8090826.81161082,2282945.05524334
96.5653078266593,8091787.55082377,2274129.7464037
96.6221419168721,8092749.63338,2268187.5176215
96.6789760070849,8093719.57089865,2266813.19971503
96.7492241540567,8094840.84109856,2273657.93902837
96.8367797944677,8096222.35286382,2279132.73384323
96.9243354348787,8097575.85780603,2279498.68108604
97.1080105112273,8100573.7537225,2257832.99173334
97.2430136149702,8103006.24460858,2256244.62050317
97.3142725322007,8104118.83257839,2277414.88494974
97.3855314494311,8105230.30758525,2276852.82106271
97.4567903666616,8106302.21457913,2280315.79607343
97.545296207951,8107651.41030537,2279930.41904631
97.6338020492404,8109026.89941505,2276277.58827454
97.7634631717432,8110981.68427249,2280105.47832638
97.8931242942459,8112547.14482438,2317250.44814443
97.9172325065232,8112917.70935659,2310243.64470566
97.9413407188005,8113314.85059814,2296628.23120464
97.9654489310778,8113712.09066369,2283029.39195063
98.0519241044374,8115244.53753915,2252065.97340345
98.0940037179132,8116027.03834929,2242812.78281344
98.136083331389,8116730.53363698,2248937.55890768
98.1673421509837,8117246.71552809,2255427.73301351
98.2131984772537,8117962.15936521,2265467.59556264
98.2984688704058,8119169.90850561,2286564.2014635
98.3309925871854,8119664.42324322,2283138.51183655
98.363516303965,8120165.97549176,2279109.49717023
98.4286944511744,8121142.79848276,2274872.4471182
98.4938725983837,8122123.23868974,2275570.30721407
98.559050745593,8123055.84029336,2280093.70003726
98.6242288928024,8123942.1235663,2287203.2263075
98.6894070400117,8124760.59851797,2298038.38765061
98.7827960509943,8125949.03894328,2297935.87446357
98.8497566682799,8126943.0275241,2283069.08877628
98.9167172855654,8127955.5056028,2270648.57503804
98.983677902851,8128902.2221319,2279747.43443266
99.0506385201365,8130007.8237136,2265668.13663904
99.1012632002848,8130874.50812331,2250027.53320938
99.1204433331054,8131153.69479085,2254631.8194945
99.139623465926,8131434.18358295,2259287.394762
99.189544831446,8132176.27097146,2271409.41558132
99.439151659046,8135511.74959379,2283856.31025625
99.5249713266199,8136679.51017181,2284205.89928273
99.6107909941937,8137815.44661156,2287234.15366965
99.6966106617676,8138807.88294511,2303619.80962578
99.7500132678705,8139450.56548325,2301704.70915264
99.8034158739734,8140102.36514552,2298224.2195574
99.8770221962472,8141174.92973627,2278750.84565471
99.9297074847784,8142042.55440827,2262045.68024195
99.9831713420284,8142999.83487065,2242899.20536917
100.036635199278,8143753.76977382,2256763.44736797
100.090099056528,8144429.07236536,2285969.01803579
100.130181535968,8144892.83678061,2295999.48382615
100.170264015407,8145336.37514019,2302071.81950804
100.210346494846,8145801.62581604,2304659.90165872
100.250428974285,8146317.93828365,2297101.79508913
100.305716675192,8147026.28625286,2287160.58592643
100.410420605922,8148478.1074739,2277728.91361952
100.515124536652,8149810.55415056,2288040.86008723
100.560008710964,8150175.07680048,2312308.93024937
100.604892885275,8150574.98916031,2330926.15859294
100.619835734153,8150794.56083432,2321623.94214316
100.63477858303,8151012.20012428,2312249.42514491
100.669837657368,8151507.75484382,2290251.10597853
100.702323388242,8151963.77160757,2271935.00020075
100.721511233108,8152180.33484859,2277068.48528487
100.740699077974,8152398.41930988,2282267.65015295
100.786243696454,8152931.18551987,2294614.6994501
100.823594787105,8153495.46524531,2285552.07905112
100.860945877757,8154120.74435801,2265118.4885791
100.898296968408,8154746.1004738,2244703.144301
100.911706630062,8154910.13301212,2249104.63530701
100.925116291716,8155075.63604608,2255350.64982019
100.944745536385,8155317.5510559,2264480.02429324
100.996774072052,8155955.15626191,2288677.31840956
101.028205019524,8156346.60824194,2289975.83545254
101.059635966996,8156733.65692428,2289694.03573214
101.107939899138,8157317.77461081,2290314.97614285
101.177122295901,8158082.15853357,2298932.19288823
101.246304692665,8158949.10910486,2291434.33368491
101.330275163467,8159994.56038773,2284977.30810296
101.392904587001,8160704.87205051,2296685.95654511
101.455534010534,8161190.85044854,2320261.80406304
101.504697216089,8161576.67152424,2335765.9094049
101.521949168186,8161792.86159456,2327163.50061318
101.539201120284,8162007.74645762,2318502.19565648
101.581915396005,8162526.07020317,2297052.53259796
101.657746511707,8163475.12524964,2284990.45352121
101.73357762741,8164486.67956433,2276677.94034377
101.876174892239,8166549.54567069,2264314.65244435
101.977388750045,8167696.482848,2294239.32341029
102.033098298104,8168319.15289313,2299001.58929007
102.088807846164,8168979.94699414,2292136.32191114
102.144517394223,8169634.99363004,2290092.50664473
102.200226942282,8170292.19053938,2289315.11123034
102.261827090736,8170920.09661285,2299100.30934745
102.323427239189,8171591.0747357,2301186.41490309
102.369293534858,8172133.03247565,2293283.38920615
102.397985020893,8172472.10833126,2288345.86293987
102.41558685444,8172567.76408253,2298537.57212298
102.433188687988,8172657.54534358,2310549.33753612
102.458929299925,8172788.9067308,2328106.78615019
102.568078988803,8174044.29857641,2286047.21750278
102.611048368097,8174677.71671476,2253224.76004938
102.654017747391,8175313.00068977,2254297.25637887
102.696987126685,8175948.24951858,2255381.24862747
102.729758093655,8176289.17170759,2270012.869158
102.762529060626,8176618.49019935,2286095.60192514
102.814067875694,8177146.9831034,2303916.29836947
102.852676899082,8177550.0834449,2302211.63639215
102.907882945128,8178118.58150086,2300161.87230452
103.020980067737,8179329.52992692,2297200.46183034
103.095694810771,8180219.2891461,2284794.50871205
103.170409553805,8181099.45442921,2284590.62593955
103.22592011522,8181682.12284341,2291698.53329235
103.281430676634,8182191.2483856,2306543.59571966
103.336941238049,8182642.75917504,2316537.10747357
103.3875031389,8183044.60582278,2323398.38227199
103.43806503975,8183633.64090925,2305520.0325254
103.475826002487,8184114.81561125,2286019.18713804
103.513586965223,8184566.78018263,2275648.7442986
103.540043354929,8184863.63094438,2279944.36912349
103.566499744635,8185159.94569719,2284223.1495904
103.668230158504,8186311.65991759,2287726.49490603
103.749671461555,8187108.60892527,2299689.27658232
103.800873832042,8187563.88685876,2312517.25831493
103.820024048409,8187791.56467423,2306910.66381539
103.839174264776,8188018.10784101,2301252.56452844
103.888716926246,8188591.43044019,2286609.11029645
103.93254215065,8189001.29225902,2292896.08687268
103.976367375055,8189384.29548831,2305954.2490772
104.020192599459,8189815.68137417,2308643.9369372
104.05322250441,8190170.93033592,2301386.7610561
104.086252409361,8190526.48694369,2294149.11166522
104.133213288288,8190830.74787514,2310980.39555746
104.180174167215,8191061.32394037,2339189.83448857
104.227135046141,8191512.08656526,2330182.46066639
104.251807606116,8191815.36558989,2310957.21256787
104.27648016609,8192119.3278121,2291772.10031969
104.344753094752,8193005.86846815,2268703.83684457
104.387107798419,8193573.86750982,2264272.56312962
104.429462502086,8194047.36202246,2272084.12396104
104.471817205753,8194486.36395959,2285337.75727653
104.51417190942,8194898.80502747,2296915.01665289
104.566085643277,8195345.4837034,2306980.66688449
104.65809993696,8196212.00244441,2303321.36920174
104.741357970679,8197046.0492668,2296050.441089
104.824616004398,8197864.27560415,2298204.10980837
104.907874038117,8198651.20229885,2301676.61521744
104.980152203597,8199248.21975701,2311181.25566968
105.052430369078,8199947.90680928,2303378.21364547
105.124708534559,8200685.91910367,2293127.82600766
105.196131838909,8201429.29854865,2290985.98452551
105.242462162709,8201808.86075876,2301073.53749613
105.288792486509,8202169.74967404,2312234.02071424
105.338211673063,8202637.45909623,2309157.00442568
105.387630859616,8203105.79187505,2301622.37486083
105.43705004617,8203583.91652483,2298441.47561176
105.503894440088,8204229.34736208,2297042.64664937
105.570738834005,8204749.46476166,2310455.73653095
105.618158293713,8205115.26975238,2316891.41695834
105.665577753421,8205469.38024804,2318287.1527151
105.703788594754,8205772.55980858,2317637.08240724
105.741999436087,8206222.43630521,2300683.93205461
105.769618752182,8206548.11149595,2288412.18781736
105.859148420879,8207369.76750282,2297136.81378833
105.948678089576,8208253.974824,2296507.9745614
106.057157586575,8209333.20316218,2292491.19994296
106.124077507578,8209919.22089937,2304050.67983654
106.190997428581,8210471.68727484,2308740.59307811
106.272607104329,8211105.16429283,2313300.93081176
106.354308708667,8211814.49681861,2306544.49141834
106.402593548673,8212244.01203454,2300765.73309026
106.421739064482,8212327.16511774,2309500.75829645
106.440884580291,8212412.48560475,2318284.11877912
106.491171939474,8212649.0934236,2341360.22805173
106.518297116966,8212942.4761682,2329520.5613846
106.545422294457,8213293.98131022,2305689.31987335
106.572547471949,8213645.45151187,2281884.71263044
106.654793267316,8214471.40210234,2282104.69520495
106.717125765934,8215008.61561714,2303770.61093471
106.764086062265,8215381.6839042,2307649.23729441
106.841525710463,8216014.03409054,2308792.72619474
106.93502875184,8216782.4700707,2307229.93382739
107.117576916347,8218207.12323715,2311925.7064524
107.184003344215,8218772.04018719,2304720.44931838
107.250429772083,8219301.84063783,2306549.6215439
107.316856199952,8219847.00122869,2307592.82901307
107.38328262782,8220459.42154812,2297730.77184762
107.470325206863,8221196.85744697,2301531.12727978
107.537113350868,8221727.69752353,2306695.10981986
107.62609200784,8222435.23187398,2308185.87677941
107.715070664813,8223183.69903332,2302137.82877554
107.804049321785,8223850.95233773,2311795.68952932
107.851474889297,8224256.14835835,2306376.96479273
107.898900456808,8224662.15975777,2300945.53297934
107.937346020076,8224906.89273811,2308825.58083447
107.975791583343,8225147.44500106,2317097.49833591
108.060565453669,8225728.13284262,2319246.92456208
108.145339323994,8226173.19986074,2330793.57139219
108.196335079072,8226374.33592214,2346116.05622713
108.223766248088,8226582.94138292,2337571.84381864
108.251197417105,8226799.13114898,2326345.83860168
108.286994335001,8227080.80028149,2311700.71023876
108.298858849299,8227175.09165372,2306847.10818963
108.305537485029,8227046.01434547,2320582.73872811
108.312216120759,8226919.821065,2338182.96900627
108.318894756489,8226790.92201942,2355735.86274368
108.33853015138,8226404.0235803,2407346.94024061
108.368323874854,8225821.87859405,2485661.56467277
108.398117598328,8225238.89021005,2563975.05763646
108.405136525295,8224684.63695111,2597931.68745385
108.412155452263,8224017.18641925,2638146.34523787
108.41917437923,8223347.90594658,2678297.01130656
108.437816727572,8221559.42755595,2784940.48116855
108.465962929761,8218865.76584707,2945955.67720321
108.494109131949,8216171.00666776,3106968.84591118
108.500968118002,8215527.25125368,3141519.02728424
108.505319640557,8215100.22233395,3144552.10995147
108.509671163112,8214636.46195724,3147255.6859973
108.516383841746,8213926.75537736,3151465.22894903
108.537039541427,8211750.11852928,3164418.64647417
108.625114488955,8202501.84534209,3212020.32101614
108.69030278569,8195122.49523615,3232662.82661916
108.739410180545,8189804.53501175,3229222.51814645
108.788517575401,8184508.17384901,3221024.09958437
108.837624970256,8179254.93703226,3216425.77451379
108.905560917419,8172009.25481971,3211930.24824291
109.001501766451,8161798.26272931,3210709.76818434
109.097442615483,8151634.87997167,3207912.14207233
109.233416743291,8137355.0627358,3202789.26481128
109.331848854748,8127021.19568848,3202671.57279318
109.404441599314,8119511.42417599,3193667.48383897
109.484077753186,8111245.54209111,3194624.64055629
109.563713907059,8103157.63918717,3184583.22087078
109.643350060931,8095105.70130879,3178999.61372615
109.768282065529,8082434.80493163,3181768.10149027
109.893214070127,8069891.43248969,3173453.19079702
109.974237615352,8061831.66973034,3170320.87138475
110.055261160577,8054011.121452,3155340.43957363
110.136284705802,8046248.00638906,3146617.18905027
110.199383015199,8040164.52578133,3151491.45498693
110.262481324596,8033962.29405532,3158760.61103024
110.339413834439,8026447.32399032,3160357.50213726
110.416346344282,8019003.99436561,3154297.46657864
110.493278854126,8011672.53423614,3145801.38526671
110.565000885349,8005069.20777074,3131120.17379175
110.636722916573,7998345.90712445,3131953.81862889
110.691874938378,7993080.27802261,3144597.41092237
110.747026960184,7987819.40861584,3146297.93102321
110.802178981989,7982560.58640534,3145876.05815306
110.877869867605,7975463.13122129,3138450.66486981
110.95356075322,7968369.55211296,3136008.48475846
111.061586583304,7958241.34835737,3136309.94260191
111.195199967215,7945780.53731798,3132312.24505773
111.243336511803,7941520.42329038,3119126.61371669
111.291473056392,7937282.7228133,3104696.87256921
111.344125174675,7932664.51877666,3100963.93952941
111.396777292959,7928052.72325221,3099594.72456525
111.44173995993,7924334.04645733,3086390.34457683
111.486702626901,7920630.31685903,3072227.94337447
111.495121871784,7919936.70342427,3069575.39826669
111.499605410619,7919567.38281456,3068162.98965402
111.501404242687,7919604.97067687,3059461.50946613
111.503203074755,7919611.46756069,3047364.51148267
111.505001906824,7919628.30511191,3035418.89610031
111.508536769601,7919662.60702448,3011902.496726
111.519084765289,7919756.27309846,2941732.53109357
111.564241087485,7920164.23586439,2641339.72418639
111.583045356551,7920333.53778198,2516247.71748993
111.601849625618,7920537.36878033,2398714.51828931
111.60623681739,7920659.03530369,2387488.38240464
111.610624009162,7920806.58703102,2376594.98759176
111.617538541237,7921057.80930563,2359388.01461086
111.637163719593,7921737.65174165,2310544.52008399
111.672327977292,7922960.85313908,2223031.64776304
111.693049102424,7923681.18991006,2171462.86944208
111.713770227557,7924427.87735316,2148395.86531134
111.73449135269,7925227.28129026,2140158.97650471
111.750467674205,7925842.39039644,2133771.30071781
111.796815236768,7927618.64668599,2115238.2233008
112.028553049584,7937043.76943372,2087027.62099413
112.053779530577,7937955.38295725,2102544.46453739
112.079006011571,7938867.8664446,2118102.28695636
112.126630404225,7940731.10210306,2117574.01943918
112.157669664549,7941994.53722606,2101653.10273286
112.188708924872,7943258.86076874,2085766.75223349
112.226178590343,7944640.45761609,2094476.9094605
112.263648255814,7945972.75892748,2115422.74475771
112.301117921285,7947307.08055123,2135423.81547042
112.317318852005,7947928.49963774,2131013.43165116
112.333519782724,7948547.05764303,2126526.38508662
112.37135143627,7949978.48283331,2116047.80104543
112.546621701008,7956616.66738753,2108634.12832976
112.605498767575,7958741.60494035,2122625.28734652
112.643484729508,7959902.20865879,2146155.73108604
112.68147069144,7961062.81420274,2169711.72458518
112.798608127176,7963961.58203209,2250130.99951026
112.810532688971,7964297.91041917,2246701.47542372
112.822457250766,7964628.19126656,2241563.9901106
112.840209332636,7965120.61434974,2233932.022025
112.907877380787,7966960.73177651,2211931.51613763
112.926674386394,7967388.24928943,2220809.90818438
112.945471392002,7967817.1810561,2229741.0594292
112.993909330362,7968933.41218298,2252758.65975407
113.031827512377,7969852.40096725,2251215.25709169
113.069745694391,7970773.72468076,2245843.82700617
113.107663876406,7971690.32262805,2241858.0063001
113.157326849333,7972872.31970811,2243860.3936682
113.206989822261,7974066.21423949,2245302.8368479
113.296526067182,7976217.45204866,2241633.42447717
113.386062312102,7978405.044501,2238243.11882575
113.500816259618,7981147.28477792,2242191.22999564
113.53556595558,7982061.84935925,2233367.9982644
113.570315651541,7982976.33722766,2224518.62098081
113.644115839743,7984784.08654843,2228868.81516659
113.717916027946,7986514.31847049,2244522.24599792
113.791716216148,7988223.13784751,2246342.62192088
113.865516404351,7989985.85629623,2240572.29743159
113.939316592553,7991685.46286665,2243681.54633804
114.013116780756,7993332.63525281,2253207.20230517
114.086916968958,7994983.11498135,2252034.4314769
114.160717157161,7996634.41826578,2252207.02220817
114.287918459677,7999764.76506812,2219874.44714636
114.319487280053,8000489.24918099,2223232.08834397
114.35105610043,8001174.50924476,2236127.75228487
114.382624920806,8001859.56606251,2249004.51599506
114.437490937907,8003109.86403706,2250045.06226047
114.492356955009,8004381.18420531,2241083.34004019
114.54722297211,8005589.20153127,2245600.0980481
114.589848383654,8006522.00054585,2250831.92487287
114.655019646903,8008056.55525917,2240908.18672459
114.701784740688,8009166.70400424,2232369.75928593
114.728843562137,8009705.99426397,2241870.98695399
114.755902383586,8010250.09469875,2251418.27980989
114.798219268672,8011108.92941598,2266353.26915928
114.823680759704,8011674.84897853,2262195.6000434
114.849142250735,8012249.9632646,2256986.78145361
114.892776654754,8013206.35786748,2248058.77165379
114.980689152169,8015268.61862087,2234349.57389279
115.038491681148,8016507.63189909,2243072.61350678
115.096294210126,8017692.49632179,2260662.1220122
115.129732182073,8018434.78393985,2256266.30557526
115.16317015402,8019179.02038053,2249993.04432299
115.212089736554,8020247.60978526,2244752.73875225
115.261009319088,8021264.38371415,2251614.09915522
115.319860739895,8022495.02143763,2256411.40765501
115.378712160703,8023733.81477575,2254347.15961063
115.4379454607,8024808.19100428,2270831.64683191
115.497178760697,8025772.70372552,2297835.3979863
115.512758465182,8026123.18050887,2290740.29401442
115.528338169666,8026479.93410184,2280332.95200528
115.547657053259,8026922.74940631,2267445.31293403
115.587457701473,8027838.45944944,2240895.01614969
115.627258349686,8028658.06272969,2240772.27830572
115.667058997899,8029450.68107541,2253004.99353941
115.706859646113,8030274.92883317,2260128.58364515
115.746660294326,8031236.8620286,2242563.06725508
115.775146385931,8031925.53504121,2229973.29263751
115.833489682437,8033232.56433248,2227850.35353147
115.891832978943,8034484.11717277,2243478.48574152
115.933661350638,8035361.38041172,2247575.36700285
115.975489722333,8036230.85599571,2249916.84208899
116.03956988672,8037527.15701805,2254487.0904555
116.152936920605,8039822.23058581,2255481.71541657
116.266303954489,8042023.58513251,2264238.18970948
116.379670988374,8044128.31362805,2271188.90415021
116.460348624421,8045660.63345139,2266999.37545155
116.59469245205,8048375.35138769,2248060.86461048
116.845803340594,8053474.95938447,2265833.54244901
116.918016743539,8054804.6948719,2269636.56349147
116.990230146485,8056186.37325795,2261481.1155467
117.080846097381,8057850.09684374,2266662.80583798
117.145762872067,8059012.33834157,2270347.6300544
117.241728503387,8060656.79337811,2278400.23193468
117.297243582353,8061566.00924981,2285682.80301457
117.329230094122,8062196.41405656,2275491.69020039
117.361216605891,8062832.13257719,2263886.47714737
117.411984977572,8063822.59762152,2251234.35649252
117.462753349254,8064767.01784558,2257409.89542004
117.513521720935,8065777.46600841,2255584.55019604
117.550839454511,8066640.07417302,2237875.66738708
117.598661891726,8067745.87758053,2215178.41406954
117.613504978958,8068001.14498069,2222320.25136719
117.62834806619,8068259.65083145,2231001.00530122
117.650751584404,8068649.58607866,2244093.04073878
117.702988760938,8069589.63545666,2272822.56609694
117.723033200507,8069913.09822193,2272432.75097888
117.743077640076,8070267.33795478,2271998.37695478
117.796512091713,8071200.22801167,2270836.60192387
117.902340249082,8073021.55744144,2273279.79462571
117.974131457687,8074301.50893961,2268132.7523442
118.045922666292,8075433.8305106,2281265.64465025
118.179744684825,8077697.27680665,2266067.21012932
118.229372616886,8078559.61211417,2262447.38239139
118.279000548947,8079396.82052363,2270674.08702296
118.328628481008,8080397.17433822,2257897.95898195
118.37825641307,8081501.64500598,2229531.05840845
118.398524006884,8081952.4369431,2217952.75089601
118.410792968152,8082138.52119843,2224698.26255011
118.42306192942,8082326.97167904,2233499.43682396
118.440300749026,8082591.14247903,2245848.66833607
118.504041837092,8083579.64599083,2287141.12491667
118.515271958451,8083798.87707977,2283063.73190986
118.52650207981,8084014.56126745,2278897.88967658
118.552090873217,8084491.37298227,2269406.59573179
118.595248854889,8085305.02006628,2253402.63541955
118.622249191692,8085753.09543939,2256989.65865709
118.649249528494,8086196.01997152,2263570.82954638
118.683759932956,8086762.27289837,2271975.23668997
118.753961820584,8087931.77151666,2273880.63847467
118.824163708211,8089037.64804353,2278326.58765315
118.894365595839,8090026.59832954,2296524.42682288
118.937314878908,8090669.90776865,2294265.94638958
118.980264161977,8091315.21503572,2289940.0033416
119.041686637263,8092377.05897226,2273727.01451509
119.123374719531,8093893.71885104,2251091.5976822
119.205062801798,8095461.74883475,2243377.65006584
119.24469903586,8096145.03533423,2251443.14482711
119.284335269923,8096828.14780852,2259529.82673764
119.410615589053,8098889.29814258,2273631.32166678
119.508768670713,8100372.86440532,2283695.41403448
119.567140211383,8101331.060282,2274902.94443912
119.625511752054,8102260.398417,2272279.8210114
119.683883292725,8103161.70237895,2277711.07473666
119.742254833396,8103978.86503755,2287321.95801282
119.826422770655,8105154.59211001,2294452.8560211
119.888415890088,8106078.78849828,2285030.40862675
119.9,8106251.49913763,2283270.28138095
