0,4104039.62397836,1956116.60325445
5.73571672104084e-06,4249856.43854038,1996544.39510946
1.70341291653169e-05,4513689.3628594,2070239.28797036
2.83325416095929e-05,4749166.92619678,2136816.3698895
3.96309540538689e-05,4959360.91899601,2197087.02285714
5.09293664981449e-05,5147007.05834594,2251744.92040935
6.48892046971209e-05,5351373.38584581,2312415.18640734
7.88490428960968e-05,5529050.01525056,2366382.38593588
9.28088810950728e-05,5683547.2318847,2414458.07303107
0.000106768719294049,5817909.58910131,2457334.40714477
0.000124265132496759,5961950.28595974,2504644.21028098
0.00014176154569947,6082904.76584128,2545712.5415289
0.00015925795890218,6184496.73187582,2581381.88354963
0.000180496197335739,6286302.86572238,2618460.56059303
0.000201734435769297,6368717.182096,2649716.99443655
0.000222972674202856,6435455.11767715,2676056.84852536
0.000249539834020223,6501447.45868285,2703249.57147529
0.00027610699383759,6552159.97373502,2725163.01250154
0.000302674153654958,6591149.63188628,2742799.83847177
0.00033748915104072,6629028.74821957,2760801.71016504
0.000372304148426481,6655885.71597064,2774288.31440321
0.000415931728128977,6678871.56133074,2786504.93175942
0.000459559307831474,6693823.46852134,2794953.70542768
0.000515120132566648,6705620.48583574,2802045.38391699
0.000570680957301822,6712446.46098328,2806433.31088428
0.000646585673344513,6717432.1061017,2809860.56845058
0.000739570883046768,6720135.75471455,2811873.59757401
0.000860358036153945,6721395.23553733,2812895.46890064
0.000981145189261121,6721762.72839035,2813220.78783678
0.0011019323423683,6721871.05788244,2813320.4891293
0.00122271949547548,6721903.31210788,2813348.12129487
0.00134350664858265,6721913.04650499,2813352.94879766
0.00149304472907513,6721916.46659347,2813349.69649663
0.0016425828095676,6721917.32826574,2813343.59289072
0.00179212089006008,6721917.64596825,2813336.8534682
0.00194165897055255,6721917.84705787,2813329.97314776
0.00212395339563516,6721918.06074281,2813321.54677043
0.00230624782071777,6721918.26778948,2813313.11205946
0.00248854224580038,6721918.47393497,2813304.67619159
0.00267083667088299,6721918.67995763,2813296.24016309
0.00290294608381815,6721918.94225754,2813285.49882041
0.0031350554967533,6721919.2045546,2813274.75747396
0.00336716490968846,6721919.46685154,2813264.01612735
0.00365920717682308,6721919.79687603,2813250.50126304
0.00395124944395771,6721920.12690052,2813236.98639873
0.00430494592018153,6721920.5265978,2813220.61835745
0.00465864239640535,6721920.92629507,2813204.25031618
0.00510501477776806,6721921.43072143,2813183.59350433
0.00555138715913077,6721921.93514779,2813162.93669247
0.00614965214185424,6721922.61122149,2813135.25073406
0.00687212177838261,6721923.42765356,2813101.81694655
0.00778419889421417,6721924.45835294,2813059.60867793
0.00900473336097316,6721925.8376268,2813003.1259028
0.0107982267785313,6721927.86437709,2812920.12825861
0.0139226815526374,6721931.39518995,2812775.53760492
0.0220976194417132,6721940.63333802,2812397.22532368
0.0556941777716528,6721978.59937328,2810842.47459696
0.0975139439699824,6722025.85810438,2808907.17779517
0.139333710168312,6722023.08361443,2810872.98755199
0.181153476366641,6722011.14596193,2813182.86569212
0.222973242564971,6721848.36763618,2820410.08358744
0.264793008763301,6721541.82111911,2832608.40668193
0.30661277496163,6721270.89758594,2842325.48975734
0.333549083060118,6721241.07909811,2835496.49797086
0.360485391158606,6721211.83623801,2828645.49178851
0.416881044497905,6721136.11461997,2818134.78386661
0.473276697837204,6721045.77289202,2819563.46508333
0.529672351176504,6720942.10864667,2820574.11179896
0.600748091598759,6720803.82583626,2821268.28852698
0.671823832021014,6720706.92602178,2819517.49914673
0.742899572443269,6720694.54617494,2815461.10751813
0.829710137892818,6720639.09279468,2814709.39783242
0.897776421966932,6720390.4361707,2827303.58430886
0.922858897343221,6720539.96819967,2818892.11249457
0.94794137271951,6720780.22540339,2805066.08249399
0.973023848095799,6721021.42351965,2791255.59197641
1.06751289991084,6721144.89784003,2805348.6746778
1.16200195172588,6722333.42005366,2764167.45903137
1.18142727967636,6722777.59498805,2742721.31859276
1.20085260762684,6723224.8903002,2721324.60339429
1.21913775120918,6723294.42499633,2729443.02830751
1.23742289479153,6723253.15524055,2749049.63613576
1.25181905412638,6723218.19725197,2764449.85276296
1.29342035310715,6723117.3497256,2808953.949496
1.32709727756214,6723445.38292729,2807186.27116151
1.34720340308486,6723786.39800196,2790579.70732778
1.36730952860759,6724131.15891959,2774029.10080842
1.39713946256243,6724642.68855314,2749474.35591871
1.42696939651726,6724962.07822454,2749081.41742494
1.4567993304721,6725193.1263686,2760831.12961881
1.47962832373766,6725380.02878003,2769851.28507731
1.51459578731329,6725708.39565854,2778919.91925296
1.54956325088892,6726174.75550435,2770687.08378381
1.58453071446455,6726652.93387928,2762493.10593635
1.6074290948154,6726963.3463412,2757114.76897038
1.62126935750242,6726958.99919271,2764748.74573923
1.63510962018944,6726952.23279801,2772947.49676313
1.66022168603729,6726940.18081974,2787819.75267179
1.70045798246932,6726920.22352192,2811645.8398224
1.72105418345852,6727188.32483671,2805003.08326704
1.74165038444773,6727596.64625798,2787142.66698832
1.75807020089639,6727924.06044669,2772934.81859819
1.80769977144347,6728913.62045225,2729990.32794901
1.817370580365,6729016.10860932,2733049.6580257
1.82704138928653,6729126.27061631,2736620.36929181
1.84392795961552,6729317.91584444,2742845.73373438
1.90292281886868,6729986.26843306,2764588.42372306
1.9315232576713,6730405.66673532,2763035.87436773
1.96012369647392,6730844.55993022,2758130.60632289
1.98872413527655,6731284.07977219,2753233.9346607
2.03445311220112,6731561.48529743,2767337.2947948
2.06540606273435,6731529.59761831,2788878.47355941
2.09635901326758,6731496.13699337,2810392.03485964
2.12938701365261,6731857.29530422,2803271.47911604
2.15127329136511,6732243.92722755,2785947.3015016
2.17315956907761,6732633.23616474,2768664.65866411
2.19869743076912,6733087.57925997,2748498.8145196
2.22423529246062,6733289.55332386,2749200.25613382
2.24438524854054,6733325.68225982,2763207.22933736
2.25957652199524,6733346.28620624,2773714.57119475
2.30252502268752,6733404.68156433,2803421.79622425
2.3251426552718,6733688.53460682,2799250.13596725
2.34776028785608,6734101.52477095,2782867.78953939
2.36526913863172,6734423.54894719,2770217.289863
2.41856215684987,6735600.98416152,2728565.15042818
2.45533663638858,6737213.09723531,2686545.92834562
2.49211111592729,6738828.6291604,2644516.12340755
2.50556266919787,6739419.49857081,2629142.06657615
2.51901422246844,6739691.74862029,2635478.95100077
2.53246577573902,6739790.36732686,2657228.1643594
2.54232455454179,6739867.2003221,2673136.11180882
2.56326383692618,6740018.46126358,2706885.5341468
2.60538270431077,6740322.98900304,2774773.53088318
2.62312781290933,6740596.90890413,2780370.41227006
2.6408729215079,6740921.98488052,2771796.11121241
2.65402838600874,6741166.36306601,2765483.44410701
2.69015949391624,6741837.36856088,2748144.12161806
2.7551515071658,6743157.05383108,2732168.82712832
2.82014352041536,6744515.24435809,2726509.48697042
2.86928758315634,6745378.54713437,2734517.05575292
2.90650642766833,6746033.23847036,2740595.12382905
2.97577845202383,6747277.31908223,2740919.24866502
3.04505047637933,6748372.94055211,2746717.50872413
3.11432250073483,6749288.70499371,2761004.24466903
3.12461804660578,6749586.16901842,2754448.03203954
3.13491359247673,6749888.20801997,2747166.54702899
3.1529000171778,6750415.64308713,2734454.17196849
3.21624260705116,6752228.76565973,2692367.28985614
3.22167319738307,6752191.70200151,2700113.17198992
3.22710378771498,6752167.94188508,2708088.76588717
3.23641938433619,6752124.51800878,2721744.41118618
3.26495149057047,6751990.64752732,2763566.70534067
3.29005379826364,6751872.92287146,2800361.99004785
3.3151561059568,6751761.38186013,2836718.25181128
3.31701771810952,6751837.12578332,2834445.10633855
3.31887933026224,6751884.00633915,2831785.88933502
3.32138915521983,6751955.76618961,2828279.53368939
3.32705577454432,6752115.71348792,2820346.9047417
3.34929268105597,6752743.82918923,2789219.50912789
3.38382541546738,6753719.29305642,2740880.69764319
3.41835814987879,6754655.21043729,2697153.15241795
3.42392757004427,6754731.9425509,2700244.95222257
3.42949699020974,6754817.21688984,2703499.76373013
3.43999086612177,6754975.57555255,2709611.92991727
3.47438648278996,6755493.90488625,2729643.36686127
3.5250119998198,6756039.52907952,2762748.45792426
3.57563751684964,6755630.00452931,2812825.04859993
3.61492715633635,6755291.31616896,2851641.50266196
3.62057516053427,6755462.13760542,2844551.34250037
3.62622316473219,6755654.03075962,2834021.40035698
3.63187116893012,6755849.98508235,2823543.96412776
3.64781049185044,6756402.0231154,2793967.00074611
3.71452580514878,6758712.17870073,2670168.26770016
3.72229737357356,6758875.55743434,2670960.59632473
3.73006894199833,6759043.24367116,2675713.64865839
3.73784051042311,6759207.37382139,2680424.14328756
3.76051461198826,6759686.87176199,2694172.75943758
3.86837830358448,6761467.97892216,2749653.20340817
3.90531235103084,6761893.14014844,2765024.34792628
3.94224639847719,6762533.78974577,2760981.86729491
3.97918044592355,6763263.20177091,2747789.11190598
4.01611449336991,6763993.77350908,2734614.01717094
4.02588811857299,6764010.84851544,2741396.79087864
4.03566174377607,6764019.47695925,2749355.87326812
4.05080695425849,6764033.5252113,2761677.64240868
4.09946011918993,6764075.78090333,2801252.09674841
4.11978296358445,6764224.00021822,2810776.231124
4.1265707791051,6764502.46445536,2798948.63055538
4.13335859462575,6764781.22450098,2786995.24554773
4.14640005335142,6765317.87830492,2764042.83835499
4.19074587592704,6767144.01966704,2686000.6954564
4.20655244208248,6767794.90248552,2658183.31557772
4.2153899041277,6768158.81483,2642630.61762287
4.22422736617292,6768241.49508734,2648773.81193658
4.23306482821813,6768252.04664872,2664712.40085183
4.24190229026335,6768256.98855202,2680568.81366698
4.2623727265972,6768268.97819097,2717304.40338325
4.29039641116292,6768285.68764034,2767595.7922616
4.31842009572865,6768312.10178356,2816847.53993668
4.32264464641535,6768405.16413688,2814056.56307005
4.32686919710204,6768477.01753235,2810979.48461278
4.33344324542965,6768592.75789747,2806226.07503521
4.3522299049296,6768924.44147413,2792644.33467255
4.40443325737584,6769845.87976321,2754902.61697466
4.45663660982209,6770886.80450229,2739195.43795721
4.50883996226833,6771960.41231049,2732063.51802386
4.54276911518616,6772436.3630402,2740760.14484104
4.57669826810399,6772812.61082171,2755235.80569004
4.61062742102183,6773188.15170453,2769699.30981762
4.63535322147985,6773655.59919564,2765343.09281548
4.66007902193787,6774209.53926762,2753161.96007089
4.68480482239589,6774764.92163813,2741003.46903555
4.70977866613961,6775325.98921008,2728723.21925941
4.73475250988334,6775534.31020213,2738032.13089702
4.75972635362706,6775522.04479959,2762674.4659981
4.77773690492391,6775527.05386796,2780456.82950556
4.81652718580395,6775513.86312408,2818690.16389163
4.82939093920442,6775599.48569972,2818989.80794726
4.84225469260489,6775700.4896242,2814460.21015814
4.85511844600537,6775803.54082337,2809958.43383805
4.89649224543473,6776134.97650032,2795477.96496396
4.9640955267352,6776474.95920259,2795273.29796801
5.03169880803568,6776724.88509835,2805739.36263287
5.09930208933616,6777063.66121942,2801284.92490659
5.15163395781452,6777702.56698944,2783782.39437961
5.20396582629288,6778602.7601167,2756214.19696297
5.25629769477124,6779203.38806158,2759775.32464688
5.3086295632496,6779671.65148794,2778538.23413793
5.34575259294543,6779973.87057898,2784742.53007048
5.40525592445275,6780424.5352902,2788186.80068439
5.46475925596008,6780090.98038862,2821836.14752968
5.51075645483597,6779581.37710952,2857881.10142958
5.52423173943616,6779476.27039384,2865819.62291587
5.53202099268205,6779655.84477524,2855107.38364116
5.53981024592794,6779823.80945076,2844223.96615722
5.55411150726625,6780132.78887392,2824252.65771989
5.60190720090489,6781167.3673015,2757514.22157438
5.62070209356291,6781574.16527648,2731270.20616129
5.62990771879216,6781548.21853346,2736397.32164744
5.63911334402141,6781479.26773341,2747985.54160465
5.64831896925066,6781406.49346453,2759520.07289992
5.67281413453222,6781213.11872855,2790216.6982428
5.72142399728095,6780829.75052869,2851134.46920391
5.73238935021099,6780834.23181646,2851345.35461997
5.74335470314102,6780845.82569095,2847113.80580539
5.75432005607106,6780859.80409394,2842913.2012588
5.78878574977002,6780903.66654437,2829708.14099646
5.81682292549172,6780939.22970167,2818965.5775735
5.84486010121342,6781718.81024757,2783612.77204293
5.8653818175925,6782492.4475412,2751432.95305342
5.88590353397158,6783255.272447,2719246.59958654
5.91122901037228,6784196.82526818,2679526.02423086
5.92372559550389,6784661.37685171,2659926.20783562
5.93060381273476,6784760.98224829,2663666.89802519
5.93748202996564,6784854.94017717,2671139.05426646
5.94436024719652,6784945.13483634,2678564.95154858
5.96417666094384,6785205.66259279,2699965.91504243
6.0061962338633,6785758.36016148,2745346.13414186
6.04821580678275,6786231.47494203,2770100.41341941
6.08081462822472,6786510.18794019,2776085.86133887
6.10535320009326,6786728.73840331,2780632.02427518
6.18442095532171,6786627.60159088,2817983.53236539
6.24192242314691,6786399.25941226,2840323.90479154
6.28232252176912,6786294.58620555,2836900.34043741
6.33657801740206,6786146.69113662,2833365.07301427
6.41045040293814,6785925.30744857,2834640.91180591
6.42943598182086,6786006.46208736,2829697.2212609
6.44252308444188,6786430.23944072,2809413.53555384
6.4556101870629,6786860.18810363,2789089.48860878
6.48764404919776,6787912.25976855,2739343.69613098
6.51147667212198,6788695.21582033,2702334.46768545
6.52267921130377,6789063.2327969,2684938.19685178
6.53388175048557,6789155.91156314,2688665.90831801
6.54808053305835,6789119.15682186,2711131.67840971
6.55804374645288,6789088.09328182,2726830.75373729
6.58269845686385,6789011.35567489,2765683.68936376
6.69788781887469,6789113.66187304,2817263.13994585
6.7195490352087,6789177.64846287,2811565.40240748
6.7412102515427,6789386.11313198,2803382.883636
6.82478070408463,6790531.55532933,2765382.10844425
6.83805260854324,6790405.22686952,2776071.45617868
6.85132451300185,6790198.32372135,2792415.79646908
6.86459641746045,6789989.39091508,2808728.12811613
6.90535093380518,6789347.69862562,2858820.3623469
6.9202721555941,6789112.82854819,2877160.63838573
6.92810672781929,6788989.49813604,2886790.36969319
6.93304287565874,6789110.23444035,2880830.99945153
6.93797902349819,6789241.89942081,2871717.07043021
6.94291517133765,6789378.14904754,2862660.16396667
6.95647999753977,6789751.50428533,2837761.15011607
7.01136978557306,6791261.64007657,2737005.79189328
7.06126057976494,6791752.53399679,2739833.00457279
7.07499408666642,6791760.48521979,2756354.77488234
7.0887275935679,6791762.57741886,2772791.11409139
7.11917840614532,6791766.95245702,2809237.29966667
7.14912437555469,6792349.54393397,2798046.7851746
7.16683857770962,6792867.32497813,2775331.73688155
7.18455277986455,6793387.6759482,2752678.75631883
7.22677981056993,6794628.5049038,2698677.77224919
7.23646854986707,6794737.48108996,2701164.05078687
7.24615728916422,6794792.06654612,2711555.04933237
7.25584602846137,6794842.69672913,2721886.98847442
7.28078835066791,6794973.19172399,2748489.79331029
7.31584281227247,6795156.92063438,2785878.87786458
7.35089727387703,6795429.71173393,2797868.68557847
7.37488903971003,6795641.49184115,2794077.53336247
7.39888080554304,6795855.85288006,2790322.23854143
7.46785832493633,6796187.1039552,2797303.02916475
7.52016656959202,6796256.31160479,2814453.95436738
7.56071608469847,6796308.34478747,2818211.23301241
7.60126559980492,6796355.4556863,2818436.01699651
7.62762701656236,6796386.39324959,2818586.15817896
7.64419856555047,6796686.43602496,2806777.92125333
7.66077011453858,6797049.79031315,2791778.55930034
7.6773416635267,6797414.01505208,2776793.826269
7.71938727524852,6798338.23571807,2738774.05500835
7.76143288697033,6799278.27881691,2727164.23432782
7.79290108058541,6799996.34418871,2726145.58695808
7.82436927420048,6800713.05674009,2725109.36558521
7.85076411270851,6801014.88678765,2737724.94359399
7.87715895121654,6801203.00819019,2755965.35259617
7.90355378972457,6801390.29255383,2774190.44844682
7.92884715974832,6801569.6429288,2791654.7865954
7.94346146504393,6801824.27400236,2787821.88408004
7.95807577033954,6802106.30431823,2779951.92644203
7.97269007563515,6802389.84517828,2772103.01021463
8.02404923204819,6803386.3961012,2744518.57133434
8.05068672756273,6803626.19015936,2751818.32036204
8.07732422307726,6803763.1814787,2768542.36738899
8.1039617185918,6803898.55905083,2785241.05163175
8.13693487058076,6804151.80560261,2799898.59256352
8.1501286321163,6804397.95082987,2791883.85200049
8.16332239365183,6804651.61346375,2783831.497708
8.19586006082606,6805276.77058935,2763975.46262194
8.34507760857988,6808122.82295123,2743140.90915028
8.35699894060387,6808082.44084599,2755888.35084523
8.36892027262786,6808046.72449996,2768719.81943801
8.39577000161743,6807966.64245976,2797615.84459646
8.41853234392592,6807898.38240916,2822111.90049285
8.43069694909975,6807861.92341662,2835203.13453113
8.43906951131122,6808004.53259148,2831481.56886459
8.4474420735227,6808183.74589929,2822521.42161978
8.45581463573417,6808366.21759012,2813608.25271511
8.47934577541946,6808878.89990882,2788553.27518929
8.52455626306906,6809863.49454365,2740413.78185405
8.54916650391936,6810335.61196673,2732485.49605945
8.57377674476967,6810793.59799467,2736236.19553747
8.59320489538174,6811151.93786397,2739167.5730878
8.63594735719218,6811914.34620363,2746365.65190066
8.6638414306364,6812085.48145849,2761402.14397099
8.69173550408062,6812256.62689532,2776469.64998094
8.77326793813178,6812355.20616858,2816402.58011077
8.81420476498762,6812183.9370172,2834212.36743714
8.84027708746381,6812144.18413964,2840569.99114578
8.86634940994,6812356.87302336,2826971.73597289
8.88687511582607,6812522.6693277,2816241.5309613
8.93255773284346,6812891.38969689,2792359.69545454
8.96010992791391,6813668.69161868,2766518.84230073
8.98766212298436,6814499.33478368,2739509.58125107
9.03206533853125,6815834.86345029,2695980.22227444
9.04486952503017,6816150.48845518,2695663.54812275
9.05767371152909,6816461.18685604,2699202.06899362
9.07047789802801,6816770.12977697,2702717.57597059
9.11461274186885,6817834.98134577,2714836.8482728
9.21265726714085,6819422.50111699,2754948.36516842
9.2687546717748,6819365.26896754,2801398.95701272
9.32485207640875,6818709.552975,2863339.71929001
9.33568347871764,6818582.80294851,2875295.75728914
9.33952025749032,6818702.54598181,2869834.36193568
9.343357036263,6818810.38954409,2863103.91696637
9.34850192242479,6818957.39281153,2854128.91219006
9.36170507769166,6819337.60112124,2831098.32981442
9.41710887768489,6820932.23712525,2734453.14733498
9.47123564401564,6821994.34446182,2720879.26746676
9.48766371123205,6822243.50862935,2731224.8289717
9.50409177844846,6822488.65381324,2741506.25927512
9.54357017771843,6823049.04849163,2763680.83983583
9.5830485769884,6823422.638753,2772967.62058756
9.62252697625837,6823799.5453495,2782247.81369065
9.67639811619134,6823653.33942825,2813963.03212503
9.73026925612431,6823245.37721358,2853452.28394561
9.75489563357287,6823261.83142476,2851076.75426782
9.77952201102143,6823354.16252257,2839106.47960378
9.80414838846999,6823448.33408194,2827163.98580111
9.88088720138432,6824003.59601131,2799394.96752773
9.92271424546468,6824422.34521253,2788358.52588656
9.96454128954504,6824582.34761768,2794882.47230313
10.0202752053184,6824590.00720591,2818717.31834934
10.0601490562414,6824456.21986013,2832636.1500103
10.1123564082615,6824114.08595241,2847188.63062264
10.1407771644304,6823944.42471888,2854318.40044583
10.1505304875064,6824058.49358346,2846981.13159893
10.1602838105824,6824167.86536165,2839543.70724334
10.1810396850705,6824400.24695711,2823721.44518428
10.2161629038256,6824794.45661646,2796949.59068457
10.2351690575465,6825007.73975635,2782462.43889689
10.2541752112673,6824972.36313545,2789215.55415728
10.2688145693089,6824868.86716993,2800158.67837868
10.2834539273504,6824775.98175098,2811097.99242044
10.3307082299281,6824475.76494294,2846409.80469343
10.3560257013316,6824557.23723757,2844439.69719646
10.3813431727351,6824781.26533923,2827809.86396442
10.3998486774162,6824946.92206077,2815684.48812901
10.4360417509134,6825271.24919526,2791969.99256745
10.4589457357724,6825465.34990896,2788871.56193609
10.4818497206315,6825665.10529203,2789175.71285822
10.5047537054905,6825864.00354893,2789468.9123091
10.6023228992769,6826747.6161017,2788442.05710727
10.6538411630811,6827352.80914675,2781948.852369
10.7053594268852,6828377.37719299,2757877.92609247
10.7568776906893,6829410.22095335,2740192.27881245
10.7954505772925,6830209.10460818,2738856.27334824
10.8318873427215,6830962.91297113,2737593.06696122
10.8683241081505,6831038.45767927,2766282.42020178
10.9047608735794,6830829.47498368,2808353.76060865
10.9319368298181,6830672.58836657,2839712.84944784
10.9598215040133,6830965.76289611,2833872.28673148
10.9767117241702,6831300.25844711,2814824.99613415
10.993601944327,6831639.01474756,2795844.20923433
11.033768475914,6832445.321763,2750705.45909116
11.0548565493689,6832686.01232175,2747464.55925087
11.0759446228239,6832816.8164099,2760620.30617573
11.0908994410857,6832907.0052675,2769910.70308553
11.1330629542344,6833160.88325951,2796104.90133685
11.1549585864922,6833625.73825506,2788416.7836769
11.1699493487194,6834110.78491627,2770678.39217598
11.1849401109466,6834599.40641614,2752999.76345877
11.2221923128247,6835814.19420702,2709066.54323469
11.2388510644989,6836357.2502785,2689419.66506302
11.2555098161731,6836610.43156245,2695322.30907738
11.2721685678472,6836764.4098956,2713110.13380562
11.2852849720109,6836882.93928926,2727074.50629608
11.3221033288663,6837215.34671534,2766275.082762
11.3405154415977,6837381.71786917,2785878.83365303
11.3530187879732,6837577.61546103,2786688.35145061
11.3655221343488,6837786.13254515,2782398.23905369
11.3780254807243,6837996.8408339,2778138.26113673
11.4174353479096,6838661.17873856,2764709.39648177
11.5189203896552,6840808.45152978,2735715.08646692
11.6204054314008,6842933.56670289,2737242.16625234
11.6936458452212,6842863.57714401,2806566.18609945
11.7225112817348,6842531.51414344,2846180.763733
11.7387047840986,6842344.36142379,2868387.34668457
11.7548982864624,6842479.19027635,2865837.65375978
11.7665794752373,6842728.78209751,2848770.89692492
11.775198886915,6842917.3895524,2836247.1919407
11.7960001652425,6843372.7842931,2806018.78035474
11.8267144633972,6844044.53327736,2761383.16288676
11.8414705132048,6844367.28799278,2739938.99424406
11.8562265630124,6844513.52106371,2740053.8624519
11.87098261282,6844611.91213938,2750149.28015393
11.8857386626276,6844706.9116051,2760195.5592164
11.9248700450857,6844958.36320125,2786838.65075843
11.9800375177611,6845233.28166932,2805746.33874328
12.0352049904366,6845443.07897842,2812017.18466495
12.0770233539519,6845708.55642677,2808916.07223556
12.1188417174673,6846012.15320459,2802674.02456032
12.1474996186783,6846232.24786821,2798006.62601191
12.1586063057455,6846551.76570778,2787535.50319613
12.1697129928128,6846867.90489032,2776983.75559132
12.195024196012,6847587.72569387,2752941.14351051
12.2350357598071,6848726.42915085,2714936.73621981
12.2460910442898,6849041.03960996,2704435.9795906
12.2528317586734,6849068.41551071,2709905.21009157
12.259572473057,6849089.00254095,2717527.38004332
12.2685442947838,6849118.38438033,2727641.63359603
12.2927800317989,6849191.53324613,2754955.72146347
12.3388741038311,6849331.09283029,2806905.7086814
12.3698275560054,6849157.9290042,2828952.50086874
12.4007810081798,6848861.76389589,2845514.61738714
12.4317344603541,6848566.79977083,2862089.29286747
12.4896787182305,6848158.45701621,2865031.66685651
12.5476229761069,6847796.64915635,2856884.33018255
12.5541010435319,6847995.24907767,2846934.51123435
12.5605791109569,6848198.23689485,2836233.89727259
12.5713920639026,6848536.03701581,2818391.70821372
12.6040810684776,6849561.29073137,2764459.57512245
12.6488041581914,6850963.73772821,2690672.13659598
12.652871521369,6850960.3191713,2694839.45048157
12.6569388845466,6850978.06188015,2699938.63255083
12.6625576461028,6850999.77417879,2706934.43769819
12.6777324392096,6851055.45323666,2725829.45783539
12.7448751073752,6851302.70395123,2809434.5662562
12.7574676058036,6851600.19927664,2804637.22125532
12.7700601042319,6851985.52246202,2789346.53586319
12.7826526026603,6852374.7612908,2774116.04454035
12.814166291799,6853349.38585858,2735998.13896396
12.8399304150418,6854145.85002752,2704833.93328608
12.8656945382846,6854269.11299799,2720913.95396376
12.8758379645902,6854169.5677814,2739521.28994852
12.8859813908957,6854064.28740599,2758038.26641227
12.9085545993695,6853829.52718104,2799251.16782185
12.9414662518078,6853488.05615072,2859341.15903038
12.9487449144158,6853412.52196123,2872630.4605239
12.9533894790936,6853577.25145162,2867457.52417744
12.9580340437714,6853768.93396301,2856438.70328287
12.9626786084491,6853967.38134297,2845516.34436575
12.9733025707454,6854420.30114764,2820517.39147877
13.0116270892027,6856052.68353621,2730334.69224927
13.0391596764617,6857225.48757636,2665547.12755614
13.0478998976298,6857597.78895936,2644980.29598156
13.0566401187978,6857738.35337457,2646326.89616099
13.0662745362397,6857814.54865937,2662045.60546145
13.0759089536816,6857885.11919581,2677660.96817663
13.096413290768,6858034.96152458,2710901.28805269
13.1475432567123,6858410.04272079,2793792.25407688
13.1787621586885,6857844.97066787,2833386.66403833
13.2099810606647,6857174.8238611,2871560.09736235
13.2340612249299,6856655.30092714,2900999.36556266
13.2459632086999,6856399.41028425,2915552.63285421
13.2578651924699,6856482.51037465,2908724.63400794
13.2697671762399,6856762.84330851,2885390.70558203
13.2783987212119,6856970.4284947,2868539.72415811
13.2991083573464,6857468.9062916,2828104.64784592
13.3250459429666,6858092.56027831,2777460.56874232
13.3509835285868,6858716.27425884,2726816.6889269
13.3567183785262,6858711.98121187,2729609.00249339
13.3624532284656,6858712.21087536,2735902.15510883
13.368188078405,6858707.88033226,2742141.32421416
13.3843254681394,6858696.33999133,2759706.63632489
13.4527485289838,6858648.46290562,2834185.85833282
13.4596461144399,6858733.98209766,2831265.85905464
13.4665436998961,6858808.96311835,2827756.62885246
13.4781962109024,6858935.0677263,2821844.92803863
13.5141711996771,6859328.37599051,2803601.19420578
13.5517525843616,6859739.06352822,2784542.19414005
13.5662770255247,6859842.55650933,2786020.26869515
13.5808014666878,6859946.11859076,2788414.13669162
13.6056482075233,6860125.88929454,2792506.08891495
13.6666252595333,6860613.71038517,2798820.55450844
13.7276023115432,6861220.48842229,2790668.37878458
13.7885793635532,6862327.11813537,2766624.21677119
13.8495564155632,6863784.91852273,2729394.51227543
13.8707460478794,6864026.61281789,2736591.01249015
13.8919356801955,6864214.30764509,2751014.22987436
13.9131253125117,6864400.34859979,2765412.56833196
13.9824932313205,6864674.40380416,2808936.03576174
14.0518611501293,6864407.22210179,2846852.17004662
14.0659768891496,6864557.83780795,2840106.87850102
14.08009262817,6864758.34004273,2829013.7109164
14.0942083671904,6864960.38356356,2817943.84712513
14.1423604383898,6865649.94832161,2780181.12582614
14.1739609151522,6865950.39600388,2775616.04543379
14.2055613919146,6866156.6533444,2786705.19123789
14.2281722074048,6866302.59071437,2794614.6867658
14.3009105881141,6866325.87845006,2823487.18868107
14.3455281170145,6866169.1886695,2842511.15475582
14.3584047904098,6866189.99229171,2844856.28797144
14.3661009794661,6866493.44600958,2830578.6613926
14.3737971685224,6866786.28899023,2816135.28999263
14.3881877161158,6867333.39545882,2789139.88875325
14.4368406757903,6869186.4153974,2697877.63210531
14.4505531575257,6869708.62735929,2672155.88872714
14.4563518421542,6869929.46459289,2661278.78622108
14.4599995727582,6869868.65979705,2666910.71862512
14.4636473033623,6869809.73476958,2675939.37393507
14.4672950339663,6869749.4198442,2684889.18876132
14.4752313087565,6869613.59393468,2704369.44913599
14.5050374325961,6869104.19652457,2777530.86016279
14.5274626893088,6868720.85561101,2832575.13617183
14.5498879460215,6868337.5330502,2887619.47730328
14.5577150383728,6868247.89125033,2903686.51692427
14.5595672626769,6868335.87431622,2900105.94393417
14.5614194869811,6868388.66785778,2896078.77251312
14.5638268028276,6868466.03395248,2890932.07515815
14.5690376485845,6868632.4797882,2879774.40479263
14.5887613314574,6869262.40597726,2837542.95097017
14.6185498965781,6870213.93792467,2773761.5521051
14.6483384616988,6871165.43775975,2709980.03694545
14.6593372634374,6871471.5887885,2690781.74905738
14.6637094851768,6871476.97174291,2695876.57809272
14.6680817069163,6871501.32362518,2701214.78318037
14.6753957731869,6871539.70677016,2710113.09495563
14.6975683938217,6871653.63677023,2737087.71816317
14.7583865542566,6871960.06221641,2810911.89109577
14.7794874024937,6871685.50184028,2827426.96373532
14.8005882507307,6871406.1525222,2843898.12792765
14.8572711569224,6870655.0619809,2888143.6115466
14.8667499314304,6870791.46427845,2879049.9160115
14.8762287059384,6870963.60963026,2865932.66023835
14.8857074804464,6871138.27778176,2852850.05734033
14.9148799788601,6871676.060512,2812583.45696103
14.940212169174,6872142.80328878,2777617.00798001
14.9546052538082,6872408.01682109,2757750.06985788
14.9689983384423,6872449.2235796,2760441.0444884
14.9833914230765,6872423.75567616,2773507.95765523
14.9977845077107,6872394.78526396,2786522.53781711
15.0353400270293,6872318.5037601,2820482.58086355
15.0915419676887,6872374.11165311,2835234.71672302
15.1249606903888,6872466.63720587,2828226.30338473
15.1583794130889,6872561.46670939,2821251.5747705
15.2554689040232,6873366.65424421,2797748.12156179
15.2742526574329,6873242.58591559,2808229.58583857
15.2930364108425,6873040.47293733,2823680.47498835
15.3118201642522,6872837.20490882,2839111.95467026
15.3466213771229,6872460.29987581,2867702.15452093
15.3814225899937,6872232.83932084,2874158.82557632
15.4162238028645,6872085.91219064,2864741.43682989
15.4410698939641,6871952.57023993,2857983.99420768
15.492005910945,6872005.04795567,2840599.33754608
15.5652841515146,6872346.67273738,2813143.14062662
15.6091620508592,6872640.36465643,2808794.55679718
15.6530399502038,6872938.5886499,2804473.77948463
15.7117618577727,6873357.29621325,2802742.57818805
15.7471474376268,6873611.5993611,2802144.96101931
15.7825330174808,6873168.23663954,2830572.32917855
15.8053181830478,6872570.70831312,2862646.96006007
15.8281033486148,6871971.04608256,2894678.56287181
15.8472832705361,6871465.70616859,2921640.93249197
15.8584909720303,6871170.63055673,2937396.81071042
15.8696986735244,6871305.638821,2926873.30928763
15.8775248181261,6871556.50038534,2906447.78253337
15.8853509627277,6871814.75485886,2886143.1233471
15.9016150382342,6872352.01429635,2843938.43659294
15.9598413884595,6874272.5656526,2692836.94789439
15.9678021572881,6874341.8873633,2691167.07705915
15.9757629261166,6874350.916098,2702968.52291555
15.9821008492846,6874351.77312681,2712268.60610114
15.9964667708034,6874353.94090227,2733360.30460245
16.0528621577599,6874364.57558064,2816161.44332884
16.0885033414077,6874241.47990555,2838787.99827933
16.1241445250555,6874038.87296564,2847664.11235144
16.1506202232311,6873889.95345451,2854277.80699527
16.2104348159095,6872996.61289932,2880748.69240132
16.2489077354579,6872319.53402482,2899939.37937386
16.2618457588109,6872091.80000874,2906391.70888358
16.2747837821638,6872279.04187671,2890861.80548002
16.2844225184385,6872498.8150365,2873698.66077272
16.2940612547131,6872721.41720649,2856579.91223941
16.3214181706686,6873353.57759307,2807989.97678666
16.3447591505903,6873892.62612096,2766532.20256989
16.3607297781757,6874261.49195035,2738165.60836442
16.3718201853073,6874335.9486943,2737103.67877078
16.382910592439,6874349.32963811,2748382.77105337
16.3940009995706,6874354.77583249,2759578.71625429
16.419760259859,6874366.7966136,2785587.08432621
16.5297885962067,6874009.58455587,2849213.82246904
16.5673957086036,6873820.17084616,2857581.79095252
16.5769354193616,6874020.55856356,2846744.64769295
16.5864751301195,6874212.46762924,2835769.60141553
16.6050834085528,6874585.78834862,2814367.95426951
16.6493448341594,6875476.04000784,2763467.027262
16.693606259766,6876106.45356009,2755084.96274379
16.7155627444443,6876360.78958046,2763861.91071647
16.7375192291227,6876609.54300878,2772591.81525813
16.763815588553,6876906.93698729,2783046.81155179
16.7797858583563,6876672.59030687,2801298.85083642
16.7957561281596,6876378.35940046,2821561.54406408
16.8177697346616,6875971.89589881,2849477.81941192
16.845085978949,6875467.4066763,2884118.22793991
16.8618335784703,6875158.17927097,2905356.5260926
16.8785811779915,6875123.12262847,2901293.00745138
16.8953287775128,6875179.64031665,2885493.48647606
16.9086278177194,6875227.18200934,2872987.51867235
16.9461478923145,6875361.95668608,2837704.2436191
16.970387245943,6875392.64475316,2819633.75931514
16.9849086516096,6875288.23032087,2826571.21696548
16.9994300572761,6875176.15586147,2833565.59049663
17.0326962123547,6874920.61299072,2849587.39805562
17.0571404784506,6874732.35095826,2861359.21081652
17.0815847445465,6874936.79208697,2850944.30383
17.1005098543026,6875274.74424046,2828712.41135056
17.1147288837751,6875543.95000788,2812073.02402792
17.1536989078091,6876282.25847577,2766468.74925837
17.1937788407094,6876486.69540151,2773003.5247234
17.2096947044747,6876460.69443565,2787590.3394467
17.22561056824,6876431.0771726,2802121.8360411
17.2662318440031,6876354.63187064,2839210.67122279
17.2804763140332,6876374.46403152,2840255.17980932
17.2947207840634,6876392.50153593,2838244.10561166
17.312099029643,6876416.07715564,2835810.65038707
17.3738463445472,6876504.51093705,2827594.58273502
17.4887415401952,6876869.17424044,2819574.58658475
17.5703560929687,6877400.92501519,2805430.8185433
17.5830557452381,6877729.87214547,2794535.77465593
17.5957553975075,6878055.11250885,2783566.80020715
17.6256363545827,6878819.40054068,2757760.53018586
17.6646941239401,6879819.16376802,2724030.31997364
17.6843590557744,6880190.6303709,2724809.50426474
17.7040239876087,6880530.06022794,2732385.67865042
17.7236889194431,6880867.74977567,2739936.62283585
17.7638769126978,6881557.48300676,2755368.09952645
17.7903550645756,6881549.38083015,2778237.90012367
17.8168332164533,6881376.34831805,2805905.44449998
17.8433113683311,6881202.81044034,2833560.03597759
17.8634625862407,6881070.5650137,2854606.32107015
17.8836138041504,6881161.3158687,2853836.78703258
17.9049629747252,6881364.22996071,2838770.03816852
17.9263121452999,6881571.98866184,2823754.57126278
17.9823283151474,6882114.67485436,2791580.19319338
18.0228121700686,6882507.46497618,2791568.85903698
18.0517912505278,6882790.05033494,2791579.78795237
18.1526367906186,6884062.35411569,2778991.49482899
18.2534823307094,6885710.26076481,2762151.53388581
18.2767513574374,6886009.76094364,2762930.56304672
18.2921851791864,6885880.82156208,2779990.56105578
18.3076190009354,6885755.50164863,2797112.88917043
18.3455413609429,6885448.60157436,2839183.01380677
18.3643607367864,6885296.01713595,2860060.10609637
18.3723545191179,6885231.22290238,2868928.00614131
18.377351783559,6885374.91563572,2862781.00925054
18.3823490480002,6885517.42037635,2854489.58995904
18.3888863770633,6885708.81196269,2843699.547646
18.4069588829073,6886237.76280595,2813863.64719463
18.4351792209085,6887063.13020444,2767273.52196472
18.4633995589097,6887888.56382135,2720683.58156106
18.4714053399106,6888122.72936291,2707466.55742114
18.4794111209114,6887919.14800777,2719723.42848566
18.4874169019122,6887568.45409425,2745201.47186848
18.4937453217498,6887285.25256871,2765245.32320978
18.5080482962652,6886645.1626133,2810557.86506242
18.5636385813065,6884159.77573006,2986674.27064918
18.5707149968038,6883843.37028603,3009093.07921652
18.577791412301,6883814.25141483,3010269.14580951
18.5828999290255,6883893.09122589,2996608.30307175
18.5869808937115,6883966.33741718,2985856.73721547
18.5946172330416,6884102.42635143,2965715.54585342
18.6195731583069,6884544.18298727,2899888.29570163
18.6715610839532,6885464.88009876,2762759.02302421
18.6808971424906,6885638.85421792,2754583.77971544
18.690233201028,6885851.9195564,2752675.51729727
18.6995692595655,6886060.83860964,2750716.42651505
18.7252182656643,6886634.59937095,2745338.44479749
18.757539981117,6887358.09117843,2738562.22544658
18.7734433410834,6887714.04763544,2735228.02605162
18.7821002055175,6887561.82899624,2749006.98296893
18.7907570699516,6887354.93152026,2766559.00523937
18.7994139343857,6887145.59937892,2784074.79598188
18.8262218292911,6886497.16588588,2838320.01832679
18.95738169725,6888487.97569836,2710581.26174592
18.9645189963154,6888749.58815666,2690772.47511654
18.9716562953807,6889021.0701589,2671107.73275679
18.9803270469183,6889222.15078655,2665808.75669267
18.9889977984559,6889409.66792025,2673039.31671743
18.9976685499935,6889587.30925191,2680164.21727057
19.016703029404,6889976.91762546,2695813.36281514
19.0928263538831,6891139.21956902,2761356.82111125
19.1689496783623,6890995.87402193,2836619.80925158
19.1903418363283,6890980.18331149,2843091.59295339
19.2117339942943,6890959.72845026,2842127.88877322
19.2331261522604,6890941.0728664,2841188.93218016
19.2681476770254,6890910.94299741,2839652.18033313
19.3031692017905,6891416.59905626,2815761.23987195
19.3295414469435,6891927.19428636,2791956.23388088
19.3559136920965,6892438.61217769,2768167.06722609
19.4036141902343,6893385.57014478,2747676.49612123
19.4362433486794,6894058.14972386,2746041.86520537
19.4688725071244,6894728.74655414,2744380.12567804
19.5338891767469,6895884.48686187,2752207.22468687
19.5989058463694,6896783.96643477,2768727.19879053
19.6448967527153,6897100.43369575,2790345.48530497
19.7016748841052,6897091.30701871,2823207.43733606
19.7456367364547,6896652.94366667,2855422.74763378
19.7895985888043,6896167.21861871,2881323.60880645
19.8229607710822,6895686.8727865,2887492.05039704
19.8653586465428,6895075.80062215,2895323.96761918
19.9026791720839,6895423.26555021,2859601.80903437
19.9256250740164,6895936.74441636,2822273.7378961
19.9485709759489,6896451.66247156,2784992.02907806
19.9720015379703,6896978.14847884,2746923.54898108
19.9875589759374,6896997.24029524,2748350.86743175
19.9977116611983,6896873.40810132,2764135.94241581
20.0078643464593,6896742.95888714,2779815.69509451
20.0296256962329,6896462.36049241,2813429.21258984
20.061948033418,6896046.78430177,2863357.91223468
20.0795953644923,6895819.8401681,2890617.79526657
20.0863372842231,6895735.27420835,2891880.13842297
20.0930792039539,6895636.23957638,2892371.04490732
20.1044476632723,6895467.90455392,2893215.53390379
20.1387789060859,6894964.629292,2895775.11621961
20.1699286370219,6894507.77453852,2898096.75828252
20.2010783679579,6894578.09200751,2876279.24127431
20.2322280988938,6894926.83130261,2842753.26697306
20.2566883804422,6895163.13660111,2816381.88526732
20.276763896189,6895371.9836112,2794765.095958
20.2907863024235,6895433.55808283,2793200.96886703
20.304808708658,6895479.24749809,2797776.80341285
20.3188311148925,6895522.69520004,2802320.82055464
20.3624778361913,6895657.39438116,2816465.79276087
20.4060778179023,6896314.07569173,2799825.00716376
20.4336177181188,6896958.79491981,2774739.94457321
20.4611576183353,6897605.64644712,2749692.83046402
20.4756298593806,6897946.00374101,2736531.11374824
20.4901021004259,6897927.89889084,2745135.65648837
20.5045743414711,6897673.68105288,2771585.89171036
20.5148354578968,6897489.86802921,2790277.7964183
20.5405954793297,6897027.64707701,2837206.30441986
20.5615994913979,6896651.22327422,2875471.39854916
20.5826035034662,6896299.99227463,2911666.77227186
20.584605349098,6896367.85985041,2908708.32795101
20.5866071947297,6896402.30152538,2905318.78335768
20.5892605156801,6896455.744525,2900907.75472329
20.5951714138388,6896574.63291959,2891066.77905283
20.6180065847454,6897033.46416624,2853049.31955129
20.6521905563804,6897720.51589979,2796138.21999387
20.6739518528735,6898157.8670023,2759908.90721392
20.6957131493667,6898316.07268509,2757558.03186566
20.7112527294203,6898343.86899541,2770511.00491561
20.7267923094739,6898366.44635685,2783394.79221092
20.7641313263191,6898419.57822637,2814353.53814367
20.8052540759946,6897810.69389929,2857860.00498409
20.8463768256701,6896636.52633713,2909464.0265234
20.8722010008606,6895899.16834393,2941861.69958262
20.8819321977636,6895621.18898948,2954069.68411473
20.8886090541834,6895667.94776065,2948023.13732594
20.8952859106031,6895779.13676673,2934851.40526092
20.9019627670229,6895895.32770535,2921757.70505868
20.9184105973391,6896181.79402787,2889494.69321174
20.9818530963519,6897284.55838157,2765045.43250442
20.9929736154831,6897452.38777997,2758931.45059707
21.0040941346142,6897640.13931094,2759399.76165307
21.0152146537454,6897824.5203316,2759824.25372077
21.0468532496863,6898348.65646856,2761034.70482863
21.080306526046,6898903.23853911,2762315.31362304
21.1009632373829,6898923.01561584,2776474.91143457
21.1216199487198,6898856.03139624,2794709.83289143
21.1422766600567,6898788.27161529,2812930.26723908
21.2239750262569,6897974.19485333,2873836.12516823
21.2842203546284,6896923.72489523,2909656.57921493
21.2949165947985,6897004.22557129,2899958.28811748
21.3056128349685,6897119.57527761,2886773.86208451
21.3163090751385,6897236.8546719,2873616.15084448
21.352130537469,6897629.97446536,2829549.59739174
21.3750028385408,6897880.80848202,2801412.31456834
21.3858528747994,6897999.81496315,2788064.76373539
21.3923831558869,6897967.66653489,2791590.40481579
21.3989134369744,6897949.06075296,2795603.18168041
21.409930280952,6897918.34367706,2802353.55362805
21.4437229707032,6897819.45398722,2823052.49203353
21.4789203330656,6897716.68715719,2844612.49640729
21.5029144687195,6897724.520405,2845995.8936347
21.5269086043734,6897753.50842903,2841650.09647578
21.5509027400273,6897783.67093814,2837321.34015337
21.6400437692271,6897710.77491567,2838719.08030734
21.7291847984268,6897717.29801012,2837223.50605643
21.7772206086415,6897835.92565902,2827422.1137486
21.8252564188561,6898406.96623721,2805845.58944788
21.8732922290708,6899091.31172315,2781205.71512787
21.8854902734627,6899265.1374222,2774949.87716584
21.8976883178547,6898975.46634731,2791698.71478056
21.9098863622466,6898529.83188541,2818262.94410326
21.9220844066385,6898080.7893585,2844768.26646669
21.9533106462712,6896930.35705485,2912622.26062317
21.9899787097981,6895635.77880613,2987954.01888384
21.9911931622558,6895692.30707121,2985646.29899117
21.9924076147136,6895704.8071603,2982740.71182139
21.9939166093812,6895732.22792698,2979267.46750267
21.9968683981995,6895783.02213332,2972437.51463899
22.005945553609,6895939.87754544,2951442.06283175
22.0484349127444,6896674.56363501,2853165.01289319
22.0870205167907,6897341.67374821,2763917.01730953
22.0940133148529,6897307.03053121,2764425.53158601
22.1010061129151,6897257.73452326,2772180.41131132
22.1079989109773,6897202.8227754,2779857.56535693
22.1251780495656,6897067.8702074,2798726.34760011
22.1670251096848,6896740.40064111,2844691.36341029
22.1837038156144,6896609.84201034,2863011.21188862
22.200382521544,6896958.69114091,2849799.87283442
22.214368229083,6897455.35041607,2822068.83244504
22.2283539366221,6897957.1331506,2794423.1752281
22.2597014810968,6899083.14003888,2732456.3804974
22.2783408537544,6899752.19972922,2695609.76808496
22.2881184046151,6900103.19727459,2676281.44249074
22.2948423380258,6900231.68971251,2676308.03668034
22.3015662714366,6900355.12713974,2682051.48003673
22.3082902048473,6900473.85335909,2687730.75042729
22.3259907665936,6900786.52409437,2702689.71959649
22.3756491653617,6901664.82950579,2744658.00049696
22.4253075641298,6901115.01051991,2819312.37319925
22.4749659628979,6899933.236761,2908785.18546037
22.4870631683653,6899645.18875376,2930576.66894386
22.4991603738328,6899814.3682249,2919728.16641894
22.5112575793003,6900147.90918413,2892278.83948773
22.5199916365611,6900393.34963229,2872532.9941411
22.5409842542908,6900984.00343411,2825068.77381088
22.5646775282072,6901649.89931806,2771496.88031264
22.5883708021237,6902315.87009954,2717925.1963249
22.5975936860485,6902238.19007648,2722215.31726335
22.6068165699733,6902014.31400801,2743925.62415123
22.6135358170742,6901845.02462656,2759644.08401541
22.6285550747723,6901466.36624829,2794789.34976922
22.6873923183841,6899985.71610853,2932473.19532637
22.6993341507447,6900178.62242441,2924110.54852158
22.7070210041312,6900447.90379956,2903219.55180173
22.7147078575178,6900726.67604632,2882476.25174558
22.7297855019358,6901274.38857275,2841779.04748243
22.7814807718726,6903148.55737936,2702237.30393794
22.7929578521201,6903564.6973752,2671257.19870297
22.7955621048199,6903623.49105216,2671214.02022747
22.7981663575197,6903714.1448149,2671668.18380413
22.8017645546508,6903833.20881868,2672230.68361882
22.8107410298245,6904129.35708733,2673644.37926019
22.8480024667668,6905359.44079323,2679512.51677769
22.8807937109795,6906441.8608693,2684676.48327271
22.9135849551921,6905696.13996504,2763194.33960669
22.9255210907399,6905056.21728111,2807986.27174763
22.9374572262878,6904407.17471815,2852670.14245046
22.9629214906398,6903021.11274949,2948000.40697237
22.9920759297084,6901435.2192952,3057147.84731428
22.9956384341483,6901591.59556056,3049246.32005924
22.9992009385882,6901765.93260946,3032335.20863888
23.002763443028,6901954.3013236,3015620.72740679
23.0090899204371,6902286.970532,2985908.72114868
23.0284317077165,6903301.34010097,2895067.72672181
23.0499217770123,6904428.68317242,2794138.06677132
23.0714118463082,6905555.97013297,2693208.22633144
23.0852719346947,6906283.0230557,2628113.22111181
23.0910266711418,6906584.89649795,2601085.64443787
23.0967814075889,6906537.42425132,2603764.65503629
23.1017543768035,6906434.07835181,2621010.53222984
23.1067273460181,6906319.83285048,2638041.70127623
23.1156664439614,6906115.52639059,2668683.48768807
23.144086139405,6905469.18067797,2766102.59241111
23.1654868946163,6904982.2918092,2839461.3146744
23.1868876498277,6904495.43276784,2912820.11632805
23.1928999543742,6904358.65699849,2933429.46306878
23.1940370322989,6904433.53041381,2932159.16888239
23.1951741102236,6904456.70010802,2929514.88101886
23.1963111881483,6904490.13115014,2927018.577381
23.1985035911366,6904551.00850901,2922155.37751332
23.2047312566945,6904725.44961184,2908354.41801084
23.2328594269063,6905513.5538168,2846019.35589436
23.2812595169584,6906869.48284301,2738759.08175548
23.2905716015297,6907130.3668716,2718122.42901677
23.2998836861009,6907128.73955539,2720216.59169527
23.3115086406774,6907011.78597269,2740468.33668295
23.3231335952539,6906887.55166878,2760613.15695458
23.3478473258986,6906622.15651769,2803443.69702944
23.3838480922263,6906236.80805941,2865837.64008821
23.3934138724742,6906134.39284179,2882416.28604435
23.398567345045,6906282.22464723,2876006.66027391
23.4037208176157,6906419.95543124,2867129.76482023
23.4101635643052,6906598.08444601,2856095.82745971
23.4274548496393,6907076.02562454,2826475.09462805
23.4617295264897,6908022.49027124,2767759.37615522
23.4960042033401,6908877.10066307,2716276.40097577
23.4983633385329,6908814.91049222,2720493.23134276
23.5007224737258,6908782.33838336,2725099.56713168
23.503971886332,6908731.08843254,2731374.26428068
23.5118441390529,6908606.30036425,2746587.58908325
23.5438997783518,6908098.90694296,2808535.7246192
23.5901767305454,6907366.25170503,2897966.43359757
23.5993476538166,6907538.12844212,2893410.95907633
23.6085185770878,6907866.3684909,2871846.03712016
23.6152998429177,6908115.04486631,2855997.21050115
23.6305599047999,6908675.14686758,2820323.05876263
23.6899120902748,6910850.61072483,2681567.66996043
23.7059286313049,6910814.35253164,2695344.29122466
23.7160023164101,6910653.20246909,2719665.91409074
23.7260760015153,6910484.47035675,2743871.83534501
23.7471068752391,6910131.10289778,2794412.90364712
23.7680089098585,6909780.82825909,2844645.91825554
23.788910944478,6909430.46213967,2894878.6485779
23.7953427852759,6909349.11675082,2908663.77914682
23.7962865683996,6909426.93759923,2906603.78173481
23.7972303515234,6909460.06166931,2903909.32826572
23.7984470669227,6909514.5362167,2900595.31172975
23.800863424841,6909619.66539088,2893968.30759761
23.8080969686096,6909935.12710749,2874140.97280612
23.8417706404089,6911404.10165701,2781840.03969093
23.8824722779677,6913179.54757463,2670274.8825979
23.8903423465141,6913522.85253549,2648702.65684938
23.8944948844133,6913703.99263265,2637320.3555959
23.8969998415531,6913604.27239934,2642258.18563415
23.8995047986928,6913520.26398825,2651244.47739031
23.9020097558326,6913431.33109003,2660094.26940433
23.9066533958854,6913264.02938475,2676526.62704858
23.9219549051483,6912712.96630206,2730668.65537307
23.9668965765366,6911094.02293772,2889687.24608084
23.9804071177896,6910607.35051464,2937492.09726393
23.9939176590426,6910120.67049072,2985296.92024736
23.9975837917288,6910200.08671664,2983030.35302973
24.001249924415,6910284.9936309,2973158.12886045
24.0049160571012,6910380.48579833,2963438.49000083
24.0120264206741,6910564.25277785,2944562.7769677
24.0351344323631,6911159.09467795,2883215.91737191
24.0711760394572,6912087.23031382,2787534.18804451
24.0876033315634,6912510.24036598,2743923.64137192
24.0978036126144,6912759.6315552,2721529.5570243
24.1080038936654,6913005.65445636,2721738.11304721
24.115357974519,6913190.47939912,2721978.97645511
24.1321667847819,6913613.09167447,2722520.50237127
24.193956270643,6915164.20251886,2724507.95464193
24.205130562927,6915006.74190567,2743072.13795472
24.216304855211,6914769.65879209,2766031.13345913
24.227479147495,6914530.63547204,2788958.59400652
24.2630932606036,6913768.336374,2862033.86859149
24.2941496105082,6913103.86048603,2925757.78784348
24.2998180921032,6913250.40164042,2919866.08697228
24.3054865736982,6913461.6494713,2904487.36225744
24.3111550552933,6913680.68525166,2889229.33733571
24.3235519445685,6914159.76487944,2855846.37874345
24.3665492056327,6915818.52417578,2740056.50986581
24.385105008613,6916534.46566189,2690086.73483257
24.3928350583826,6916832.70595087,2669270.10588025
24.4005651081522,6916828.95467529,2671579.72543844
24.4082951579218,6916700.59533928,2691213.73538359
24.4140499954867,6916597.61582957,2705712.66577933
24.4264506347848,6916375.76148488,2736970.56533051
24.4723741768586,6915557.09930918,2852731.41328957
24.4868176057557,6915299.55826681,2889139.24981178
24.4948590258518,6915156.18245585,2909409.44792972
24.5029004459478,6915235.91507822,2907013.98813363
24.5109418660439,6915344.31665346,2895659.303292
24.5189832861399,6915458.78114381,2884388.71355938
24.53798909674,6915729.92576439,2857744.62139383
24.5805190929587,6916335.11832126,2798119.0846927
24.6230490891774,6917168.44990732,2764030.16126425
24.6576736472345,6917981.57041727,2749629.49362703
24.6922982052917,6918792.48093239,2735201.39896753
24.7071447832589,6918743.33129887,2749176.01151471
24.7219913612261,6918487.59668777,2776264.3531385
24.7336669081723,6918281.14034659,2797513.95134921
24.7651197862289,6917724.1030582,2854760.61809423
24.784565855017,6917380.03154171,2890154.58371182
24.7947131617552,6917200.46316569,2908623.7106704
24.8048604684934,6917291.94158066,2904481.94636056
24.8150077752317,6917465.35911143,2888803.7890765
24.8251550819699,6917644.14012701,2873207.73220521
24.8488248722825,6918062.24267507,2836824.40670344
24.9449288783047,6921104.02494163,2695123.81721593
24.9743473527453,6922488.4137837,2653777.33809357
24.9917651120182,6923310.73744596,2629300.31953883
25.009182871291,6924919.92462351,2575651.62691799
25.0207610886663,6926335.26208672,2525694.24590642
25.0323393060415,6927754.99191253,2475826.94539219
25.0584043730653,6930952.08602263,2363558.06450552
25.0781988818832,6933379.51341529,2278297.94257099
25.0979933907012,6935807.00633539,2193037.83698779
25.1023698762754,6936276.6488721,2189624.65370435
25.1067463618495,6936786.59069071,2191660.41363637
25.1111228474237,6937295.01159511,2193585.51372719
25.1214272470499,6938485.46555386,2198149.78772896
25.1627884951002,6943265.17971362,2216466.06323136
25.2017453225294,6947601.71522699,2240913.82919291
25.2032760166788,6947642.19878743,2247511.42793108
25.2048067108282,6947692.87215759,2254626.00242351
25.206782055034,6947753.79244575,2263691.24447668
25.2111251241782,6947890.3169085,2283654.64226848
25.2272818937655,6948397.93394062,2357913.07408873
25.2769842523222,6949959.14063737,2586351.59269731
25.3034553261055,6950635.7387884,2703858.41445538
25.3120747764069,6950355.70778294,2728812.50598972
25.3206942267083,6950060.34282676,2753634.24541539
25.3381036528505,6949463.2449547,2803777.34156859
25.4020506272563,6947277.25346984,2987721.35399285
25.4029426315456,6947329.57951067,2986545.23420184
25.4038346358348,6947331.16417481,2984644.57585547
25.4049511558122,6947345.85076866,2982444.54255722
25.4071024781839,6947370.99297304,2978154.04752155
25.413268147194,6947443.85708687,2965870.38466704
25.4412367205733,6947774.89676921,2910148.7241153
25.5024004314707,6948495.95392951,2789062.40188656
25.508293376844,6948557.31182839,2788575.05269167
25.5141863222173,6948634.07151791,2788305.6512243
25.5246660929565,6948770.76079132,2787805.73433584
25.5571865600224,6949190.16252873,2786248.7174118
25.5822973709459,6949514.22569015,2785046.9742106
25.5973840538952,6949708.90238184,2784324.90899646
25.6124707368446,6950444.42200397,2758275.33586604
25.6275574197939,6951439.4566721,2720623.71156483
25.6426441027432,6952388.68153579,2682971.19703588
25.6739320956521,6954395.63819689,2604928.39040179
25.6962766798439,6955828.37230729,2549192.35417158
25.7186212640357,6958326.8975254,2468348.36520731
25.7409658482275,6961271.95907603,2376375.79736597
25.7633104324193,6964218.22312494,2284439.8048639
25.7825944294584,6966761.3615529,2205095.64374776
25.8018784264975,6969304.22060898,2125751.61098914
25.8065563712649,6969865.93365503,2121562.45062471
25.8112343160323,6970470.73915235,2122902.12516221
25.8159122607997,6971067.02226182,2124147.25796497
25.8270810704856,6972492.73512583,2127139.13986293
25.874710657516,6978574.29711932,2139893.25054939
25.9637573303327,6990023.38837564,2141277.81483862
26.0528040031494,7001461.90993423,2138806.74451161
26.1418506759661,7012780.53957876,2146117.82629532
26.2097973891501,7021326.94476306,2154645.14581926
26.2783342116481,7029959.97930231,2152709.2039014
26.3468710341461,7038547.72546777,2153976.44828747
26.5611900078088,7065146.47373967,2163919.49762601
26.6979460281304,7081812.28467883,2175018.71993823
26.7694026411392,7090531.77789533,2171030.33419943
26.840859254148,7099135.73967299,2176179.83522638
26.9123158671568,7107633.00407485,2189003.09265293
26.9386379052043,7110861.37524731,2181839.93202985
26.9649599432517,7114079.66374853,2174644.47981442
27.0130793071918,7119923.8282722,2164933.71155749
27.061198671132,7125690.07909138,2175239.95443225
27.0950345577026,7129682.8860703,2182539.76420196
27.1704913233511,7138591.05887225,2188505.46972156
27.2459480889996,7147455.89564904,2192205.4624157
27.3493075231445,7159486.2133923,2197796.3322999
27.5054856987546,7176060.06941669,2302514.13050782
27.5184357271143,7177349.29909895,2305966.97964201
27.5313857554739,7178621.07806624,2307972.53903861
27.5507003403985,7180509.49348908,2310980.4398766
27.6261241852621,7187883.7434271,2321658.10989261
27.730488786668,7197911.60814714,2331242.85312297
27.8348533880738,7207799.15055012,2339190.12552291
27.9173510228292,7215677.73940967,2333235.56168879
27.9998486575847,7223510.62917239,2335453.91918477
28.0823462923402,7231239.98920031,2341856.04026925
28.1648439270956,7238976.75897502,2342071.81647545
28.3067781160359,7252371.31040908,2335386.38111305
28.352230718644,7256544.18245224,2342716.48132042
28.3976833212521,7260699.34752627,2351314.43406984
28.4717701577951,7267492.9319462,2352975.42174543
28.545856994338,7274283.95081691,2352055.50219244
28.6484059964211,7283642.76565457,2352368.49614471
28.7937505909678,7296741.66027092,2362562.10858062
28.8645756807191,7303127.15592198,2360105.51232434
28.9354007704704,7309464.47223077,2359697.29447729
29.0062258602217,7315642.25936743,2374231.40475608
29.0520814522525,7319683.80886798,2373108.87331313
29.0979370442832,7323734.25425074,2369794.96479857
29.1609179119089,7329301.24410121,2366923.80571929
29.2765770374993,7339456.24150767,2369879.58763558
29.3922361630897,7349438.50279125,2379110.85269162
29.5078952886801,7359415.40017009,2376839.74769158
29.5840251318887,7365899.4440316,2381742.37189725
29.6601549750972,7372352.03084308,2385146.0669855
29.8580734997751,7388996.62917841,2389653.46841515
30.0559920244531,7405488.83508131,2391822.66503696
30.1737730702945,7415155.52984221,2398999.46375568
30.2915541161359,7424812.64781553,2396654.48990021
30.3630265744314,7430552.70416532,2404425.01778174
30.4344990327268,7436247.67951083,2413116.30470751
30.5059714910222,7442055.24533637,2402109.9531337
30.5774439493176,7447786.78681938,2404614.31113451
30.6325076272269,7452161.97281572,2408859.96507341
30.7049528263208,7457866.34193942,2415126.68018544
30.932400678204,7475666.46033097,2416207.77009032
31.09336415139,7488125.76557161,2421938.68196816
31.2199216407681,7497853.0903736,2423125.03175206
31.295855897534,7503749.41077425,2417975.73097719
31.3717901542999,7509472.60353146,2427548.63353247
31.4477244110658,7515114.95108756,2438066.48503628
31.5236586678317,7520738.90929648,2439031.30275699
31.5995929245976,7526427.96501251,2433605.05809499
31.6755271813635,7532130.64188429,2431026.87582464
31.792870903337,7540865.285586,2433244.17758141
31.9028908119486,7548894.45074602,2444425.79045281
31.979381443853,7554460.23430757,2443616.99571604
32.0558720757573,7559997.4645219,2443337.82160845
32.1598868777208,7567466.88975787,2448919.30547845
32.2639016796842,7574906.91464595,2449039.98027453
32.3679164816476,7582319.6505362,2449816.9405505
32.471931283611,7589611.06973805,2457033.02055825
32.5759460855744,7596925.69973387,2454186.59208632
32.6799608875378,7604137.6316388,2459676.13327269
32.7684615530992,7610224.58242692,2463779.1396303
32.8569622186607,7616316.13887673,2462641.4223826
32.9963623407875,7625828.53565014,2463412.18926858
33.035608264452,7628512.00198272,2462963.89222415
33.0748541881165,7631170.06453225,2464773.79946229
33.0995469070264,7632844.5549128,2465912.30784881
33.1242396259363,7634376.97156336,2474534.28176711
33.1250322219422,7634313.21558292,2478798.76248376
33.1258248179481,7634280.75643932,2483816.86026014
33.1268284625637,7634239.10560754,2489981.64653892
33.128811675342,7634161.38527467,2502221.39224325
33.1345427612068,7633936.44429047,2537576.54986259
33.1609601524646,7632897.30899526,2700547.90979408
33.1956102408231,7631534.92273924,2914307.960675
33.2105334415416,7630948.11643564,3006370.68720366
33.2254566422602,7630369.76642341,3090067.976619
33.2267538032712,7630356.44491057,3090928.66351682
33.2280509642821,7630289.18352045,3091212.82081733
33.2296968915414,7630213.70769587,3091704.20220598
33.2329324194415,7630067.88085212,3092639.46682122
33.2429204544115,7629615.1053663,3095530.2365435
33.2883985883673,7627556.78814922,3108696.44609996
33.3073008633449,7626701.04943722,3114168.37926644
33.3262031383225,7626107.03875734,3111245.32114227
33.3306581517747,7626126.59856867,3095279.82765764
33.3351131652269,7626224.93224814,3079100.72585388
33.3423595046987,7626388.46560648,3052822.19069245
33.36543963462,7626912.45287078,2969120.39590246
33.4197875925871,7628143.26920871,2772020.67030104
33.4483537019594,7630372.8037519,2651725.66714541
33.4769198113317,7632876.53071204,2528445.50700656
33.5126171349623,7636004.90613056,2374398.30930931
33.5451536182909,7638753.62339819,2324174.92319444
33.5548304934707,7639586.67374268,2326124.22780482
33.5645073686506,7640411.21986152,2327941.36512526
33.5841461724277,7642075.89233654,2331639.20722653
33.6264436826409,7645633.0292958,2340950.42512421
33.6396748031312,7646559.06327469,2355791.55382418
33.6529059236215,7647475.6326646,2370721.81281246
33.682743864826,7649550.36996414,2404387.04528565
33.7060447797476,7651168.13945248,2430676.02373006
33.7205714440199,7652176.90469904,2447065.80042033
33.7350981082923,7652513.75307796,2492146.80144992
33.7496247725647,7652592.62985113,2550385.72767304
33.7611251374241,7652653.22095136,2596440.79882904
33.7919914359801,7652810.35333009,2720051.35958053
33.8265525759461,7652955.21378224,2858160.45010204
33.8477666802075,7651643.69849068,2931468.16968714
33.868980784469,7650326.38620024,3004726.14998248
33.9231072059166,7646958.64047167,3191631.865609
33.9302057478055,7646762.77754604,3193103.52474738
33.9373042896944,7646626.44457067,3177323.80713914
33.9427347683348,7646529.24744872,3165380.27880015
33.9542583201462,7646331.61373621,3140027.86063933
33.9930153866679,7645652.42131354,3054747.34302712
34.0285754312981,7645010.00841645,2980784.17174823
34.0331869530648,7644857.74095656,2983036.14624416
34.0377984748315,7644726.21106294,2985565.58092133
34.0454892424458,7644516.98804795,2989757.53573907
34.0668719804981,7643916.16126274,3001400.00870065
34.0916819572852,7643220.92702646,3014911.46307293
34.1164919340722,7642525.3604233,3028422.42675303
34.1242880486764,7642306.79535459,3032668.02696776
34.1320841632805,7642516.14264578,3012776.21341033
34.1431935678607,7643035.35205383,2964615.15088631
34.1510975394605,7643408.61827456,2930437.0079352
34.1692951955253,7644275.86227922,2851745.40397776
34.1963458194303,7645560.02001389,2734767.42220596
34.2233964433354,7646844.64969579,2617790.04011694
34.234596826768,7647368.22454734,2599363.64196536
34.2457972102007,7647960.1620287,2596006.77716343
34.2544191670591,7648411.11925883,2593347.92448288
34.2754331341433,7649503.88397512,2586872.44604443
34.3102174617054,7651317.09553566,2576155.46499348
34.331713845141,7652237.1811444,2577476.0977852
34.3532102285765,7653026.45950167,2607768.90598198
34.369738348112,7653443.76888677,2631035.25873897
34.4060651265163,7654523.02262865,2682235.28386031
34.4204247677403,7654948.31077527,2702472.67766934
34.4288909329385,7655110.52119745,2717373.46354252
34.434168074431,7654766.45727993,2742877.22062385
34.4394452159235,7654436.11949214,2768646.91109128
34.4485874971727,7653875.75376182,2813265.63511402
34.4752234731415,7652223.09728801,2943252.82621867
34.5194154266336,7649483.42416233,3158918.68556946
34.5257423557238,7649091.15071438,3189795.33562303
34.5320692848141,7648869.24008878,3196272.65575726
34.5396198189898,7648597.75102464,3186238.27956652
34.5471703531656,7648331.02101881,3176360.98193855
34.5618593213456,7647823.64336388,3157143.30556222
34.6072700878985,7646238.3216475,3097714.70026737
34.6865166975324,7644921.28419956,2993749.13462781
34.7252444009553,7644552.90764027,2942884.80068458
34.7457487551822,7644434.35625559,2932987.44715112
34.766253109409,7644349.03830301,2927065.2970224
34.7867574636359,7644262.95970516,2921130.34995597
34.8318020771805,7644106.09551798,2906761.91748097
34.8475855711541,7644334.35053001,2890525.32194398
34.8633690651276,7644560.39122185,2874222.76302691
34.9019555479579,7645105.40348579,2834364.16093884
34.9194861139678,7645354.41479631,2816257.11634389
34.9287239003695,7645485.47461721,2806715.21430746
34.9346782081375,7645373.84164152,2814273.53306231
34.9406325159055,7645247.97618648,2826083.69258269
34.9465868236736,7645118.23381233,2837836.28059964
34.9634064348368,7644747.94248,2871042.04117887
35.0316515031814,7643179.06540756,3005971.39243718
35.0681793433821,7640811.07830537,3082383.60889224
35.1047071835829,7638437.15954552,3158804.93233962
35.1197866144595,7637457.91545117,3190353.73361727
35.1278911862074,7636931.31213683,3207309.74732342
35.1359957579552,7636755.8523825,3199314.25289115
35.146223845221,7636698.75827758,3168135.50459043
35.1533998142703,7636663.40988525,3146358.51672144
35.1693462870201,7636593.48399168,3097965.41791781
35.2281336092616,7636322.18896934,2919549.52875316
35.2416986755875,7636504.99808761,2895841.94441467
35.2552637419134,7636781.32376256,2877087.11104607
35.2688288082394,7637055.59252626,2858305.88980145
35.3138726776815,7637962.82316805,2795940.53857921
35.3798217703283,7640216.65262474,2714375.18917755
35.4119173814807,7641487.4709168,2676497.17595288
35.428706272176,7642151.9747655,2656681.72691778
35.4402050380811,7642507.98326664,2657576.85611125
35.4517038039862,7642852.28949041,2664625.89441391
35.4632025698913,7643194.4085444,2671636.32277032
35.4978596408593,7644221.42844637,2692767.03844445
35.5309815937578,7645204.40532048,2712962.83056494
35.5367559606813,7644940.71244214,2734563.81940563
35.5425303276049,7644626.11484421,2760656.96201546
35.5483046945284,7644307.21916281,2786682.71520346
35.5638648045904,7643443.749224,2856822.89208901
35.6252615807191,7640044.47009086,3133585.48681705
35.6322062846914,7639659.84649639,3164890.38549524
35.6361003808627,7639570.52335285,3165737.22026784
35.6399944770341,7639431.78071158,3161353.33000986
35.6438885732054,7639302.77261444,3157084.19628332
35.6523956447733,7639024.5878061,3147740.83820492
35.6806336228104,7638091.70118974,3116719.10865659
35.8214177323049,7634578.86211856,3000480.62015891
35.8470028769998,7634627.36807732,2963287.66163367
35.8725880216947,7635107.17912235,2908936.19333162
35.8911056498933,7635455.21805593,2869631.10379772
35.9181307915326,7635966.32924695,2812271.02294777
35.9318092842567,7636224.2904428,2783238.22772579
35.9407189553585,7636370.04051132,2778335.13665519
35.9496286264603,7636541.62913339,2778380.20604615
35.9585382975622,7636710.36227194,2778383.65317035
35.9852702076847,7637212.75020914,2778396.57884142
36.0152433076099,7637777.82836187,2778412.50153888
36.0311381630857,7638077.33532299,2778420.70154854
36.0419134187212,7638000.34071268,2792746.36350937
36.0526886743566,7637845.66420324,2812592.08060625
36.0634639299921,7637689.27914338,2832400.6645664
36.096435508368,7637206.65640152,2893014.44695038
36.1374282871111,7636446.13926217,2971704.55644445
36.1486885892536,7635529.71161274,3007860.62146021
36.1599488913961,7634615.04178587,3044132.85010346
36.1833836020399,7632722.41657517,3119624.49809342
36.2039599020052,7631056.58266329,3185903.69619265
36.2245362019705,7629391.22819126,3252184.17709257
36.2344293647395,7628590.50898835,3284052.07849854
36.2371447391898,7628573.98110392,3279804.07232694
36.2398601136401,7628523.47088816,3270984.92455922
36.2425754880905,7628484.62201552,3262310.20379527
36.2479605878475,7628409.15849411,3245077.70442907
36.2653757650156,7628156.52182075,3189344.11981157
36.302680761776,7627617.78330121,3069961.36526531
36.3241574427921,7627307.39893361,3001231.69522833
36.334197768806,7627162.31469092,2969100.68109752
36.3402970848024,7626958.19129722,2966654.08593991
36.3463964007989,7626772.06787186,2972177.88860697
36.3524957167953,7626579.59929195,2977606.17133202
36.3671206416718,7626112.20256896,2990630.4135998
36.4192874186723,7624455.26588556,3037096.12465125
36.4562405138476,7623484.61778669,3042624.50211275
36.4804820405863,7622936.85702101,3031150.11809473
36.504723567325,7622391.06566435,3019718.86900117
36.5715601983965,7621378.09423111,2979100.38118162
36.638396829468,7620776.45445021,2932771.39960104
36.6453386386507,7620520.03189589,2941829.56689454
36.6522804478335,7620276.40437855,2951104.71457488
36.6647620524838,7619850.87051063,2967771.54948413
36.7024804520746,7618545.62134161,3018122.28559877
36.7279483027618,7617665.17528089,3052121.08864911
36.7534161534489,7616882.01300028,3061706.41279019
36.778884004136,7616129.90200508,3054982.72724424
36.7977093793028,7615575.39826352,3050043.77179435
36.8331163673924,7614536.20139857,3040759.17874194
36.8556597704149,7613680.91395576,3048503.95752946
36.8782031734373,7612781.93595043,3060154.38763673
36.9007465764597,7611882.53711295,3071793.78876817
36.9954178092496,7608516.01197259,3071535.77224706
37.038306276975,7607108.9050959,3056212.08260023
37.0509478442933,7607021.44697397,3039686.60170464
37.0635894116116,7606944.90846829,3022342.38246033
37.0856022725255,7606812.75593686,2992150.69716656
37.1348892306683,7606517.9658076,2924553.36200219
37.1655913715559,7607193.75049831,2869145.2118909
37.1962935124435,7608039.46390202,2811004.83873549
37.2365133942277,7609147.19848865,2734847.82189163
37.2456997922229,7608863.92494448,2752636.75414082
37.2520117181073,7608520.5040435,2780717.71486212
37.2583236439917,7608167.16897042,2808616.47607339
37.2705338407066,7607474.01539925,2862600.04550564
37.3098081071837,7605260.40838478,3036248.61764061
37.3265548374296,7604315.99167361,3110292.35348045
37.3359107103415,7603788.47065916,3151658.41067509
37.3452665832534,7603431.58084892,3165094.01797456
37.3524821398886,7603164.53869664,3157573.65800922
37.3579322333522,7602970.9863359,3152026.27420213
37.3694602119752,7602569.83038799,3140283.91422501
37.4082549241328,7601205.6112455,3100754.68267358
37.4354516117623,7600249.96769924,3073044.2125361
37.4542481478252,7599550.59708384,3068552.84964344
37.4730446838881,7598853.62386788,3070421.17283812
37.491841219951,7598155.4412556,3072266.83108774
37.5252408243221,7596912.53915657,3075544.24493527
37.5405629348126,7596342.83040515,3077048.38547578
37.549824501564,7596246.08569976,3065210.65470074
37.5590860683153,7596148.35797739,3052563.50762277
37.5744934424817,7595987.25648003,3031540.57409053
37.6331485069379,7595376.52796392,2951508.37685056
37.6536597820668,7594907.15034276,2952311.14073247
37.6741710571957,7594322.02971186,2971515.49797538
37.6888206075268,7593902.14622524,2985188.38642903
37.729279575638,7592736.74813507,3022944.95406988
37.7842070392104,7590115.17237436,3085356.15826304
37.8391345027828,7587179.26078079,3151170.73173784
37.8521971659724,7586601.70092159,3149829.25269326
37.865259829162,7586034.70754827,3143427.27147842
37.8783224923517,7585469.31430346,3137052.56231362
37.9212759268688,7583613.8599729,3116093.16798204
37.9726261262196,7581395.83190183,3104975.82942864
38.0239763255704,7579189.90550039,3104206.05027955
38.0753265249211,7578165.18249981,3045953.19800455
38.0960594780852,7578012.06044362,3008576.16796011
38.1167924312492,7577864.92177244,2971248.78960889
38.1380513383703,7577717.36720756,2932977.27793305
38.1460270467684,7577521.82398039,2927352.82885657
38.1540027551666,7577016.73680514,2948797.94516725
38.1619784635647,7576517.85333424,2970325.88846725
38.1812629380169,7575317.5192489,3022374.80427029
38.245578435064,7571316.3975973,3193946.25564489
38.2475168474605,7571263.79214367,3192813.31931586
38.249455259857,7571170.89985534,3191214.86518625
38.2520563064981,7571048.96954124,3189157.28767209
38.2576454946434,7570795.44256809,3184725.89667555
38.2780975815371,7569862.65522298,3168505.31850489
38.3488667154045,7566733.68963781,3111366.99364243
38.3956356700246,7565606.76948145,3061846.32204047
38.4424046246447,7564492.85800029,3012314.87288575
38.4566685155468,7564096.06824627,3010501.90217861
38.4709324064489,7563700.30781596,3013397.3388821
38.485196297351,7563303.18307381,3016269.62705008
38.5349063928894,7561916.05943566,3026278.02035286
38.5986187563044,7560190.96751961,3025987.62140642
38.6623311197194,7558342.25658415,3029969.03086619
38.7260434831344,7556122.82899697,3054628.31805901
38.7897558465494,7553792.15204691,3067785.66829436
38.8534682099644,7551299.70700022,3079763.23190571
38.8795513326373,7549898.98116915,3099650.2115879
38.9056344553102,7548499.37384357,3119577.12055634
38.939591372043,7546680.8655512,3145523.82639298
38.9623868980479,7545566.31035381,3146748.37922331
38.9851824240528,7544485.63009691,3139954.39530363
39.0079779500577,7543406.05678977,3133183.48535371
39.0493671162681,7541481.16205995,3119736.2090211
39.0634046143126,7541153.05457372,3103670.05145746
39.0774421123571,7540822.25198068,3087525.87565789
39.1103255713371,7540039.46215011,3049702.64650339
39.1358626847764,7539433.97616691,3020332.35889007
39.1479173219673,7539147.98981583,3006467.87189719
39.1551772963009,7538865.30831616,3010757.8538486
39.1624372706345,7538594.14367138,3015398.00084472
39.1753818727282,7538122.64522662,3023662.9695087
39.214214561885,7536689.89812761,3048440.73000681
39.2399057653356,7535742.78458637,3064834.79510494
39.2655969687861,7535101.42007576,3056389.65037123
39.2912835057021,7534602.7205342,3034001.41019205
39.3169700426181,7534105.51508974,3011649.18235771
39.3420730711961,7533622.20750053,2989807.44584184
39.3671760997742,7532944.34568483,2992563.73833983
39.3922791283523,7532213.05949333,3004951.35672695
39.4173821569304,7531480.6122701,3017313.84106574
39.4986395919343,7527162.02173509,3122373.7931806
39.5222710672249,7525553.16114877,3165096.46162941
39.5459025425156,7523943.39810986,3207783.6967391
39.5551242132957,7523684.81008952,3200109.17441293
39.5643458840758,7523630.07766665,3171663.75356106
39.570931700672,7523596.48135998,3151459.56469501
39.5853279389666,7523530.73119613,3107291.12876885
39.6370102928513,7523282.07574395,2948714.25246731
39.6484104119816,7523227.46060961,2913735.62950302
39.6542228658798,7522988.67861393,2916298.02569394
39.660035319778,7522744.29439983,2927483.55922059
39.6658477736762,7522492.48001338,2938557.77084687
39.6792028353321,7521908.53466173,2964013.57989642
39.7256368054871,7519888.14426405,3052528.44246551
39.7472097811303,7518949.07490826,3093651.2801834
39.7608136257057,7518307.82493311,3104162.43296312
39.7744174702811,7517620.2328401,3108413.7636637
39.7880213148565,7516934.7903912,3112697.14169978
39.8307415202177,7514786.04010326,3126150.65545138
39.8464696436576,7513994.36831005,3131102.79824437
39.8621977670975,7513679.26415114,3110649.43377951
39.8779258905374,7513526.16579778,3079471.80845867
39.8936540139773,7513375.08796283,3048341.09108244
39.9366789219545,7512967.14821433,2963185.47531392
39.9483954772769,7512855.40297044,2939994.89292836
39.9601120325992,7512196.93213323,2955946.19690741
39.9718285879216,7511367.83280482,2990281.57258468
39.9802882889998,7510764.98963828,3014992.07508739
40.0003017366707,7509332.3041273,3073451.25521236
40.0221273253235,7507772.9798628,3137206.85905197
40.0439529139763,7506213.28379228,3200961.76789879
40.0668766611474,7505405.34480864,3191449.32617187
40.0743063004816,7505276.26565816,3171650.10972426
40.0817359398158,7505157.43083963,3152020.67442737
40.0961062444112,7504937.35112029,3114049.64380424
40.1406955864308,7504239.5329609,2996213.68832665
40.1527270283462,7504051.60487662,2964418.92691809
40.1551945149171,7503914.31767235,2966151.21959818
40.1576620014881,7503816.08811058,2969514.81651176
40.1606857002728,7503685.78475363,2973538.31940857
40.167666823635,7503384.04350438,2982847.92060615
40.1941290922316,7502246.6564385,3018138.85524284
40.2468957890029,7499977.3648009,3088508.5628625
40.2660914624659,7499504.33292652,3081285.48640271
40.2852871359288,7499155.88628739,3058234.71608022
40.2996333098526,7498897.49197498,3041049.09673112
40.3396930214366,7498180.97839648,2993065.21186251
40.3541841002206,7497921.08771454,2975706.78544134
40.3585536797118,7497605.16714634,2983801.02638935
40.362923259203,7497281.8053674,2995593.34744033
40.3672928386942,7496952.78622918,3007311.10376939
40.378579589911,7496100.51858099,3037590.75694646
40.4208670082637,7492913.74668914,3151043.02053084
40.4428113445372,7491259.65409226,3209916.4606929
40.4520465223073,7490563.58656254,3234693.19085283
40.4612817000774,7490274.89774225,3226596.36846016
40.4705168778476,7490094.00903286,3201931.65323647
40.4774932749289,7489962.87546189,3183396.01938546
40.4933170060142,7489672.21465192,3141352.01278999
40.551992677844,7488583.16777287,2985437.08615896
40.5641114080318,7488511.67453432,2968465.86810104
40.5762301382195,7488520.03576764,2956826.48409645
40.5883488684072,7488525.91399755,2945155.21964393
40.6270711682372,7488541.51889424,2907862.28376965
40.6460658138792,7488549.8266997,2889569.62877962
40.6571907049101,7488503.84094167,2882081.51935505
40.6640268809431,7488241.15564932,2894408.74051073
40.6708630569761,7487991.1098336,2906940.07929091
40.6834479573673,7487540.35066756,2929997.40574677
40.7225626055452,7486123.59706366,3001648.5350826
40.7464887605723,7485257.60699964,3045478.09937464
40.7704149155993,7484741.85972762,3047680.79379908
40.7851822241432,7484529.268583,3031611.80994816
40.7999495326871,7484321.15348929,3015626.25993718
40.8338706217453,7483850.5473085,2978911.06934675
40.8486786615298,7483643.68033983,2962881.38779139
40.8567241877054,7483531.45207579,2954172.53236348
40.8598558235401,7483303.83378772,2960644.40620286
40.8629874593748,7483099.18986323,2968589.01999639
40.8669906829469,7482829.76263405,2978665.17645054
40.8771686101048,7482142.83618476,3004296.49353068
40.917332387671,7479438.56250326,3105446.39100199
40.9506215881186,7477196.67220281,3189282.36284531
40.95733934764,7476772.03983565,3204427.57871884
40.9583094981848,7476811.50192621,3202106.43678774
40.9592796487296,7476797.96296622,3199098.89850263
40.9605324509145,7476792.03896997,3195386.33034812
40.9629716182472,7476780.13703215,3188112.15584237
40.9700705193978,7476744.39206969,3166950.76626845
41.0017541393485,7476587.50369441,3072506.04910135
41.0266560067215,7476463.81787481,2998276.21229278
41.0515578740945,7476340.23987212,2924046.56755311
41.0582285774645,7476228.96722734,2910167.84742739
41.0648992808345,7475876.31399045,2924386.82289878
41.0696021829991,7475640.23080116,2934581.02739607
41.0786218365096,7475193.55423047,2954113.41086629
41.10795118011,7473727.83589619,3017618.24073268
41.1313513745575,7472559.21422607,3068286.19128416
41.154751569005,7471390.42837779,3118953.88298448
41.1647595423966,7471200.61797118,3113392.69576701
41.1747675157882,7471094.6544165,3093882.88705086
41.1827560891623,7471014.54893995,3078388.75874292
41.2019903810763,7470827.50947231,3041081.84009765
41.2307055219522,7470544.45008001,2985381.76069633
41.2594206628282,7470232.05422513,2933669.63807888
41.2638078682806,7470086.72906013,2937361.02819531
41.2681950737329,7469962.57247218,2941336.94576349
41.2754725369379,7469763.50054888,2947901.48542215
41.2960467964104,7469185.2430045,2966450.72952096
41.344937396554,7467813.9692901,3010533.66672138
41.3938279966976,7465208.95488155,3079244.17484101
41.4321487172474,7462818.38134338,3140238.24759529
41.4453198751844,7461996.75099032,3161199.08464867
41.4584910331214,7461225.08585112,3179230.65050884
41.4592516619676,7461293.77008343,3176448.19403439
41.4600122908138,7461308.38491871,3172864.54391757
41.4610141018876,7461337.72250204,3168350.34635249
41.4629916023783,7461395.12375837,3159381.56309177
41.4686281981456,7461557.98202499,3133831.0972237
41.4938590914434,7462289.41418564,3019460.68863961
41.520671328287,7463066.17521297,2897921.39685551
41.5474835651306,7463843.05884591,2776382.30063213
41.5549359392931,7464059.00634478,2742600.93291563
41.5588147877109,7464171.39790738,2725018.23202701
41.559946575116,7464038.62947433,2727437.3178766
41.5610783625211,7463975.39530336,2732821.63739776
41.5622101499261,7463904.6139314,2737985.79695202
41.5642059088983,7463779.69273948,2747162.06898983
41.5694395097239,7463451.07605977,2771207.08489822
41.591761810335,7462047.44334314,2873765.47053491
41.6146668090795,7460607.67521076,2979001.5959117
41.6375718078239,7459167.7588938,3084237.47891193
41.6499619972911,7458388.87424483,3141163.63415265
41.6560288251108,7458007.49048674,3169037.39581036
41.6587448591513,7457836.74944299,3181516.08370219
41.6598364260362,7457895.08236988,3180768.65576608
41.660927992921,7457900.92293655,3176879.25536351
41.6620195598059,7457908.313569,3173162.23996328
41.6640748151107,7457923.98619601,3166106.56827887
41.6696339019549,7457966.84411472,3147036.50572012
41.6935885470391,7458153.75350926,3064862.5505479
41.720843251618,7458365.8515433,2971367.16832579
41.7480979561968,7458578.08479622,2877872.02542998
41.7591435679368,7458652.89972489,2840885.58204759
41.7600168790878,7458545.84182704,2842797.57167494
41.7608901902388,7458508.27086097,2845638.10627843
41.7617635013898,7458458.252318,2848288.15680414
41.7634819467183,7458363.25941803,2853572.84281734
41.7682471016513,7458098.15962006,2868208.18698216
41.7888295179273,7456951.55629167,2931425.7037336
41.8154738093172,7455467.82217919,3013262.52325485
41.8421181007071,7453983.94485054,3095099.10779639
41.8527479731086,7453391.95713546,3127748.24759234
41.8586133817637,7453065.30366057,3145763.56383811
41.8644787904187,7453027.40359035,3139394.512804
41.8689103383091,7453005.61093609,3128097.16063119
41.8733418861995,7452992.65270016,3116918.20825904
41.8831602310209,7452967.44235,3092135.08652259
41.9158698190729,7452874.91701085,3009562.73177538
42.079417759333,7451987.38220941,2917277.51410053
42.0846767490967,7451631.51158568,2934515.97410278
42.0899357388604,7451287.71473872,2951972.47297137
42.0997356230031,7450654.84331709,2984481.36229465
42.1289841996171,7448751.89333321,3081496.11446978
42.1612396976342,7446654.45606602,3188486.57293912
42.1642618016343,7446639.43745335,3185759.15688732
42.1672839056344,7446601.95617288,3177648.34641195
42.1703060096346,7446574.78688953,3169676.83361726
42.1764198629438,7446521.16311031,3153523.85702717
42.1964771230994,7446337.9187707,3100527.67033932
42.2255252176856,7446073.83632589,3023777.7320293
42.2545733122718,7445809.51717764,2947027.36092042
42.2637729667284,7445669.38650032,2929014.96998951
42.2729726211849,7445375.31395408,2938476.97616497
42.2796300750972,7445170.16862003,2945432.35727444
42.2943593843868,7444722.17353797,2960814.08548319
42.3449184064005,7443174.41912843,3013603.95722323
42.3868808122341,7441864.43715296,3034320.34371547
42.4288432180677,7440512.48851665,3037287.7119318
42.4587697427908,7439549.34346441,3039423.40899674
42.4798884988506,7438479.91240884,3057121.85486809
42.5010072549105,7437321.58199016,3079029.60739861
42.5221260109703,7436162.75614605,3100924.13794363
42.5565215219891,7434274.27371148,3136581.87951036
42.5742142930379,7433606.39043658,3131549.24174665
42.5919070640867,7433116.64528504,3108798.93359281
42.6047833118124,7432762.60195413,3092291.66579208
42.6392459597847,7431820.05275339,3048115.22520888
42.6600278866143,7431250.52812944,3021474.1543035
42.6733734546305,7430783.03409003,3020176.66657923
42.6867190226467,7430299.33101355,3025918.42403025
42.7000645906629,7429813.43105953,3031623.0850449
42.7403963050287,7428341.41303349,3048861.67877239
42.7617501583698,7427562.7851729,3057989.8568053
42.7749778072007,7427279.63514008,3050118.86701717
42.7882054560316,7427023.39036802,3039285.23675025
42.8050464724845,7426698.35523439,3025513.26933044
42.864895284607,7425545.83215919,2976572.5442196
42.8804820707781,7425232.0932455,2976660.11109525
42.8960688569492,7424923.63258002,2976922.39107972
42.929913762616,7424261.65455692,2977495.81510827
42.9608742048014,7423653.21954495,2978016.97237298
42.9790348328074,7422949.29340467,2993951.8099667
42.9971954608134,7422155.619194,3014672.619589
43.0153560888194,7421361.18114105,3035375.20302159
43.0448846595579,7420068.08836597,3069035.7626455
43.0609014194511,7419367.03711272,3087294.23112801
43.0769181793442,7418922.76123506,3081096.51921888
43.089232827411,7418626.32872399,3069565.75933717
43.1015474754778,7418332.17233449,3058074.24309005
43.1380965514893,7417462.76996479,3023969.40242215
43.1583217974634,7416980.84549042,3005095.5315128
43.1785470434375,7416184.95967145,3011437.20722797
43.1980926850603,7415263.88486289,3032943.09632547
43.2176383266832,7414340.24640051,3054395.28905335
43.2685775911783,7412042.70181872,3102209.0121357
43.2729548713687,7412046.2046119,3093469.73391898
43.277332151559,7412022.94748496,3084411.87701953
43.2843284463753,7411992.62248317,3069978.57513026
43.3048409856635,7411904.46277855,3027658.18419807
43.3339944908436,7411777.46163207,2967507.60456878
43.3631479960236,7411650.71583384,2907357.50385707
43.37160749492,7411457.43714129,2907257.06837327
43.3800669938165,7411236.58492191,2916662.75123016
43.3885264927129,7411010.90012171,2925988.59589225
43.4093204180615,7410451.45900742,2948915.89360047
43.4907033836424,7407563.89356402,3043573.4079335
43.5398620861887,7404836.6197509,3107608.53511929
43.5595043693608,7403750.06574782,3133196.64976792
43.5791466525329,7403085.5348294,3124876.94294628
43.5946697189906,7402727.35777587,3101219.94713897
43.6101927854483,7402373.06463213,3077639.49016754
43.6466806581066,7401546.78202624,3022217.16320649
43.6625974718916,7401185.11571161,2998038.90386919
43.6785142856767,7400573.47685409,3001586.04209663
43.6909813838778,7400048.06822821,3013040.5059985
43.7034484820788,7399519.73531144,3024445.20634326
43.7377848371182,7398060.47499852,3055854.36146661
43.7584014167882,7397185.31071229,3074714.84098188
43.7675803160378,7396795.57777866,3083111.64334976
43.7732072847516,7396755.55993631,3075307.82012142
43.7788342534653,7396704.9502463,3066118.8089776
43.7870985604674,7396634.85820028,3052666.93199903
43.8120676526309,7396425.81421098,3012022.33931179
43.8508280668125,7396099.43412118,2948926.08257413
43.8637071344294,7395991.06601829,2927960.99141903
43.8765862020463,7395480.86474844,2937728.03628344
43.8894652696632,7394825.75546527,2963635.79355814
43.8991813538678,7394327.96676989,2983114.0024991
43.9235300702026,7393075.56656023,3031926.92674898
43.965683937534,7390910.73464661,3116438.22192623
43.974133827414,7390756.50212577,3112236.92535396
43.9825837172939,7390709.43185443,3093361.75700978
43.9910336071739,7390668.90811349,3074606.50520379
44.0091419053374,7390588.78102551,3034410.82254596
44.0497202473712,7390402.22548031,2944329.46359425
44.06810054723,7390317.98566491,2903526.88699086
44.0727534403154,7390115.10297811,2907963.1787771
44.0774063334007,7389920.73321566,2916611.65161906
44.0820592264861,7389720.13362684,2925181.75553287
44.0940019112669,7389203.23763636,2947191.41369753
44.1389239238516,7387264.7713424,3029984.60738044
44.1563751105851,7386511.46908911,3062147.44716509
44.1661913658714,7386087.78847925,3080239.07234902
44.1760076211577,7385963.50407787,3073155.29508765
44.185823876444,7385906.25683118,3055270.1990312
44.1956401317303,7385853.72081376,3037464.50564336
44.2193266021753,7385732.1338088,2994498.85824593
44.2580946962423,7385529.4893088,2924171.85024879
44.2968627903092,7385573.46382894,2891105.62128174
44.3244717310642,7385690.53003988,2878132.55041972
44.3520806718193,7385805.91878583,2865133.7314033
44.3638642663706,7385854.11457213,2859584.86054487
44.3710096584135,7385791.60661613,2860224.91864909
44.3757961257775,7385413.44197159,2877637.67725373
44.3805825931416,7385052.47432914,2895317.40869439
44.3888066406829,7384438.78128953,2925666.79347836
44.4126202500309,7382647.86245892,3013537.62766388
44.4405138779492,7380551.33053069,3116465.52971208
44.4684075058675,7378454.59719992,3219393.05377786
44.4728418779586,7378405.56719312,3216140.02613737
44.4772762500497,7378400.90264411,3200286.40310698
44.4817106221408,7378407.66379972,3184628.60960029
44.4900617458769,7378425.56908307,3155120.03694356
44.5148998657419,7378467.63276395,3067343.5254082
44.5460880047663,7378521.68232395,2957128.8525444
44.558805392888,7378543.63710102,2912187.16644652
44.5715227810097,7378514.80513606,2870987.2771588
44.5721490870269,7378417.09053004,2872605.64118753
44.572775393044,7378366.6132451,2875148.42628617
44.5736052277758,7378297.27424848,2878288.70007458
44.5752897769435,7378160.34401388,2884732.54991999
44.5801299532752,7377766.47167491,2903229.48590138
44.601209796627,7376049.50140583,2983789.23189158
44.6240769738427,7374187.37867393,3071180.05265014
44.6469441510584,7372325.13515145,3158570.6605051
44.6719722784577,7370391.46765402,3246104.68435257
44.6725954349667,7370464.60449687,3244115.99956109
44.6732185914756,7370469.2481353,3241045.91860177
44.6740225615371,7370483.02720337,3237346.53048424
44.6755997345972,7370510.71103455,3230015.56080004
44.6799625846461,7370586.59477775,3209755.20365644
44.6975911385606,7370895.13004151,3127889.46436743
44.7279359075042,7371425.50140673,2986969.51376932
44.7582806764477,7371955.99950375,2846049.78854467
44.7670712229746,7372109.69513364,2805226.92691989
44.7758617695014,7372159.6632865,2788880.60377794
44.7826342926299,7372222.01272101,2792640.58606432
44.7879493391417,7372261.966212,2795455.9306147
44.7993245364402,7372342.89200009,2801497.59120379
44.839433277635,7372638.22995306,2822806.08904002
44.8682315508808,7372849.8032597,2838105.12241646
44.8856669219058,7372532.52730819,2861254.5917034
44.9031022929309,7372138.89946289,2887166.81232887
44.9257837096128,7371626.28338484,2920860.65837478
44.9693520155264,7370640.4431355,2985581.76367195
44.9821289403275,7370279.24969755,2992060.89209143
44.9949058651287,7369892.48655971,2996528.10000863
45.0129908185547,7369346.53481324,3002868.71283469
45.060609959702,7367910.52459054,3019565.00918809
45.0913351621262,7366398.49559272,3049370.45139245
45.1220603645503,7364558.24023589,3090620.97314849
45.1527855669745,7362715.8412306,3131845.55420777
45.1648404247333,7361991.91349835,3148018.39093927
45.1711676997019,7361612.36400151,3156507.61645641
45.1752544736605,7361621.12085985,3147968.92614006
45.1793412476191,7361639.95216625,3135084.75987098
45.1834280215778,7361665.61508203,3122291.50887183
45.1932264817245,7361728.97572732,3091603.74610532
45.2280684099033,7361948.26592718,2982476.62815116
45.2725435754453,7362214.72709214,2845491.12856304
45.2739832737456,7362148.41547669,2846655.30353064
45.2754229720459,7362131.90291088,2848409.45023511
45.2772429888024,7362101.22176294,2850498.058197
45.2809310885182,7362037.39713412,2854761.49565313
45.2930686160225,7361829.28494713,2868787.62339148
45.351507292348,7360824.89042865,2936317.16882855
45.4171107721104,7359220.02024953,2984222.05142949
45.4522308122305,7358228.4659404,3002510.64413274
45.4711914623251,7357693.68158818,3012391.54359119
45.4828646189145,7357553.69694235,3004984.44766098
45.4945377755038,7357432.92701074,2994896.91099246
45.5098051821796,7357276.46934924,2981726.74766882
45.5630122195429,7356733.54519869,2935829.39311724
45.5751354457278,7356503.7911253,2931361.73212501
45.5834144557479,7356044.18166271,2947990.39001861
45.591693465768,7355592.62003301,2964751.34155618
45.6089167358355,7354659.56897778,2999614.88795649
45.6686314042925,7351414.05089958,3120479.03401822
45.6844206976818,7350924.1665978,3116452.10154873
45.700209991071,7350567.02593366,3093127.12409149
45.711342389723,7350318.55059983,3076741.4660999
45.7396398901004,7349691.71718448,3035093.625384
45.8168104685305,7348762.15808476,2945877.84433103
45.8499005170562,7348642.76602671,2916088.91778143
45.8703303601774,7348568.01024123,2897685.95244645
45.8838916672076,7348386.11782667,2899967.53642265
45.8974529742378,7348176.78886343,2907906.64972828
45.911014281268,7347965.67647693,2915815.78550026
45.9551967354828,7347275.30497725,2941583.26751019
46.01170317321,7346283.05834032,2958034.78699127
46.0682096109372,7345227.27650018,2966161.57696967
46.1247160486644,7343994.80158417,2975730.98127444
46.1687508387662,7343001.97975201,2983335.12953361
46.1949819029616,7341980.47355318,3004167.60512561
46.221212967157,7340801.54715026,3031386.55636247
46.2474440313525,7339622.07144909,3058589.29839063
46.2652975691559,7338818.50749779,3077103.25954623
46.2746537358645,7338397.65993057,3086805.84999187
46.2807138091398,7338352.44650273,3079066.46014669
46.286773882415,7338334.12192227,3066792.57515014
46.2928339556902,7338319.86424264,3054578.26865187
46.3098556028087,7338282.32731405,3020264.09323688
46.3771818814599,7338035.94659533,2890935.81811937
46.377991558668,7337928.26426602,2893079.00094898
46.3788012358761,7337872.36275498,2895985.70963967
46.3798596306641,7337788.39476759,2899589.03946355
46.3819668465436,7337622.49479,2906819.85184678
46.3881148975255,7337138.85589279,2927902.56149282
46.4162677792905,7334922.2557105,3024444.20172894
46.4557558754146,7331813.65335866,3159857.1323776
46.4679012445612,7330857.5091895,3201506.07737501
46.4739628797839,7330380.3083753,3222292.66445225
46.4777783777693,7330197.03740341,3229432.77764289
46.4804212294715,7330296.82227493,3216800.92598605
46.4830640811736,7330358.03950014,3203770.48375733
46.4867681157963,7330453.60361328,3185578.11337565
46.4965801553874,7330706.89254034,3137374.24831029
46.5360229962266,7331720.68504603,2943597.43375867
46.5729998392414,7332671.51349689,2761936.44178332
46.5839326468824,7332655.26170191,2753300.67233516
46.5909252611878,7332616.07399744,2765446.13144905
46.5979178754933,7332563.95631922,2777404.72554376
46.6112052408713,7332458.57841346,2800142.14849002
46.6550442522773,7332122.75846283,2875168.00246835
46.714617025763,7331258.12666043,2933193.65597127
46.7518790419232,7330551.64840653,2953270.40136068
46.7891410580835,7329630.17239986,2976761.27680906
46.8264030742438,7328260.03068397,3007356.04341808
46.8665507098604,7326783.68397672,3040316.83843965
46.9066983454771,7325536.424356,3039756.48558102
46.9367139859782,7324658.92723244,3029165.85585246
46.9667296264793,7323782.60635201,3018597.36612377
47.0211200553572,7322147.2811291,3016549.60496353
47.0755104842351,7320503.58055589,3019033.99806118
47.0929759529886,7319688.62064591,3031682.17844003
47.1104414217422,7318833.06871999,3046414.6037947
47.1351709950291,7317621.09811178,3067262.35040826
47.1641643747194,7316199.45681194,3091703.87756937
47.1791954398062,7315542.29966319,3100037.21065581
47.1837083331478,7315618.90661028,3087383.89770353
47.1882212264894,7315668.88506385,3074398.99953596
47.1953788079504,7315754.86993526,3053849.0683323
47.2162608704567,7316006.2402011,2993891.78647867
47.2424874938273,7316320.60964864,2918586.86469586
47.2687141171979,7316635.18948126,2843282.35147841
47.2956297543157,7316331.13907144,2841678.19506368
47.3046493858082,7316133.60279112,2857280.12032977
47.3136690173007,7315927.60184205,2872747.87699308
47.332261152406,7315496.9526084,2904636.77248033
47.3659695572209,7314721.50210631,2962458.0853765
47.3996779620359,7313726.45653438,2995590.94624045
47.4292947409949,7312707.17179208,3010775.07306648
47.458911519954,7311690.09612525,3025991.07163429
47.5050900149128,7310374.84810251,3024971.74110928
47.5361831364808,7309625.95146791,3010078.69642656
47.5672762580489,7308878.64865285,2995217.45833563
47.6216150488794,7308339.82723747,2953078.32111171
47.6759538397099,7308031.54667664,2905928.32491923
47.6940661053405,7307314.74761663,2928377.07840543
47.7121783709711,7306399.15559095,2966125.79623071
47.7258523070048,7305705.67274848,2994579.63609685
47.7638790540109,7303773.43336734,3073706.46059313
47.7809230059928,7302908.0279896,3109172.77642521
47.7864401202343,7302651.95676869,3109377.95090972
47.7919572344759,7302372.32514618,3109166.33286832
47.8014993441624,7301893.92934483,3108833.35082815
47.830700909857,7300430.75279888,3107813.87984299
47.9706005998398,7298358.05809544,2878460.19064449
47.9808305798283,7298402.61113825,2852370.51423833
47.9862894531772,7298218.63769811,2856980.97338927
47.9917483265261,7298034.30363493,2867389.13736662
47.9972071998751,7297843.44501993,2877710.35478996
48.0109764938592,7297359.7237583,2903755.86988155
48.0623111521995,7295562.17562279,3000863.71955739
48.1132319584386,7294125.81887812,3023686.19522658
48.1301053161728,7293703.85988298,3015660.16163818
48.1469786739069,7293285.9979149,3007700.76510922
48.1885803508508,7292453.65726354,2981560.60183828
48.2079789650134,7292639.65289909,2949620.69868386
48.2273775791761,7292823.24028557,2917615.555119
48.2749838701298,7293268.77745932,2839068.12412094
48.2825983164683,7293340.449856,2826505.40875286
48.2872774027903,7293220.42416402,2832016.1988281
48.2919564891122,7293120.0175524,2839210.98623271
48.2983149796385,7292977.62249054,2848928.00812779
48.316353257285,7292571.75759622,2876500.99413757
48.395784539872,7290552.32096749,2990842.7821499
48.4333216379879,7288946.34685384,3025599.06476653
48.4708587361037,7287337.75178955,3060327.48806391
48.5087149620727,7286086.18767303,3056633.76069964
48.5342352918434,7285358.1026867,3040020.34576829
48.559755621614,7284632.02849145,3023444.71477633
48.633221255572,7283664.51055215,2954379.89931658
48.6618463267221,7283513.96599278,2923069.34555808
48.6776978882775,7283430.66407896,2905736.48047396
48.6846890936967,7283394.13417854,2898092.16580437
48.6889982825655,7283144.37918557,2906451.22539985
48.6933074714344,7282911.84778018,2916287.51517446
48.6991021653944,7282592.85413315,2929451.73427999
48.7154770722996,7281689.69067597,2966659.5159524
48.7852338894901,7277863.00844057,3123928.2011096
48.786086921629,7277919.44095957,3121973.05419858
48.7869399537678,7277920.14276139,3119229.15281152
48.7880278873199,7277933.1398717,3115927.2186307
48.7901311574387,7277956.61374423,3109487.83519787
48.7961096487899,7278023.18188355,3091197.34389859
48.8228469905264,7278322.68000334,3009397.77086288
48.8607877726962,7278747.20385942,2893321.88319243
48.8745438376009,7278901.15913935,2851236.70107258
48.8834132073697,7279000.42079086,2824101.82459971
48.8922825771385,7278776.97717113,2828721.64050862
48.9011519469073,7278495.73354729,2847428.2190958
48.9082200721365,7278265.58351732,2862242.01887943
48.9247140993226,7277724.71770017,2896818.54811289
48.9633333520726,7276462.94086444,2977780.4681475
48.9779258601164,7275986.03125778,3008372.17144824
48.9860032014098,7275722.28672938,3025294.51085531
48.987923941296,7275756.03226958,3022808.01146852
48.9898446811822,7275749.52531245,3019824.05264881
48.9923661100161,7275746.61882122,3016001.16435224
48.9977898224812,7275744.95533199,3007762.95188877
49.0180501922254,7275735.77386114,2976987.64822162
49.0548016065166,7275719.9643772,2921164.02004905
49.0790833082559,7275709.4247598,2884281.10414999
49.1033650099953,7275524.06162241,2881013.3588671
49.1215959173658,7275355.44953572,2888905.02722102
49.1398268247364,7275184.38012368,2896756.59007155
49.1708081124813,7274891.46781003,2910098.06384038
49.1863474606468,7274745.07247364,2916790.43486179
49.1914990817828,7274354.94757922,2930944.34917084
49.1966507029188,7273940.17775374,2947230.91240069
49.2037425781423,7273365.13717864,2969594.83811263
49.2239607488988,7271723.36373647,3033356.85321211
49.2465397329001,7269891.27308558,3104565.81260913
49.2691187169015,7268058.97270095,3175774.35651721
49.2790559523972,7267252.57010118,3207113.97087921
49.2850605245204,7266765.29927667,3226050.92263727
49.2910650966435,7266712.95011733,3216496.15774987
49.2970696687667,7266761.65249483,3191835.71058835
49.3030742408899,7266821.32933409,3167355.26540408
49.3147752136828,7266943.27479081,3119639.44315634
49.3503804122069,7267303.85735692,2974430.05413048
49.3721927406547,7267525.24268421,2885473.46792342
49.3829519569446,7267634.38826083,2841594.37078271
49.3937111732346,7267664.33068132,2822060.04418474
49.4012814566176,7267708.93395478,2824376.4062297
49.4071980806273,7267735.67445257,2826067.3667136
49.4202300122538,7267790.96236046,2829804.47203633
49.4682229443598,7268002.74213183,2843573.24617602
49.5436483088683,7267488.63292086,2890126.61064256
49.5958893817098,7266773.21852721,2929826.7855271
49.6481304545512,7265190.30167914,2976680.80689088
49.6727011071902,7264445.57995731,2998720.88634772
49.6855790395374,7264055.4149894,3010272.7851667
49.6984569718846,7264032.63425981,2997279.14516345
49.7086635081151,7264091.98839033,2979544.29452189
49.7188700443456,7264154.51843518,2961863.21186895
49.7468909154047,7264329.23344939,2913320.38188686
49.7682413930953,7264461.30449496,2876331.83513959
49.789591870786,7264564.43070677,2841577.78674179
49.79162818522,7264453.81504395,2845450.80137863
49.793664499654,7264380.14398162,2849798.17470519
49.7963753138596,7264277.17527231,2855496.2462856
49.8024341773607,7264042.2095316,2868247.03311621
49.8256924802343,7263143.21467928,2917194.37612345
49.8616052781828,7261754.43665826,2992772.27403321
49.8800655009308,7261040.62385126,3031621.62484044
49.8922171204546,7260630.6505005,3048790.82379746
49.9043687399784,7260320.37725948,3041732.89451471
49.9165203595022,7260007.31228635,3034641.16948281
49.9516150758821,7259100.98744015,3014159.30634858
49.9816781721285,7258325.37859785,2996615.18956857
50.0117412683749,7258365.71670693,2954128.26935699
50.0338970057806,7258581.38446724,2916750.31791561
50.0560527431862,7258797.68612973,2879391.24178115
50.0776607912496,7259009.47757389,2842956.35174177
50.0880996911672,7259111.5624954,2825354.31662457
50.0948278290435,7258980.23943186,2829756.43271705
50.1015559669198,7258817.99814448,2841002.84556526
50.1082841047961,7258650.82318571,2852173.41720619
50.1255898139999,7258218.25253295,2880913.49836822
50.1941788486675,7256499.10884437,2988498.39340303
50.202452635327,7256278.72313738,2989774.79263928
50.2107264219865,7256048.13902304,2990917.74588598
50.2278875007757,7255564.84481546,2993293.54100067
50.2870714082764,7253907.1480531,3001497.97702475
50.3072112068544,7253560.77240849,2992238.17744408
50.3273510054324,7253244.72354214,2980826.43506609
50.3556339868697,7252801.46406536,2964811.18258651
50.3794303934035,7252428.98936975,2951336.93908014
50.3953580637661,7252033.2648262,2950638.26889692
50.4112857341286,7251291.96975444,2972683.93137367
50.4272134044911,7250551.85675574,2994746.23425032
50.4818124546878,7248016.1945523,3070375.24411592
50.4894948315793,7247659.3087788,3081016.39450209
50.4945905139872,7247707.13328956,3072047.81839079
50.4996861963951,7247811.86984089,3055444.79030882
50.5047818788029,7247923.47281014,3038952.20390952
50.5166316566071,7248185.64485747,3000586.01709827
50.557444320884,7249082.13734088,2868439.4365925
50.5761123712343,7249492.48083149,2807995.01329391
50.5872308134109,7249736.8273998,2771995.04026723
50.5983492555875,7249837.16530917,2764570.14644529
50.6094676977641,7249930.10833868,2772654.19151401
50.6180358677942,7249996.63609303,2778806.36624708
50.6389500744334,7250155.6205533,2793828.2860989
50.72959202936,7250292.35311311,2859092.8495779
50.7772219955067,7249953.04356342,2893496.13313731
50.8248519616535,7247993.33059647,2976444.54846797
50.859999091601,7246019.76380943,3053997.94804549
50.8857379910464,7244573.89502949,3110769.74234359
50.8913314836435,7244258.94093463,3123106.12714704
50.8949079943781,7244281.43136851,3116951.26098186
50.8984845051126,7244293.56601951,3106731.4384523
50.9020610158472,7244314.13315803,3096614.33985257
50.9101800953713,7244361.27221115,3073628.63557221
50.9386798039873,7244521.88183866,2992939.54745463
51.081178347067,7243303.29317738,2935598.10460698
51.0979133560994,7243073.92867906,2946914.01420127
51.1146483651317,7242897.91621825,2942129.45497792
51.1778850370438,7242230.98759246,2924048.1059999
51.2344727269446,7241217.98989921,2938723.02622005
51.2910604168453,7240062.59340686,2964779.43045969
51.3120447796813,7239197.44777431,2984806.93942692
51.3330291425173,7238286.32288576,3005955.8260343
51.3688858477749,7236741.76465568,3042099.54615666
51.3841353633862,7236082.61454313,3057467.9207886
51.3922192649546,7235733.32531177,3065615.36859745
51.4003031665229,7235807.56234526,3049434.44743871
51.4061555218681,7235912.63255673,3032234.60600753
51.4120078772132,7236022.84626734,3015110.32631566
51.4272767436721,7236312.59309295,2970424.29674898
51.4850371197351,7237403.50307498,2801376.25807821
51.4935390693064,7237564.17734538,2776493.66240152
51.4967109691255,7237519.6501337,2777921.17883456
51.4998828689446,7237509.40024597,2781816.20448802
51.5030547687636,7237491.31222554,2785629.70829963
51.5107547466801,7237448.1236191,2794906.77393288
51.540470165958,7237284.81236483,2830708.67321278
51.6890472623472,7232071.21755443,3091302.60395441
51.6966128911136,7231784.72984218,3100203.23565904
51.70417851988,7231793.23166393,3082872.4044301
51.7100930056003,7231791.2964869,3069207.29436287
51.7231024866279,7231783.45327838,3039158.7907994
51.7677198672305,7231764.24655985,2936113.60294001
51.784733444434,7231756.70791895,2896819.84298747
51.7939492910079,7231752.65953204,2875535.41475793
51.8031651375818,7231541.36966663,2878617.83841009
51.8098442620494,7231379.66015112,2886354.87830316
51.816523386517,7231213.09327941,2894026.27943448
51.8345163084886,7230762.3269032,2914699.24637896
51.872034162691,7229824.95390889,2957808.14545926
51.8902887977359,7229368.73242279,2978782.88254886
51.9085434327808,7229161.39945999,2974969.08922957
51.9267980678257,7229037.40205914,2959459.85536505
51.9450527028706,7228915.98214245,2943995.50655057
51.9960806031066,7228579.77917388,2900769.58100647
52.0036854808992,7228396.41294215,2905313.87837012
52.0112903586918,7228212.91549508,2911608.41056094
52.0224576740325,7227940.89279659,2920820.15453652
52.0593490196199,7227040.4763574,2951252.35130559
52.0865393233283,7226377.38065413,2973682.73959397
52.1137296270366,7226026.50144449,2968709.6186557
52.1369122873706,7225869.2640762,2949516.65794562
52.1600949477045,7225714.43139252,2930368.55938961
52.1868562642435,7225537.67859543,2908266.58120838
52.2136175807825,7225030.491327,2914050.48909918
52.2385707173055,7224396.71221815,2935691.7497779
52.2635238538286,7223760.5777247,2957288.07075921
52.3322550829754,7221525.8260545,3008582.07964962
52.3794554040731,7219652.98675951,3038093.57963483
52.4266557251708,7218571.80370132,3015210.16941429
52.4452798832861,7218332.72616684,2992589.8901576
52.4639040414014,7218096.39569251,2970022.07768108
52.4895446104626,7217773.40176062,2938954.16401891
52.5151851795238,7217312.18494168,2932862.72682384
52.5423125658403,7216770.14172446,2942235.89825995
52.5694399521568,7216225.18683134,2951568.41404326
52.6466195812786,7215103.62075745,2942092.35052949
52.6926772655913,7214586.63992997,2922976.57070638
52.715040751258,7213992.81385321,2935160.37493257
52.7374042369247,7213281.0024296,2956060.29477917
52.7597677225915,7212567.82000523,2976933.18401281
52.7972407504194,7211371.31950487,3011906.99101622
52.8177627039925,7210710.74841287,3015141.07880433
52.8382846575656,7210038.53953771,3015775.08132577
52.8651937606035,7209158.00832113,3016618.18981869
52.8887831422083,7208386.59974222,3017357.89344028
52.903099956976,7208016.62551164,3013534.78852416
52.9126932352217,7208130.99966861,2993953.649655
52.9222865134675,7208239.00726148,2974256.39103755
52.942854657925,7208465.76180218,2932028.12801938
52.9701780989076,7208770.12483535,2875934.63820476
52.9975015398901,7209074.19407491,2819840.47893161
53.0084703634749,7208876.32909712,2825491.54715406
53.0194391870597,7208585.5942025,2845129.42896411
53.0281655415951,7208349.8235822,2860679.0204039
53.0498185852474,7207761.65320534,2899266.77617013
53.0845655640086,7206820.1839532,2961191.66113702
53.1045435238846,7206289.10629659,2992165.79323983
53.116474717594,7205993.17007328,2991439.96747188
53.1284059113033,7205689.10237942,2990600.87043144
53.153686916116,7205039.69170951,2988822.48960653
53.1959161540833,7203958.81409481,2985857.33869587
53.217471065511,7203875.08955247,2964371.75431963
53.2390259769387,7203960.42439182,2934783.04300903
53.2605808883664,7204046.92589965,2905220.59778139
53.2856082288124,7204148.47100902,2870896.69617145
53.2993373069034,7204203.84796823,2852067.46368325
53.3130663849945,7203997.10290136,2858022.4208518
53.3239447951578,7203785.32894111,2870265.24979047
53.3348232053212,7203570.30864437,2882456.87368529
53.3651430662447,7202968.49774515,2916438.60735922
53.50285700213,7198330.83172282,3043931.79074678
53.5128301255598,7198050.77922359,3039839.7752324
53.5228032489896,7197763.93275275,3035425.10527563
53.5419960152631,7197205.41597201,3026931.34932468
53.6064328554889,7195372.67459537,2998146.20028017
53.6698761142061,7194315.85835867,2962634.56534821
53.7035844104789,7193755.7481802,2943762.92153161
53.7148886505768,7193935.22679594,2926497.86717601
53.7261928906748,7194125.13059496,2908698.17236923
53.7475350138886,7194476.25334101,2875095.89533359
53.7736475346,7194909.94782105,2833987.34453158
53.7997600553114,7195343.33447902,2792878.09850243
53.8114240455315,7195130.76255746,2801183.12143743
53.8193997661137,7194814.65064084,2822570.91081539
53.8273754866959,7194490.63143256,2843818.0830613
53.8438079639556,7193818.68245396,2887602.49997061
53.9021116563715,7191442.76512973,3042961.11546232
53.9125907505918,7190928.65743192,3055484.14547213
53.9230698448121,7190346.55569147,3061754.25284583
53.9335489390324,7189767.93273741,3068067.78761426
53.9643601522237,7188068.80342895,3086630.75718752
53.9894664799004,7186683.46202065,3101755.20932805
54.0000798631424,7186097.88979196,3108149.06919684
54.0059768455376,7185772.53121711,3111701.60096009
54.007268567917,7185856.95917662,3106944.93298141
54.0085602902963,7185895.03162165,3101375.73240344
54.0101316497644,7185951.55301721,3094752.72861865
54.0131332361613,7186059.50795757,3082064.31527722
54.0221713728471,7186383.85403671,3043864.66616021
54.063418138185,7187865.77311918,2869537.55097514
54.096418184456,7189051.19625785,2730064.34240388
54.1033473831452,7189300.11916698,2700778.42088506
54.1074668750524,7189400.10547527,2686530.37918972
54.1085058378547,7189324.54067707,2689192.69923555
54.109544800657,7189304.68966445,2692555.13970056
54.1108507899254,7189266.01822597,2696611.19625829
54.113433589595,7189192.02868932,2704681.85798951
54.1212556265084,7188967.87913278,2729111.95847395
54.1579669492348,7187914.44315483,2843770.84072162
54.1971423377632,7186790.53955903,2966125.94662673
54.2047848978447,7186571.27142927,2989995.66285928
54.2124274579262,7186591.05080092,2988519.79760577
54.2200700180078,7186638.51325123,2975762.59113025
54.2277125780893,7186693.31498775,2963114.06401888
54.2448625612576,7186819.70160922,2934724.07803326
54.3070620963125,7187271.32863531,2831751.13693986
54.3116495634413,7187043.90742361,2839778.94850386
54.31623703057,7186801.82647725,2852569.26520878
54.3208244976988,7186553.13296505,2865271.23004963
54.3321457248139,7185938.48150876,2896632.53473504
54.3744456027679,7183646.339558,3013812.35827178
54.4049418191667,7181993.53276554,3098292.93214026
54.4145612772772,7182049.8207724,3083718.52281717
54.4241807353878,7182282.57491772,3048602.74812112
54.4309388514122,7182452.80981391,3024041.65270698
54.4458173128797,7182831.24829061,2969962.07903329
54.5010853978818,7184229.47119486,2769066.85970511
54.5072879237296,7184386.46552613,2746521.2788441
54.5134904495774,7184231.05518259,2751659.74568256
54.5196929754252,7184044.27124844,2768561.80771015
54.525895501273,7183847.69992175,2785320.77728283
54.5389573286849,7183430.82658686,2820627.83557912
54.5843203389995,7181990.18834276,2943253.01818392
54.5980481100392,7181554.05679956,2980361.58826627
54.6063398203027,7181290.66366214,3002775.60426605
54.6146315305661,7181369.38299162,2996691.43366244
54.6229232408296,7181532.5667111,2976067.67262871
54.6295206161419,7181668.8556162,2959759.86617419
54.644597896794,7181983.43861402,2922482.8388733
54.7021365015342,7183177.14721304,2780216.98436596
54.7098323564135,7183275.06508205,2765351.78058605
54.71182955963,7183167.22847947,2770456.10503223
54.7138267628464,7183096.21146231,2776022.87757704
54.7165078657189,7182994.74923648,2783406.15913861
54.7225814550796,7182761.64108857,2800148.62652086
54.7462329259813,7181856.19894508,2865345.77927994
54.7803140127224,7180550.97986455,2959292.27520806
54.7989566921909,7179837.06281897,3010682.00078385
54.8087926109954,7179460.39578681,3037795.32673801
54.8122446933849,7179418.08906881,3036279.70735321
54.8156967757744,7179339.99072744,3033572.82837693
54.8202395832082,7179245.53316005,3030082.368624
54.8324078374187,7178992.90848463,3020721.9910239
54.8817000009174,7177965.65189903,2982799.52424082
54.9042222131913,7177496.45277255,2965472.60313284
54.9267444254652,7177835.81944973,2922819.00173281
54.9438345744719,7178293.7574423,2883604.53031985
54.9609247234785,7178752.82451969,2844418.81637473
54.986637507207,7179444.71226171,2785462.87963358
55.0034334150852,7179896.27035125,2746951.69429895
55.0202293229634,7179765.62399928,2756995.78762556
55.0302603274858,7179516.77994143,2782358.73252379
55.0402913320082,7179259.5482094,2807581.00095032
55.0605024454428,7178736.42561521,2858405.85514665
55.0826032894232,7178167.12334258,2913985.76899951
55.1047041334036,7177597.56164775,2969565.09807709
55.1119369279224,7177531.8137315,2978975.70809807
55.1191697224412,7177693.45874767,2962856.32718111
55.12640251696,7177848.77325333,2946668.83330582
55.1443446935777,7178232.29682816,2906518.36213946
55.2049338068707,7179531.23109533,2770938.58173048
55.2186289153911,7179325.57630927,2780182.29100818
55.2276525102583,7179055.29883716,2802465.47872133
55.2366761051255,7178774.41740115,2824615.41524821
55.255457576843,7178185.57092168,2870724.22568534
55.2876814402653,7177179.08757863,2949838.37781295
55.3049760254466,7176638.74775888,2992298.69235057
55.3222706106278,7176071.75172063,3009555.05124877
55.3452270762057,7175246.65854255,3013935.13678298
55.3615542844891,7174662.49728056,3017089.57208736
55.4084649966733,7172986.85004624,3026156.1202258
55.4203421309701,7172892.46539221,3012578.83660329
55.432219265267,7172869.22049128,2994405.65619689
55.4440963995639,7172847.64246486,2976261.59778031
55.4835411974134,7172777.70777694,2916003.54262998
55.502451287687,7172743.81705751,2887114.85037002
55.5139021194868,7172655.81104892,2874927.82092303
55.5216870492745,7172400.63656174,2885278.60806877
55.5294719790621,7172155.44412955,2895774.18711897
55.5453471010132,7171659.45558263,2917168.43014845
55.6003746468558,7169932.23462284,2991317.73526521
55.6095017192525,7169645.85832776,3003616.63726674
55.6186287916492,7169755.49639059,2990359.66577824
55.6277558640458,7169963.22751527,2966725.34892004
55.6368829364425,7170176.10658048,2943175.09305002
55.658777446479,7170689.93552108,2886677.8637241
55.6812720205862,7171216.17172086,2828630.00921454
55.7037665946934,7171742.62159977,2770582.61866972
55.7269620413722,7171354.53441535,2789623.49417958
55.7350885452751,7171075.09274648,2812015.12676586
55.7432150491779,7170786.42273165,2834260.41739297
55.7596821854811,7170197.31835676,2879345.82911355
55.7884701785264,7169171.58701835,2958168.93818112
55.8033590475502,7168640.91296436,2998935.10465893
55.8105683264868,7168383.9700424,3018674.34882963
55.8177776054233,7168437.25904409,3013751.30270804
55.8265329234925,7168597.87948916,2991173.69626581
55.8332414783446,7168727.28167632,2973977.18895493
55.8484432533804,7169023.67406014,2935001.82339243
55.9062803981334,7170144.50700776,2786707.0161404
55.9222911940715,7169949.21373323,2790412.15482808
55.9317625766534,7169674.02198379,2812556.90361239
55.9412339592353,7169389.57914087,2834548.62839381
55.9598870938577,7168824.4891315,2877865.77081302
55.9838097166001,7168103.11489375,2933423.69990345
56.0077323393425,7167381.45352656,2988980.97440466
56.0146100300969,7167291.85765708,2997303.9791516
56.0214877208512,7167487.60365075,2979058.27727858
56.0283654116055,7167672.64269463,2960677.11213956
56.0428745816063,7168059.80337388,2921909.85406618
56.0896811259897,7169315.61079941,2796855.05564481
56.1025759845888,7169661.42455877,2762403.09579436
56.1154708431879,7169890.46844764,2736380.70765031
56.1175243786122,7169770.82362458,2742550.96713466
56.1195779140364,7169690.16974789,2749218.4615048
56.122267134285,7169578.34191993,2757856.9034332
56.1282729629208,7169325.160445,2777166.69576289
56.1514902998715,7168348.68064543,2851813.67217149
56.1897211781061,7166740.20178287,2974730.50573097
56.2072946358344,7166000.88143246,3031231.35264108
56.2248680935626,7165045.96452104,3063161.63754984
56.2414163627283,7163974.938716,3078438.38400123
56.257964631894,7162908.67727504,3093777.17380156
56.2997519231817,7160219.69681386,3132513.99926899
56.3079516450222,7159691.68845967,3140114.23834514
56.3126764018523,7159387.51940989,3144493.86455208
56.3174011586823,7159627.68923659,3123274.32868492
56.3221259155123,7159982.72977715,3090586.43089212
56.3268506723424,7160349.04262072,3058080.92359727
56.3360393118702,7161064.04660392,2994844.16877788
56.3644307422571,7163265.7171737,2799444.3706812
56.3830017430957,7164706.27452139,2671633.0467408
56.4015727439344,7166146.73039843,2543821.57082598
56.4085149472749,7166685.21410733,2496043.1601222
56.4154571506155,7167141.4475484,2454187.85015808
56.4158987753496,7167043.27744508,2455899.32847668
56.4163404000837,7167009.64639083,2459061.44269285
56.4169624280957,7166975.2282501,2463213.97024521
56.4183852701555,7166890.92588374,2472789.27260784
56.4226865240687,7166638.02287012,2501716.27557379
56.4343457681231,7165951.66767458,2580130.29488138
56.4768953002434,7163447.41512028,2866296.19375529
56.5099038434658,7161504.67453139,3088294.35066758
56.5146771285174,7161223.73712775,3120396.95603644
56.5161021576526,7161281.14134241,3120990.50825436
56.5175271867877,7161264.44002726,3117345.24621291
56.5189522159229,7161261.63785585,3113917.71513006
56.5214711521568,7161252.61792565,3107795.61800839
56.5281873479743,7161227.31896348,3091484.49032665
56.556762116168,7161121.60959053,3022088.35781525
56.5921258718945,7160990.4187445,2936203.88279128
56.6110223669139,7160920.35768283,2890311.91539684
56.6299188619333,7161079.30491158,2868644.00377681
56.6431542652231,7161251.6110828,2858189.49869878
56.6563896685129,7161421.66481484,2847708.32952532
56.7013318552979,7161997.65296655,2812118.99158462
56.7406166045913,7161167.43834626,2860353.5344435
56.7543861173406,7160646.06309996,2892391.11421221
56.7681556300899,7160120.38316026,2924348.57727024
56.8006881824191,7158874.58690492,2999852.58491506
56.8427053439994,7157306.35730286,3034951.93626857
56.8587945021099,7156694.33124908,3034442.1337116
56.8748836602203,7156086.61121929,3033994.66433611
56.9155784508878,7154552.89067209,3032865.57243249
56.9222439878608,7154668.46010657,3017162.42882749
56.9289095248339,7154787.09043878,3000083.41586719
56.9385256743038,7154961.67848187,2975481.65425843
56.9687336164686,7155511.66360771,2898196.43053378
56.9941840681986,7155974.3926094,2833082.04929236
57.0117560100756,7156293.95103825,2788124.79164625
57.0293279519525,7156306.45938592,2787428.84255798
57.0421091886169,7156261.60864309,2801163.65040573
57.052086025742,7156222.3751333,2811820.69988115
57.0777014678621,7156119.05284965,2839185.52536635
57.1964588485948,7153782.66643869,2965010.80036847
57.2496063921457,7152873.28342424,2963831.52473577
57.2689970319204,7152664.4732797,2948960.48734239
57.2883876716951,7152458.8579468,2934143.37684542
57.3396156749588,7152198.71894425,2898359.64008613
57.3908436782226,7152330.99874891,2867237.87012288
57.4121319273279,7152385.59060193,2854302.35671367
57.4334201764332,7151828.26466354,2876531.69543206
57.4547084255385,7151012.89868378,2916022.96374231
57.4701789011696,7150418.24873923,2944680.5148419
57.5143893540845,7148716.31971037,3026574.21962154
57.5308766068665,7148308.34467505,3026519.18196422
57.5473638596486,7147950.58974876,3014087.91372192
57.5638511124307,7147596.24224473,3001709.87501802
57.6076219939376,7146658.51005717,2968850.43874462
57.6494889377386,7146638.46823126,2920196.64069478
57.6913558815397,7146942.71603493,2865010.75032984
57.7083651816409,7147066.38737053,2842594.54911378
57.717735026168,7147134.64712231,2830246.41677017
57.7271048706951,7146827.00787918,2842510.48896417
57.7341516278363,7146539.1867234,2858124.44876218
57.7411983849775,7146246.68115196,2873667.61557575
57.7596365316234,7145479.49086727,2914343.94584475
57.7850966228694,7144421.72146188,2970513.31341876
57.8105567141155,7143363.75061058,3026682.22915064
57.8178059651136,7143062.52061729,3042675.21697758
57.8250552161118,7143162.60416017,3031708.13073543
57.83230446711,7143361.1296227,3007940.96874108
57.8395537181082,7143567.72209994,2984302.78166307
57.855016974792,7144011.81134742,2933872.41279892
57.9086309951483,7145544.59423431,2759011.96536762
57.9162233355036,7145761.74525814,2734249.95144477
57.9211374881463,7145795.65747342,2724937.37001144
57.926051640789,7145594.06669782,2739801.09232162
57.9309657934317,7145409.38610241,2754862.20342562
57.9403468453255,7145058.16860993,2783588.96943984
57.9703405788706,7143928.18143408,2875431.94714695
57.9919230712813,7143115.47349926,2941519.75386018
58.013505563692,7142302.68285905,3007607.39425492
58.0357331068529,7142362.12953796,2992309.04942376
58.0435844710614,7142505.88034873,2971396.35907428
58.0514358352699,7142659.47823877,2950633.38958127
58.0672294256262,7142972.47290304,2908859.41287914
58.1209461283704,7144029.10873701,2766769.13013266
58.1222825218832,7143961.29834693,2768519.11843977
58.1236189153961,7143941.20738339,2771168.49680099
58.1252755294688,7143905.54365856,2774309.63243567
58.1285814175811,7143835.1103333,2780615.46226669
58.139168763264,7143610.09643721,2800802.57700414
58.1900319824098,7142527.61787278,2897783.70624318
58.2111861284658,7142077.50359262,2938118.57751034
58.2242276685389,7141830.51258424,2957953.35033878
58.2372692086119,7141680.54839887,2952672.94525503
58.2464798038802,7141569.12977026,2948867.46611317
58.2687416710243,7141296.9354073,2939671.82352248
58.3104674067675,7140789.39194755,2922439.83586835
58.3521931425107,7139994.26771014,2930039.73997259
58.3939188782539,7139100.32079649,2947280.07209154
58.4356446139971,7137936.95212832,2970767.31212433
58.468767335634,7136527.34096542,3000984.38246201
58.4948576718147,7135420.45498009,3024788.22594686
58.5209480079954,7134311.57896967,3048589.77724358
58.5276041222649,7134334.40557388,3038420.04655665
58.5342602365345,7134445.55620335,3020275.22602141
58.5409163508041,7134561.861101,3002217.63712741
58.5572633896649,7134849.7451307,2957861.62603525
58.6184923833468,7135923.01993808,2791716.45681907
58.6333237177062,7135776.26587618,2793100.96884602
58.6429196197733,7135584.62878317,2810635.48361074
58.6525155218403,7135381.56863306,2828040.31770301
58.6725994827137,7134952.79905384,2864473.73441818
58.7026696280165,7134313.85313757,2919026.15691462
58.7194986751885,7133956.12289915,2949556.63348587
58.7363277223606,7133679.16085399,2955208.254429
58.7496075335805,7133459.40322856,2952190.47350596
58.7628873448003,7133242.53032509,2949213.69981709
58.8020274607971,7132605.36823668,2940440.16468981
58.8312735921903,7132022.96168487,2939899.22078331
58.8605197235836,7131139.18136563,2957810.21038327
58.8897658549768,7130256.11969779,2975734.19962115
58.9106650671311,7129625.51034628,2988543.23164598
58.9217278430066,7129291.56214407,2995323.3426346
58.9327906188822,7129395.8904301,2977805.20060778
58.9405380183508,7129525.60354299,2960798.94096173
58.9482854178195,7129658.51015124,2943841.25854936
58.97092450403,7130048.41496454,2894284.13097325
58.9992542432536,7130535.24716101,2832268.62637004
59.0160378520106,7130823.75784168,2795528.4972231
59.02616588155,7130881.39487888,2782184.92505551
59.0362939110894,7130597.42974339,2802588.57855326
59.0435893761876,7130399.99926412,2817385.15493614
59.0601988303591,7129953.03000006,2851064.16174517
59.1162024734352,7128440.78441391,2964617.60881904
59.1422196126685,7127659.27768865,2986898.25019474
59.1682367519018,7126804.98221503,2993225.05723788
59.1875528476287,7126172.9325806,2997953.67121633
59.2172256535213,7125203.36444605,3005219.59918721
59.2468984594139,7124680.89135264,2987757.28060471
59.2698365063236,7124389.1780083,2967306.40091344
59.2927745532333,7124098.55752806,2946876.59025941
59.3738809439996,7125373.46836867,2808931.55543123
59.4004733080324,7126282.22174097,2749364.41020142
59.4270656720652,7127155.41015773,2693832.99144095
59.4294159924683,7127131.1872642,2697116.62202833
59.4317663128714,7127141.91407061,2700838.14663496
59.4349789470042,7127151.5169796,2705846.76853548
59.442671564602,7127170.59720356,2717852.9868396
59.4736250234983,7127249.64327258,2766163.63487957
59.6283923179793,7125043.18771513,2963963.87223784
59.6322950556477,7125127.20147242,2957170.97694419
59.636197793316,7125187.70821942,2950036.92921462
59.6422127192823,7125279.59020774,2939082.63180595
59.6588461333898,7125542.71623076,2908795.94454158
59.6970278288727,7126145.07444373,2839270.37641331
59.7142582419526,7126416.9845293,2807895.44561316
59.7238026708723,7126567.5966632,2790515.94116099
59.7333470997919,7126355.71648554,2798968.13343432
59.7428915287115,7126021.6583575,2821320.67443288
59.7524359576312,7125681.41023312,2843568.86936608
59.7737583655014,7124918.0554821,2893276.61463589
59.7960306104516,7124122.48368701,2945200.92585361
59.8183028554019,7123326.71477529,2997124.75070982
59.8254155949665,7123072.58762605,3013706.86393347
59.832528334531,7123180.83671744,3005735.38903891
59.8409930980336,7123455.83734171,2978097.67934834
59.8494578615361,7123739.41894064,2950608.74274584
59.866432994488,7124312.30579728,2895476.40793947
59.9248851752022,7126277.13501821,2705623.68005214
59.9321982927487,7126126.86166758,2709976.3155741
59.9395114102952,7125801.03868644,2736950.22619569
59.9446861082195,7125561.4276007,2755883.01737436
59.9552332187432,7125070.85798845,2794492.01040037
59.991729195382,7123380.27411926,2928094.38542314
60.0124242635176,7122421.3620751,3003853.28179025
60.0236067306734,7121903.25102348,3044789.25202323
60.0308154776363,7121647.22775092,3062833.38403725
60.0380242245993,7121515.05366825,3054561.57408943
60.0452329715623,7121374.14912921,3046192.39738461
60.0620804136277,7121042.69703458,3026639.16965849
60.1173644734539,7119959.87098883,2962483.8267114
60.1561718492561,7120410.53232523,2892222.76772191
60.1949792250584,7121373.27394023,2810974.82490916
60.2158212728566,7121890.53466734,2767349.90443841
60.2254254944791,7122129.16623634,2747247.39396509
60.2350297161016,7122053.16487542,2752009.43457582
60.2458321458626,7121840.25366632,2775029.53595547
60.2566345756237,7121617.80923735,2797932.7564436
60.2798040923916,7121137.0596883,2847060.80057239
60.3038796766237,7120639.43139121,2898112.32151369
60.3279552608558,7120141.61663627,2949163.39518263
60.336104516574,7120405.96889239,2935515.29144645
60.3442537722921,7120749.61959924,2910567.28795208
60.3524030280103,7121100.26443246,2885724.83025599
60.3707579452988,7121892.8428818,2829764.48880693
60.3955608346168,7122961.59243764,2754142.86884513
60.4203637239347,7124030.57492968,2678521.71128708
60.429163915718,7124409.85436898,2651690.93772615
60.4339773424645,7124242.96140629,2659121.06332811
60.4387907692109,7123978.6742433,2681986.44748867
60.4436041959573,7123695.17748273,2704628.04252198
60.4524684392396,7123171.17689584,2746351.97918124
60.4805412621355,7121518.93915998,2878493.50682397
60.4986038148378,7120455.50172294,2963515.13783201
60.5166663675401,7119392.1364135,3048536.91039554
60.5246299104478,7118923.31882501,3086021.91148513
60.5294488560001,7118639.62217122,3108705.04938049
60.5342678015525,7118752.48218406,3102755.178241
60.5390867471048,7118921.1600255,3081319.93028927
60.54289497575,7119066.8354601,3064566.65719549
60.5498408740051,7119333.73847206,3033983.81939831
60.5720222045589,7120178.97009503,2936312.47441318
60.5964106106734,7121108.9414165,2828923.88782485
60.6207990167878,7122038.80034213,2721535.08529518
60.629180963984,7122358.38815007,2684627.10325959
60.6375629111801,7122166.78155604,2691582.55784611
60.6432384662163,7121948.52216569,2712579.83974303
60.6489140212525,7121716.01715043,2733362.50544226
60.6594930531947,7121279.99285865,2772123.25737604
60.6932425998548,7119896.84222702,2895784.13669557
60.7251309211798,7118589.51444101,3012624.5548777
60.7309785457876,7118349.7929939,3034050.57602291
60.7368261703954,7118424.38930622,3030599.39296034
60.7451636650748,7118626.10741819,3004925.58002254
60.7511665484319,7118779.01741443,2986565.25751518
60.7640662320671,7119110.37668615,2947099.64199145
60.8102861040466,7120290.83656999,2805685.08404091
60.8226007307606,7120605.48408031,2768007.42080805
60.8306993885108,7120812.38021008,2743228.83051232
60.838798046261,7120616.84494909,2751743.73985764
60.8450542475197,7120406.58054036,2769433.5785291
60.8513104487784,7120187.12293826,2786987.95360706
60.8647183617301,7119714.60656603,2824623.44552448
60.9120518874917,7118052.52063882,2957492.15819343
60.9245607433307,7117613.15691514,2992605.1884392
60.9312451305187,7117378.39748601,3011368.67839326
60.9379295177067,7117439.36186902,3005563.22530811
60.9446139048947,7117536.97134004,2990058.64584138
60.9512982920827,7117642.22622639,2974664.24506278
60.9664690370101,7117883.44773731,2939716.40846282
61.0206778631931,7118739.77090312,2814831.75462905
61.0323075374576,7118923.58602098,2788039.87241181
61.0391382127751,7118894.2797059,2788787.77829122
61.0459688880926,7118864.45922818,2795560.1181174
61.0527995634101,7118829.60968236,2802264.12011616
61.0709762287119,7118735.51624407,2820111.47430741
61.1461382874417,7117920.40916391,2901616.13335219
61.1803361446221,7116427.33006025,2958915.92679056
61.2145340018025,7114934.61257407,3016249.19368098
61.2299288590715,7114263.60936416,3042060.33657169
61.2453237163406,7113834.55815909,3043239.78315111
61.2607185736096,7113516.51437461,3027727.99869449
61.2721909206307,7113282.92485973,3016225.11374522
61.3023246587217,7112671.99851577,2986011.85892746
61.3277581194005,7112155.40354668,2960509.73202521
61.3531915800794,7112562.51622756,2907799.48525614
61.3747144495011,7113341.68284431,2849722.62389375
61.3962373189228,7114120.36069787,2791688.07484801
61.414232001689,7114772.63560531,2743167.78286341
61.4322266844552,7115424.16002094,2694646.71239978
61.4379868026614,7115540.01540694,2684721.13000833
61.4419190286098,7115375.93667744,2697509.74089647
61.4458512545583,7115237.62202816,2710630.5998156
61.4519739865311,7115022.35203353,2731016.85131712
61.469661862494,7114392.55744716,2789910.08386177
61.4978726669032,7113389.09363623,2883841.57129855
61.5260834713124,7112385.49223507,2977772.81186744
61.5386920491296,7111978.82700736,3015986.67725092
61.5399680537396,7112040.34213662,3013654.90344751
61.5412440583495,7112048.90832753,3010655.8644743
61.5428176691716,7112072.05294143,3007106.40379102
61.5458755802803,7112115.61283823,3000171.3485026
61.5552654894465,7112249.13916129,2978883.13406205
61.5988580122062,7112870.39352873,2880054.52489557
61.6211730551362,7113188.29837668,2829463.85163543
61.6341669621127,7113373.43533796,2800005.27430337
61.6471608690891,7113408.13759885,2796816.19149331
61.6601547760655,7113423.53571228,2805192.78545518
61.673148683042,7113434.58879479,2813504.7795872
61.7063366517269,7113460.30501823,2834736.05765496
61.7362883502714,7113484.52154919,2853898.32205118
61.7544781086979,7112963.1060052,2878554.25608122
61.7726678671244,7112385.94080709,2904661.23455773
61.8011317471603,7111494.17017595,2945516.8006132
61.823427593279,7110791.6753771,2977514.03462261
61.8358139081159,7110401.54483199,2995290.37466622
61.8482002229527,7110299.18411733,2988362.33501691
61.8577818593043,7110268.57484922,2975986.40675498
61.8673634956559,7110241.60344725,2963665.38095949
61.8937126689641,7110169.39186368,2929780.59703347
61.9200790013671,7110096.14383016,2895872.19486518
61.934939179179,7110054.94132387,2876761.47754695
61.9497993569909,7109736.08569518,2882791.00853621
61.9646595348028,7109344.48633748,2898718.66664142
61.9795197126148,7108949.90282775,2914598.18320211
62.0208624658661,7107849.84203608,2958776.51488313
62.06300381298,7106764.78652531,2977214.14951439
62.0917208199139,7106026.54728473,2975870.53382857
62.1204378268477,7105290.54135745,2974560.85979141
62.1395192864588,7104802.44942005,2973692.03735205
62.1510307087057,7104813.41143413,2960451.14283872
62.1625421309526,7104831.90331456,2946520.34089077
62.1829186025741,7104857.48628231,2921863.91906008
62.2180506037457,7104907.37608377,2879360.28401938
62.2350153168492,7104931.31162707,2858835.52516172
62.2519800299527,7104672.31992847,2863072.93908359
62.2690955807741,7104291.26835581,2881476.50014999
62.2862111315955,7103906.82794713,2899821.94193954
62.3306568231021,7102905.7492022,2947460.26802925
62.3458366801397,7102679.18762545,2955199.12046118
62.3610165371774,7102742.2835861,2936966.07415654
62.376196394215,7102802.77960386,2918696.05599339
62.4217894288118,7102982.64600503,2863821.24776295
62.4467005961727,7103054.13285589,2840338.71694326
62.4716117635337,7103041.54197594,2845234.72272426
62.4892260241221,7103035.15917997,2848733.57983675
62.5412012227665,7103018.37723249,2859059.26316939
62.5592341206958,7102595.65948626,2877787.88099503
62.5772670186251,7102133.868979,2898318.6965415
62.6034487362493,7101462.73481441,2928115.53932474
62.7158437769013,7100012.53244251,2910713.50473786
62.7522779314991,7099629.2391898,2892506.24842074
62.7775568224674,7099044.65979509,2911400.88196172
62.8028357134358,7098458.74462602,2930328.94371743
62.832432390765,7097774.03576634,2952491.54298523
62.8620290680942,7097498.62750331,2944354.13813889
62.8815821544153,7097494.21884216,2923876.11514023
62.9011352407365,7097492.87223645,2903453.05488667
62.9310216443254,7097492.7800338,2872238.49228953
62.9436853350196,7097492.31296567,2859011.36526614
62.95157343752,7097316.83575059,2864418.08362918
62.9594615400204,7097129.97107108,2872882.28983019
62.9694571838665,7096890.07875464,2883566.61855376
62.9998223535415,7096159.87454947,2916026.20335795
63.0326005980425,7095372.38300307,2951066.34623974
63.0404327383778,7095184.19305349,2959438.8987668
63.0442955814805,7095091.37880795,2963568.2790726
63.0481584245831,7095486.34886676,2943538.76640481
63.0509099893299,7095903.09998776,2913393.76453884
63.0529026231401,7096221.02204671,2891854.62523885
63.0558778783084,7096692.39545895,2859625.12522861
63.0634070709989,7097881.77076555,2778076.03039286
63.0947428939245,7102833.99118826,2438676.4635949
63.1344928813549,7109115.64657125,2008142.56455027
63.1411562637414,7110168.65407868,1935971.23956771
63.1445550735947,7110705.77516926,1899158.58748714
63.1479538834479,7111043.96469584,1887576.28763713
63.1504523630075,7111365.36991333,1895366.88412077
63.1522362754058,7111573.80220306,1900607.28389354
63.1548221929641,7111882.81897918,1908292.92852295
63.1614267815517,7112672.45297117,1927893.66772313
63.1901606828984,7116106.59738179,2013175.92819956
63.2193823327812,7119599.27643489,2099905.53424603
63.2486039826639,7123094.78149283,2182000.45082798
63.2530424867633,7123643.66035822,2182460.58953874
63.2574809908627,7124168.70542211,2182631.26116779
63.2648353375576,7125039.13103391,2182958.33732111
63.2891739669341,7127926.68160019,2184030.17616462
63.4108671138168,7142313.09356914,2188867.42553684
63.5270226878423,7156017.11020481,2187195.22512973
63.6431782618678,7169506.87095385,2200717.89178684
63.7246191432092,7178792.42655315,2209718.66490184
63.8060600245506,7188154.43167415,2205170.54589306
63.8875009058919,7197536.59576309,2199921.8967471
64.0885288083117,7220386.82400251,2212533.07267349
64.2048793950928,7233496.18060261,2211662.00745401
64.321229981874,7246470.67513525,2219694.97648165
64.4400464577754,7259566.83237124,2225778.56155413
64.5588629336767,7272541.27385274,2230896.50664469
64.6776794095781,7285507.47933636,2228506.62551568
64.7569618933595,7294141.12435361,2227476.79858667
64.811884549287,7299983.45088722,2238360.51156362
64.8668072052146,7305846.55767068,2243978.66315579
64.9217298611421,7311769.13889229,2236403.13955844
64.9444243626831,7314219.0022283,2233272.09992731
64.9671188642242,7316309.04389277,2255971.18392458
64.9898133657652,7318274.48068451,2289520.28618839
65.0125078673063,7320238.16484997,2323034.84455033
65.0435875938581,7322925.87092116,2368933.14698241
65.0641185654578,7324704.58392083,2380598.73556734
65.0846495370575,7326463.81268061,2381399.94619318
65.1051805086571,7328223.27646948,2382238.91021945
65.1665170795439,7333513.1807868,2382018.27260838
65.2278536504306,7338886.46568214,2372945.26522923
65.3048148894687,7345523.96630452,2377200.90254548
65.3817761285068,7352128.55520184,2381955.21374005
65.4587373675448,7358775.3698524,2376487.17474125
65.5356986065829,7365412.62212889,2376360.3022202
65.6126598456209,7371960.8789257,2381656.76226344
65.689621084659,7378463.2772014,2386562.3867627
65.8362594565382,7390728.6190456,2391965.40260642
65.9828978284174,7402938.83620608,2392414.06876342
66.0948078048405,7412124.31527941,2398884.2209259
66.2067177812637,7421281.40351824,2399126.85541488
66.3186277576868,7430350.64673222,2404093.14012377
66.4493478904214,7440970.65915508,2398671.01046928
66.4909806517237,7444271.72276594,2404078.61562368
66.532613413026,7447554.35729449,2411016.97922145
66.5983685660843,7452740.01164742,2415163.80435497
66.717603099668,7462192.49206156,2410740.43203642
66.8368376332517,7471537.81477819,2417644.3454625
66.910122709651,7477291.72141709,2415848.63894354
66.9834077860503,7483020.6780188,2414671.61019408
67.0566928624496,7488685.59854157,2421116.40758124
67.1299779388489,7494248.15180217,2427289.75554848
67.3210551625582,7508762.3847557,2426245.98724397
67.5697319343743,7527483.45967559,2436181.7533121
67.6753062364482,7535182.72966315,2444720.549746
67.73238785624,7539484.84913534,2432663.37343985
67.7894694760319,7543708.43834854,2431981.65266519
67.8465510958238,7547876.72971664,2440669.97229958
67.9036327156156,7551993.89998109,2445503.54825179
67.9765640727728,7557255.03635833,2447803.09467374
68.04949542993,7562557.46061959,2442360.31487938
68.156875675153,7570301.70887197,2446486.03272974
68.2383377603238,7576161.56329259,2446004.04649613
68.3197998454946,7581870.90603767,2455545.70733348
68.4012619306654,7587602.85196616,2456673.97456942
68.4827240158362,7593343.79070977,2452452.92243237
68.6542304605766,7605188.39054071,2462859.88049097
68.7441621639812,7611502.33505035,2453917.41085666
68.8340938673858,7617713.85793049,2458971.23414585
68.9031270379775,7622387.45536626,2466459.02827034
68.9956228411516,7628598.44748689,2472088.84346728
69.0881186443257,7634822.22439567,2470521.01050854
69.2298443653444,7644373.27542619,2465631.19755548
69.3074863372396,7649537.13255982,2470999.23717875
69.3851283091348,7654624.80608031,2480314.15110132
69.4982479942338,7662067.2178139,2475863.72746444
69.6365821526357,7671135.43004944,2476885.78715781
69.8452159524443,7684550.21763076,2486672.34392734
69.9485181484135,7691019.7542415,2494737.16896133
70.0518203443827,7697506.1092018,2492465.2946113
70.1332947321084,7702576.6247707,2494763.87011917
70.1461075424315,7703371.95187164,2495281.46506688
70.1589203527546,7704168.96758899,2495798.87892764
70.172389410695,7703412.56502986,2575425.356662
70.1769993406724,7702887.91955917,2620013.19016649
70.1816092706499,7702347.08303887,2664308.59153895
70.1892600234012,7701438.26893994,2737855.89682391
70.2116299162715,7698801.7237176,2952905.05201408
70.2342472344861,7696134.36896436,3170330.681011
70.2568645527006,7693467.24039141,3387756.48657782
70.2755112491785,7691920.10694906,3434514.71275612
70.2787610131276,7691653.1833731,3427566.08453805
70.2820107770767,7691423.66805925,3421010.33271054
70.2867043206492,7691083.92493619,3411482.5337028
70.3001785465175,7690105.63740994,3384136.34416023
70.3544252755282,7686174.56297502,3274050.92572716
70.3601424119283,7685760.06696039,3262448.52537055
70.3632651675952,7685533.74337424,3256111.32082539
70.3653437809068,7685747.13303695,3238190.64035698
70.3674223942185,7686003.3896365,3210396.16086415
70.3695010075301,7686273.39792206,3182889.69148784
70.3728330017045,7686708.92578792,3138737.24917365
70.3813542837342,7687812.66202295,3025825.63913093
70.4154465873956,7692234.69746222,2574090.39965152
70.4457074201707,7696158.90380041,2173122.90551019
70.453296148104,7697143.08491869,2072569.49357751
70.4608848760374,7698127.25259755,1972016.04767011
70.4688070604009,7698727.51857844,1949706.60165052
70.469939959166,7698859.92220609,1955260.22088763
70.4710728579311,7698940.17529562,1960151.36623521
70.4725125698847,7699053.21598182,1966530.35816984
70.4755380661157,7699291.50020563,1979883.83677978
70.4854945846504,7700073.45356786,2023841.71631327
70.5352771773237,7703986.85823105,2243628.91506421
70.5519951579917,7705300.87214604,2317437.73060538
70.5618246907595,7706073.50178846,2360834.52165303
70.5716542235273,7706891.03299468,2375464.4958849
70.5814837562952,7707651.61661929,2375451.5449235
70.591313289063,7708418.82625757,2375546.01152013
70.6132307703934,7710137.99813322,2375748.68183699
70.6408062631435,7712296.3057583,2376002.4704566
70.6580820115488,7713648.78148499,2376161.78786452
70.675357759954,7714300.27268174,2416972.17490931
70.6863802682372,7714568.54923941,2461016.41149586
70.6974027765205,7714780.6207552,2504934.30014468
70.7209024325126,7715223.40299368,2598570.51584259
70.8152930564696,7713712.15027278,2953374.17917679
70.8386796945617,7712609.16002435,3036608.34836951
70.8620663326539,7711509.33102514,3119857.55660279
70.8723512366347,7711139.1123058,3130964.25381172
70.8826361406156,7710756.19255049,3125302.50349898
70.8905221426638,7710467.43973411,3121047.54081794
70.9090928104059,7709796.18307871,3111028.48971314
70.9518739759599,7708241.58281115,3087939.84082989
70.9946551415139,7707538.59789189,3035689.99224284
71.0374363070679,7707242.20782261,2968849.46305224
71.0703546747835,7707068.90026207,2920970.38331198
71.0926374994589,7707206.29064907,2904413.10536025
71.1149203241343,7707346.62854248,2887899.98287386
71.1480058845735,7707559.54246127,2863384.91653721
71.163978934249,7707661.30413771,2851548.527336
71.1743783303164,7708097.53487206,2827591.47787216
71.1847777263837,7708655.96407942,2796542.99843112
71.1951771224511,7709216.40757203,2765543.46579854
71.2248912485854,7710823.23286719,2676967.16905657
71.2487321101732,7712110.70210345,2605897.46582462
71.2604726555432,7712744.89137055,2570899.09422292
71.2668550690129,7713089.64012526,2551873.21648573
71.2683730843547,7713079.9368166,2553550.88959641
71.2698910996965,7713121.13778308,2556645.0406396
71.2717328720927,7713166.49193291,2560255.72156186
71.2754314643186,7713250.84409778,2567543.58894329
71.2875334674626,7713531.02238751,2591383.64525193
71.3457442318501,7714874.52239759,2706052.74557979
71.3974681739867,7714520.20103798,2835623.0550223
71.4328422919427,7713484.05730637,2938713.60058407
71.4682164098986,7712448.26656876,3041777.14261966
71.4790728137915,7711762.31208847,3063012.21908298
71.4899292176844,7711032.49040479,3083307.46775921
71.5085593775329,7709781.65752053,3118148.1930672
71.5337152912276,7708093.92599155,3165193.88754118
71.5588712049222,7706405.57443493,3212238.88141783
71.5662352103266,7705911.3535441,3226010.61483354
71.573599215731,7705815.19875146,3214208.31803524
71.5810937657235,7705860.68133582,3185200.74543752
71.5885883157159,7705913.78275806,3156348.8228978
71.6036245433381,7706032.60199404,3098461.00182764
71.6511526858984,7706390.38174488,2915465.82397656
71.6691710394573,7706526.59629337,2846091.61473856
71.675699880568,7706718.22539374,2832531.17837903
71.6822287216788,7706962.13791839,2820956.07112226
71.6915870583279,7707307.71104758,2804323.98814964
71.7206147196303,7708375.49120534,2752736.73944478
71.745784820272,7709302.84734672,2708006.15940802
71.7709549209138,7710201.44509002,2666450.59273248
71.7747310253372,7710213.49071177,2672141.65682589
71.7785071297607,7710252.28815208,2678194.94072288
71.7842627496852,7710320.78431017,2687374.36239732
71.8004531310664,7710491.90143351,2713193.51104142
71.8692434689392,7711226.34465243,2822901.92214277
71.8789744452443,7710859.37946922,2849100.51986244
71.8887054215494,7710452.63920811,2876350.57815874
71.9051324273225,7709786.58481089,2922345.4703704
71.9566513034206,7707669.82662281,3066578.73234087
71.9716949858376,7707043.81268913,3104854.58480106
71.980744704397,7706598.23671831,3109349.18631396
71.9897944229565,7706141.67747543,3113688.15216657
72.0075203727482,7705234.33599488,3122185.32768517
72.0642953397071,7702346.8598875,3149420.00230125
72.0828615918107,7701977.7105648,3124386.02086169
72.1014278439143,7701886.69347612,3079512.23066661
72.1145399838895,7701824.20541231,3047871.09877189
72.1492546062863,7701666.26292355,2964107.43923145
72.1750465447281,7701563.58582211,2910037.84775555
72.1853014513726,7701574.55817988,2906173.57766285
72.1955563580171,7701592.37566892,2902411.42280327
72.2184173076432,7701641.62100124,2894024.33444518
72.3035614689191,7701886.93525844,2866965.51979632
72.3508006444973,7702225.20989216,2856001.43833093
72.3980398200755,7702136.18819788,2871461.14619731
72.4340097986863,7701852.03158921,2899857.74941931
72.4606663154296,7701640.78356495,2920879.19092357
72.500161786466,7700403.88259708,2977306.12993212
72.5396572575025,7698806.21561421,3044080.26581592
72.5791527285389,7697168.8966726,3102773.1058446
72.5975254678374,7696294.61188878,3109584.2490707
72.615898207136,7695416.81350905,3116335.47906135
72.6616252993313,7693223.41733454,3133129.74285289
72.6697150121117,7692836.13754502,3136102.30426099
72.6778047248921,7692940.76297047,3113379.61088897
72.6858944376724,7693286.57491723,3071728.19169481
72.691968306884,7693551.718688,3040577.54256685
72.7051767878478,7694137.90358184,2972829.42736512
72.7520064840827,7696200.62816248,2732621.85766428
72.7648164769818,7696765.22576224,2666914.87318963
72.7714629895653,7697058.10077654,2632822.49247853
72.7781095021489,7697187.52796333,2624909.79214793
72.7867114452386,7697381.27897457,2637517.20783788
72.7928135579573,7697511.33050294,2646331.04453432
72.8058908065561,7697781.17435979,2665232.53777142
72.8540489743896,7698790.46250918,2734844.75238282
72.8707149666291,7699139.35235769,2758934.93590038
72.8813606219213,7698824.10716418,2791586.02159624
72.8920062772134,7698296.70538595,2832423.67302701
72.9026519325056,7697767.60775786,2873206.9241646
72.9320105748246,7696302.40325191,2985679.77623221
72.9549131248814,7695161.22464434,3073421.22884621
72.969604079559,7694429.00289991,3129702.94706243
72.9842950342366,7693601.63000195,3153204.82159579
72.9989859889142,7692674.92550023,3162068.7428393
73.0104554518483,7691954.58211527,3169041.4665892
73.0407403239294,7690059.72475721,3187458.62855677
73.0622184817513,7688713.95943743,3200517.82441608
73.0731987636927,7688026.13008001,3207194.4293515
73.0804264269007,7687835.33113655,3196726.85413079
73.0876540901087,7687693.87387913,3180817.58877648
73.0948817533167,7687555.56348915,3164964.34290492
73.1152371334931,7687171.34580143,3120314.39651572
73.1457331998541,7686592.27850644,3053416.75490818
73.1762292662152,7685994.28132754,2990001.94125211
73.1806743855637,7685827.46012324,2992713.51621966
73.1851195049122,7685682.66943998,2995721.06753599
73.192499030176,7685453.2555123,3000684.7302897
73.2130025327471,7684794.99275711,3014462.78880182
73.2475509075945,7683688.770718,3037683.310198
73.2693632656918,7682990.08883828,3052343.35710379
73.2911756237891,7682723.26159223,3035181.64462752
73.3129879818864,7682613.54959819,3003680.41677733
73.330004201974,7682529.19457729,2979139.3548254
73.3806065273816,7682315.54354503,2910836.24199963
73.3969023024099,7682352.17318629,2903905.32236369
73.4131980774383,7682393.33458059,2897045.80815597
73.4525041725509,7682501.22117038,2880504.98114042
73.4715246527463,7682551.74020512,2872498.90359044
73.484110448494,7682266.77429826,2886358.80090294
73.4966962442417,7681827.44607441,2911317.25479518
73.5092820399894,7681392.20151939,2936217.80940788
73.5422171768493,7680246.14169664,3001377.12973335
73.683276900838,7672300.42419212,3209798.47456259
73.6875022755906,7672197.83852345,3202715.79520505
73.6917276503432,7672066.6526856,3195306.80037437
73.6984022999486,7671865.27765719,3183647.19977428
73.7192950069197,7671238.30728685,3147148.02611817
73.7657669451449,7669840.22286954,3065958.46199165
73.8122388833701,7669120.02783662,3010442.80509572
73.8462608943095,7668761.43654972,2975885.79702257
73.8802829052488,7668348.59635216,2946161.63482165
73.8888634763468,7668058.72556005,2955662.15174069
73.8974440474449,7667779.17201629,2965343.35693974
73.9136154300573,7667265.66556157,2983585.87693111
73.9654660501953,7665599.56025232,3042060.92325751
73.9769264325659,7665231.68840981,3054986.0755694
73.9834188390324,7665254.79969415,3045773.24737153
73.9899112454988,7665285.47369366,3032798.57833757
73.9964036519652,7665319.7706348,3019873.51063835
74.0157002967817,7665425.7307703,2981453.30595475
74.0420330550612,7665567.70921287,2929021.39679918
74.0683658133408,7665710.12526825,2876590.2314088
74.0763758782795,7665753.43869974,2860641.37980242
74.0843859432182,7665374.04690139,2873640.02859447
74.0923960081569,7664874.48400024,2901900.18435878
74.0987834203101,7664470.3873652,2924326.52266659
74.1132151440903,7663549.16797678,2975004.00157275
74.1669689410149,7660131.66804429,3163771.92656853
74.1755305726253,7659587.1254862,3193837.59779579
74.1806128561304,7659316.35428135,3208075.08691894
74.1820748914206,7659345.81447745,3204470.59557774
74.1835369267107,7659326.58763302,3200310.29018484
74.1854492441532,7659308.57899813,3194990.2317116
74.1893224205449,7659277.4019491,3184191.00537446
74.201936837121,7659171.78329047,3149019.18762156
74.2603632543117,7658686.49410914,2986118.68077394
74.3108077152729,7657349.5091477,2975788.79268963
74.3194339320487,7657043.90141676,2988508.1231108
74.3280601488244,7656730.57677505,3001099.26027992
74.3463722522694,7656055.43713534,3027830.41923228
74.3711940994981,7655146.50726928,3064070.25452783
74.3960159467268,7654558.03645813,3063498.98759419
74.4122439135074,7654277.04778092,3046988.57345037
74.4284718802879,7653999.35599257,3030547.30777681
74.4681573548135,7653328.68916025,2990346.20453277
74.5048985562745,7652163.74067238,3003692.54355069
74.5278148754393,7651279.97149508,3029279.52638111
74.5507311946041,7650394.20237987,3054816.39618467
74.5802559293478,7649248.27654333,3087712.6257792
74.5885533409615,7649044.34253729,3083671.28502212
74.5968507525752,7648831.72780277,3078082.37842795
74.6091843977445,7648517.89976598,3069801.10690504
74.6512692113993,7647450.6128639,3041544.68392036
74.6811077922792,7646692.99342369,3021509.53640124
74.6918939244255,7646319.10162389,3025297.19374535
74.7026800565718,7645948.25929121,3030225.13924783
74.7204063193387,7645337.64801327,3038308.74593949
74.7904471185238,7642984.61700711,3063847.64896919
74.8099020143146,7642474.00244482,3055966.89182952
74.8293569101054,7641961.02515,3048032.77107114
74.8798520355637,7640622.09729147,3027432.87378489
74.8947305095873,7640026.79168325,3035554.44099571
74.9096089836108,7639392.32805315,3047685.55389759
74.9244874576343,7638756.98240532,3059797.9773398
74.9801029394783,7636378.93247569,3105071.97961118
74.9923529360354,7636081.71131489,3097215.18755406
75.0046029325925,7635828.47514892,3083497.13145099
75.0168529291496,7635577.00375495,3069812.98573125
75.0552496130671,7634793.25616399,3026922.9406538
75.0760205979104,7634368.33474096,3003719.96545975
75.0967915827537,7633694.00279959,3006148.25850281
75.1156828297646,7632973.61835998,3023342.73915435
75.1345740767756,7632250.84733795,3040483.48839391
75.1842147140227,7630349.44010449,3085249.12482469
75.1943233521016,7630044.06848798,3081683.86147756
75.2044319901806,7629733.8160796,3077985.99964275
75.2250905351056,7629088.41379553,3070426.63428775
75.2704943915814,7627680.62538613,3053823.46691202
75.3158982480572,7625750.57102233,3073254.90854181
75.361302104533,7623593.26290815,3109843.73178487
75.3840190512675,7622513.74460854,3128140.25570477
75.397827435815,7621329.15976549,3153414.42287177
75.4116358203625,7620066.26473049,3181233.42734681
75.4301359761744,7618373.76198167,3218487.40933995
75.4537430476937,7616212.4403291,3266023.80673524
75.4773501192129,7614051.90326009,3313561.09454446
75.4998714020078,7613236.58943077,3274399.70096857
75.5071052223015,7613179.69108219,3244296.43381741
75.5143390425952,7613132.93903908,3214375.66255682
75.5281881280472,7613055.66013494,3157089.53838954
75.5700795100236,7612803.96469957,2983788.55146115
75.5871070073008,7612663.75171586,2919272.31907915
75.5886835151846,7612568.17065965,2920846.27211485
75.5902600230684,7612525.54988523,2923025.75197445
75.5922465671316,7612464.6707518,2925646.54047059
75.5962637384926,7612335.82698883,2930973.06300153
75.6095877730546,7611912.43545489,2948638.0936486
75.6729264251622,7609896.07728243,3032608.62449456
75.7553389559677,7605750.47382614,3125402.3011987
75.8377514867732,7601599.79011761,3145547.77911391
75.8665716071124,7600205.20452593,3137350.52234157
75.8863858452311,7599247.54970497,3131739.0527641
75.8985033047881,7598414.71061265,3142172.56180182
75.9106207643451,7597556.43890248,3154925.04962147
75.9272256452487,7596379.25620309,3172380.59338235
75.987436169293,7592107.45805216,3235673.31398719
75.9909729556032,7592156.4535325,3224226.69462562
75.9945097419133,7592198.01685176,3209057.37732518
75.9980465282235,7592248.13694543,3193990.33924838
76.0061576385779,7592365.58325916,3159418.26636755
76.0342381110421,7592764.06786145,3039724.03527905
76.0631276387684,7593175.04753748,2916582.83749013
76.0778527890238,7593384.40961756,2853816.91437957
76.0849712994051,7593485.62642289,2823474.28778742
76.0887890142714,7593539.90963952,2807201.29097132
76.0900373108675,7593404.28107942,2809389.53061843
76.0912856074636,7593333.00181962,2814451.22136188
76.0925339040597,7593256.23929272,2819315.91555618
76.0947882732145,7593115.15583077,2828162.44345101
76.1008592783878,7592734.98258845,2851971.14372045
76.1270529219994,7591091.82055683,2954694.64202181
76.1663739499979,7588625.96117367,3108900.77200335
76.1804586077814,7587742.64020476,3164136.77505545
76.1876071981968,7587294.31834708,3192171.51240896
76.1925643700132,7587075.77804554,3196050.58273432
76.1975215418297,7586819.93599761,3192974.5602763
76.2024787136461,7586571.63852208,3190002.71205448
76.2142862610473,7585985.26254418,3182912.89305312
76.2543185608269,7583987.35885258,3158865.40120712
76.2865892803889,7582377.60084025,3139481.8059643
76.3066225651079,7581870.65965634,3113486.48144469
76.326655849827,7581457.87334476,3084499.5887565
76.3524050961404,7580927.56602543,3047254.35592225
76.4568329226449,7577575.86400034,3051348.55181868
76.475219490345,7576877.69593513,3067577.22970398
76.4936060580451,7576173.33427092,3080908.75444817
76.5119926257452,7575442.25998401,3082359.36021438
76.5303791934454,7574709.46878804,3083782.94324796
76.5906665735609,7572302.69504627,3088446.82263984
76.6022110980059,7571579.59716103,3100370.35941034
76.6137556224509,7570851.90412899,3112732.0449773
76.636433882277,7569435.25898297,3137018.68560651
76.6676638884619,7567476.99537625,3170455.39524257
76.6856166162781,7566351.65809784,3189677.60056812
76.7035693440942,7565538.37605057,3182024.88585245
76.7215220719104,7564826.00781759,3162432.38687678
76.7394747997266,7564115.68688226,3142884.31789298
76.789260385719,7562151.8337679,3088680.68466204
76.8274373548481,7561133.82064859,3061444.69869026
76.8656143239772,7560159.39467819,3035363.91964359
76.9300726863814,7558363.66154633,3023487.70439718
76.9681264978121,7557249.99730065,3030648.67481191
76.9854752003131,7556741.80958241,3033902.49648758
77.0028239028141,7555608.11898547,3062435.41963695
77.0201726053151,7554039.98060977,3111027.13453889
77.0324943533324,7552924.44382105,3145483.59769059
77.0647014029427,7550002.0118992,3235541.20771937
77.0943805782437,7547344.91250667,3316018.29640273
77.0951744739271,7547397.85914032,3313724.46228859
77.0959683696105,7547381.84920804,3310472.27694144
77.0969544939866,7547374.67222152,3306666.87249289
77.0988020060129,7547360.40401704,3299471.2909215
77.1038061431684,7547321.22560479,3279997.18596497
77.1249895161101,7547158.08571895,3197560.55637168
77.1545118618564,7546929.91149109,3082670.90281086
77.1840342076026,7546701.91286583,2967781.56527126
77.2168396944579,7546291.8489146,2930414.10732554
77.2281512755298,7546155.02554148,2933537.24339026
77.2394628566017,7546011.76989913,2936557.67122955
77.264493222197,7545686.41199144,2943240.63593417
77.2974536760251,7545175.82467577,2955512.00513872
77.3082442613627,7544658.3253244,2973691.39630077
77.3190348467003,7544145.60013016,2991984.53198106
77.3422750399906,7543050.50430197,3031384.03333032
77.3770999502,7541403.79005992,3090417.41099267
77.3984709986034,7540381.82107935,3121710.02586749
77.4132850002676,7539606.61468809,3125475.36963257
77.4280990019318,7538826.99569861,3129174.34690572
77.4648451830528,7536886.1026711,3138344.0348689
77.4873534346087,7535698.96509434,3143963.3086042
77.5098616861645,7535091.44876652,3118977.08234982
77.5284316902834,7534857.89150897,3082161.95306837
77.5470016944022,7534626.65499855,3045406.53936374
77.594231921436,7534045.49400036,2951930.3304343
77.5999389186604,7533671.13698237,2959920.48852342
77.6056459158849,7533235.10724357,2977595.50912306
77.6113529131093,7532791.90304999,2995147.78112858
77.6242665114326,7531782.90591153,3034876.09748652
77.668175291587,7528363.00693022,3169969.6306853
77.6862744773664,7526952.90469735,3225654.35663445
77.6936365752795,7526379.38629376,3248305.01373372
77.7009986731926,7526164.07195304,3245555.98409788
77.7064082903158,7526126.0217381,3226446.50709571
77.7107223792571,7526105.76743387,3211385.26694617
77.718927707004,7526074.68733195,3182721.0932004
77.7449732610451,7525961.2704521,3091721.43776139
77.7985309542237,7525713.61498705,2907207.91528539
77.7998518219815,7525620.6808293,2908536.87121309
77.8011726897393,7525586.63778579,2910558.77031199
77.8027958475983,7525533.90095443,2912890.61196411
77.8059538504852,7525429.11681179,2917465.55263242
77.815668335916,7525109.03962767,2931532.35535238
77.8604107582373,7523631.69828002,2996317.79966968
77.9034416090464,7521988.6614474,3060913.86272338
77.9464724598556,7518806.9989981,3141443.97247646
77.9794145191664,7516370.39897267,3203109.10518973
77.991402586775,7515484.74318683,3225551.36178798
77.9978267785002,7515009.71055906,3237577.31609096
78.0022436642741,7514933.61136878,3230623.82640171
78.0066605500481,7514880.31833281,3217246.73792872
78.011077435822,7514834.34541726,3203980.23693043
78.0212330877915,7514732.76144285,3173462.68096589
78.0554727643354,7514381.22116316,3070564.03186254
78.0807642632203,7514122.26404296,2994558.16321112
78.0941096206924,7513985.52685744,2954452.6101283
78.1074549781644,7513711.31115101,2941209.43540001
78.1178624137761,7513477.04676505,2948231.95921417
78.1257490342155,7513294.18266734,2953463.8820331
78.1443349149469,7512856.71808567,2965796.5159702
78.1907988920283,7511770.06642991,2996633.69578282
78.222063853958,7510393.78792494,3032960.84556944
78.2533288158878,7508755.0468545,3075922.41260282
78.2845937778175,7507116.19037071,3118870.60369155
78.3050192278187,7506130.74971823,3138039.85418618
78.3187001199666,7505672.58288329,3126130.48948719
78.3323810121145,7505209.96519911,3114143.73872969
78.3648237892556,7504105.47721413,3085713.5172287
78.3867077788804,7503362.52847438,3066539.02386439
78.3983503308766,7502967.08271125,3056337.46759106
78.4099928828727,7502153.20381509,3071497.81125073
78.4184651380505,7501498.1006603,3088340.57000975
78.4269373932282,7500840.02829422,3105131.89147983
78.4510765378493,7498960.82350618,3152975.05430188
78.4826725430731,7496503.41918036,3215600.52657821
78.4956037258631,7495497.53756583,3241230.67700655
78.5039845153831,7494948.87954101,3250520.15537407
78.5123653049032,7494646.60700423,3234995.84882774
78.5207460944232,7494337.66099887,3219378.9635986
78.5403877582365,7493607.01349571,3182778.56313978
78.606934060883,7491246.74933537,3062662.07156239
78.6271367291812,7490932.91724324,3040908.47075819
78.6473393974795,7490624.1628459,3019213.49198417
78.6985274542371,7489848.29225129,2964250.74356249
78.7115596738421,7489518.30410594,2965990.51480808
78.7245918934471,7489165.0074519,2973756.67433474
78.7376241130521,7488809.82001106,2981489.92300469
78.7792047279733,7487673.03664957,3006162.61075745
78.8261042649387,7485836.56856829,3046302.06216003
78.873003801904,7483435.04721052,3099290.97958274
78.8925299538663,7482435.20378932,3121345.53258059
78.903898647709,7481886.4157276,3131879.44879791
78.9107341979164,7481771.54587523,3121726.34394436
78.9175697481239,7481642.88765703,3111353.54509839
78.9299814032806,7481398.41593725,3092527.53564729
78.9667250145514,7480691.77112883,3036812.65027851
78.9910052377286,7480224.03564641,2999994.66417549
79.0047275336603,7479944.18167644,2980846.56634216
79.0101071506639,7479731.49604767,2985066.60265272
79.0154867676676,7479534.69776553,2989511.52629801
79.0255265466724,7479175.60687056,2997787.52603968
79.0552840014745,7478096.13041159,3022304.71929064
79.1060332882483,7476263.97859856,3062175.93921898
79.120922179975,7475774.51687755,3060191.33356198
79.1358110717017,7475279.90219731,3058121.03709756
79.1700055459617,7474136.24922509,3053361.15006367
79.197997002877,7473202.57893899,3049468.00914917
79.2259884597924,7471724.73499273,3072765.14893188
79.2466291956081,7470512.96800965,3096810.90707999
79.2672699314239,7469300.36896671,3120834.9029889
79.2999966613886,7467375.83908797,3158923.83565232
79.3190556365744,7466344.61470586,3162629.58400019
79.3381146117602,7465330.38517246,3157545.31625574
79.357173586946,7464317.86049867,3152492.00887844
79.3907947890254,7462534.40531863,3143580.71329044
79.4244159911048,7461511.45078447,3104306.15786919
79.4484045471216,7461208.83436455,3058049.18137478
79.4657354277939,7460991.4627945,3024668.14018631
79.4893670490356,7460697.93002934,2979154.4645185
79.5021660409513,7460538.20463302,2954503.24668496
79.514965032867,7460094.28733589,2956735.99514006
79.5274929864511,7459550.15441168,2975680.83278871
79.5400209400352,7459001.12881009,2994532.84477817
79.5686089970402,7457740.97595894,3037549.99076161
79.6794446826879,7453509.46252249,3067835.95564161
79.7244336091912,7451885.90985714,3056941.4297941
79.7694225356944,7450216.4533722,3060758.38626359
79.8144114621977,7448358.71687043,3072262.75725074
79.8267599524804,7447474.8687372,3090917.96169662
79.8391084427632,7446594.73925257,3109661.06508688
79.8676114648286,7444570.51899692,3152927.63942217
79.8871118579043,7443183.53227329,3182525.50411947
79.9066122509799,7441796.86429807,3212124.32759179
79.9150895880393,7441695.24061739,3196251.94605359
79.9235669250987,7441829.21790328,3159830.89211241
79.9297307472784,7441932.91660728,3133472.36699399
79.9430608523652,7442164.21616478,3076462.29518741
79.9901075792426,7442968.41568821,2875240.9350223
80.000954871699,7443154.06877951,2828846.83096876
80.0078795157128,7443272.523385,2799229.90110398
80.0148041597265,7443052.21168143,2802936.62402243
80.0217288037403,7442791.68203751,2822788.66244304
80.0271735281259,7442578.16193789,2838262.40592305
80.0389102201899,7442112.19894601,2871632.78128713
80.0804421076903,7440474.75465629,2989725.60144984
80.1082626151205,7439377.38402926,3068830.44148349
80.11689908235,7438925.93581645,3079988.08109986
80.1255355495796,7438415.28581441,3087444.50987629
80.1360867749362,7437794.82437879,3096594.31312565
80.1681338703935,7435913.72496129,3124385.14422986
80.2122298772192,7433377.55637447,3159144.45324576
80.2170004701514,7433320.68284601,3149967.25089677
80.2217710630836,7433238.49972787,3140479.52172927
80.2295923588653,7433108.99484008,3124964.24376533
80.25458916008,7432697.45302149,3075375.49982902
80.2926557790645,7432069.0019791,2999856.55920077
80.3099383244642,7431783.78957239,2965570.56433429
80.3146923699004,7431490.38857807,2971191.39425969
80.3194464153366,7431190.35578737,2981875.32695947
80.3242004607728,7430884.02852371,2992472.62532936
80.3362054785267,7430107.6891826,3019245.85270672
80.3802672557339,7427265.17130939,3117517.08807258
80.4105548145751,7425310.80758929,3185066.76624043
80.413320705557,7425350.76206896,3178763.26906417
80.4160865965389,7425362.46996889,3169151.06574178
80.4188524875209,7425384.71231746,3159658.31240405
80.4247854554862,7425432.45870836,3139269.71761256
80.4452359970121,7425591.12709461,3068988.76545581
80.4684453852902,7425772.1646959,2989228.29059429
80.4916547735683,7425952.98410234,2909467.42409464
80.5029666174287,7426041.12667777,2870593.42220371
80.5094394100948,7426091.56106849,2848349.18231331
80.515912202761,7425705.49285782,2855639.62275842
80.5223849954271,7425165.72286957,2884135.74390996
80.5271527255746,7424758.65251609,2904956.01084117
80.5365242122547,7423952.46020757,2945900.37645583
80.5676228704084,7421289.77957227,3081779.67419293
80.6027410494233,7418281.97399684,3235220.04682979
80.6088453769275,7417759.18250114,3261891.48506922
80.6125879869265,7417518.55545042,3273737.42109426
80.6141345269791,7417565.57841081,3268043.23217704
80.6156810670317,7417558.92925718,3261739.90400807
80.6176322547113,7417559.24955909,3253912.1583158
80.6214838343377,7417563.72552446,3238437.08190847
80.6338489855312,7417575.22634573,3188755.73129694
80.6910018446405,7417631.31475574,2959129.04158864
80.7062998448976,7417646.17699382,2897665.03115915
80.7215978451546,7417135.46036184,2896326.38440448
80.7287833354614,7416809.21754076,2913257.78835025
80.7359688257682,7416471.44870007,2930006.94088998
80.7498376610937,7415811.38547844,2962344.7559766
80.794647255285,7413692.43694562,3066839.0506603
80.8072211418102,7413097.54377977,3096160.33043031
80.8197950283354,7412751.0906563,3097851.21333398
80.8313680647703,7412511.78916375,3083025.22106183
80.8429411012053,7412278.04392903,3068297.83363712
80.8689456786232,7411759.90435539,3035207.54303818
80.9161822503886,7410775.44706336,2980754.03212149
80.9236613572887,7410531.90784733,2984491.52714304
80.9311404641888,7410298.75010024,2988383.14969089
80.9462861059271,7409833.94542876,2996256.7371144
80.9965417984269,7408279.30746639,3022370.26993353
81.0335686543826,7407551.86475434,3011755.80350983
81.0577658473432,7407274.76288801,2988927.79917446
81.0819630403039,7406999.76921717,2966145.77371603
81.1488949394917,7406681.51447025,2913587.82390788
81.2158268386795,7406708.41869433,2875013.43362827
81.2213786302208,7406501.25855517,2884344.90745414
81.2269304217621,7406309.68843569,2893925.36631998
81.2369084912382,7405973.41777257,2911122.17429564
81.266520459921,7404960.45752732,2962146.31889153
81.2953407544788,7403975.59663618,3011808.01671893
81.3111687279931,7403434.61947076,3039081.83682743
81.3269967015073,7403020.11363175,3040913.64579103
81.3387851377544,7402717.75083669,3035934.01569181
81.3505735740016,7402417.91635334,3030993.3045797
81.3863199434205,7401512.12986776,3016012.12230335
81.4082748321616,7400954.95467108,3006809.67802062
81.4302297209027,7399903.63610558,3025717.30695434
81.4521846096438,7398659.48594105,3057412.21230639
81.4741394983848,7397413.66168374,3089067.88747101
81.4940622701371,7396280.94166486,3117791.11376805
81.5139850418894,7395149.46645175,3146515.84356054
81.5187538468866,7395168.67173076,3136609.77442345
81.5235226518837,7395208.72603675,3121373.65393217
81.5282914568808,7395255.42659943,3106229.8905287
81.5400615559259,7395373.60530702,3068840.55669416
81.5819231883831,7395786.88390175,2935854.18658495
81.611582456044,7396080.18060073,2841633.25420788
81.6155953584177,7396119.84665383,2828885.12315171
81.6179785905342,7395923.58488451,2834248.54735506
81.6203618226507,7395768.55129776,2843398.09225743
81.6227450547672,7395600.16883049,2852392.548227
81.6274133412577,7395271.63951649,2870048.23392814
81.6426786919339,7394202.43008557,2927779.54754901
81.7146254212781,7389159.82358966,3199867.79252031
81.7196892470627,7389160.04663883,3192556.23271891
81.7247530728472,7389187.08539131,3173974.86043294
81.7298168986318,7389225.4862347,3155561.22111795
81.7401618580978,7389309.37526396,3117927.96238708
81.7721113708877,7389557.46164123,3001688.99929454
81.817667860873,7389889.03419244,2839411.40184803
81.8188923705792,7389809.58901672,2840748.08766744
81.8201168802853,7389790.38175989,2842811.14013571
81.8216140862353,7389754.12330154,2845169.0735
81.8245136397669,7389683.90079369,2849779.34617873
81.8332979117277,7389472.33400196,2863737.26409482
81.8738376928547,7388493.47498033,2928152.3023041
81.9194670849403,7387295.29102103,3000964.18363182
81.9650964770259,7384461.5950932,3079248.09395234
82.0107258691115,7381622.10228596,3157539.8487449
82.0183168625231,7381174.89253169,3169144.5956641
82.020054137616,7381215.66638905,3164463.50762424
82.021791412709,7381212.0659853,3159215.29956087
82.0240170287004,7381213.37379207,3152602.50152312
82.0285729485942,7381221.3290921,3139047.31604863
82.0442356534916,7381245.31199244,3092444.91758523
82.1197783144768,7381317.08577475,2872087.68326456
82.1206075346243,7381220.204243,2873657.52700553
82.1214367547718,7381182.66222481,2876046.31887037
82.1225027395399,7381121.79203023,2878909.61746066
82.1246000434488,7381003.60875117,2884603.34548239
82.1306629961104,7380662.32532107,2901048.00070619
82.1582739268497,7379105.96387615,2975938.37100358
82.200395720535,7376732.22764986,3090187.94761629
82.2181990222979,7375728.89133247,3138476.86982506
82.2254172963253,7375689.92085279,3128953.48334938
82.2326355703527,7375698.37614639,3108755.96997623
82.2398538443801,7375714.19214854,3088670.30278858
82.2561285940939,7375755.3316193,3043378.47358977
82.3128542846407,7375889.27654744,2885502.8129757
82.3293378812553,7375796.04710229,2870066.78795419
82.3403621325151,7375715.44725226,2875944.4658616
82.3513863837749,7375628.31710412,2881717.05428707
82.3759287317211,7375428.0518152,2894569.6043279
82.4191049477315,7375080.47367344,2917185.19118641
82.4283464805025,7374537.93335543,2938277.23954793
82.4375880132734,7373961.48370875,2961377.89576893
82.4504082427515,7373159.98957065,2993395.84962645
82.4937074025605,7370450.4337665,3101533.41792011
82.5113245007556,7369348.41294512,3145531.87016138
82.5191715662335,7368857.49757846,3165129.68750957
82.5243616879288,7368836.81783956,3158386.32158643
82.5295518096241,7368897.30344569,3139591.72985914
82.5347419313195,7368963.06854955,3120955.84198087
82.5455412307326,7369105.39038205,3082163.97363791
82.5794162513189,7369541.23187892,2960471.38856808
82.6130203775355,7369974.44144665,2839753.58362624
82.6189803450337,7370051.24564665,2818343.2433552
82.6249403125319,7369794.55728672,2823080.10717395
82.6324662007463,7369385.6409722,2847794.84308301
82.6381636869555,7369068.2553551,2866372.34593335
82.6504409352751,7368379.08529079,2906417.74579279
82.6943050253855,7365927.33459152,3049499.35854388
82.7098332754975,7365059.12072557,3100151.00956374
82.7187232680708,7364562.11521333,3129149.39483796
82.7276132606442,7364353.44423303,3129627.55603275
82.7376594944192,7364199.0110449,3110012.95642641
82.7477057281943,7364055.58229489,3090539.95099551
82.7681410118058,7363771.83046628,3050929.99296388
82.7957673443344,7363383.17047684,2997375.07259506
82.8233936768629,7362950.36690924,2948332.3268127
82.8274602778752,7362750.88258545,2953475.19296987
82.8315268788875,7362575.85796296,2958949.11778086
82.8379722306656,7362303.64543698,2967587.30204024
82.8558595765176,7361533.89737778,2991551.63957505
82.8876527561581,7360167.8180191,3034149.53087924
82.9194459357986,7358801.4764228,3076746.95390132
82.9301527302146,7358801.53911467,3061419.06657498
82.9408595246306,7358967.15004387,3030446.94998353
82.9491916979979,7359100.41294926,3006425.09304153
82.9693579950461,7359427.99075511,2948282.99743307
82.9935947841729,7359818.94376059,2878402.20638466
83.0178315732998,7360210.19873708,2808521.91673875
83.0294138864242,7360152.41215022,2803048.24881537
83.0373522772831,7360042.98777092,2815589.58572636
83.0452906681421,7359924.71886174,2827984.33378019
83.0616342879722,7359674.80151395,2853511.28753055
83.1191807885708,7358805.98396986,2943401.62812215
83.1627268019449,7356484.25120606,3026495.14614593
83.206272815319,7353954.43531348,3111513.81636227
83.2184996023575,7353244.15821149,3135384.81108093
83.2257128366905,7352869.49743748,3146607.17721806
83.2302116408626,7352852.93219628,3136774.86725914
83.2347104450348,7352806.69702691,3126595.62298502
83.2417655336181,7352740.32079682,3110677.40112049
83.2637165470891,7352535.69189003,3061146.60043121
83.2939237820147,7352252.56504755,2992984.17034306
83.3241310169404,7351969.65552298,2924822.14944355
83.3305589223383,7351789.07124656,2926917.18995352
83.3369868277361,7351626.68627429,2932058.41286116
83.3450577845906,7351418.05166202,2938458.63286644
83.3679836553868,7350822.4565508,2956642.32326347
83.4090409524449,7349758.24371916,2989209.51559791
83.450098249503,7349108.65389263,2982873.25264983
83.4765459293807,7348841.10905581,2962598.37029722
83.5029936092584,7348575.688134,2942365.8832362
83.5179932650832,7348426.93535337,2930892.93345984
83.532992920908,7347823.96159215,2944351.42774599
83.5437070046254,7347154.51648968,2970256.17480459
83.5519885328346,7346632.94456543,2990195.72012482
83.571961631386,7345370.03788026,3038287.90051674
83.5957525285174,7343868.41740405,3095575.72778309
83.6195434256489,7342366.49636076,3152862.97303746
83.6272051358466,7341961.2339786,3165878.19969531
83.6322310836654,7341918.68481787,3154529.00428985
83.6372570314842,7341851.74942774,3142905.17211015
83.6459929373954,7341741.29468724,3122737.44403856
83.6725857904901,7341405.97962656,3061344.1668997
83.7200847714763,7340805.33924321,2951683.13328621
83.7358438770378,7340197.01188153,2954454.44986013
83.7463091310727,7339678.79528782,2972582.64895507
83.7567743851077,7339154.09173026,2990599.05239845
83.7796346481598,7338001.57320564,3029954.88454746
83.8050261222905,7336724.64595809,3073672.4035649
83.8209793573549,7335922.14225672,3101139.17155422
83.8369325924193,7335606.03532578,3090946.38370314
83.8500584626293,7335533.71666951,3063015.98350464
83.8631843328393,7335466.99363681,3035190.19484202
83.8918510607189,7335328.18457644,2974421.98526747
83.9131303541196,7335222.89293471,2929310.78916363
83.9246132194041,7335166.24530679,2904968.01943453
83.9360960846886,7334952.38957964,2905901.3561422
83.9441725694546,7334800.40594024,2911566.28304189
83.9522490542206,7334644.88270558,2917182.63523565
83.9760097449965,7334184.72250327,2933709.32010056
84.0331074763698,7332872.0865471,2978527.97798393
84.0531937110417,7331796.6768108,3009327.95881585
84.0732799457136,7330722.49664729,3040181.51468161
84.1263554434139,7327889.04401778,3121712.98363562
84.1343227689709,7327696.92131804,3115166.47441588
84.1422900945279,7327527.59538559,3103227.83656746
84.1502574200849,7327361.95900647,3091342.31222932
84.172978048441,7326892.59901273,3057445.46671359
84.2072361964637,7326182.80093978,3006332.95570024
84.2249148432018,7325816.66191713,2979957.0778847
84.2366375667467,7325507.65221119,2977397.97555468
84.2483602902916,7325201.20503515,2980497.06759106
84.2600830138365,7324892.41658298,2983561.108883
84.2972198793473,7323911.53804821,2993267.82899172
84.326401122486,7323141.60405591,3000896.29095849
84.3443986452926,7322880.93516296,2991845.98069341
84.3623961680993,7322647.29670722,2980344.62647012
84.3869046915873,7322329.88646858,2964695.73868567
84.4153087831074,7321962.77186501,2946560.16108825
84.4344215886035,7321575.9725565,2943605.88799439
84.4535343940997,7320877.48987883,2964603.32594281
84.480742856169,7319883.9972898,2994505.52877079
84.5275825218085,7318174.48375977,3045983.29438516
84.5388797112768,7317868.18544406,3043483.47785855
84.5501769007452,7317559.79842026,3038627.90683318
84.5655049358646,7317143.16274337,3032063.01533904
84.6196956045697,7315672.37577585,3008854.49023376
84.6795335020989,7314657.71501136,2975645.40996857
84.7199642950289,7314062.4243489,2952129.3065271
84.7468122785254,7313421.20195851,2956623.12430816
84.7736602620218,7312670.40670221,2973415.95249604
84.8005082455183,7311915.04461874,2990174.76326114
84.8840475687645,7309181.2555839,3025868.64703872
85.0179195212196,7304297.49792384,3047851.42862473
85.0915740370087,7302092.72058084,3024933.71998707
85.1360493316902,7300888.15834164,3005682.69335
85.1666896748959,7300555.96187506,2980595.85121882
85.1973300181017,7300223.16604729,2955478.0082789
85.2920759734196,7296301.46992009,3054144.07096986
85.3078025727863,7295373.77673412,3088381.3004631
85.323529172153,7294441.98337556,3122536.43066907
85.331259530034,7293981.21345769,3139322.42237568
85.3389898879151,7293913.80284265,3129983.13089121
85.3477016863405,7293986.84576186,3101956.09153589
85.3564134847658,7294067.60810052,3074068.44512836
85.3743653863738,7294240.60949154,3016599.07472008
85.4354256830164,7294751.76869706,2828665.70019034
85.4366712024849,7294660.85062599,2830713.69843909
85.4379167219534,7294627.28549032,2833477.20498182
85.4394427460917,7294573.48098722,2836701.49570741
85.4424143270532,7294469.19471487,2843022.95623239
85.451516036771,7294150.63936485,2862376.14887755
85.4938909438754,7292665.4454365,2952477.80377482
85.5358343334309,7291261.73575287,3034931.67945568
85.5386714670397,7291287.36540781,3030829.71062351
85.5415086006484,7291281.1694848,3026321.38214586
85.5455703766265,7291272.27523651,3019927.90571248
85.5556370022274,7291259.97046022,3004082.48104975
85.5957074247629,7291206.82399525,2941003.3486306
85.6280969597109,7291164.20525558,2890016.13993382
85.6458741181393,7291008.67328462,2884269.17118736
85.6636512765677,7290807.70932552,2893136.55054244
85.6776310642519,7290647.01840102,2900064.6596357
85.7173448094984,7290187.10187201,2919744.73701351
85.7420574814665,7289611.44410557,2941125.53531312
85.7667701534346,7288333.13529467,2985807.28156988
85.8050185950631,7286355.04234297,3054968.68286438
85.8275232458817,7285191.48037,3095662.31436836
85.8500278967003,7284950.41488165,3070375.01634086
85.8584746042743,7285033.55598524,3045414.79014394
85.8669213118482,7285124.78350322,3020591.50145882
85.8845221786635,7285320.89858474,2968861.46080171
85.9121141922612,7285623.56109388,2887761.06397479
85.9291545599634,7285810.76008842,2837675.39833237
85.9461949276655,7285791.97438548,2825311.98173342
85.9572491994444,7285739.77697407,2834363.61065218
85.9683034712233,7285680.54084136,2843303.88616681
85.9924669255836,7285545.55508394,2862848.92770819
86.046437221422,7284899.55228854,2914901.57258587
86.0797948441503,7283486.46802943,2971710.54073566
86.1131524668786,7282074.05195588,3028554.12396141
86.1292053572568,7281395.75521241,3055911.05616205
86.1399696106176,7281046.17507699,3065582.1439296
86.1507338639784,7280903.94084469,3051486.96289155
86.1614981173392,7280759.24674528,3037364.32881511
86.1922557447886,7280344.12290133,2997010.61209172
86.3181777398216,7282349.97712483,2750311.21945527
86.3324952118515,7282816.17503182,2716923.80022241
86.3468126838814,7284008.53931659,2660975.29778347
86.3669794116192,7286255.89742556,2561442.02461897
86.381173668279,7287845.05967959,2491439.47519257
86.4201963482403,7292217.24366733,2298987.0303526
86.4338442218196,7293745.87690532,2231678.16169087
86.447492095399,7295175.07026518,2208155.40410267
86.4578251769217,7296307.26925141,2211426.31121732
86.4681582584445,7297420.50521932,2214550.51458566
86.4888986543423,7299649.86189768,2220834.85987316
86.5808331712362,7309488.00378808,2239441.26180695
86.6527154892919,7317109.01935556,2244938.65358998
86.7245978073475,7324667.00476312,2249044.75669258
86.8080821886011,7333524.20374007,2243373.94637585
86.8915665698547,7342314.05085977,2245245.09322413
87.0313558966321,7356894.10274103,2251541.32338819
87.1711452234096,7371276.56161036,2259340.92689893
87.2765611662675,7382041.75559541,2261618.14341081
87.4249460809793,7397127.47035906,2263888.93688795
87.5929769522302,7413946.91212571,2274045.82767621
87.7100366243356,7425593.58569147,2273230.63666966
87.8270962964409,7437107.99463742,2280706.25039186
87.9114470271611,7445434.79421069,2276675.93731396
87.9777151361607,7451945.69618443,2275323.97732509
88.0439832451603,7458391.72556198,2282841.529034
88.11025135416,7464715.9784438,2291838.73329648
88.2125524545884,7474107.24297519,2320696.98366742
88.3452937688912,7484715.32334459,2425228.63399362
88.3670907361802,7486406.0600624,2429017.4615309
88.3888877034691,7488092.24994582,2426555.327403
88.410684670758,7489779.64007366,2424113.82067181
88.4902699185589,7495877.46952657,2423510.44624954
88.5698551663597,7501911.78778134,2429540.53926341
88.6494404141606,7507930.23536173,2429191.0729653
88.7636485001549,7516583.29083232,2428656.50900672
88.8231560146311,7520915.4060863,2441130.8747453
88.8826635291074,7525335.47656244,2441241.86339441
88.9421710435837,7529827.87404844,2429587.05105293
89.00167855806,7534232.50303435,2433023.37574261
89.0479521073589,7537635.9059716,2438049.09106194
89.112865145633,7542453.19103648,2436862.39918003
89.1777781839071,7547216.55001173,2438322.67929166
89.2426912221812,7551913.63727676,2445276.50327323
89.3212885728988,7557654.96645523,2442034.61921143
89.3998859236163,7563344.7233094,2443561.89955129
89.516807172164,7571767.39592521,2445063.90883655
89.6337284207116,7580112.88642412,2451024.71477554
89.7506496692593,7588247.45042775,2462175.605819
89.8094506819333,7592455.88927914,2452939.88168984
89.8682516946074,7596618.89545512,2448290.64141198
89.9270527072814,7600616.5370077,2462735.15834249
89.9858537199555,7604687.38184401,2464614.53292646
90.0446547326295,7608814.36193055,2454983.65461213
90.1034557453036,7612844.3863578,2459445.62426089
90.1622567579776,7616849.74604068,2466052.77014402
90.2641469882912,7623794.67206609,2465975.09448416
90.3660372186048,7630752.10632199,2463656.39340263
90.4679274489183,7637595.01413062,2470491.9381721
90.5456496169521,7642863.71884528,2465891.07988721
90.6233717849859,7647993.41288446,2474214.13056649
90.6844191455539,7652007.50150197,2478406.74509096
90.7579191566839,7656835.73100288,2477979.23129608
90.8314191678139,7661655.85827246,2478156.71310322
90.9814490371784,7671466.41864589,2478371.33605336
91.1314789065428,7681118.72311155,2483950.1721245
91.2381184332674,7687933.38981476,2486160.77772185
91.344757959992,7694682.16729856,2488907.02398735
91.450429684711,7701289.89288981,2494620.25275096
91.5215113512931,7705820.66151391,2487496.09274055
91.5925930178752,7710284.73432037,2487926.19874575
91.6636746844573,7714669.51411022,2497812.57184725
91.7347563510395,7719069.40545706,2496027.27143809
91.7904550088294,7722480.87075562,2497130.76433483
91.8929968655107,7728724.37494192,2501406.50929665
92.1037661041776,7741507.92500138,2500097.13505501
92.176844887945,7745945.23884174,2498249.72065719
92.2499236717124,7750214.51372686,2513089.17744666
92.3230024554797,7754550.34712008,2510291.47907432
92.3757992182681,7757691.76682402,2506956.36188854
92.5158247243209,7765960.59659523,2509709.28561699
92.6558502303738,7774128.12892807,2512713.42633995
92.7534882868347,7779716.40495994,2518680.50615085
92.8511263432956,7785297.2911914,2519217.98299827
92.9487643997565,7790880.70341207,2518871.84216953
93.1003039383324,7799454.47741583,2520988.23287592
93.2518434769082,7807989.11448316,2523706.13604539
93.3686030033326,7814461.77766917,2527428.77916336
93.485362529757,7820826.92751619,2532813.38567246
93.5646096111805,7825191.94799395,2528363.70845798
93.6438566926039,7829468.53472913,2533418.70368415
93.7231037740274,7833700.13108866,2537332.7496711
93.8668996458105,7841476.25456824,2531037.19117456
93.9632487838379,7846683.79674415,2531558.41355411
94.0595979218652,7851761.53084086,2540400.11454665
94.1778563886529,7857970.39619738,2540857.43284531
94.2961148554406,7864095.68969603,2545906.15847469
94.3845774287353,7868681.27403566,2545177.8431639
94.4730400020299,7873281.66792851,2543573.32887704
94.6246605013462,7881027.51657149,2550635.51250213
94.7033287245837,7885016.02449353,2550872.97754691
94.7819969478212,7888988.73385065,2549931.40607894
94.8873674783376,7894229.22944092,2555507.19617584
94.992738008854,7899479.92226753,2553789.84846332
95.0141121320588,7900567.45461219,2551781.15002046
95.0354862552635,7901639.78004414,2549774.19091249
95.0442836038749,7902084.67318471,2548949.4365246
95.0502459378631,7902385.9933015,2548390.12944109
95.0562082718513,7901837.67104207,2588881.6594535
95.0608237651143,7901251.45869545,2635052.77538173
95.064480641586,7900775.91547078,2671437.76716425
95.0710862358629,7899907.59201483,2737193.21313559
95.0925193260306,7897109.62745082,2950552.06962558
95.1109425543879,7894703.05495069,3133947.33370975
95.1293657827452,7892296.75222062,3317342.82004973
95.1490958069275,7889719.87748825,3513747.08356019
95.1523343452661,7889369.26155241,3541459.41138054
95.1528441016524,7889453.76100796,3540120.42084209
95.1533538580388,7889437.85937968,3537323.07394878
95.1540349071699,7889417.07286001,3533910.8643613
95.1554285888984,7889380.12417223,3526842.9921582
95.1593443760847,7889273.87042849,3507005.55514012
95.1706257121389,7888970.5447813,3449853.58877332
95.2145807546675,7887786.1476945,3227171.34591222
95.2540552535495,7886916.79669899,3025109.36400702
95.2676983765428,7887837.42418598,2942149.21831101
95.2813414995361,7888761.30007621,2859103.21858483
95.3130904987053,7890898.9999985,2665843.14116951
95.3374257640941,7892541.21287793,2517714.0752377
95.3471422030841,7893196.65851014,2458569.5985984
95.3522770229569,7893543.06301751,2427313.69226625
95.355622362621,7893701.60223234,2422294.45235951
95.3589677022852,7893936.59981703,2422564.65134222
95.3623130419493,7894160.07803613,2422700.95531077
95.3693980480322,7894629.73975163,2423018.1516398
95.395039339037,7896341.35003237,2424164.45968513
95.5232457940613,7904856.21326173,2428974.21055072
95.5470416022716,7906427.01155631,2429724.65496929
95.5708374104819,7907551.75409734,2461294.17964055
95.5879760180825,7908271.90667153,2491676.68332003
95.6051146256832,7908991.04111716,2522028.59552128
95.6386143428624,7910392.80258225,2581354.90057626
95.6518581107548,7910947.64511083,2604809.40361647
95.6604913757167,7910850.70996893,2635749.64085143
95.6691246406785,7910630.20977205,2672294.39960567
95.6777579056404,7910407.95145049,2708791.045061
95.7032772915136,7909744.92195011,2816675.87064451
95.7575308063678,7908204.87726912,3038585.85306321
95.7645318624821,7907764.77768196,3053481.9743306
95.7715329185963,7907309.15092434,3068195.55985502
95.785044907308,7906414.50411544,3096597.1401876
95.8262591314638,7903708.40983173,3183247.30713568
96.0308621629492,7897864.68409219,2875913.65325608
96.0702204723384,7898771.21035722,2760085.30185975
96.083834837953,7899273.33728424,2742383.36139122
96.0974492035677,7899769.84678112,2724592.51538655
96.129061820383,7900911.38060202,2683279.8374402
96.1513522956068,7901719.55633218,2654152.19382623
96.164254639239,7902063.05841154,2655953.43710717
96.1771569828712,7902390.46783084,2665501.58208126
96.1900593265034,7902715.83408552,2675007.45645639
96.228273080139,7903673.06210718,2703161.34466708
96.2577433290335,7904227.86706451,2733484.4852552
96.2592266814158,7904077.3426786,2741509.35948749
96.2607100337981,7903968.72915603,2750103.21032365
96.2626504974337,7903822.53990391,2761218.16545999
96.266712080194,7903508.52121437,2784512.47041295
96.2804970157044,7902448.41570194,2863570.7013929
96.3466771611401,7897353.81277386,3243117.15055266
96.3530242170618,7896865.45124648,3279518.18122102
96.3593712729836,7896596.11178384,3290765.424863
96.363874515441,7896408.39482204,3281359.52533277
96.3673813943941,7896275.01304095,3274246.72024024
96.3735493447177,7896051.34932518,3261711.51736675
96.392333235884,7895348.56610545,3223522.31972406
96.4356272645551,7893733.14964563,3135508.09867136
96.4554124742745,7892994.63019661,3095285.50384678
96.4673539777053,7892704.5640364,3084661.17881424
96.4792954811362,7892437.74842608,3074887.34713769
96.4996833314328,7891981.23777278,3058190.40433488
96.5334969671654,7891222.49708324,3030497.05677493
96.5518379117882,7890811.34848682,3015476.24699774
96.5701788564111,7891048.35282811,2974191.01658602
96.583409466391,7891340.67214225,2938610.97433523
96.5966400763709,7891633.83958816,2903060.60928669
96.6394839010658,7892588.75183694,2787942.12667756
96.6532440937455,7892894.6735921,2750968.54026812
96.6616517300276,7892970.59043752,2747752.16145188
96.6700593663098,7893054.80901493,2754720.74844063
96.6784670025919,7893134.22492166,2761603.54588898
96.6990557349426,7893319.67161918,2778462.2271082
96.7307592846904,7893611.0536748,2804425.94983426
96.7508670167951,7893795.40519209,2820892.55200924
96.7709747488998,7893159.43862556,2871010.06060124
96.7910824810045,7892195.56603643,2936380.2987217
96.8066948061759,7891446.49241785,2987097.83247829
96.851735079687,7889277.77329732,3133406.90109114
96.8666077315379,7888360.35728671,3162319.91078071
96.8814803833887,7887285.99189512,3180143.71952658
96.8963530352395,7886214.58840415,3198016.92248373
96.9369777122727,7883296.57807917,3246845.17696171
96.9599278835458,7881749.66348345,3266305.12575646
96.9674104694277,7881464.50085971,3254385.06637111
96.9748930553096,7881169.7647208,3242291.63410133
96.989392845264,7880582.15722446,3218856.27359239
97.0330992418735,7878833.79057718,3148238.25387128
97.1039862378408,7877799.29910608,3006788.00992295
97.1748732338081,7878223.69236726,2857037.31233432
97.2068872461327,7879126.15229608,2798719.55647277
97.2389012584573,7880029.19448506,2740408.69478724
97.2513253995373,7880380.16035846,2717779.53040026
97.2582470733723,7880558.16802608,2706340.81743413
97.2598501827387,7880474.70716884,2710858.15898393
97.261453292105,7880442.84429822,2715995.87709093
97.2634775909685,7880398.2023363,2722354.1438532
97.2676384511302,7880297.20271573,2735452.4719261
97.2816751808108,7879962.36769069,2779637.90206575
97.3489302135142,7878352.95120638,2991342.06429598
97.4080588016992,7873708.90252058,3183388.94652004
97.4320515893147,7871579.73699161,3261757.37698534
97.4560443769301,7869459.47357782,3340126.71618509
97.4644329287418,7869087.85879147,3334995.84830403
97.4728214805536,7868808.14906463,3310804.76608229
97.4790939962996,7868604.96387068,3292833.47934972
97.4927641754319,7868174.5805299,3253667.65403453
97.5400613224931,7866666.67481272,3118140.81124395
97.5579638436893,7866096.52258306,3066843.22344368
97.5627330242345,7865794.37786902,3068879.936829
97.5675022047798,7865514.42358748,3076025.25639866
97.572271385325,7865227.96556127,3083083.70944953
97.5843644299987,7864495.7240091,3100992.53493961
97.6275754835684,7861890.43036699,3164993.75775911
97.6475611868438,7860684.79087813,3194594.12522599
97.6580992099356,7860049.2157279,3210201.95906732
97.6643614150021,7859853.47953558,3203954.80963935
97.6706236200687,7859650.75747236,3194655.93158043
97.6786050876772,7859396.34767159,3182857.95078523
97.7012378514116,7858681.53392306,3149402.35813463
97.7339436435173,7857644.7536696,3101053.03888685
97.7537031792976,7857018.68757907,3071842.82062315
97.7734627150779,7856161.72257898,3073178.5749599
97.7932222508582,7855235.86684363,3089273.73409895
97.808717685866,7854508.43426084,3101857.97672956
97.8533134937636,7852407.2934397,3138067.27404793
97.8800352664024,7851308.76062651,3135915.68140168
97.9067570390412,7850245.51474386,3125593.53450138
97.93347881168,7849182.73649089,3115288.96507144
97.9921791441478,7846531.76322905,3120851.1206187
98.0311549507694,7844609.81837677,3140149.12035226
98.0571867870689,7843325.82231476,3153021.56931526
98.0736471585872,7842698.42185237,3145890.91071664
98.0901075301054,7842111.68057544,3133948.90330716
98.1065679016236,7841525.65444318,3122025.85111512
98.1478964606338,7840057.54151508,3092092.39823721
98.189225019644,7839857.74529078,3011639.44865093
98.221200120152,7840140.21153514,2930957.66820161
98.2442503791236,7840344.00027792,2872820.55016086
98.2564518087011,7840454.15134671,2842048.36854896
98.2686532382787,7840389.94981605,2838072.65064385
98.2823901866432,7840278.09446511,2852442.10656196
98.2961271350078,7840161.92048824,2866718.36320567
98.3273009204437,7839886.55492675,2899112.00016718
98.3538387380103,7839656.06714892,2926691.80637524
98.3803765555769,7838502.55174522,2982448.47775616
98.401038623679,7837351.47339834,3034183.85290847
98.421700691781,7836200.16454001,3085893.90226675
98.4455736071623,7834867.103741,3145637.05258965
98.4586076810848,7834140.08107779,3178256.31536953
98.4716417550073,7833493.11421782,3184491.88320959
98.4818142909225,7832974.1052966,3181704.9794363
98.4919868268377,7832458.16803971,3178970.73309784
98.5200955029524,7831039.86502698,3171418.38909955
98.6338161026221,7825324.14278083,3158097.45273579
98.6581175003327,7824108.15314741,3157418.13150053
98.6728557533076,7823716.59168909,3140017.91156135
98.6875940062825,7823428.09436508,3116252.056905
98.7023322592574,7823140.55358234,3092515.11737108
98.750246383942,7822211.21296603,3015350.06959781
98.7779005804187,7821594.28675449,2997737.76288488
98.7964810491563,7821166.4280373,3001761.31991065
98.8150615178938,7820735.75405105,3005725.53007455
98.8630001226315,7819615.34927467,3015945.69846386
98.87026399322,7819620.85282723,3006953.37485965
98.8775278638084,7819617.42678756,2997796.16456147
98.8920900662263,7819596.97602477,2979444.01213194
98.9389439786377,7819551.27319081,2920411.46119063
98.964125255714,7819510.99086453,2890784.41868628
98.9719468439382,7819401.86796137,2895566.64369202
98.9797684321623,7819303.49195011,2900526.41663544
98.9949168752956,7819127.52949983,2910126.56587391
99.043937964799,7818536.42092397,2941177.80187647
99.091321877757,7816567.10292986,3025197.4390343
99.1101497805675,7815424.79768729,3073249.45865802
99.128977683378,7814281.20738346,3121247.41920959
99.1549628377223,7812697.05000737,3187486.1244978
99.1809479920665,7810795.59901487,3227066.3756749
99.2147477477778,7808055.66116991,3259615.50986129
99.2389542332556,7806094.33302964,3282948.72470794
99.2537755688457,7804895.95213571,3297239.26326065
99.2619695023536,7804232.57454307,3305138.77164873
99.2701634358615,7804022.08663644,3286683.50909939
99.2764347420958,7803927.69428097,3265289.95583092
99.2827060483301,7803838.34145863,3243983.64777888
99.2983289154741,7803623.71088527,3190901.99228198
99.3530104485219,7802860.08188073,3005098.44360802
99.3610562560049,7802748.05938088,2977759.92123257
99.3663735007484,7802555.05947173,2967866.00288307
99.371690745492,7802164.50666005,2983417.34621824
99.3770079902355,7801785.42615187,2999094.60837229
99.3891131396925,7800930.16028546,3034772.81238423
99.4291220750044,7798089.36728917,3152682.27941237
99.464078462702,7795608.47455645,3255703.41625703
99.4689310165607,7795555.60541793,3247049.82001487
99.4737835704194,7795488.94271931,3232022.17199799
99.4786361242781,7795430.84777786,3217105.95181473
99.4899463645612,7795302.43677304,3182328.2325897
99.5274277785294,7794864.05197671,3067065.05461638
99.5508016678434,7794591.59251569,2995186.99424121
99.5628727189698,7794450.74059796,2958066.57302996
99.5709409773045,7794369.43426882,2948810.53652324
99.5790092356393,7794338.21907636,2945621.70852562
99.5870774939741,7794303.20508722,2942377.67630411
99.6099461011754,7794198.09796345,2933185.13106931
99.6365294886641,7794078.82008554,2922502.05602945
99.6631128761527,7793959.06401268,2911818.13972242
99.6736162228154,7793356.18258291,2937062.50191496
99.6841195694781,7792596.17913991,2974220.27260721
99.6946229161408,7791832.74161543,3011297.72202977
99.7201389264817,7789968.73895764,3101369.12417012
99.7530236463581,7787571.1517332,3217456.89376455
99.763077840313,7786837.89973209,3252949.19007573
99.773132034268,7786266.93211026,3261798.84592085
99.7831862282229,7785709.88553,3252537.42377685
99.7907994383782,7785293.01350558,3245617.55205128
99.8084123824766,7784338.98787018,3229611.79814093
99.8747229932794,7780879.35033498,3169039.59753511
99.9359252038798,7778679.3984452,3111039.3392075
99.974471458319,7777309.99138311,3080600.77259569
100.013017712758,7776017.41122954,3075767.73858558
100.042278554468,7775036.73733274,3072116.02677056
100.060412781346,7774430.81975227,3069855.38492569
100.078547008223,7773281.91319369,3093844.85660746
100.096681235101,7771788.06418823,3137367.51374538
100.109787788105,7770706.91587265,3168772.25338061
100.144660734889,7767821.88852114,3252322.93916933
100.159394257377,7766604.31153007,3287624.10708056
100.167288906965,7765951.73967216,3306539.11247759
100.175183556552,7765583.66538944,3299436.16636389
100.180872243085,7765329.90321938,3288581.30940458
100.186560929618,7765081.65162663,3277805.48509747
100.201385972225,7764441.10903647,3249717.49311253
100.253827782685,7762164.52870251,3150347.87282282
100.272952853749,7761294.67967323,3121037.72034687
100.284511901754,7760667.75409713,3126643.41638298
100.296070949759,7760047.53473498,3132367.5605656
100.320396312902,7758755.41393979,3144420.33020243
100.404453138582,7753956.75108192,3184891.25583415
100.445428548675,7751368.34162395,3203767.10459632
100.465734645404,7750086.36619687,3213123.35012817
100.486040742134,7749222.99918898,3195831.69358764
100.501676837074,7748650.53412018,3175074.69542605
100.517312932014,7748079.24778794,3154348.84461247
100.566290380323,7746295.41268881,3089433.43580401
100.583618506034,7745668.03796073,3082084.66619996
100.600946631744,7745063.47046708,3080800.01729474
100.618274757455,7744457.67581188,3079492.16680404
100.678295165454,7742328.92586889,3076700.25889772
100.752414084284,7739434.22175588,3091717.99361541
100.805025188989,7737074.9379665,3111065.81626073
100.852236309828,7734785.30723825,3133496.31634034
100.899447430667,7731756.14428344,3178050.42798705
100.946658551506,7728159.66577853,3240208.28343552
100.966959939615,7726613.27006833,3266928.81617884
100.987261327725,7725350.92743345,3263899.25448169
101.012494522639,7723922.6963386,3239901.58472558
101.030275616902,7722917.4456079,3223025.76345071
101.081289865933,7720155.24711255,3175728.86002497
101.15487440352,7717175.72501449,3117171.17775648
101.228458941107,7715006.73075854,3060430.69841677
101.251933658633,7714405.70851846,3042533.68514655
101.275408376159,7713779.20303672,3026166.12882626
101.277816924543,7713534.13192286,3033055.31354083
101.280225472926,7713323.72145627,3040417.61282758
101.283521679177,7713039.48435165,3050415.87809107
101.291052041706,7712374.59178211,3073261.24172153
101.319207635993,7709895.93288941,3158686.83104131
101.351901270096,7707016.71970183,3257879.41665705
101.364471804845,7705909.76672579,3296018.62521745
101.372613182497,7705192.83199671,3320719.67870715
101.380754560149,7704900.91516428,3310929.79033893
101.388895937801,7704690.15345056,3285624.44552463
101.395343952761,7704529.302344,3265690.44272043
101.409847697649,7704177.17459696,3220850.83474051
101.461680673673,7702903.42983204,3060589.03046119
101.472227940562,7702644.55873394,3027978.52170369
101.48277520745,7702142.25839543,3028878.00473271
101.490478933353,7701763.03198685,3038877.92735059
101.498182659256,7701378.1567053,3048788.01565575
101.516825215152,7700439.02153778,3072772.8098062
101.561319381244,7698205.59952526,3130025.08669635
101.605813547337,7695999.14631552,3148317.34196106
101.650307713429,7693782.43618869,3147150.6813821
101.681708894003,7692277.38648024,3143728.67530215
101.713110074576,7691023.06409415,3128386.70714218
101.74451125515,7689768.40158572,3113029.0386401
101.822417780311,7686628.3217906,3098349.33243248
101.855630640991,7685288.44180904,3098929.74494015
101.874672818519,7684519.90758489,3099254.8989013
101.886744515894,7683709.95431629,3114012.30111989
101.898816213268,7682840.12424559,3132487.23081226
101.913576064854,7681775.48197303,3155049.48187307
101.963062228371,7678201.60867078,3230692.39641392
101.976659989189,7677220.05604383,3251478.20555987
101.981111063371,7677066.64519993,3245725.96261571
101.985562137554,7676890.30887258,3238503.40273384
101.991794293115,7676649.37591152,3228449.5464091
102.009810132437,7675957.39981363,3199382.11776203
102.052668189396,7674306.26809693,3130227.84907772
102.070901970271,7673604.05534184,3100806.8810338
102.089135751145,7672677.75959347,3098706.33835406
102.104391812998,7671824.33699658,3112032.53185776
102.119647874852,7670967.70254281,3125291.2037858
102.157744421606,7668820.02906665,3158393.29219129
102.20688525571,7666320.28421281,3163915.36450802
102.238277875352,7664824.31890136,3150559.81673978
102.269670494994,7663329.75451644,3137239.71106591
102.32242256335,7660863.30537237,3130913.10127148
102.375174631707,7658408.67173841,3128086.56512776
102.440215418631,7655318.09851875,3130689.30953028
102.472447875318,7653783.49252925,3132171.22119716
102.504680332005,7652777.39040781,3106717.35963643
102.527924574542,7652157.29048546,3082277.3450509
102.551168817078,7651537.62160474,3057853.12943962
102.584283436764,7650605.27854247,3029781.68637026
102.59642409902,7650145.4370132,3036192.75875019
102.608564761276,7649690.6689096,3042696.05629403
102.636385912127,7648658.04191612,3057602.5801315
102.741658468071,7642893.72143795,3168140.89687578
102.777099172753,7640519.50997151,3218344.25457674
102.792167620574,7639791.4604783,3211937.1593467
102.807236068396,7639125.55435802,3195379.78008618
102.822304516217,7638461.87878654,3178867.81908738
102.86453291,7636608.37413312,3132599.66174797
102.913081672922,7634722.08672838,3100631.76373077
102.961630435845,7632990.10418928,3080749.30976803
103.010179198768,7631178.47171727,3075849.82351325
103.058727961691,7629321.64371333,3081930.10722744
103.107276724613,7627083.87092364,3102696.66048772
103.155825487536,7624507.40800438,3137173.6451758
103.177298686801,7623367.78517803,3152415.79082906
103.198771886065,7622560.02917785,3141112.42775795
103.215604823537,7622002.30111139,3124478.58205925
103.232437761009,7621445.93097149,3107875.46405329
103.285694439049,7619659.08755338,3059390.59603606
103.294177213175,7619276.75034076,3063699.53656987
103.3026599873,7618902.70519107,3068144.50751924
103.320432615562,7618129.3363953,3077455.7093814
103.380411559931,7615503.99486708,3108863.90204222
103.440904297221,7612308.60253782,3136696.87807396
103.467609182481,7610882.64694332,3148874.51840353
103.481897001751,7610118.656556,3155388.58763855
103.496184821021,7609802.8616856,3135775.17244396
103.506349433911,7609645.17403272,3116371.59310622
103.516514046801,7609489.49304167,3097006.72333247
103.547768401684,7609015.32592836,3037463.91498402
103.570413194497,7608670.45429515,2994321.5390008
103.581266675908,7608505.306612,2973644.02808058
103.59212015732,7608026.32781706,2979662.50579375
103.606054887781,7607279.20090528,3006402.00269939
103.616301575234,7606726.54723938,3025996.09533091
103.642040108277,7605331.00375587,3075211.47893275
103.664697614662,7604105.04484571,3118538.15962023
103.687355121047,7602935.31961519,3156867.96520499
103.691047196384,7602901.56431457,3150439.32260155
103.694739271721,7602834.32887834,3143637.7178475
103.700304357737,7602740.31216801,3133440.08717409
103.717289351389,7602456.21306776,3102310.45732846
103.761126739881,7601718.76810947,3021962.04653176
103.775972540586,7601469.21730296,2994751.86368306
103.784441371317,7601326.82840039,2979229.68455845
103.792910202049,7600772.92683344,2991584.21634867
103.801379032781,7600112.14925293,3016972.40307061
103.809847863512,7599445.50222198,3042250.46759451
103.82891933164,7597935.6961328,3099177.88550757
103.858023467944,7595637.43102996,3186058.47055784
103.887127604249,7593342.62438989,3272401.36565488
103.888710748029,7593305.57393412,3270899.71506747
103.89029389181,7593217.27012223,3268802.40837611
103.892327335068,7593110.33347836,3266230.48157937
103.896400869894,7592902.51076691,3261056.99812782
103.909699301594,7592219.74899567,3244165.76759521
103.971119532286,7589070.17221134,3166158.08218447
104.013641578322,7588066.26077826,3085962.69794948
104.056163624357,7587826.09918337,2988273.91849651
104.087428235227,7587649.49885081,2916466.71076383
104.092221564597,7587412.88674037,2923180.5095716
104.097014893966,7587198.88425034,2932925.63971647
104.102843964313,7586931.53647859,2944696.68148226
104.118232013425,7586221.18854538,2975779.26982151
104.180268502127,7583366.61396257,3101095.01291504
104.208943691095,7581609.71888189,3139561.84755487
104.237618880064,7579640.3077894,3169313.81386401
104.266294069032,7577672.26250379,3199084.70580487
104.281158801866,7576653.31916377,3214519.08267231
104.288876386609,7576123.84950257,3222531.8633498
104.293899559985,7576055.08522556,3212518.85623753
104.298922733361,7576013.86942609,3197414.27844627
104.303945906738,7575978.12850858,3182390.9055862
104.317100806154,7575888.82327817,3143037.46521627
104.364612558632,7575557.83515587,3000895.39457258
104.379216188079,7575456.44705329,2957205.94676109
104.388272572296,7575393.4779415,2930111.96363948
104.397328956513,7575014.17555443,2934559.66362957
104.40638534073,7574577.6602958,2953616.62962424
104.415441724948,7574134.48884922,2972557.95456047
104.435390742492,7573149.61188187,3014283.30593762
104.476350536148,7571135.16921266,3099962.2070916
104.517310329803,7568630.91699907,3156092.11411644
104.553617445232,7566117.34664284,3189400.33110252
104.589924560661,7563605.5916844,3222736.89705769
104.601169113131,7562955.10663411,3219668.20521777
104.612413665602,7562312.98444112,3213331.94348778
104.626709913764,7561498.23352596,3205302.87659505
104.674850332123,7558758.44152297,3178268.81074082
104.736391789965,7556584.58495111,3104920.87634504
104.797933247808,7554782.85669192,3028830.12008137
104.803096324738,7554400.54692724,3039027.7704952
104.808259401669,7554046.06168077,3049550.03590237
104.81688127451,7553447.59543474,3067081.34831384
104.842518366934,7551666.42451317,3119211.23926954
104.880952269063,7548998.30295254,3197365.18580316
104.891794941501,7548245.49643772,3219413.17017246
104.897936695108,7548167.91206763,3210039.88466558
104.904078448715,7548198.23301038,3187137.57439425
104.910220202322,7548234.69025828,3164387.2855702
104.923121523906,7548319.96150524,3116589.35386701
104.964168718091,7548577.30943657,2964499.90856699
104.985693960268,7548712.89639888,2884744.98060946
104.992519515608,7548755.83123216,2859454.97630655
104.999345070949,7548477.10581409,2862228.82137142
105.00703147078,7548083.61682938,2885063.67183405
105.014717870612,7547679.86578599,2907720.78731369
105.029743202551,7546880.20199171,2952018.7963945
105.079216615628,7544263.51615876,3097890.51047067
105.12580610437,7542218.42777132,3129621.82996087
105.139817411021,7541648.87154466,3120966.96799273
105.153828717672,7541084.64168854,3112404.35889788
105.185606502114,7539813.93485822,3092990.48075174
105.222002456489,7537852.56585427,3109044.4879608
105.258398410865,7535711.62860519,3140687.86457935
105.286079222691,7534082.74628069,3164735.0803946
105.314199938671,7533124.40441047,3142199.41362709
105.33147025996,7532776.90244981,3109608.02316676
105.348740581249,7532432.74178328,3077092.16272978
105.39007177792,7531617.29829723,2999282.50107478
105.406659478994,7531033.66539452,2996685.14510954
105.423247180068,7530327.01774945,3015396.21309266
105.434930562025,7529826.19966042,3028513.27052305
105.46497666126,7528531.71447594,3062242.24583903
105.530651282692,7524589.26564978,3149584.23191226
105.596325904124,7519516.99667485,3250827.5333399
105.604063389498,7519288.6892761,3240023.30398184
105.611800874872,7519182.905145,3216203.73432601
105.619538360246,7519083.28772127,3192501.73120495
105.636739960609,7518869.91616375,3139806.43349488
105.695362785173,7518130.42900825,2960207.42982781
105.704008731044,7517758.55926326,2958584.47278442
105.712654676916,7517293.83681968,2976319.14196245
105.719163653755,7516937.53958152,2989553.52201306
105.733654589321,7516136.94053962,3019024.16704413
105.787146557445,7513194.30827366,3127823.10820076
105.796669275823,7512670.24744401,3147191.32934918
105.8061919942,7512500.5309177,3139405.48781909
105.815762346409,7512447.58314936,3115907.05101874
105.825332698618,7512400.69229748,3092522.83277966
105.846354459067,7512306.2650963,3041158.55339296
105.87004311741,7512195.50215958,2983272.95945881
105.893731775752,7512085.264189,2925388.51294732
105.9018433278,7511985.48253162,2909812.39914237
105.903991546098,7511817.07102157,2915436.32487745
105.906139764397,7511686.41376928,2921528.04594323
105.909086427224,7511505.43544862,2929797.86560744
105.915821641151,7511082.29224401,2948711.40351995
105.941592795401,7509468.42835218,3021084.62438088
105.987308130964,7506604.44977695,3149465.47839772
105.999973831558,7505811.02641044,3185034.25112976
106.006761820682,7505475.74105269,3185652.80212556
106.013549809806,7505113.64610198,3182490.2148159
106.02033779893,7504755.72420201,3179376.18849694
106.040728051465,7503683.88880238,3170018.91659395
106.08794371822,7501198.34955607,3148346.53029253
106.135159384975,7499625.77811437,3099104.21833633
106.182375051731,7498431.18388745,3038011.89900594
106.229590718486,7497104.3291924,3016763.01224204
106.252392462609,7496432.1370754,3021643.7037315
106.275194206732,7495757.36992555,3026477.43117225
106.338599145479,7493196.41668054,3063838.33546798
106.402004084225,7490117.27295036,3120071.82121756
106.415697629897,7489528.99599922,3118836.47168769
106.429391175569,7488939.82049955,3115149.01650798
106.448196735395,7488131.88288375,3110102.89170584
106.488643037705,7486395.992853,3099251.35842561
106.529089340015,7485420.55881489,3058602.06704851
106.566794482941,7484929.34718407,3003439.94313785
106.604499625866,7484419.88924543,2949929.64198689
106.607547003028,7484235.6288214,2955095.0910383
106.61059438019,7484081.10744559,2960659.20626881
106.615059799694,7483858.45275193,2968755.14157342
106.626536248718,7483271.69639386,2989560.25613385
106.672673810694,7480918.6300495,3073208.40978059
106.692326694398,7479916.04059178,3108838.93712774
106.702599334394,7479392.02941013,3127463.24853174
106.712871974389,7479158.82232156,3119780.40888396
106.720453334864,7479016.87958406,3107733.739518
106.72803469534,7478879.12738833,3095751.00141455
106.748645872839,7478509.06171982,3063170.89937698
106.779829530467,7477946.10518957,3013875.20968694
106.799100043381,7477598.47550481,2983412.56572921
106.818370556295,7477006.89432098,2984423.67203972
106.837641069209,7476345.12341891,2999801.83418784
106.852898927809,7475819.05872577,3011937.57044061
106.897300053716,7474283.43079647,3047249.16150571
106.930917423419,7473170.12105763,3052319.31521525
106.964534793122,7472060.37165894,3049666.67149538
106.998152162825,7470951.32725469,3047028.24496775
107.128763567755,7467055.84350986,3029478.34133617
107.201939416341,7465052.85129296,3019752.31836201
107.246539487389,7464225.45097409,2999852.63720921
107.291139558438,7463448.75179074,2978123.1266537
107.305209892871,7463203.70926939,2971268.3752786
107.314510014189,7462716.2277197,2983779.78612544
107.323810135508,7462125.38863226,3004127.60871935
107.333110256826,7461531.50854461,3024415.01731944
107.358513030397,7459904.6736582,3079830.31410928
107.392965082976,7457700.87773375,3154989.40475894
107.40381401887,7457006.78773082,3178656.70558372
107.414662954765,7456738.02340215,3170403.57861149
107.42551189066,7456651.16071862,3140930.07078764
107.433276358828,7456594.148785,3119933.78242161
107.45109795919,7456470.31605957,3071740.89615526
107.486753545764,7456216.39374686,2975314.90060906
107.504108565419,7456093.05118659,2928380.89041463
107.521463585074,7456125.39985791,2908483.44183153
107.533800999545,7456203.77861126,2900149.24700625
107.546138414016,7456279.61711603,2891780.73614771
107.585477078898,7456518.15699427,2865097.13920926
107.600994323181,7456612.81698789,2854572.44079202
107.608919057085,7456661.07122674,2849197.2428581
107.609902868076,7456518.92509789,2853116.30576858
107.610886679067,7456420.46654818,2858352.02462676
107.612132537923,7456287.81403273,2864791.35971759
107.614573493119,7456027.25076548,2877461.79430111
107.621784215613,7455258.87057787,2914878.55793034
107.654754261672,7451742.78925347,3085961.04290502
107.695277530531,7447421.70365295,3296238.13734653
107.702508233756,7446650.66128479,3333758.54375646
107.709738936981,7446004.01967337,3363313.42444704
107.710331212601,7446083.93777105,3360615.37298517
107.710923488221,7446092.9977667,3356814.89464281
107.711722405881,7446111.75959536,3351959.80847671
107.713340579,7446151.39866932,3342051.58397986
107.717920897033,7446262.3523219,3314024.36354279
107.735152793733,7446682.04290884,3208580.71680154
107.767769528675,7447475.54557071,3008994.44110656
107.800386263617,7448269.16813778,2809408.39115111
107.826798001296,7448088.10662787,2788094.35269233
107.833658011053,7447972.23713194,2804086.87369793
107.84051802081,7447840.13937121,2819837.79115807
107.852787753788,7447593.92020795,2848025.30684333
107.89093178993,7446845.59512242,2935666.29745583
107.926327392172,7445160.7090057,3024275.10964406
107.961722994415,7442313.14484165,3121545.86792858
107.997118596658,7439466.97031266,3218800.47249351
108.00596104261,7438755.17799047,3243095.56955394
108.010661513102,7438377.13929701,3256010.7082884
108.012428320272,7438415.85744236,3252035.93683616
108.014195127443,7438413.13854639,3244820.22191174
108.015961934613,7438422.8126954,3237766.22138966
108.019436512264,7438439.64752739,3223848.09350318
108.029854334729,7438486.1264068,3182121.86572995
108.075958558951,7438695.42021929,2997466.7450851
108.108737321195,7438843.88392368,2866181.74940766
108.114472527227,7438582.31558511,2866765.37698468
108.12020773326,7438256.37084166,2884379.76371727
108.125942939293,7437918.78786619,2901791.26680202
108.137078063706,7437255.68032001,2935614.44835114
108.172000753185,7435189.88034759,3041703.30670625
108.211907850452,7432828.16700676,3162932.04366498
108.213195925689,7432854.71292891,3161321.80848664
108.214484000927,7432828.24132236,3158499.02318093
108.216081502748,7432804.15178616,3155155.95211938
108.219159401972,7432760.17018233,3148677.42610292
108.228463487876,7432625.07738155,3129099.05903307
108.270545726934,7432017.0191519,3040550.07303515
108.305184301316,7431516.17032007,2967663.34608104
108.327421284383,7431477.33272122,2938075.55544286
108.349658267451,7431586.24587414,2916318.25255333
108.371895250518,7431693.31993454,2894536.80506671
108.405521278217,7431853.51556425,2861598.19301074
108.424147959752,7431734.79716845,2864686.11405868
108.442774641288,7431534.56219012,2879542.01770248
108.461401322824,7431332.09135628,2894354.18369522
108.515156876158,7430733.92880158,2935898.9121757
108.539637062976,7430354.90728487,2941702.35621707
108.564117249794,7429972.63219772,2947457.65027686
108.591853716176,7429536.47683184,2953975.53861015
108.607978249898,7429283.83587189,2957765.72464696
108.62410278362,7428319.80523362,2990265.87936327
108.640227317341,7427066.79746293,3036284.1589886
108.656351851063,7425811.59950799,3082244.62123404
108.69890076567,7422493.76363024,3203519.39204146
108.710034491672,7421626.22407894,3235254.49268238
108.717117968492,7421451.66745542,3229737.94123551
108.724201445311,7421432.22131563,3204072.69168687
108.729535704525,7421425.6385595,3184893.0843488
108.740757817385,7421418.80767221,3144532.58115322
108.778289592237,7421383.14603083,3009535.43142194
108.812688299684,7421351.25846898,2885808.88674507
108.814807128228,7421246.92415829,2886726.89505102
108.816925956773,7421185.50981615,2889925.59931107
108.819044785317,7421124.98649254,2893017.18342686
108.823382660724,7420991.36946248,2899369.54850967
108.83784319905,7420548.41589028,2920543.2163147
108.906913176667,7418429.73070239,3021674.31602988
108.920090133104,7418411.74196991,3013654.22209737
108.9290590021,7418568.34280891,2991436.54190815
108.938027871096,7418732.00652123,2969351.77890557
108.957043691283,7419086.72836599,2922524.13139414
108.982687594579,7419560.18675104,2859369.42717372
109.008331497875,7420034.13832882,2796215.6717059
109.01466725693,7420090.91504159,2784331.13554368
109.016379386689,7419966.37459345,2789719.49789063
109.018091516448,7419885.76248267,2795650.54973483
109.020341914686,7419773.16782663,2803333.44431911
109.025187723943,7419525.95470566,2819901.00401115
109.042913087585,7418625.18607295,2880501.34202424
109.07373734866,7417057.66731978,2985883.60856488
109.104561609735,7415490.33138309,3091266.14375165
109.114562234282,7415001.88562742,3123003.06239512
109.116826971654,7414978.27063507,3120947.85290497
109.119091709025,7414912.77854863,3118399.33857669
109.122144955155,7414826.52764261,3115046.84440287
109.12895221504,7414643.69197561,3107566.13674439
109.154414922091,7413954.92705429,3079578.45486746
109.223162239497,7412141.30836604,3010645.58000708
109.246469136583,7411642.84853242,3004007.75344211
109.269776033669,7411147.5691198,2997417.53050159
109.304067984716,7410422.30583354,2987724.85045794
109.338359935762,7409242.95606478,3005140.07076182
109.372651886809,7407868.37562244,3035482.7979609
109.406943837856,7406492.86869783,3065801.18464855
109.431741531627,7405649.33380509,3067408.81562338
109.456539225398,7404874.69340438,3057034.63552735
109.481336919168,7404100.38214964,3046691.8836298
109.513884824927,7403086.33735888,3033119.2844436
109.534037447737,7402904.27919392,3010410.3461895
109.554190070548,7402796.96455922,2984962.71592111
109.581082446447,7402654.18804991,2951016.90253691
109.602981378034,7402538.62660441,2923374.84287575
109.614731434444,7402476.39576949,2908543.03563867
109.622807425525,7402222.90463502,2914209.35362852
109.630883416607,7401926.35251438,2926607.970221
109.638959407689,7401626.10759418,2938945.26448005
109.661286677241,7400792.30056599,2973057.39539178
109.696986012485,7399461.75616734,3027602.51776481
109.715533885583,7398770.29426674,3055941.52919974
109.727273542831,7398368.54054544,3058955.38562492
109.73901320008,7397953.41972399,3057728.83669772
109.750752857328,7397540.19273212,3056529.01950302
109.79155284943,7396106.62314685,3052359.74523503
109.82545124923,7394765.70252173,3056107.86225151
109.859349649031,7392916.46251023,3085779.83585826
109.893248048832,7391068.06709138,3115474.4916891
109.922263918562,7389529.27229489,3135559.39032109
109.940776899401,7388685.50439058,3128395.13886077
109.95928988024,7387838.12349654,3121167.32775548
110.005838156293,7385701.39989981,3102987.42825603
110.038377508228,7385465.19535772,3037620.41809801
110.051495752858,7385693.53496112,2996520.7159883
110.064613997487,7385925.40043827,2955503.1147917
110.096169768683,7386489.30344148,2856837.22231952
110.109423172115,7386724.95942595,2815396.1745386
110.116770463944,7386855.75386994,2792422.80860191
110.124117755773,7386691.40259298,2796876.15748663
110.131465047602,7386480.96631154,2814380.39239608
110.138812339431,7386262.42578871,2831755.00946806
110.15485390908,7385779.4800595,2869698.90003332
110.21265350648,7384049.75641284,3006423.2808002
110.237848878274,7383039.18667135,3036645.40998312
110.263044250068,7381893.16917551,3054452.79628411
110.288239621862,7380749.4030818,3072292.97690901
110.365427421363,7377912.85465433,3064859.45417908
110.399596944753,7376848.82190007,3042171.4997503
110.433766468143,7375848.91054631,3025434.19129115
110.467935991533,7374955.43724245,3017627.14404278
110.502105514922,7374060.89157797,3009804.11906141
110.561902302884,7372307.1075134,3013921.22068623
110.621699090845,7370483.05712024,3025793.62436353
110.638702247021,7370183.36891053,3015684.62848287
110.655705403197,7369879.75361602,3005495.43443181
110.69603620379,7369153.04544552,2981322.41027418
110.716300419134,7368789.24527366,2969178.54145899
110.736564634478,7367997.84091262,2984439.55910237
110.756828849822,7367064.43994621,3010787.8080939
110.777093065167,7366129.2692702,3037098.58824011
110.809266534575,7364641.91674402,3078869.65704326
110.841440003983,7363260.14409181,3092830.16370204
110.863757574902,7362331.9513315,3087852.44978826
110.886075145821,7361406.37369559,3082920.27779814
110.912198126253,7360325.64395083,3077150.28827507
110.938321106685,7359904.20443168,3044056.30817831
110.964444087117,7359920.56664307,2991240.24302267
110.983071244937,7359933.55383666,2953616.03360096
111.002628029207,7359949.26403584,2914116.36487304
111.022184813476,7359963.88221027,2874615.59036918
111.026686642058,7359691.15447121,2883158.54274
111.03118847064,7359416.88151974,2896405.03168543
111.035690299221,7359135.23763791,2909558.09844415
111.046827524169,7358436.48426894,2942113.14130132
111.088018763868,7355858.42864407,3062523.35236355
111.108957988082,7354547.56646998,3123732.28420589
111.119804213848,7353868.60836278,3155437.76016877
111.130650439615,7353408.26357609,3160285.83256863
111.143996841422,7352920.53536865,3144215.7654328
111.153389899888,7352581.8284565,3132985.07486936
111.176062299776,7351769.90104294,3105879.26388583
111.229781487579,7349897.69957065,3045748.60247969
111.251537000122,7349336.14904541,3035220.74773051
111.273292512665,7348778.07100402,3024737.91491658
111.334282106531,7347296.25745339,2996549.23919567
111.420588759005,7345752.92641459,2965048.28865809
111.441338742502,7345835.25650084,2941386.84749901
111.462088725999,7346030.55209968,2913218.04010562
111.482838709496,7346226.41845235,2885064.37970354
111.509242045102,7346476.52570861,2849240.85654394
111.519814210192,7346576.48678743,2834896.55135814
111.526729161082,7346481.43689119,2833690.36238049
111.533644111973,7346002.94146458,2858562.13812284
111.540559062863,7345532.52173144,2883538.93499428
111.556837405516,7344429.25723281,2942327.59399648
111.609939672208,7340823.01275288,3134097.72503828
111.619241174763,7340191.47863738,3167688.85855791
111.623992562199,7339868.83953853,3184847.78220607
111.628743949636,7339909.40917259,3175551.34201864
111.632079681922,7339936.22092861,3163103.28151038
111.635415414207,7339975.5108146,3150809.59098693
111.642146900128,7340055.94465706,3125974.52198638
111.664014618087,7340309.8469774,3045290.33809369
111.687105698242,7340578.87632646,2960094.07881071
111.710196778397,7340847.70898577,2874897.45075067
111.719391206322,7340954.76462619,2840973.80121865
111.724606030256,7341015.48122535,2821733.24747773
111.729820854189,7340709.84314634,2829767.86564127
111.735035678123,7340371.75203346,2849138.88608969
111.740250502056,7340022.47499105,2868344.13058621
111.751171206957,7339286.64729755,2908582.42594376
111.787039938864,7336879.72012333,3040751.22963437
111.820582332944,7334628.20558795,3164346.73280964
111.827035200073,7334294.38911815,3181294.19729278
111.829789376677,7334337.13401914,3172665.75611059
111.83254355328,7334339.88926386,3163599.66261211
111.836393815489,7334353.80646863,3151000.31511223
111.846676457549,7334391.35868335,3117339.50725126
111.888209264175,7334538.1735569,2981374.20174034
111.91004222331,7334615.63745925,2909900.48558119
111.921847356548,7334657.4761222,2871254.39403787
111.933652489786,7334603.02134541,2860133.32449318
111.945519991656,7334561.28114661,2864784.09557162
111.957387493526,7334513.54557475,2869340.72501502
111.984904188334,7334397.2587658,2879906.99813668
112.096112127354,7333733.87609546,2905725.49150231
112.11830084847,7333575.80670631,2908884.28079614
112.140489569586,7332740.25201262,2940361.03036448
112.162678290703,7331498.2294718,2990608.57630196
112.178833230851,7330592.36536724,3027150.28349503
112.22539108034,7327977.62162034,3132457.75787904
112.231663659774,7327904.42463221,3125665.78589487
112.237936239207,7327864.33835956,3110782.98073582
112.244208818641,7327830.83214865,3095998.21023953
112.259457910061,7327753.31993161,3060047.48818946
112.314165173408,7327467.58611847,2931062.47221618
112.323346323728,7327419.79316648,2909416.0798468
112.332527474048,7327008.07631055,2914587.86145568
112.341708624368,7326441.15149182,2938695.90452436
112.3486268049,7326007.90041191,2956752.62415934
112.364340516674,7325018.66908353,2997773.02948262
112.424501463049,7321240.90912852,3154831.54002893
112.433008834727,7321070.55823267,3150249.34188537
112.441516206405,7321056.586734,3125576.63134775
112.447833648708,7321053.07676096,3107377.25941611
112.4617149937,7321050.94671106,3067380.75495512
112.511769591994,7321032.93559293,2923146.09650461
112.559962687733,7321093.11980038,2870746.00286989
112.577118032121,7321149.60228506,2867974.51568027
112.594273376509,7321201.71088185,2865136.80547136
112.616215389176,7321265.14359626,2861505.6548789
112.628569851566,7321256.43711809,2860949.88717211
112.6333605484,7321002.67562092,2872846.32687247
112.638151245235,7320753.72949422,2885006.40787349
112.646562842073,7320322.60249836,2906328.03171535
112.671381540094,7319037.39193249,2969229.58710011
112.706480211444,7317221.19109991,3058187.36462206
112.718981995273,7316574.21278285,3089873.08239192
112.726674810299,7316176.10707026,3109370.49974437
112.734367625325,7316209.94421807,3097865.39729112
112.74206044035,7316345.43227547,3071742.27365547
112.749753255376,7316489.25516699,3045756.89343597
112.766060578689,7316800.24945607,2990666.9287904
112.821762210075,7317852.12023319,2802481.90358873
112.828334429588,7317976.36709449,2780278.22356475
112.832012226454,7317804.0371206,2786220.46513515
112.83569002332,7317657.64679016,2797261.06354159
112.839367820186,7317500.522453,2808174.27610043
112.847378745626,7317157.48442007,2831969.05232666
112.875671596476,7315952.17568912,2916009.17811301
113.017135850728,7311691.07467384,2996339.77004171
113.028824741415,7311413.24333139,2985808.5864198
113.040513632102,7311363.65381069,2974202.34463247
113.058271303668,7311327.89582769,2956341.68431332
113.108349908341,7311221.83418865,2905972.41333664
113.163807932879,7310545.44971981,2909928.09886223
113.185159771082,7310161.42925141,2926375.98140025
113.206511609285,7309774.70414265,2942774.09562095
113.265352010858,7307144.89820309,3030891.27518527
113.295978424493,7305206.94764991,3092872.91782077
113.326604838128,7303268.1448929,3154818.5466184
113.336543726144,7303049.41975404,3147568.90739342
113.34648261416,7303064.01859205,3117276.32138478
113.35348617894,7303080.36533639,3096043.60420136
113.369041304043,7303122.25103881,3048880.80807092
113.42692528842,7303268.13043274,2873366.22574203
113.442811321671,7303349.32488777,2857238.9724302
113.458697354921,7303487.14743805,2852665.50434458
113.474583388172,7303621.32258093,2848039.68246438
113.518242470125,7303986.26896375,2835325.75420872
113.528935260952,7304076.09211468,2832212.54293298
113.539628051779,7303465.49656148,2861130.62772543
113.550320842606,7302625.81549828,2903746.12365063
113.561013633433,7301781.5462147,2946268.87471445
113.586132831346,7299792.97379846,3046163.59426114
113.615024107393,7297508.3755416,3161062.49750706
113.6246786716,7296744.8316517,3199457.85973089
113.630279188363,7296301.91961224,3221730.649037
113.635879705127,7296235.48507484,3215641.92314712
113.64148022189,7296224.19229327,3195441.0489
113.647080738653,7296224.66153446,3175422.83756635
113.658330994048,7296231.24068175,3135196.71943347
113.69279235788,7296240.45882874,3011963.7921123
113.724225539689,7296249.63145879,2899561.23390443
113.742006504438,7296421.21004512,2861502.56666383
113.759787469186,7296783.8314362,2843968.62699624
113.772455153344,7297038.08442731,2831419.36494041
113.806199631052,7297711.44330651,2797989.84069622
113.824457229252,7298076.64548078,2779903.55463375
113.831844532192,7298224.34876214,2772585.46474741
113.836508569999,7297983.21140705,2784663.26635369
113.841172607807,7297691.73350454,2803135.21877017
113.845836645614,7297393.25754051,2821499.21924138
113.856921230595,7296681.72822882,2865160.29340663
113.897395705292,7294090.03799315,3024589.24171386
113.931939571184,7291877.64531405,3160656.73830632
113.936678485641,7291844.11918421,3156090.65465338
113.941417400098,7291800.91506891,3143684.06956514
113.946156314556,7291768.03246362,3131411.89285537
113.956599230263,7291698.47651635,3104352.2941784
113.99106246807,7291461.05739412,3015042.33737391
114.016176997411,7291288.58106689,2949960.25466864
114.029490739757,7291197.0826132,2915458.74409421
114.042804482104,7291047.64887522,2907500.48639922
114.053286147772,7290947.52782772,2909126.84818563
114.06376781344,7290843.47153217,2910697.52017568
114.092916132882,7290550.87627261,2915067.02998135
114.222497413476,7288480.30604468,2957318.54994031
114.261105458468,7286809.57566539,3004252.98565811
114.29971350346,7284747.23314518,3064685.09648368
114.324719525373,7283411.07865858,3103812.00326505
114.349725547285,7282551.60241617,3098666.40499547
114.365598444125,7282144.72972874,3078360.14190828
114.381471340965,7281745.90803907,3058133.9029109
114.419880633855,7280786.16515027,3009194.55979456
114.46931233724,7280165.29722951,2961990.33203618
114.518744040624,7279801.61369954,2921183.54315445
114.568175744008,7278864.26103077,2933823.07779821
114.599696921778,7278104.36565476,2958816.29664632
114.631218099548,7277342.64911331,2983773.33848203
114.695695113171,7274943.05985298,3024418.44591617
114.721436291091,7273964.41120154,3040380.57209361
114.735448773737,7273430.03441461,3049067.68423025
114.74340658914,7273390.25932657,3038208.78217312
114.751364404543,7273349.46282769,3025894.23120879
114.763154512636,7273291.78974315,3007679.63558922
114.802871813742,7273099.59617952,2946319.86551414
114.82474622714,7272993.26075155,2912525.12613478
114.838188307698,7272878.24222425,2896871.8304407
114.8475426353,7272652.61790286,2904735.26267004
114.856896962902,7272435.11769804,2912718.98548153
114.87729669191,7271966.09932343,2930125.59620438
114.92428096647,7270880.05756686,2970209.77642517
114.97126524103,7269844.88918444,2979195.88682705
115.006513368691,7269071.68011056,2977146.25922024
115.041761496352,7268180.32788567,2980452.03356304
115.054088480511,7267523.21799787,2997316.9799777
115.06641546467,7266870.84929929,3014278.82036396
115.094552929573,7265387.39579491,3052996.88316277
115.204331904301,7260120.4189428,3090556.74981593
115.232490837031,7258846.86066128,3080977.48225584
115.246765876336,7258851.52258758,3049244.18952654
115.25658025043,7259185.46913317,3011210.69668638
115.266394624524,7259524.77709683,2973294.91994845
115.287905964057,7260274.18973818,2890187.79765552
115.308575330646,7260991.64670358,2810330.43130797
115.329244697235,7261709.42418719,2730473.72696507
115.336934607695,7261976.46965078,2700763.53537767
115.344624518154,7261850.9959513,2708274.98610079
115.350212001952,7261726.47717131,2724627.60593379
115.35579948575,7261591.30319103,2740828.32781437
115.36779681687,7261297.76086779,2775632.59141346
115.409317171021,7260290.15137702,2896088.09578879
115.437425045903,7259607.63770525,2977631.77943444
115.450210033333,7259216.24621365,2990171.03213899
115.462995020762,7258769.40647477,2996119.71985218
115.475780008191,7258325.61109366,3002106.99357146
115.515039979255,7256965.43417276,3020493.19109899
115.539375928177,7256121.63678245,3031889.091686
115.553265121603,7255847.88916874,3023210.6042488
115.56715431503,7255578.35970756,3013685.65438938
115.591270506956,7255098.74235625,2997144.38638361
115.618634989115,7254560.45250159,2978382.52509455
115.634934105738,7254239.57647837,2967206.69554503
115.651233222361,7253383.50030744,2985693.71486773
115.667532338983,7252321.95446355,3018101.95978161
115.683831455606,7251257.4620744,3050450.53442818
115.726607863336,7248459.46981333,3135344.9140712
115.737461342331,7247750.03309713,3156885.84220243
115.748314821326,7247466.09143239,3147272.08375502
115.759168300321,7247323.27406929,3121673.32624323
115.767635542005,7247216.62332424,3101784.57947302
115.788243493529,7246961.34344011,3053377.23440955
115.817279791009,7246598.86814993,2985168.18919554
115.835417800569,7246372.61498102,2942560.62636901
115.85355581013,7246050.52772371,2932365.86679227
115.87169381969,7245728.18512493,2937109.96669597
115.885899183597,7245472.8025496,2940780.03182642
115.926407368001,7244741.29383503,2951243.93775859
115.967861078284,7244740.95229456,2920271.73003322
115.995667368494,7244996.80750606,2884060.95073571
116.023473658704,7245254.43999026,2847888.77062092
116.037896276948,7245389.36352205,2829128.11690446
116.052318895192,7245195.83431968,2838008.20495347
116.066741513436,7244909.58587741,2858404.64500028
116.08116413168,7244620.02161076,2878743.73379384
116.120039524766,7243835.94867303,2933566.33839145
116.162620673022,7242351.52015172,2992324.57254302
116.205201821279,7240187.84294462,3049684.8681055
116.228214225864,7239019.16223916,3080685.65876965
116.238560136115,7238493.78416548,3094623.09820502
116.248906046365,7238410.53426883,3082433.43047687
116.259251956615,7238580.83768773,3049419.88557532
116.266767573787,7238709.92708821,3025539.76230497
116.284011727735,7239010.66843944,2970743.81719191
116.310816595362,7239474.61808923,2885563.02543841
116.337621462989,7239938.88526331,2800382.80932193
116.343461371947,7239996.61716001,2784620.22461321
116.344826450061,7239879.70236362,2788466.29602701
116.346191528175,7239817.73909341,2793003.79234117
116.347881376829,7239728.96345537,2798468.50069011
116.351246299108,7239552.22032789,2809389.19191699
116.362017650116,7238987.5318143,2844339.51959583
116.413493597917,7236286.89550289,3011364.56917201
116.429907489235,7235425.8616761,3064623.25547758
116.439957941646,7234898.60971384,3097234.21778203
116.450008394057,7234605.49579028,3099172.45851806
116.460058846468,7234345.32086275,3086900.69331307
116.470109298879,7234091.76388653,3074730.34993031
116.49305752535,7233517.68267674,3046941.11760393
116.546001578067,7232239.91673121,2984018.07763568
116.580492425722,7231975.83030265,2956061.23092694
116.614983273378,7231715.14874326,2928136.2621672
116.639154629872,7231533.69360893,2908568.00013932
116.654975682398,7231217.66799025,2912918.73590081
116.670796734923,7230837.75756126,2925164.21785476
116.686617787449,7230455.83283918,2937374.39195009
116.736353375857,7229252.64073136,2975757.70017928
116.756062674853,7229288.42211725,2958601.17507448
116.775771973849,7229604.85148283,2920273.7314362
116.789584994785,7229829.28808783,2893465.06087186
116.827149123955,7230443.19813999,2820561.23286937
116.840152634545,7230655.1895892,2795323.59720464
116.853156145136,7230339.99333683,2810132.61794298
116.863156537152,7229976.21561598,2835159.90092391
116.873156929169,7229606.43288868,2860086.82559146
116.896223847302,7228749.14084414,2917587.09156965
116.923589055412,7227734.53460576,2985804.76225225
116.937513757949,7227218.12289371,3020516.80768153
116.94532184623,7226945.44931534,3038655.9394295
116.947290240968,7226985.699616,3035536.24544855
116.949258635706,7226984.49609441,3031905.51912497
116.95188494237,7226988.96781546,3027157.8421778
116.957637967732,7227003.30416381,3016743.37831989
116.979338473032,7227054.41949306,2977457.98009316
117.009427651648,7227125.93622995,2922987.3522145
117.039516830264,7227197.3288438,2868516.47220055
117.053526645024,7226876.03118677,2870981.42913321
117.062987064096,7226505.83495664,2889591.72482829
117.072447483169,7226128.36156293,2908074.39948129
117.092745276723,7225313.30101598,2947734.32426222
117.120311768222,7224209.80516213,3001600.67033166
117.147878259722,7223159.47049963,3049717.52779118
117.152420716821,7223115.08042294,3044778.13472931
117.156963173921,7223049.48223972,3039553.04767357
117.164725517974,7222933.52167811,3030653.7427226
117.186862278621,7222614.17327245,3005285.75368877
117.25632635298,7221885.23315719,2923042.21540762
117.325790427338,7222936.00919735,2823724.48435216
117.379086607669,7222667.97606303,2843370.68174279
117.392601736936,7222438.12679624,2864675.12057489
117.406116866204,7222203.05864702,2885890.13017068
117.437840237667,7221646.66241451,2935687.05555239
117.57024913511,7217153.32749977,3026941.9115202
117.589062906068,7216750.15479165,3012994.04969132
117.607876677027,7216343.00449694,2998978.79311075
117.639162028376,7215662.55585145,2975669.72389971
117.670447379724,7216092.11505277,2915935.02465383
117.693659430836,7216721.71343438,2860733.42336665
117.716871481948,7217352.51124427,2805564.62493492
117.748993399996,7218171.9849108,2733988.86733354
117.750364780509,7218098.25921015,2736855.70247608
117.751736161022,7218073.43517161,2740349.30892217
117.753488581678,7218030.47662634,2744671.54306809
117.75709008873,7217942.25678238,2753591.0324146
117.769077083803,7217649.78735693,2783270.9633763
117.827868213375,7216213.43153947,2928837.18444415
117.848605443389,7215706.8854086,2980182.5146002
117.853369143497,7215748.17272158,2975797.73281614
117.858132843605,7215760.90519715,2969426.00167164
117.8644073801,7215784.75852533,2961101.79297855
117.881847680431,7215852.76098514,2937957.10692136
117.956511546949,7216205.54881097,2845389.11787733
117.976564251831,7216462.23546107,2836212.68965684
117.996616956712,7216723.49871569,2827095.32864664
118.049026017884,7217407.28476451,2803371.87678685
118.050473706451,7217279.55034457,2808048.99284505
118.051921395019,7217191.40733369,2813301.13082847
118.053814817359,7217067.16690569,2820040.93059059
118.057790663454,7216805.29376348,2834224.69873687
118.071495916172,7215904.18323079,2883112.97381522
118.139682934794,7211418.95413964,3126342.15180471
118.145779968431,7211017.95535588,3148090.94314299
118.149419925585,7210846.21373432,3157699.38973643
118.150297324234,7210939.37548823,3153795.8591672
118.151174722884,7210969.58473894,3149046.72902515
118.152287633167,7211022.12053373,3143233.29073771
118.154428673547,7211120.85911303,3131990.16809011
118.160509890992,7211401.39517106,3100070.16730078
118.187667990771,7212655.92022511,2957519.00092716
118.222016783268,7214242.19921191,2777223.62597406
118.235436000503,7214861.95476585,2706786.78896215
118.248855217738,7215481.70544905,2636349.94264103
118.25230007916,7215396.59340634,2637763.27350291
118.255744940583,7215304.94834914,2650743.68466067
118.259189802006,7215205.0262275,2663493.13090528
118.265290118834,7215027.5727591,2686110.25975018
118.284747201221,7214468.81439589,2758246.13318037
118.309806464659,7213748.26837669,2851150.80458661
118.334865728097,7213027.86758688,2944055.67701264
118.344430383951,7212752.90833746,2979515.75337634
118.349452278394,7212608.53910505,2998133.95898294
118.352576281436,7212705.76364904,2994663.80005054
118.355700284477,7212765.24149797,2986989.25059061
118.358824287519,7212836.00034012,2979442.2449387
118.365519946102,7212986.9696276,2963240.57123419
118.388855691711,7213508.50858118,2906772.51295241
118.417807343651,7214156.25932966,2836716.19738486
118.446758995591,7214803.88181643,2766659.65045504
118.456233493569,7214553.18144488,2774524.2096004
118.462641571045,7214208.46030049,2797887.47914185
118.469049648522,7213852.18681302,2821049.8309273
118.481385791267,7213161.37194645,2865656.49066436
118.521693398516,7210914.34218653,3011414.52644662
118.549837424978,7209344.97771297,3113186.51732878
118.554075631421,7209435.05117116,3106262.72300955
118.558313837865,7209545.72140825,3089489.98031816
118.562552044308,7209668.56438036,3072893.23228199
118.570982156514,7209915.04040742,3039857.92075241
118.597681890252,7210687.98266977,2935221.2338739
118.644373994195,7212040.83451566,2752236.38558376
118.65010219236,7212206.77880732,2729787.72350896
118.655830390525,7211953.4730315,2737484.1109338
118.66155858869,7211611.73228523,2761833.63963007
118.667286786855,7211257.07541611,2785974.66088332
118.678330161652,7210569.16790257,2832537.40383664
118.713905123977,7208362.8696474,2982540.82592623
118.7448466348,7206443.39304942,3113006.12490044
118.750156089406,7206114.03499375,3135393.54877437
118.755465544011,7206147.18371581,3130971.98508486
118.763486235901,7206308.91733219,3100203.38047713
118.769158200822,7206431.92172969,3078590.13543917
118.781062137736,7206694.37839855,3033218.00759165
118.822004816602,7207587.79384922,2877152.93863183
118.841487954806,7208013.2351071,2802887.75733969
118.849821170101,7208195.17078022,2771123.43318722
118.858154385396,7208148.81118393,2766879.60147646
118.865797860321,7208065.31126533,2779745.62401871
118.873441335247,7207971.94669478,2792456.53271636
118.889141118669,7207775.65230144,2818575.86690423
118.94486245895,7207087.94174935,2911285.78249713
118.966575542754,7207297.04284859,2903736.70404858
118.980572485531,7207578.84241176,2881472.05815493
118.994569428309,7207865.85317633,2859296.84223676
119.027255554511,7208540.6549511,2807512.51378601
119.044082224247,7208886.96598318,2780852.84182966
119.051705742586,7209043.95278395,2768774.55369738
119.059329260926,7208716.06198889,2784466.20688663
119.066952779265,7208250.0716699,2813178.16583369
119.074576297605,7207776.80348265,2841765.05348441
119.091389972164,7206729.03048979,2904822.48622471
119.153289778598,7202879.370338,3136977.02080702
119.158887527678,7202809.11352196,3134370.97232978
119.164485276758,7202768.51946567,3120115.04316777
119.170083025838,7202738.06124429,3106010.74017419
119.182070280645,7202676.39178726,3075793.56082685
119.220956561236,7202468.25576997,2977759.37665737
119.248812874416,7202319.60629905,2907533.28144567
119.265464731437,7202308.04148241,2886782.72278152
119.282116588458,7202388.08956958,2879065.29354198
119.298768445479,7202462.26629558,2871290.95230614
119.343891269936,7202660.02314558,2850223.11535323
119.377655155984,7202585.84991539,2855109.68828266
119.411419042031,7202416.02888383,2870315.09378106
119.445182928079,7202245.10428219,2885499.59733385
119.492215525958,7202059.20346349,2888117.36154509
119.539248123838,7201882.75057619,2885112.95071755
119.586280721717,7200164.81156281,2951787.06512274
119.604351698419,7199191.341305,2992450.23920541
119.622422675122,7198215.19609401,3033054.3088044
119.642076936616,7197151.19077572,3077213.63710149
119.653042802258,7196558.27739253,3101852.93057908
119.664008667901,7196210.66842624,3099660.85596156
119.674974533543,7195905.57485288,3086920.89655782
119.685940399185,7195605.05579042,3074250.8074162
119.714036181282,7194838.62482687,3041788.71679625
119.829153882461,7194083.63593926,2880863.94862523
119.847603869685,7194188.0501134,2852383.67209943
119.858836762541,7194181.92333275,2840457.89374084
119.86653775942,7193965.48077137,2851800.30583122
119.874238756299,7193759.70804173,2863298.92135643
119.889977090682,7193343.66236726,2886788.55078713
119.944483099049,7191893.94610143,2968130.23447376
119.976508482843,7191043.02208947,2989126.17800359
120.008533866637,7190161.37204894,2990171.36802566
120.031189286148,7189539.59506812,2990940.73598488
120.102935310205,7188437.00292199,2953333.34012643
120.146139124073,7188066.80617882,2916154.08549658
120.189342937942,7188320.33471164,2875109.39812841
120.258721777635,7189170.25706006,2806523.40311821
120.264496893505,7188989.48493348,2816560.56680026
120.270272009376,7188818.4955761,2827764.29619399
120.278950617805,7188570.44906326,2844566.8935953
120.302557430374,7187879.12430933,2890259.996239
120.346053569932,7186606.97803458,2974453.47439497
120.358038828301,7186256.3968434,2997652.70672597
120.365380057248,7186118.75602244,2997293.39185971
120.372721286195,7185964.95261176,2994399.44989479
120.38258694509,7185762.00196544,2990552.65227452
120.413030444469,7185137.67728646,2978680.53290103
120.4780326524,7183745.19635437,2962694.30607723
120.54303486033,7182216.47482263,2971285.58247579
120.590660715019,7181489.31699737,2955904.72572391
120.638286569708,7180969.22915918,2928370.44430738
120.685912424397,7180599.9980947,2908655.12633183
120.733538279086,7180364.78297975,2895563.17769994
120.757482595148,7180246.14023663,2888976.37567682
120.772393844163,7179878.10623434,2900726.51009702
120.787305093178,7179435.45097873,2917616.52199176
120.802216342193,7178991.42000827,2934481.38028526
120.854861693471,7177421.98867696,2994023.74216311
120.872331828443,7177124.69130215,2992000.69414214
120.889801963415,7176917.00916437,2977746.11387801
120.907272098386,7176712.1617968,2963540.46365785
120.956242349616,7176141.04494377,2923722.91490475
120.962,7176073.67797743,2919040.92536368
