0,4104039.62397836,1956116.60325445
4.76134704935674e-06,4279374.91293078,1972070.98051448
1.47149485875547e-05,4619699.71141986,2003352.59691288
2.46685501257526e-05,4927274.57308158,2032215.13598634
3.46221516639505e-05,5205281.01953761,2059019.88989617
4.45757532021485e-05,5456587.87992698,2084048.56875102
5.68708609586575e-05,5734039.71044359,2112832.08286774
6.91659687151666e-05,5979018.94841364,2139556.00122993
8.14610764716756e-05,6195359.03814902,2164455.50692306
9.37561842281846e-05,6386435.96319806,2187708.23784361
0.000109018177607279,6592981.76762185,2214480.91314765
0.000124280170986374,6770082.12111123,2239130.11997071
0.000139542164365468,6921968.38403176,2261814.53541902
0.000154804157744563,7052257.80948096,2282666.89910494
0.000174145136183388,7191211.27162568,2306641.4905363
0.000193486114622214,7305672.4297631,2328080.32850984
0.00021282709306104,7399990.58584359,2347185.19063233
0.000236664908358024,7493829.82869082,2367810.95711914
0.000260502723655009,7567801.28903527,2385537.58548069
0.000284340538951994,7626141.08064178,2400695.64839566
0.00031487823232757,7683345.47852223,2416864.46806299
0.000345415925703147,7725586.26289351,2429927.57079705
0.000382890873514085,7762736.57614332,2442496.40979905
0.000420365821325023,7788377.09588468,2452017.79253737
0.000468407308962962,7810084.88893709,2460864.26132279
0.000516448796600901,7823599.32982951,2466941.7062427
0.000579662304579177,7834021.9503834,2472105.24724809
0.000642875812557452,7839613.50466012,2475181.06636091
0.000731279979430388,7843433.10033534,2477508.59341582
0.000842004873961439,7845271.31476372,2478781.36618665
0.000952729768492491,7845875.64297558,2479268.50166565
0.00106345466302354,7846076.21638014,2479461.38486223
0.00119966318036943,7846151.85886501,2479559.9251508
0.00133587169771531,7846170.61410328,2479608.41092315
0.00147208021506119,7846175.11665729,2479643.21677764
0.00160828873240707,7846176.00376663,2479674.33600462
0.00174449724975296,7846175.96573518,2479704.47011433
0.00191524698108551,7846175.60879515,2479741.90588242
0.00208599671241807,7846175.1735216,2479779.25380238
0.00225674644375062,7846174.72525952,2479816.58671571
0.00242749617508318,7846174.27483174,2479853.91707322
0.00264155981361027,7846173.70967878,2479900.71642737
0.00285562345213737,7846173.14445074,2479947.51569157
0.00306968709066446,7846172.57921686,2479994.31494862
0.00333429468391579,7846171.88052139,2480052.1642812
0.00359890227716713,7846171.18182588,2480110.01361367
0.00386350987041846,7846170.48313037,2480167.86294618
0.00420745845137503,7846169.57493523,2480243.05805146
0.00455140703233161,7846168.66674009,2480318.25315665
0.0049821497985707,7846167.52936518,2480412.42347587
0.00541289256480979,7846166.39199026,2480506.59379494
0.00598440330409623,7846164.88291796,2480631.53924494
0.00655591404338267,7846163.37384566,2480756.48469469
0.00738654664388753,7846161.18056291,2480938.08016951
0.00845973936222768,7846158.34680093,2481172.70488921
0.00996948743904327,7846154.3603159,2481502.77069503
0.0123875879675558,7846147.97532909,2482031.42333035
0.0174592042474602,7846134.58374229,2483140.19580694
0.0428172856469826,7846067.62580792,2488684.05818931
0.0793848417982097,7845971.06928954,2496678.57069763
0.115952397949437,7845918.35355255,2498526.34851344
0.144488196379253,7845898.99897364,2493564.07740848
0.173023994809068,7845880.18278659,2488614.45137622
0.208805254593083,7845862.1726735,2483631.06779711
0.244586514377098,7845859.21124513,2482399.77385187
0.289015576988475,7845853.07493564,2480852.52815023
0.333444639599852,7845908.35227596,2475362.80358388
0.387301766447671,7846002.03757477,2467139.21562845
0.441158893295489,7846084.85355437,2465883.17958773
0.495016020143307,7846162.34837879,2466773.51071368
0.563382240814077,7846237.26942487,2469296.18118102
0.631748461484847,7846361.23984099,2466647.40185005
0.700114682155617,7846535.0305649,2457860.65190848
0.72452546999137,7846529.9954561,2462966.52296719
0.748936257827123,7846530.99045561,2468126.5581845
0.815865533615702,7846569.9663086,2476652.59585637
0.866840732924311,7846656.29636132,2469096.03816735
0.91781593223292,7846716.81173261,2466543.84027542
0.958327093773352,7846725.48452949,2471949.63392732
0.998838255313783,7846733.72700709,2477350.00909149
1.0388474437733,7846775.77614295,2474838.81460016
1.07885663223283,7846817.06055532,2472072.40315926
1.1358425089525,7847093.85144965,2452436.61944568
1.19282838567217,7847491.69078198,2423441.50177536
1.21480015580219,7847423.92514216,2436670.3782296
1.23677192593222,7847276.55394454,2462073.18545142
1.25344981885417,7847162.18850464,2481325.8673767
1.30314545538698,7846811.56619671,2535948.26386644
1.31744791652751,7846649.16928329,2539841.82345517
1.33175037766804,7846482.60189247,2543684.25130977
1.36459960606762,7846100.60011194,2552507.95706853
1.48730595997491,7844559.12512965,2588391.01821511
1.55318810147637,7843597.90705457,2596105.57170895
1.61907024297783,7842626.0593784,2598635.03592518
1.68495238447929,7841670.835805,2596953.46739603
1.82366328639574,7839879.1098878,2582501.78625022
1.89491591080508,7839076.93091152,2572445.46757205
1.933234773079,7838880.67162245,2553412.17086428
1.97155363535291,7838715.2869126,2532234.21575885
1.99528256576217,7838613.0900233,2519122.00918018
2.01028530248046,7838430.01815593,2524665.99996867
2.02528803919874,7838215.09110356,2536833.78400889
2.04029077591703,7837997.47860595,2548970.33091517
2.08561538644466,7837340.336489,2585635.15442383
2.13345470460128,7836770.02416025,2588767.55406792
2.16682903630627,7836395.86314289,2580129.29887811
2.20020336801127,7836024.2175077,2571526.04583251
2.30226787616261,7835157.72642153,2550652.02318704
2.32354982658881,7835166.2857626,2535345.21923628
2.34483177701502,7835170.98914883,2519988.69200404
2.39870604603934,7835183.080215,2481111.57322682
2.47615366060056,7835890.05294215,2421503.35615619
2.55360127516178,7837354.25969552,2335763.926464
2.58355084631505,7838045.95891433,2298079.48196484
2.59963320039262,7838417.7775224,2277849.4592293
2.6055294800267,7838515.32479038,2279273.16848208
2.61142575966079,7838629.71492383,2281493.32639192
2.62104042845828,7838812.58214119,2285091.22117851
2.64933321210417,7839351.09434994,2295672.2003244
2.79079713033365,7842155.32125597,2304258.16273226
2.96319801691988,7844614.77297118,2380953.39310641
3.04192377397275,7845120.26759596,2424075.53581117
3.07583113513046,7845293.41018152,2431218.4317145
3.09822411619581,7845408.27065025,2435950.87569354
3.11191950186731,7845585.56371288,2427789.66313119
3.12561488753881,7845767.92965865,2417848.45860264
3.14469675061884,7846023.51305977,2404012.13511686
3.1848360524907,7846561.04802912,2374907.2598051
3.22497535436255,7847042.41468435,2367785.06649486
3.26329156671841,7847487.74262878,2373939.56438033
3.30160777907427,7847949.29443046,2378208.26750738
3.31216624316879,7848195.36587629,2367698.13186865
3.3227247072633,7848432.08077987,2357079.1939127
3.34441410220834,7848919.61397822,2335269.19651052
3.37515013099318,7849610.56860308,2304365.08240844
3.39422782322591,7850039.43884242,2285182.87178919
3.41330551545863,7850326.3095986,2290630.32840848
3.43238320769136,7850573.21232729,2307058.42960279
3.44740190223973,7850772.39951073,2320024.85427939
3.47990640982082,7851196.73417784,2348024.67597095
3.53380145231667,7851927.94107565,2363790.30955479
3.56941756465224,7852408.53366541,2362010.12259816
3.60503367698782,7852891.96498636,2360421.9827789
3.68289472286259,7853958.03376627,2359189.93090059
3.69776635651788,7854161.6593837,2358954.62474995
3.70627404489982,7854454.90364308,2344138.43076791
3.71478173328177,7854776.54490032,2323654.35367313
3.72328942166371,7855102.53997105,2303220.43866213
3.74635032647402,7855985.20043005,2247828.12082979
3.78375368647415,7857416.81053964,2157983.98083857
3.7977259358549,7857951.59676992,2124422.22375823
3.80694408091784,7858327.56661054,2114070.73217278
3.81616222598077,7858739.35816892,2107889.78354941
3.82538037104371,7859147.66404706,2101674.17547392
3.85349322421793,7860393.77977117,2082722.08166603
3.90525442936384,7862678.78540773,2051945.89402434
3.92260240359907,7863421.75526517,2053928.67336071
3.93995037783431,7864169.34723655,2055956.10068082
3.9837997131705,7866058.31808908,2061078.62052342
4.20304638985147,7875430.90252575,2059880.4052819
4.23229987394987,7876639.49337533,2064491.82018015
4.26155335804828,7877851.13120858,2069135.38918705
4.34901816246601,7881509.52978276,2070660.43528798
4.43648296688374,7885157.73480558,2068444.19793361
4.55229975026956,7890022.75691233,2062886.93412263
4.66811653365539,7894508.56200325,2102857.02950703
4.71631129022053,7896194.79547201,2131719.45844488
4.76450604678568,7897763.7923618,2148504.94696554
4.81270080335083,7899353.9585363,2158986.65351777
4.84855662414741,7900569.44871497,2153542.54483294
4.89334363191795,7902087.07125507,2146735.66975337
4.93225085874628,7903303.86945307,2155372.3491851
4.97115808557462,7904505.31924055,2167080.43185144
5.01006531240295,7905673.51011476,2178964.32869205
5.10906764511644,7908411.20015842,2207436.43800676
5.14435054501358,7909393.23547894,2206558.20403776
5.17963344491071,7910373.09591734,2205655.76078152
5.29228953849957,7913475.92175737,2206685.11919047
5.40494563208844,7916490.88984655,2213617.66786269
5.47362408024709,7918379.295484,2207290.24044548
5.54230252840575,7920297.99095774,2201152.48452888
5.61129117276049,7922222.77780213,2197811.57954576
5.68027981711523,7924060.86322833,2208404.17990729
5.73488597984056,7925533.7889486,2209286.70840676
5.86555779560927,7929003.75632493,2211738.22179348
5.96178407252337,7931571.40617497,2208480.09586047
6.05801034943747,7934172.80933894,2203161.97597362
6.15423662635158,7936701.05939026,2209538.33080312
6.25046290326568,7939167.26939279,2215670.37715314
6.41097500862475,7943270.52973305,2214616.47679796
6.4845743113109,7945196.75074422,2208776.92193832
6.55817361399705,7947042.88538679,2214839.94769805
6.6317729166832,7948899.21105613,2217171.65750878
6.70537221936936,7950787.67247601,2210566.66758336
6.77897152205551,7952699.29291935,2207289.86300742
6.85257082474166,7954537.15617769,2213191.99122928
6.92617012742781,7956339.0376526,2220277.38739826
6.99732475906777,7958058.04087037,2222661.21564573
7.0425549340695,7959228.86785263,2214627.69776421
7.08778510907123,7960402.91335588,2205968.7453544
7.13559991059183,7961556.10366949,2211682.1023112
7.18341471211244,7962686.30748985,2222574.21820886
7.23122951363304,7963818.26687125,2226033.08196297
7.31778856650644,7965904.14453737,2221190.28629743
7.37870340521385,7967475.52023502,2207172.67148315
7.43961824392125,7968920.29722046,2214139.99288615
7.51857443104045,7970760.3118757,2228200.25284098
7.59753061815964,7972724.19869516,2210398.2332513
7.63526392770804,7973637.13820804,2211772.13725467
7.67299723725644,7974550.60782753,2213870.17359344
7.74278386875003,7976189.57334924,2220216.3343283
7.86144772228845,7978954.51196582,2223009.95352299
7.98011157582686,7981699.81792956,2224429.3419309
8.06982285699871,7983717.95349464,2229090.89632754
8.17951594982166,7986216.56802897,2225403.25238391
8.25057486557569,7987771.3857463,2230878.73555027
8.32163378132972,7989279.54696038,2239521.52184367
8.38013094207508,7990481.54281306,2244710.52690842
8.43862810282044,7991893.43908005,2225217.03878088
8.4971252635658,7993402.4234264,2192890.27588255
8.51125377028601,7993714.47363703,2195564.87355806
8.52538227700622,7994026.28406314,2201070.03953804
8.54283322659912,7994409.7040242,2207850.97275298
8.60527416314079,7995787.88146556,2229950.48970224
8.63092930001395,7996354.12942618,2229306.15991878
8.6565844368871,7996922.13963822,2228641.56751729
8.73440560773307,7998576.3937743,2233915.06073668
8.7933229560419,7999768.45121461,2244932.78913012
8.82289366578392,8000489.25318231,2234095.75838869
8.85246437552594,8001235.80615198,2218364.66941417
8.88203508526796,8001983.3544264,2202645.47198961
8.92669364140195,8002984.02413593,2204898.00082451
8.95670826347534,8003612.92286318,2218340.4119429
8.98672288554873,8004239.51320502,2231754.63977449
9.03151879637361,8005214.45490186,2234001.59009807
9.0763147071985,8006196.72633834,2228651.18128623
9.12111061802338,8007155.0760155,2227916.69546273
9.16590652884826,8008091.50818162,2232420.92211111
9.21070243967315,8009025.80425156,2235973.96846654
9.27278140021977,8010308.99557769,2236690.91257682
9.36728566501992,8012327.00647307,2230318.80240638
9.46178992982008,8014311.89395592,2231892.02463295
9.55629419462023,8016227.43142491,2238968.17145714
9.65079845942039,8018174.07203988,2235626.26227552
9.74530272422054,8020179.35768299,2227704.41488609
9.79611308041209,8021265.45996385,2225934.99411921
9.82777522261652,8021842.60929768,2235356.38304294
9.85943736482095,8022408.22582932,2246298.84592886
9.90658486352466,8023278.12802218,2258179.87839877
9.93509147456511,8023881.78359291,2248803.73895933
9.96359808560555,8024482.39304352,2239391.2438668
10.0433768818335,8026160.04400629,2226821.6376258
10.1231556780614,8027851.9380884,2225141.76599901
10.2029344742894,8029552.69639415,2222622.12316986
10.2330397002916,8030102.19723743,2231941.63106939
10.2631449262938,8030654.19699183,2241292.90050245
10.3512492925244,8032406.46122492,2239069.5506524
10.439353658755,8034181.9967109,2231464.7063283
10.5274580249857,8035929.36137677,2236531.18284391
10.6155623912163,8037721.30245319,2229197.90526914
10.7036667574469,8039416.08366644,2240222.95368134
10.7677989451054,8040626.17248127,2242407.68139846
10.8319311327638,8041842.61278905,2242602.92661813
10.9186278069447,8043468.44995305,2243101.54790587
11.0053244811257,8045016.73044396,2252413.59835901
11.0342510137088,8045601.67143048,2244991.18736788
11.063177546292,8046184.06153703,2237537.39532176
11.1481119087202,8047759.70825181,2240798.79514165
11.2141852840128,8048931.27798191,2253189.918326
11.2802586593054,8050148.99336897,2246308.33901828
11.3463320345979,8051387.59127547,2241704.53421486
11.4631839793738,8053585.11592826,2238365.12663661
11.5800359241497,8055585.75679248,2259194.43294585
11.6294465085429,8056501.05086301,2252844.54573666
11.6788570929361,8057487.17128355,2233214.0118275
11.7023385788472,8057948.65568432,2225421.44224983
11.7258200647582,8058352.24583997,2231619.84577127
11.7425849121383,8058643.17328412,2236077.99599614
11.7916695500191,8059495.48585628,2249130.72051861
11.8331390370367,8060280.25492962,2244904.39061499
11.8746085240542,8061074.95856069,2236769.78210837
11.9160780110718,8061841.57622534,2234192.52249129
11.9481785898435,8062408.7336323,2239087.83718035
11.9802791686152,8062975.00978283,2243971.88162939
12.0495056023108,8064251.94178605,2241122.41836427
12.1187320360063,8065521.97863409,2237333.51256669
12.1879584697018,8066732.38802986,2245607.34008927
12.286256951808,8068449.43858032,2246768.97453115
12.3617861752269,8069691.58052065,2253983.77971003
12.4373153986458,8070890.23070134,2261215.04961698
12.5038043744523,8071926.26085315,2265014.50988733
12.5455857046674,8072654.7555532,2256483.877823
12.5873670348825,8073381.4808585,2247930.82899743
12.6545017138923,8074505.15329722,2249154.05691101
12.7216363929022,8075621.12904506,2252378.11819584
12.8130114272464,8077163.91724953,2249511.24104105
12.8703454478802,8078233.77648433,2236727.38874281
12.9053799495731,8078858.47255814,2232658.74747374
12.9292061176903,8079187.26366586,2244079.96205948
12.9530322858075,8079518.88206304,2255535.98880426
12.992195088542,8080064.55542809,2274366.87896134
13.0190096613439,8080474.25385447,2275084.10825446
13.0458242341458,8080887.8573011,2270677.01073103
13.0726388069477,8081302.59900343,2266283.40963603
13.17699091228,8083253.0985356,2226426.81366143
13.2244952027118,8084108.73548411,2223469.95896252
13.2562749038197,8084642.37479734,2233534.47213182
13.2880546049277,8085173.8727411,2243572.1974021
13.3406822510375,8085775.82332267,2275016.23863935
13.3933098971474,8086300.93510327,2310874.43385391
13.413085936827,8086687.41363889,2298130.36131009
13.4328619765067,8087134.28229028,2271548.60673519
13.4474577714285,8087467.06061657,2251966.60945521
13.4888217632009,8088410.80656657,2196471.54596724
13.5031075943682,8088705.37780929,2183306.25856363
13.5173934255356,8088939.22874252,2192343.9355285
13.5286862087314,8089128.33742997,2199534.2348569
13.5589952346982,8089636.32480436,2218830.18889253
13.6921233132795,8091712.61111483,2260860.7547357
13.7524625473963,8092695.12271724,2254255.03397427
13.8128017815132,8093653.24517504,2250071.1156011
13.87314101563,8094499.44921629,2264608.83088619
13.9334802497469,8095424.45526349,2263442.05375092
13.9938194838637,8096400.91776363,2249539.13627814
14.0249147266816,8096857.88367934,2252357.55144286
14.0560099694995,8097308.78672355,2257715.01056201
14.0955296249884,8097881.22882268,2264516.57965062
14.1395703592702,8098557.06343395,2261402.98742482
14.183611093552,8099236.28978507,2257049.93072964
14.2535418180762,8100279.27060991,2258068.19374598
14.3234725426004,8101363.7403403,2255658.28927203
14.3934032671246,8102532.43348778,2241504.42929079
14.4271044570313,8102974.95298993,2251807.76487354
14.460805646938,8103396.56614639,2266379.12095639
14.4945068368446,8103817.44665625,2280941.57086793
14.516650593137,8104177.24711926,2275630.98413828
14.5387943494294,8104550.86999676,2265251.78632874
14.5609381057218,8104925.86609054,2254889.0339229
14.6054943213687,8105653.87200548,2238986.63461537
14.6215316150815,8105851.80802833,2245984.18349057
14.6375689087944,8106054.40943357,2253037.34665577
14.6775754068146,8106560.85881421,2270631.74652592
14.7066388888281,8106993.92423493,2276795.66343973
14.7357023708416,8107483.44395263,2260067.89772535
14.7647658528552,8108024.91187865,2243402.09259493
14.7939951854576,8108553.20028139,2226613.67251081
14.8119827955347,8108787.28442447,2231055.66452907
14.8299704056119,8108998.08451414,2243165.36926706
14.847958015689,8109206.45352835,2255244.84891528
14.9026288215239,8109870.94040288,2288399.98202778
14.9102213655569,8110007.78719684,2283201.26713982
14.9178139095898,8110145.91626356,2277893.66018573
14.9331241482756,8110423.86084273,2267199.78981121
14.9867395895159,8111400.64909366,2229756.54565938
15.0170520870162,8111853.01146386,2229233.17280988
15.0381222372425,8112133.93895885,2240268.01457443
15.0591923874689,8112411.80209371,2251264.50388879
15.0944878207229,8112876.52845317,2269684.54167169
15.1174208785599,8113209.45661985,2270092.06961556
15.1403539363969,8113541.67577223,2266724.37840531
15.1632869942339,8113874.91539102,2263368.50565498
15.2570129833846,8115181.73259187,2263124.53166996
15.387559138228,8116986.21979607,2263822.70380542
15.480141792697,8118290.51800396,2261105.21480984
15.5727244471659,8119544.70046234,2265545.38159943
15.6653071016349,8120772.02831086,2268552.93899434
15.7578897561038,8122119.10983486,2255887.66971945
15.8019502504837,8122787.96878456,2246999.0351986
15.8177371594288,8122959.69124749,2253352.99410575
15.8335240683739,8123138.8070554,2259767.80789088
15.8725243489782,8123582.44879846,2275614.7541526
15.8984123285553,8123876.51369352,2286132.91807772
15.9142652985091,8124113.93205929,2281618.56703269
15.930118268463,8124351.15295897,2275786.32263082
15.9542141639334,8124706.37381561,2266922.27333316
16.0049159778375,8125455.9099625,2249763.2192651
16.0556177917417,8126264.51466696,2246625.08956463
16.0917296574834,8126794.25910784,2244335.8696472
16.1336936762107,8127317.86289992,2255906.09199806
16.175657694938,8127816.74105717,2271023.05853426
16.2028193766289,8128146.48372696,2279229.27686188
16.2299810583199,8128524.8248978,2273683.14498301
16.2495673976138,8128795.38691149,2269656.67164131
16.3098726801478,8129638.78348182,2257802.99672875
16.4103557610438,8131126.30145578,2248086.64949226
16.4383501821598,8131448.07482191,2258334.29649962
16.4663446032757,8131772.52233078,2268616.04230169
16.5462240376353,8132787.22384006,2272365.10448536
16.6261034719949,8133838.79221109,2263307.50584448
16.7059829063545,8134871.42758989,2266233.66174625
16.8131405628806,8136256.99017406,2265654.32299595
16.8927969902517,8137178.56272906,2277995.30029896
16.9331786403385,8137693.99248247,2274318.33726232
16.9735602904254,8138215.81172826,2268438.23775597
17.0271455914199,8138894.46347437,2265674.04194616
17.0807308924144,8139564.23668335,2267869.62386984
17.134316193409,8140262.18822542,2265587.37340595
17.2955813783329,8142022.06016238,2298425.20341986
17.3154543450293,8142299.26759378,2291858.97696019
17.3353273117256,8142587.12298088,2280927.38540478
17.355200278422,8142876.36958041,2270011.96741256
17.3948427895736,8143453.74750411,2248238.22628469
17.4198684235837,8143805.76078825,2245874.65357391
17.4448940575939,8144163.11521732,2246559.3937367
17.469919691604,8144519.69570446,2247235.35827655
17.5349324352186,8145220.27194481,2270482.50783711
17.5777359191571,8145563.63100277,2298095.4688318
17.6000859400915,8145743.48212014,2312379.54244262
17.6069145315937,8145865.28400063,2306898.38578962
17.6137431230958,8145973.16663279,2301253.4013259
17.6264924438089,8146173.93460014,2290725.98708185
17.6677040549029,8146827.36265033,2256703.70498807
17.6914690753248,8147204.02600859,2237084.08603262
17.7152340957467,8147487.9248254,2238171.19073044
17.7415133462417,8147768.1326347,2252525.0689144
17.7677925967368,8148047.55577888,2266846.52114705
17.8427116158546,8148976.6433269,2271355.23628498
17.8769244886006,8149436.87698262,2260790.27388699
17.9111373613466,8149881.40400494,2255029.31170481
17.9453502340926,8150301.79469423,2259320.95692471
17.9919111082826,8150873.48007932,2265155.29578491
18.0754926012544,8151789.33139582,2277292.44245358
18.1590740942262,8152786.07238225,2271336.72571859
18.242655587198,8153767.27046706,2269191.54189835
18.3450922142952,8154966.02161267,2270758.86878915
18.4809463697128,8156449.63548829,2282262.51826973
18.5358272719273,8157078.92078176,2278999.31670767
18.5907081741418,8157738.67252662,2267713.92172407
18.6455890763564,8158330.22710111,2272408.29432436
18.6845149923144,8158743.1666175,2278084.75864253
18.7351377746495,8159336.00215865,2274662.91166954
18.7857605569847,8159948.34234581,2266420.46546452
18.8363833393198,8160499.56311912,2269992.64063961
18.887006121655,8161031.95400305,2278247.8854947
18.9376289039902,8161625.18868333,2274152.6148905
18.9882516863253,8162234.50750312,2265735.54290279
19.0388744686605,8162748.47737401,2273146.80671092
19.0786807457414,8163134.65741227,2282790.67914838
19.1184870228224,8163575.27933568,2282833.42289831
19.1475984061895,8163932.3868741,2274637.3435416
19.1767097895567,8164291.0155345,2266461.18361506
19.2422423623459,8165066.18298411,2262948.57441911
19.3077749351352,8165817.26064117,2267816.18880223
19.3733075079244,8166521.91447481,2273420.73068384
19.4985390465454,8167861.63330347,2275586.38720725
19.5846836337938,8168719.28934034,2281803.2358328
19.6708282210422,8169532.99878966,2286956.48518642
19.8114304515993,8170273.54943982,2341882.28043778
19.8261793428928,8170152.33090181,2361131.07391241
19.8409282341862,8170035.87944688,2380445.5263857
19.8758780191234,8169761.74388462,2426214.7164127
20.023978008448,8167236.5862403,2558542.20007839
20.0436941627198,8166862.90838092,2559188.79112652
20.0634103169917,8166485.7948617,2559795.37299881
20.1168899303964,8165453.38168397,2561611.10193592
20.2423997399938,8162916.06338328,2572412.62855979
20.2965818651049,8161751.24555185,2581864.44241359
20.3282956493956,8161152.63544487,2575752.68628378
20.3600094336863,8160559.37563801,2568180.8113152
20.4072952622207,8159664.10704758,2559484.46068575
20.4545810907551,8158716.8490582,2565090.11086028
20.4911238617818,8157985.80702438,2569434.3048656
20.5605807842246,8156651.90574283,2566194.92413418
20.6300377066673,8155286.4425331,2566560.85791196
20.69949462911,8153877.95205106,2573970.43014666
20.7407239391848,8153118.48899369,2567765.2397685
20.7819532492595,8152358.25760482,2561402.92649148
20.8562298785681,8150965.19091206,2560590.74217564
20.9305065078767,8149605.24159934,2559268.37030245
21.0047831371854,8148285.64774307,2553288.09894905
21.0534523993011,8147353.3882132,2559720.64902598
21.1021216614169,8146426.49835069,2565603.07336087
21.1357708513651,8145839.82214786,2561018.7708458
21.1694200413133,8145251.37128855,2556412.12570082
21.2773911547747,8143398.76567511,2549252.5828938
21.3853622682361,8141372.48013939,2565162.92201568
21.4318924152295,8140560.38398821,2561532.45775179
21.4784225622229,8139778.33274041,2551946.61488549
21.5249527092164,8138919.83754514,2553814.75533974
21.5714828562098,8138005.75107536,2565712.7214672
21.6028787342438,8137396.63064829,2572394.61350863
21.6342746122778,8136861.11703282,2565708.40826098
21.6567889852181,8136475.23885571,2560891.02068557
21.728430034485,8135234.4197337,2552506.26596136
21.7799837523514,8134335.13268519,2554144.22726981
21.8315374702179,8133432.00373177,2555233.8959149
22.0047165129577,8130366.22498571,2558572.09425642
22.1887909934285,8127056.93673001,2563326.69833995
22.2707967854887,8125650.38468365,2556299.41177352
22.352802577549,8124258.39349181,2553071.25963778
22.4588268645017,8122462.17301457,2553373.50456069
22.5648511514545,8120700.16845547,2550924.38359466
22.7165047756392,8118137.01603097,2555225.53348599
22.7992988056524,8116762.61232352,2552018.14573904
22.8567050819705,8115746.70229851,2557535.06486681
22.8923524303536,8115115.8904001,2561027.91407156
22.9168144863993,8114822.39749314,2550406.20545786
22.941276542445,8114578.91963799,2533703.56188107
22.9657385984907,8114336.75130377,2517017.96663056
22.9842729122186,8114153.58481771,2504376.48036953
22.9965276018987,8114032.33598993,2496017.70034499
23.0087822915788,8114284.21367033,2459356.30426043
23.018049686003,8114546.85598556,2422676.53169466
23.0273170804273,8114815.24574822,2386068.36269085
23.0494439112161,8115456.86196058,2298659.45504311
23.0733429847357,8116149.07239432,2204247.81481091
23.0972420582553,8116841.37267446,2109836.46490911
23.1068990469887,8117090.15274789,2097147.90974675
23.1165560357222,8117392.08483064,2095361.61068234
23.1262130244556,8117686.46117826,2093491.80142143
23.1481660619203,8118355.15931408,2089247.1262488
23.2012269074454,8119968.97332994,2079469.73457601
23.2227198799159,8120582.50421517,2083771.84473681
23.2442128523865,8121197.66767636,2088110.5316338
23.3047609591878,8122947.9591851,2098270.5185642
23.3290913961779,8123686.55233452,2092572.76064192
23.3534218331679,8124428.96343662,2086848.79052239
23.3940189700695,8125667.0804718,2077297.84982055
23.4202014977543,8126398.11603212,2082746.6143423
23.446384025439,8127117.51310625,2091730.72295022
23.4725665531238,8127836.10881534,2100705.0154561
23.5333177453408,8129585.82792899,2100893.12526701
23.5746675882431,8130812.44620306,2089333.05819869
23.6012655021543,8131595.38618579,2082677.71027818
23.6185891514678,8132055.53650071,2088471.04447893
23.6359128007813,8132517.61188237,2094316.50804272
23.6796117790373,8133684.31601931,2109060.4293309
23.7365366234294,8135334.68300187,2100767.52811302
23.7934614678216,8137050.98089361,2076968.21755952
23.8172559160113,8137699.63111309,2080895.14279884
23.841050364201,8138335.48362832,2090228.88794901
23.8648448123906,8138970.00842454,2099546.26909343
23.952975666994,8140849.00534466,2164727.53543248
23.9977012227283,8141650.22032331,2208216.23237317
24.0104384559816,8141899.55985027,2209389.46182317
24.0231756892349,8142138.12827473,2207924.72633669
24.0392261377931,8142440.67517465,2206099.33252038
24.09552473651,8143502.42293049,2199696.0779965
24.1175098402074,8144031.3876456,2186883.75836104
24.1394949439047,8144581.81225962,2171339.81371018
24.1669592313558,8145270.30530626,2151933.33631225
24.2807567238797,8148421.98418171,2092244.44095614
24.2977863350729,8148911.14934955,2084590.83060563
24.3089938943342,8149161.76965651,2090474.88519666
24.3202014535955,8149409.50806525,2099244.72341519
24.3340785110806,8149713.71240586,2110078.28061278
24.3773548671905,8150662.34983834,2143864.6666001
24.4306775645563,8151905.23935204,2154334.9123847
24.4634858695937,8152687.92428969,2146449.27488591
24.4962941746311,8153473.10853841,2138594.68822126
24.5171711766513,8153881.60450474,2146868.4757571
24.5380481786714,8154280.2394505,2158125.78989121
24.5632320581742,8154760.02959241,2171692.58941129
24.663566560817,8157076.97740133,2146416.27729743
24.7067730768642,8158103.16906877,2126659.11693557
24.7197662496585,8158315.35564669,2138650.3467673
24.7327594224527,8158534.40111189,2150723.84838392
24.7617684571183,8159024.89531254,2177676.82473118
24.7925374011481,8159544.21783783,2206263.65764655
24.8136831507913,8159933.19608004,2210830.95417889
24.8348289004345,8160323.83629969,2206935.33320105
24.8559746500777,8160714.38446785,2203065.1144727
24.8905942649941,8161354.43593393,2196729.17601201
24.9252138799105,8161832.8026813,2211228.89726708
24.9527333736861,8162175.81736511,2229059.75190019
24.9802528674616,8162517.58213526,2246874.44046243
25.0295679530698,8163143.15865607,2258992.97129652
25.078883038678,8163763.0192003,2257719.04755611
25.1153409010506,8164179.23910554,2261254.33678685
25.1517987634233,8164544.89425465,2271045.08303084
25.1882566257959,8164909.70417806,2280823.95241262
25.2639094995571,8165637.68116622,2286958.56649266
25.3395623733183,8166324.46228179,2291867.95301591
25.3942717367627,8166798.01979588,2296353.63077389
25.4226932020182,8167181.86451581,2283289.78116576
25.4511146672738,8167588.60213103,2266226.99537123
25.4795361325293,8167996.13717375,2249174.17388786
25.5250836991564,8168528.46074313,2248140.40788963
25.5538071932744,8168818.74077819,2261212.26318669
25.5825306873924,8169106.38760778,2274250.35691209
25.627441752744,8169614.76867563,2276676.44045674
25.6723528180957,8170147.56043821,2267512.78637371
25.7072203888112,8170550.68567568,2262842.67053678
25.7420879595268,8170917.89555052,2267585.49244002
25.7769555302424,8171285.93358314,2272338.45887574
25.9245903142218,8172736.34801464,2284527.91949293
26.0151327475928,8173582.01518634,2287746.92728071
26.0774760096887,8174251.05058289,2276631.57450672
26.1398192717847,8174919.8256388,2272210.04967072
26.2904276915337,8176496.52408699,2275790.42191706
26.3761490033995,8177278.90885789,2286216.66754767
26.4618703152654,8178092.30330656,2284895.67917092
26.5475916271312,8178995.64140468,2273956.43056527
26.6054367562198,8179635.42691523,2265681.85026605
26.6443410556495,8180019.22248511,2271104.46704745
26.6832453550791,8180402.90125998,2276545.84070835
26.8125928158869,8181639.13667867,2282402.17878387
26.9055975814618,8182495.80630355,2285186.05724407
26.9319850439613,8182841.49627691,2273904.99431502
26.9583725064609,8183184.19016538,2262584.52791471
26.9926182991525,8183627.93642919,2247891.56204903
27.0158772930133,8183856.88889741,2251285.02568961
27.039136286874,8184067.0494753,2261069.71080382
27.0623952807348,8184275.68542641,2270835.06387191
27.1434543224565,8184995.25427362,2287732.17007923
27.2055964871157,8185544.92500194,2288028.77696866
27.2508124742368,8186019.9714598,2279396.82554091
27.2960284613579,8186493.92889467,2270750.332979
27.3299241888101,8186783.1078214,2276321.882873
27.3638199162622,8187068.54123003,2283547.63220542
27.4129664460961,8187488.51723798,2290749.60853362
27.46211297593,8187919.65167985,2288742.08757958
27.5316618457682,8188577.69297677,2282145.93143389
27.6012107156065,8189288.3627411,2271385.28332724
27.628727333708,8189528.97871393,2275329.66382328
27.6562439518094,8189771.89772782,2279303.24425991
27.7392865623538,8190513.35310171,2284972.14141889
27.8223291728981,8191246.51652269,2284930.17224829
27.9053717834424,8191953.73842527,2288506.79823856
27.9893870433353,8192654.62469187,2289399.76706954
28.0392935946953,8193189.45021908,2277315.62712896
28.0892001460552,8193751.61084416,2261771.75278296
28.1225825561535,8194056.77709041,2265059.30419659
28.1559649662518,8194338.89285055,2275016.69064414
28.18934737635,8194619.93806868,2284960.24331677
28.2264763158819,8194974.98710038,2284094.77170273
28.2636052554138,8195339.76362148,2278344.85921372
28.3007341949457,8195703.29964432,2272806.48855818
28.33199044766,8195971.39088171,2276697.16709193
28.3632467003743,8196240.53381865,2280612.9323605
28.4603714795847,8197032.63313618,2289892.08728647
28.5961485174221,8198190.61870365,2283114.95827406
28.68468475164,8198991.19578507,2279968.92459672
28.7732209858579,8199807.13000024,2277845.64391319
28.9148953183582,8200999.99916242,2287486.11821799
29.0565696508584,8202055.47928631,2295014.08509619
29.1628176956894,8202876.95082777,2291723.58323566
29.2690657405205,8203805.91693303,2280409.89256591
29.3330991279404,8204292.02538658,2286014.49434218
29.3971325153602,8204693.92429024,2305552.63857483
29.4118906290162,8204861.85497687,2299446.85444424
29.4266487426721,8205035.46742706,2290638.84546161
29.445148042438,8205254.56113816,2279615.22314445
29.4870162911112,8205750.97459379,2254666.40703078
29.5288845397845,8206163.37848223,2254631.37397531
29.5707527884578,8206553.61362625,2265970.24003807
29.6033940444166,8206850.83008041,2274604.07501846
29.6753245438081,8207369.97373663,2289925.02171169
29.7472550431996,8207968.00154558,2287273.84816569
29.8084574155666,8208489.49938432,2280188.00744528
29.8495152807213,8208760.22115227,2288981.85141527
29.8905731458761,8209035.7728331,2297799.78979821
29.9323764668067,8209355.84799379,2296048.25600974
29.9741797877374,8209682.00758781,2291116.00751447
30.015983108668,8210012.6567667,2287478.67725277
30.0685862302731,8210440.4460913,2285561.51363994
30.1441814426452,8211031.2148312,2286387.52293753
30.2726687934014,8211923.76836054,2298586.97752007
30.3417722649109,8212456.44919176,2292833.88682615
30.4108757364204,8213007.25052045,2282707.19138355
30.4449489427771,8213204.37815903,2292360.26750152
30.4790221491337,8213400.17070636,2302033.17734293
30.5386025242229,8213804.71056474,2302051.13428582
30.598182899312,8214233.66012249,2292788.95353959
30.6577632744011,8214821.54416197,2275664.35796122
30.7049928702673,8215275.87045259,2264677.33435459
30.7334752442665,8215481.41618718,2272394.27658248
30.7619576182657,8215689.83372197,2280147.78191774
30.7995537194767,8215966.01435661,2290383.60748997
30.82200186207,8216178.70325579,2285861.38377855
30.8444500046634,8216388.63653322,2281071.77046903
30.8934738471184,8216844.02170022,2270610.03524598
30.9323669831748,8217136.02035075,2276050.94108002
30.9712601192311,8217419.34060081,2284325.14207626
31.018817000557,8217771.07282479,2290094.65006123
31.066373881883,8218123.74943355,2289143.55480409
31.1139307632089,8218468.02361225,2289316.38193288
31.1765578231199,8218895.51791503,2293127.79566347
31.3279399258459,8219911.90669687,2294405.75168038
31.4011784066137,8220512.96718503,2279397.2636573
31.4251498563226,8220662.38137691,2283960.22112104
31.4491213060315,8220814.86442679,2288561.96902826
31.5150577077458,8221241.95905018,2297848.31315122
31.5809941094601,8221682.14299443,2295663.09221302
31.6469305111744,8222182.26259082,2288629.85416668
31.6977564553048,8222585.35803167,2281680.63117053
31.727206260513,8222738.18262372,2289323.31658225
31.7566560657212,8222886.27472523,2297977.77412999
31.8056395806729,8223158.49239149,2308930.34896372
31.834457474017,8223396.53903842,2299699.47655062
31.8632753673612,8223631.63986635,2290430.8633426
31.8955486197849,8223893.86735506,2280049.49661106
31.9159781898337,8223988.89940835,2285176.93137376
31.9364077598824,8224074.79580496,2293686.65745674
31.9568373299312,8224159.71371241,2302184.4515171
31.9950358011299,8224318.09627239,2318072.98258725
32.0143984397753,8224512.22435059,2309455.49692497
32.0337610784207,8224727.29697827,2294878.64178165
32.0531237170662,8224944.12860062,2280323.80157596
32.0861158315267,8225314.25556871,2255524.19473366
32.1191079459872,8225606.70494887,2251784.21494407
32.1521000604477,8225868.14502064,2263632.88960764
32.175443881203,8226051.33970634,2271993.36521886
32.2507406489704,8226633.93593372,2281829.59170741
32.3260374167378,8227164.78302803,2287122.26336002
32.4819765116914,8228149.14072203,2294515.65255966
32.5537440370387,8228560.52066589,2299262.28402248
32.625511562386,8228966.00789081,2303336.50639343
32.6972790877333,8229385.56186873,2300522.07896635
32.7466716767391,8229770.38851447,2290321.14812362
32.7960642657448,8230160.50313226,2279619.67504208
32.824019964623,8230316.85083268,2284743.35538741
32.8519756635012,8230470.17456236,2291767.00873775
32.8907210500194,8230682.10736722,2301494.83440322
32.9351231332217,8230958.17599008,2300644.3012509
32.9795252164241,8231238.17923684,2296568.64918861
33.0239272996264,8231520.8447528,2294029.17637938
33.0997501894869,8232020.05798155,2291972.79997762
33.201312573885,8232650.47328395,2295234.80681206
33.2610834578202,8232913.14097749,2306486.22540195
33.2945747219237,8233060.88002568,2312798.84516677
33.3164854827013,8233247.02971111,2305177.10079423
33.3383962434788,8233451.49859872,2293560.09922782
33.3603070042563,8233656.98335326,2281956.05012056
33.3927344622424,8233961.49246763,2264782.67392039
33.4150295485583,8234105.6827723,2266626.96408635
33.4373246348742,8234235.23574721,2275262.35954316
33.4596197211901,8234363.11683955,2283876.39921767
33.5047238876846,8234627.80897161,2298943.62677275
33.5333573077797,8234825.77213805,2295630.47280485
33.5619907278747,8235021.09976376,2292284.62232871
33.6446509701165,8235620.88707286,2283517.02151234
33.8137752689436,8236722.22816603,2296248.56806919
33.858540700123,8236990.13888263,2296179.07691734
33.9033061313024,8237256.43399139,2296097.45028067
34.0598361248466,8238152.94417261,2299043.32773704
34.2163661183908,8238969.70262405,2303508.04731919
34.2876444006767,8239420.19750224,2293141.94108915
34.3589226829627,8239789.62408081,2299312.92398749
34.409089012137,8240046.73696506,2304526.50076872
34.5056415954934,8240569.3948787,2300174.48623959
34.6021941788498,8241175.06154298,2290994.56907836
34.6987467622061,8241801.00793021,2288423.41077949
34.763058003801,8242150.69120227,2295247.06557203
34.8034091659301,8242381.11480133,2298204.71175302
34.8306082747729,8242611.77269879,2289618.72654694
34.8578073836157,8242840.10144167,2281001.98258575
34.9034275362839,8243211.46257682,2268584.50032493
34.9213203419221,8243309.46192231,2273581.4828292
34.9392131475602,8243411.18447218,2278624.87001586
34.986373470973,8243681.13787029,2291918.52278527
35.04887227004,8244019.58403768,2297888.67918383
35.1113710691069,8244344.9463787,2300522.03192408
35.1738698681739,8244650.48435128,2302928.49944684
35.3676630861876,8245740.00181351,2291363.64557783
35.4405155678961,8246086.39719276,2299067.35686969
35.5133680496045,8246374.91411025,2314318.9767045
35.5596289455135,8246629.5942721,2305306.77586791
35.6058898414224,8246882.89733709,2296861.1465448
35.6849899238613,8247383.12257754,2289395.37992952
35.7640900063001,8247821.7745395,2293907.89797065
35.8431900887389,8248271.50496344,2295169.71039189
35.9920264232499,8249040.75158609,2302223.3477963
36.0294288153534,8249275.79539792,2297518.72271286
36.0668312074569,8249521.18614401,2290402.40581741
36.1152220538724,8249798.90480679,2287839.84191852
36.1506369279601,8249947.78827034,2296666.74826879
36.2052454865798,8250194.82650801,2307252.31785972
36.2260656841258,8250350.07607379,2300415.61394025
36.2468858816718,8250502.1814617,2293538.85100374
36.303930575852,8250903.57664204,2277263.9654391
36.3223769300425,8250976.03533126,2283244.0673
36.340823284233,8251052.64569747,2289276.35770265
36.3874668950986,8251248.48091671,2304530.75546541
36.432845836287,8251468.54556645,2305892.17458046
36.4782247774754,8251693.29202625,2302033.80003043
36.5236037186638,8251898.80925474,2302017.72373246
36.5689826598523,8252090.12065533,2305587.6222853
36.6143616010407,8252296.94534161,2306512.61752101
36.6597405422291,8252534.81988974,2301673.42504588
36.7437284845974,8252983.19527747,2295678.93750605
36.8513181348989,8253513.53345603,2300127.55103949
36.9286383781576,8253872.39971952,2303903.65828116
37.0059586214164,8254266.28104181,2297652.2959104
37.0832788646751,8254642.99632157,2299450.05953187
37.1605991079338,8255108.20312173,2290567.87819767
37.2103783479295,8255379.6555277,2288543.01580534
37.2601575879253,8255506.55397534,2307998.63285931
37.2989141092712,8255606.22635554,2323157.92784025
37.3131239273783,8255693.99750963,2319040.47412824
37.3273337454855,8255779.8811997,2314031.33903989
37.3512696436181,8255918.32751337,2305594.43759226
37.3954959435734,8256179.56811547,2290012.71608142
37.4227937817624,8256303.73104706,2291696.13703302
37.4500916199514,8256427.3149769,2295686.84948895
37.4857818745574,8256588.24065538,2300896.70764262
37.5503040295779,8256969.37269031,2293631.33228021
37.6148261845983,8257358.19466837,2285511.39808792
37.6793483396187,8257710.79407375,2290608.15984902
37.7438704946392,8258000.59573,2299017.87659441
37.8621313843394,8258503.26622486,2304450.7207948
37.9431991976779,8258799.38795662,2309414.41348145
37.9957764068681,8258950.18718455,2317926.7309879
38.0244359492405,8259131.26972331,2308885.81853254
38.0530954916128,8259322.17088761,2297399.95305256
38.0896800763418,8259566.47857986,2282745.55387896
38.1186595467656,8259676.24357063,2286675.52518609
38.1476390171894,8259748.64416076,2299378.22609384
38.1766184876131,8259822.24700931,2312062.94210115
38.2295519477804,8260031.53508366,2315222.02332892
38.2664075885251,8260207.2191307,2306263.57867542
38.3032632292698,8260383.52649153,2298166.49152169
38.3555748768374,8260624.34819295,2299054.22366986
38.3938729461927,8260801.67362813,2299716.95842037
38.5394069130693,8261435.80278637,2303447.75907647
38.6849408799459,8262069.54198146,2300003.49541123
38.7773435258298,8262634.88606103,2284343.48820653
38.8697461717137,8263162.75037957,2286590.64273247
38.9372010456355,8263438.9376205,2299303.87191005
39.0046559195573,8263643.45303885,2315426.73972974
39.0361476386066,8263785.20675234,2311051.25931462
39.0676393576558,8263920.77708201,2306640.73507348
39.1589833289917,8264360.27138813,2296868.84652442
39.2658578202662,8264806.77070078,2303262.51467901
39.3727323115406,8265165.25355998,2311896.79640574
39.4538990566425,8265547.60481462,2300274.0428777
39.4968155795934,8265780.78634287,2289971.82577855
39.5210654800948,8265832.92579653,2296894.53498737
39.5453153805963,8265880.46163589,2305827.63424001
39.5781359377496,8265944.10736133,2317909.88138042
39.6347274307346,8266151.49798286,2316450.27477661
39.6913189237196,8266407.16449034,2300801.94041258
39.7322625575184,8266600.07476327,2297300.05519878
39.7732061913173,8266798.55074062,2295938.84283403
39.8284753012532,8267059.73641358,2295306.21512535
39.9243344343188,8267457.46598392,2301930.16874279
39.994481197351,8267625.31380838,2319120.6612693
40.0152913542407,8267759.72874507,2312386.20598266
40.0361015111303,8267912.24729156,2301236.74275162
40.05691166802,8268065.93065548,2290102.29563502
40.0940037167275,8268340.41135831,2270256.69725633
40.1154108933809,8268429.76688022,2273190.97359986
40.1368180700344,8268508.12424348,2281902.3965448
40.1582252466878,8268584.97856904,2290594.77900287
40.2039967718046,8268750.42329952,2307488.83001836
40.2336696472829,8268864.76905601,2306917.93824089
40.2633425227613,8268976.67392534,2306316.95871464
40.3511087233177,8269309.89914852,2305007.81677363
40.5000124824203,8269827.96849586,2310355.33939714
40.5457560040311,8270015.3680886,2306164.34400972
40.591499525642,8270204.44644494,2301960.17024583
40.652743115599,8270365.24601195,2310485.67767385
40.7139867055559,8270550.10744498,2315434.0387946
40.7752302955129,8270842.20017492,2300320.84473814
40.8364738854699,8271057.51752061,2301588.05195308
40.8977174754269,8271231.09053903,2314097.45711681
40.9455958426987,8271376.14180368,2313681.27774151
40.9809642167616,8271483.14316141,2312979.72879546
41.0600832764825,8271916.61240056,2291748.39004034
41.1005044647995,8272166.94776608,2277964.24991742
41.1159936625733,8272228.81447241,2281051.57363544
41.1314828603471,8272295.18790902,2284194.37559297
41.1703029109962,8272463.68362296,2292071.32074639
41.2576768631831,8272861.05734,2296160.06016845
41.34505081537,8273228.04610763,2298324.34392215
41.4558517745456,8273554.13526011,2313155.67913716
41.5095914271772,8273696.3547644,2318432.78741591
41.5633310798088,8273966.61617686,2301686.55704933
41.6013523503439,8274151.75751998,2290679.60070628
41.6186251407393,8274179.47459678,2296248.75928879
41.6358979311347,8274211.82469477,2301876.34792772
41.6781111214015,8274293.30645262,2315630.76149964
41.7360465781546,8274515.35451495,2312091.87641077
41.7939820349078,8274783.53233379,2294786.40498668
41.8220194225056,8274868.30708671,2297371.9912307
41.8500568101033,8274947.50755846,2303033.31282823
41.878094197701,8275026.09870611,2308687.01765203
41.9612346526838,8275260.64279787,2313088.53987843
42.0443751076665,8275495.73423934,2312689.5337832
42.1275155626493,8275752.33847234,2310279.08014193
42.210656017632,8276026.58841787,2306942.58659513
42.2680519067455,8276134.06009463,2316716.14683468
42.3020386933781,8276181.80251199,2323746.33629879
42.3227803687362,8276058.52712745,2339928.42497917
42.3435220440944,8275938.77537648,2356160.4463778
42.3962948163845,8275636.54094903,2397461.68732445
42.4124066799968,8275308.22052507,2421821.20083302
42.4285185436091,8274921.85674786,2449854.29067732
42.4446304072214,8274534.37391807,2477871.04356547
42.5045319509183,8273086.54546803,2575126.58802631
42.5117379121691,8272909.3033836,2576733.09379355
42.5189438734199,8272720.18336914,2578213.03216747
42.5335204498779,8272335.31583079,2581212.07283214
42.5806690239988,8271096.30078819,2590923.69967677
42.8164118946029,8264678.21504712,2601394.11966908
42.9955451911001,8259797.37687198,2613452.52689651
43.0265128782353,8259007.84325645,2607708.14175857
43.0574805653706,8258225.98204895,2599987.76103085
43.0996368362948,8257162.10563472,2589483.10439211
43.1316125766975,8256352.91520269,2589583.55867089
43.1635883171002,8255545.43547656,2589801.61369957
43.2510779701442,8253405.52015405,2584585.48900483
43.3750951762265,8250237.36281188,2596983.22868484
43.4460600668808,8248407.63806478,2598941.72887709
43.5170249575352,8246595.38915948,2594661.63490493
43.5879898481895,8244775.25457462,2596220.37245199
43.6872097035355,8242290.75816003,2591868.06582456
43.7472538158398,8240685.67484686,2600562.88496761
43.8072979281441,8239072.9860882,2609714.00136978
43.8540416522339,8237909.21265498,2600999.99326123
43.9007853763236,8236743.68725099,2592369.663678
43.9790184707257,8234843.27125277,2588326.33727898
44.0572515651277,8232877.41437861,2593303.70164904
44.1354846595298,8230935.61987349,2594310.5703215
44.2137177539318,8229014.80196726,2590197.28312289
44.2734224031786,8227455.23271554,2600597.25250814
44.3331270524253,8225986.25701087,2598058.41358378
44.392831701672,8224579.95356847,2585022.88140259
44.4525363509187,8223237.95323909,2578078.18452765
44.5122410001655,8221893.38442405,2574315.51009947
44.5719456494122,8220504.4241122,2579676.83069793
44.6316502986589,8219053.15024843,2587816.60662214
44.7133151587929,8217022.60447062,2597761.85340073
44.767896583939,8215756.72419447,2588608.096687
44.8224780090851,8214487.07499089,2583341.97416192
44.8770594342312,8213220.2325739,2583717.23068633
44.9316408593773,8211945.73920005,2584630.25886029
45.1138443008807,8207618.62655094,2591535.41434097
45.2914154734105,8203502.35595485,2581357.87697241
45.333318106128,8202496.76974404,2585656.24877593
45.3752207388455,8201479.53269839,2592321.88000404
45.4298393697068,8200209.44184176,2591897.41552014
45.4844580005682,8198978.69598968,2583822.91892527
45.5012834250337,8198630.62781236,2579070.40604432
45.5076788137713,8198634.15768825,2566735.25436101
45.5140742025088,8198625.01547345,2554247.69908657
45.5264930053328,8198605.72477926,2530008.25379928
45.5651635248267,8198551.00906984,2454540.46562264
45.6272436057193,8198898.13138277,2340605.88348553
45.6893236866119,8199816.81319441,2236002.24634665
45.7145845603609,8200167.1130805,2217976.24674546
45.7316798394682,8200421.2356668,2218249.17133638
45.7487751185756,8200671.05093046,2218470.10071242
45.7926734667402,8201310.93728472,2219037.5022862
45.8241569985154,8201906.59380744,2204432.3647981
45.8556405302905,8202534.5841053,2185166.69887545
45.8871240620657,8203163.36514555,2165911.47999018
45.933092468066,8204022.60347627,2163394.75521837
45.9790608740663,8204871.80658753,2170984.31984752
46.0250292800666,8205805.93189925,2165063.69759827
46.070997686067,8206799.43456296,2147702.1011947
46.1071067617683,8207591.25149088,2135327.75390394
46.1529543818558,8208656.64516601,2126163.53445261
46.1988020019433,8209722.58236641,2117005.24635372
46.2303358730611,8210417.5907127,2120508.50077948
46.2618697441788,8211113.14932861,2124434.32120924
46.3285559159348,8212614.93060091,2125986.56977768
46.3790333259666,8213772.61706925,2120267.5239383
46.4295107359984,8214680.74237614,2144830.100531
46.4614601428457,8215157.66939521,2174167.24804814
46.493409549693,8215632.38036998,2203473.95354094
46.5106208661348,8215979.26291346,2201752.59943399
46.5278321825766,8216339.48766434,2188763.30802525
46.5450434990184,8216707.07561226,2175824.03208996
46.5908774181685,8217687.47030536,2141366.25124805
46.8190126358403,8222649.51086647,2157196.6331033
46.8260353571491,8222812.35848176,2154919.42293886
46.8330580784579,8222963.27932945,2152507.21088586
46.8471526612794,8223265.06464009,2147677.72370043
46.896587203599,8224328.31061044,2130743.52391779
46.9146818732715,8224651.20952075,2136064.75589049
46.9327765429439,8224969.67465927,2144188.58639191
46.9552550042587,8225364.08652404,2154266.18244419
47.0424684142226,8226732.61505297,2192425.77479655
47.1908330683038,8228678.84457423,2225845.85654694
47.2688865221716,8229719.97260285,2221279.40407443
47.3469399760394,8230658.29286489,2229682.85394932
47.3986278813667,8231242.56465869,2241718.9628409
47.450315786694,8231615.51586133,2264005.45708051
47.4879901209506,8231883.70232187,2280468.66573746
47.5278952472765,8232288.39848157,2273894.19738127
47.5678003736024,8232728.76246878,2256808.87657533
47.5957252137792,8233037.89105214,2244865.51439831
47.6129532372928,8233148.09344872,2250399.99569036
47.6301812608064,8233247.01579978,2260371.386444
47.64740928432,8233344.42486766,2270324.12782206
47.7092822434437,8233685.2475983,2301805.21791625
47.7492644340334,8233868.11722809,2306457.87393704
47.7892466246232,8234049.12052284,2311088.35775515
47.8376126362229,8234329.31700647,2306085.11301892
47.8859786478225,8234623.48460818,2298003.78529303
47.9441459800112,8235123.31098061,2280178.83996575
48.0023133121998,8235655.47920835,2261458.13217711
48.0161720799363,8235729.2698181,2266859.15999937
48.0300308476728,8235806.63030092,2272326.28146169
48.0628889024277,8235992.15328609,2285287.73201906
48.1503806124279,8236480.97583922,2300627.1988039
48.237872322428,8236933.83457482,2303724.09867637
48.3075784591877,8237284.10828531,2306710.42547131
48.3780394731552,8237717.3604595,2296625.40758111
48.4485004871228,8238186.62100231,2289883.77104357
48.5659293254515,8238892.47300565,2295638.34352398
48.6833581637802,8239490.94699701,2304857.04662373
48.7673274191149,8239924.30605868,2303650.33109362
48.8814948554955,8240670.85357613,2286519.93118864
48.9397003282151,8241006.23316308,2290189.45401057
48.9979058009347,8241313.82448584,2301029.24609976
49.0561112736543,8241550.25954665,2308767.5177417
49.0938949690964,8241701.80684159,2313712.12653033
49.1182110415981,8241898.70872798,2304672.24625612
49.1425271140998,8242119.01290611,2291414.85173127
49.1668431866014,8242340.2539878,2278169.67114762
49.2651895657042,8243044.32245079,2279294.89695074
49.3208090943343,8243402.6983243,2289393.17103608
49.3764286229644,8243758.12226161,2288680.87940789
49.4320481515946,8244046.2877438,2295196.46497116
49.501729333564,8244352.01588859,2309585.54621537
49.54282328859,8244562.56065347,2306487.5239797
49.583917243616,8244771.0531151,2303363.18801041
49.7102500689498,8245500.02254583,2293359.92311412
49.7731405017797,8245801.23652358,2301026.24861243
49.8360309346096,8246128.97399714,2301841.78659694
49.9162726738656,8246553.17728216,2298579.60674608
49.993841121972,8246920.57119828,2304178.4119269
50.0714095700784,8247349.9153503,2298144.23869209
50.1275819166076,8247644.48307168,2297263.36710401
50.1837542631367,8247923.7747548,2300816.67075093
50.2399266096658,8248259.30059363,2295994.9339115
50.2960989561949,8248614.4361262,2287727.20714106
50.3309030051712,8248771.22824797,2293402.44728475
50.3657070541475,8248924.11398144,2300486.73897006
50.3976781765347,8249064.27089569,2306991.92550493
50.4172704625873,8249228.03911057,2299847.64863574
50.4368627486399,8249394.57236061,2291118.87016281
50.4654464582957,8249638.3432918,2278393.23729061
50.5025363898751,8249944.94991148,2263877.18776658
50.5164066412773,8250011.80641993,2268658.17597701
50.5302768926796,8250083.97940826,2273503.89329058
50.56370140463,8250259.99919789,2285180.50997564
50.6491033538884,8250717.4305702,2297197.89781058
50.7345053031469,8251138.10464932,2299976.85781586
50.8199072524054,8251517.7644572,2306073.11319236
50.9576205829024,8252204.200681,2298704.28250506
51.0953339133994,8252889.64577484,2301078.12833152
51.2330472438964,8253485.20220503,2305812.67728719
51.3271965004257,8253925.55530557,2302041.42081539
51.4213457569549,8254330.13405085,2306410.08308965
51.5154950134842,8254799.32651407,2298833.61641034
51.6096442700135,8255313.10152101,2293425.50091653
51.6872489456535,8255702.7722707,2297205.1352116
51.7648536212936,8256167.29982102,2289969.56697466
51.8424582969336,8256625.00550268,2287417.39886094
51.9142638269085,8257006.60392305,2292918.07097787
51.9860693568834,8257267.11735879,2308768.41073536
52.0578748868582,8257566.60962785,2308038.75103526
52.1101514898217,8257802.42733889,2303777.72461459
52.1624280927851,8258095.02407015,2296216.46513759
52.2127952385017,8258344.08861962,2293861.58142725
52.2631623842182,8258508.40396044,2306121.31095616
52.3135295299347,8258708.19335552,2311831.29368291
52.3507997999399,8258915.9966046,2302728.0509646
52.4003407098684,8259190.47462307,2290758.84544535
52.4207959365858,8259269.8018037,2294007.72397399
52.4412511633033,8259351.75773514,2297296.75277933
52.4974093286859,8259578.66133011,2306327.90241281
52.5317576417268,8259761.2260253,2302330.23257426
52.5661059547678,8259946.48380861,2297522.13676603
52.6281770734006,8260229.54733103,2297116.12944506
52.6748854440297,8260410.10797784,2304395.19248674
52.7215938146587,8260595.77707389,2307884.55371052
52.7683021852877,8260783.04960884,2306919.12008269
52.8150105559168,8261002.55369704,2303085.18813519
52.8617189265458,8261286.0820108,2293113.47760836
52.9408141579854,8261723.39796753,2288169.29044923
53.019909389425,8262142.35794793,2292562.37956231
53.0990046208646,8262568.87432125,2291086.80406363
53.132320580582,8262660.52962431,2299999.41294389
53.1656365402995,8262751.09530293,2309236.66493416
53.2408003125792,8263015.0840324,2313389.06903047
53.3007706658789,8263254.75757743,2305404.2117906
53.3478235084843,8263495.39972247,2300028.06265525
53.4269808282367,8263857.54866124,2297507.39425595
53.4854841262633,8264081.94375526,2305046.54424757
53.5439874242899,8264304.56173519,2307154.25712643
53.6024907223164,8264525.19448818,2307383.48193461
53.6845237670646,8264849.71947028,2305624.40086691
53.7880826677747,8265325.13896695,2298194.09850017
53.8477819907369,8265517.78575455,2306113.44295603
53.9074813136992,8265703.97402635,2314754.96954196
53.9599487168223,8265932.10619907,2306947.89651769
54.0124161199455,8266142.75444443,2302394.93968824
54.0648835230687,8266310.20411889,2308487.74323043
54.0959305022219,8266409.51004636,2312095.92465119
54.1156992072638,8266571.4205373,2302814.25435532
54.1354679123056,8266748.46045646,2290409.80277034
54.1592042345955,8266962.11147938,2275529.43024413
54.189479660719,8267235.05772438,2256550.06510785
54.2197550868425,8267372.81021328,2262716.01919882
54.2452877795852,8267449.44675149,2279450.97261387
54.2708204723279,8267523.69478119,2296154.41487377
54.3462833305487,8267698.03055394,2320513.78177436
54.3901952592652,8267776.148455,2325433.0898854
54.4341071879816,8267965.45820143,2315421.3754884
54.4688617961398,8268135.14104427,2304037.59672348
54.503616404298,8268304.14553498,2293846.59261569
54.5487361158296,8268520.63208249,2294000.91491247
54.5817703659692,8268680.35811715,2294129.19714481
54.664449008523,8268981.69595896,2304450.00507692
54.7471276510767,8269289.21757685,2306928.9523825
54.8717994479097,8269671.46001906,2314553.18104684
54.9411978490814,8269892.60345326,2314018.3146484
55.0105962502531,8270162.99632239,2304591.03998256
55.0799946514248,8270551.72945675,2289654.03057984
55.1493930525965,8270810.24308129,2298471.2535826
55.2187914537682,8271055.79968231,2309024.51366016
55.2881898549399,8271372.75110469,2297934.04821129
55.3575882561116,8271731.60734663,2291306.41413717
55.4059261319042,8271976.58983299,2288953.97205695
55.4542640076968,8272143.54285806,2298258.89286043
55.4923545578074,8272275.99218947,2305603.42119258
55.5463644246531,8272469.16367305,2306737.63002936
55.6003742914988,8272660.33710904,2306312.23251947
55.6814369125631,8272953.6711074,2305437.86163867
55.7672811555069,8273198.00132117,2312230.39466292
55.8531253984506,8273497.35472157,2307815.29650455
55.9466099491369,8273833.36203763,2304910.09674019
56.0400944998232,8274167.96871552,2305886.25937334
56.1681031066291,8274655.05447914,2303120.23767135
56.2961117134349,8274946.43256987,2322790.80826993
56.3242248925255,8275039.29139875,2319281.02668576
56.3523380716162,8275136.76820613,2314293.12759188
56.3949571686375,8275285.12787748,2306737.05590443
56.568184101972,8276142.532214,2286002.83002758
56.652702330065,8276522.16546904,2292035.21546516
56.7372205581581,8276817.79026394,2304739.07882797
56.8217387862512,8277060.37600086,2311481.5243394
56.9062570143442,8277294.46282422,2312680.98832372
56.9816645381092,8277556.8138911,2306428.42500874
57.0570720618742,8277744.38521247,2312457.51227592
57.1324795856391,8277977.23857395,2311612.63958741
57.1853745270617,8278193.53082001,2300857.22960662
57.2382694684843,8278391.54788148,2299575.45060041
57.2911644099069,8278586.3343536,2301955.54990248
57.3440593513295,8278733.9385408,2307182.57662096
57.4107130584244,8278893.85229752,2314898.80006322
57.4788108275189,8278976.83608581,2324912.63136717
57.5469085966135,8279284.64772722,2304858.51451691
57.5916666057849,8279545.99139953,2282660.34589213
57.6159837742145,8279589.11307179,2287674.18117686
57.640300942644,8279600.64189336,2301819.3662269
57.6646181110736,8279610.20967674,2315938.48495797
57.693914012191,8279620.88318916,2332947.42417895
57.7128867243539,8279704.21765811,2329828.53928794
57.7318594365167,8279803.32962637,2319804.94800084
57.7508321486796,8279904.42794701,2309806.90943582
57.811753185698,8280230.79192528,2283460.38770603
57.8588245222769,8280494.66455075,2281825.91800314
57.8955519580731,8280701.56801208,2280563.24990144
57.9416675625326,8280875.47697393,2289318.91540232
57.9877831669921,8281039.38410856,2299206.00194967
58.0638664067055,8281124.41212509,2322107.40978169
58.0970329262627,8281142.80721101,2332643.43008058
58.1169240719403,8281225.55745008,2327079.57219025
58.1368152176179,8281309.75628342,2319327.98825001
58.1632545932122,8281422.60486606,2309035.30764551
58.2736051483543,8281797.44952306,2304253.25459502
58.3348770398074,8282016.19803811,2304590.89487552
58.3961489312605,8282252.65665698,2299065.01328273
58.4294413491379,8282271.93119851,2309728.84071979
58.4627337670152,8282282.22441641,2322241.81392852
58.5091828771985,8282327.92057707,2333372.46032579
58.5438928139105,8282444.92249047,2322359.66673245
58.5710775904074,8282535.20778404,2313717.04478367
58.6661591898497,8282850.08897438,2303967.25609143
58.761240789292,8283230.70084958,2297363.21146044
58.8563223887343,8283358.50342023,2322353.93920884
58.8901971912417,8283340.32484884,2339873.66788008
58.924071993749,8283520.80154192,2325273.84453687
58.9489856073738,8283696.27875095,2304723.88462823
58.9738992209987,8283873.84356911,2284201.36579705
59.050604433422,8284247.10625073,2279928.12685073
59.0820901166201,8284373.83984105,2290766.11345182
59.1135757998182,8284475.62096785,2299532.44642775
59.1450614830163,8284542.16210468,2305546.60403074
59.1851412648932,8284627.54366356,2313210.00779197
59.2523304892612,8284859.08044995,2307069.67946555
59.3195197136292,8285089.18122265,2300765.50097987
59.3867089379972,8285277.65322614,2307475.72302089
59.4534991109785,8285353.09925027,2320278.4743468
59.4947546066421,8285381.49750731,2329137.24216914
59.5203154954007,8285481.84735646,2322630.90308336
59.5458763841594,8285591.38632728,2312927.384606
59.571437272918,8285701.62259529,2303232.61711491
59.6328916056161,8285872.85728225,2301453.57744269
59.6735573535404,8285943.58729384,2312780.0142938
59.7142231014646,8286021.48808978,2319567.24792638
59.7548888493888,8286105.75090492,2317838.09017786
59.7955545973131,8286190.45922153,2316115.05054041
59.9322862837555,8286594.29708474,2305968.00042889
60.0690179701979,8287031.14219139,2303692.27859602
60.1542770713954,8287178.61881528,2316919.96257195
60.1971640284451,8287217.61044362,2327268.61940777
60.2116589440067,8287311.08503054,2320388.06452484
60.2261538595684,8287411.52966115,2310839.09588619
60.2444964259003,8287540.07711206,2298772.72866941
60.2837870186962,8287816.14042182,2272926.36827828
60.3230776114921,8287973.43718757,2273397.00190621
60.349250058269,8288040.85224059,2286231.61925784
60.375422505046,8288105.72976118,2299032.66259137
60.4512091055231,8288304.17108047,2310354.48195527
60.5269957060002,8288452.20101831,2314360.9475758
60.5952890123471,8288514.85130803,2326423.83738847
60.6333162586895,8288621.99659841,2320017.62905681
60.6713435050319,8288734.66633537,2311702.81550483
60.7240557085726,8288891.60398789,2305060.65916783
60.7767679121133,8289055.4937521,2304302.06399888
60.829480115654,8289193.76369333,2306444.87970414
60.9121396238701,8289346.90337799,2316115.37291938
60.9947991320862,8289294.20404341,2341389.75468386
61.0139855683723,8289363.81053697,2335384.76462535
61.0331720046584,8289449.90698868,2324804.94440167
61.0523584409445,8289537.31473352,2314242.00213206
61.0918012546313,8289717.71139464,2292527.59050657
61.1191571686479,8289814.32230395,2290133.53819444
61.1465130826645,8289910.80042206,2293292.0383652
61.1738689966812,8290006.16733085,2296436.47353134
61.2788566100474,8290172.23591912,2320301.33246523
61.3339268626269,8290301.9859251,2318335.81306594
61.3889971152064,8290472.25287568,2305941.45115587
61.4440673677859,8290738.78916586,2294278.42267947
61.5007660840969,8291035.53290787,2282454.19097393
61.5375060193431,8291145.83749981,2289261.83177894
61.5742459545893,8291224.94742415,2303417.02057863
61.6109858898355,8291315.04385017,2312528.00061797
61.6477258250817,8291420.08048624,2309685.43014303
61.7493020694655,8291625.23203471,2313985.60387731
61.8228230831759,8291753.3489695,2319032.17992754
61.8963440968864,8291952.74440874,2307382.5030154
61.9292152089767,8291987.87396074,2312119.41967913
61.962086321067,8292016.49630614,2318141.77420571
62.0140968115461,8292091.32375021,2323246.44708921
62.0661073020252,8292207.49261196,2316323.24824492
62.1398634143346,8292426.36916144,2306051.651326
62.1922623466773,8292613.41218196,2298478.41980298
62.2257172286947,8292649.41410922,2305548.92649921
62.2591721107121,8292668.22238079,2316281.56103874
62.2926269927294,8292686.47367159,2327006.77536727
62.3206536843987,8292775.95164611,2322282.21190706
62.3486803760679,8292881.37542278,2312541.77718863
62.3767070677372,8292987.74698256,2302813.70182069
62.4316629345657,8293098.33768331,2304283.50429494
62.4866188013943,8293151.09845909,2321036.13184762
62.5256594375286,8293281.44908097,2315927.56639893
62.5765553773195,8293499.32499213,2297529.37759677
62.602130591544,8293602.98172677,2289574.80063084
62.6200320244417,8293634.00638362,2293988.83805293
62.6379334573395,8293668.67403447,2298448.42021049
62.6855752455528,8293763.08288347,2310317.93736363
62.7335079814958,8293911.73752511,2308589.79114207
62.7814407174389,8294076.72681795,2300896.74335663
62.829373453382,8294196.07992959,2302100.23806072
62.9105093157373,8294372.41987609,2312096.1730967
62.9916451780925,8294555.52461091,2310765.08280463
63.0727810404478,8294755.58191709,2308315.32183087
63.2078547071277,8295012.46792897,2316030.84558285
63.3151771326866,8295143.00712001,2321355.54894434
63.4224995582455,8295293.59139111,2319058.60778875
63.4813820054748,8295476.65436034,2305464.40984237
63.5402644527041,8295570.76796899,2309936.37498415
63.5991468999334,8295632.09956245,2322856.82641915
63.6177671650926,8295711.52830487,2317209.1671441
63.6363874302518,8295790.01208938,2311031.94200381
63.6722665552187,8295935.96286862,2299127.46813066
63.7070737164497,8296048.61458041,2292704.83890218
63.7418808776807,8296059.07254623,2306599.46999344
63.7691236711822,8296068.59838946,2317491.98149937
63.7960858191318,8296078.63737201,2328273.17794769
63.8127684876953,8296165.7499242,2322363.71802397
63.8294511562588,8296262.56639813,2312425.4540409
63.8461338248223,8296360.79658043,2302504.66846452
63.8885964750515,8296611.61359769,2277253.44776936
63.9170207233387,8296685.45008378,2279020.66528789
63.945444971626,8296720.33127199,2293569.17785701
63.9670845868688,8296745.12769718,2304621.4623337
63.9982225944032,8296779.89651375,2320523.90174769
64.0170942712928,8296830.76376208,2319058.38350123
64.0359659481824,8296876.7296465,2316353.61091334
64.065455101542,8296949.53435619,2312135.1836645
64.1792065184459,8297117.15021659,2318823.5103903
64.2456617366352,8297216.44398333,2319249.73120011
64.3121169548245,8297328.97629965,2315510.27468426
64.3785721730138,8297466.25213243,2312439.46572562
64.4671109959981,8297707.83764193,2304905.18811303
64.5556498189824,8297855.30366828,2313621.94241176
64.6291087385197,8297943.36243579,2321250.90138087
64.702567658057,8298043.9418742,2317739.15441415
64.7236582573347,8297973.43470202,2328017.77203962
64.7447488566123,8297906.64891619,2338346.85408331
64.7985373522677,8297738.91396066,2364692.02431128
64.8130771404726,8297499.779096,2383605.54647057
64.8276169286775,8297248.78094302,2403958.58940683
64.8490779525857,8296877.23634136,2433988.09875973
64.9000413601157,8295993.9504072,2505283.62334082
64.9300089768072,8295142.06753212,2536353.98253151
64.9599765934987,8294286.26170717,2567388.94588058
65.003149697337,8293054.76765368,2608841.33712356
65.0159913246233,8292697.81183231,2608840.94498783
65.0288329519096,8292333.76030855,2608758.7422505
65.0572885072286,8291523.74524742,2608573.38165236
65.1625765612323,8288592.15521709,2603537.87515691
65.2753883147337,8285469.9768149,2603208.4754454
65.3882000682351,8282362.53191756,2602632.52826978
65.5010118217365,8279293.39835336,2600495.11424
65.5766863054498,8277167.00834957,2607009.5302877
65.6523607891632,8275043.07462184,2609502.55891712
65.7691533208094,8271829.32175792,2604704.19421363
65.8859458524555,8268670.91276857,2601925.90999703
65.9648298005446,8266642.47022921,2593488.77402276
66.0437137486336,8264594.9481181,2592493.5813752
66.1225976967227,8262551.60748522,2594933.48898986
66.2215620376724,8260036.73914634,2589763.350783
66.3205263786222,8257431.39151506,2598933.1696662
66.3978723081096,8255383.57698108,2600790.11350468
66.4609579885197,8253802.94300279,2593472.98497384
66.5240436689297,8252250.51277188,2586518.77807365
66.6003319870933,8250426.27744377,2579539.69785457
66.6473993902959,8249238.72872612,2585192.65304192
66.6944667934985,8248052.64099983,2590865.04135945
66.7914451827477,8245618.90763857,2591495.03781613
66.8884235719968,8243218.19844397,2589110.47042166
66.9731254672952,8241069.02568269,2594053.40110691
67.0578273625936,8238962.92756189,2592080.40311386
67.142529257892,8236929.58364102,2584950.50717756
67.2272311531904,8234896.01827611,2583618.32163988
67.2898593758502,8233318.7026732,2593896.81380875
67.3449803238435,8231973.51687768,2592303.61741716
67.4001012718368,8230634.83111343,2588286.1027353
67.4714912680285,8228889.125168,2589753.82490182
67.5428812642202,8227202.08348084,2585671.61988005
67.6667946648459,8224350.68420677,2578449.9406124
67.7751143481803,8221764.0976437,2587751.0844806
67.8834340315147,8219172.53143663,2588176.63960031
67.9267970019696,8218374.88690159,2567360.30529028
67.9701599724246,8217709.5918439,2534419.18031956
67.9929168378396,8217361.12120198,2517141.24518505
68.0156737032546,8217532.19458034,2461982.55579431
68.0331744182418,8217812.66374351,2406004.98770643
68.0462490534854,8218025.22410497,2364225.8486204
68.0821072139861,8218609.71277523,2249643.9632692
68.0996257154561,8218894.90322037,2193664.38264245
68.1039423684052,8218929.15174836,2192184.16278022
68.1082590213542,8219004.50814715,2192321.39126391
68.1138118075038,8219092.78214944,2192436.59495811
68.1284918799942,8219327.48178711,2192750.44844456
68.1889792048306,8220296.76894209,2194046.43802185
68.4914158290126,8225191.07901919,2183985.39661657
68.539230062984,8226141.8524648,2166206.01773248
68.5870442969554,8227120.9163609,2145540.49851367
68.6456835388083,8228331.96066166,2137760.31612253
68.6896479318535,8229246.60733968,2135710.15797553
68.7336123248986,8230106.81973071,2140874.64740574
68.7775767179438,8230953.62329203,2148300.06609178
68.8365973232626,8232368.71619261,2119843.20662457
68.9103342105329,8234270.93016713,2069221.2491556
68.9257623554195,8234603.53352857,2077459.47786115
68.9411905003061,8234942.25104378,2085776.01747584
68.9759223656332,8235706.96620002,2104496.25257218
69.0046145237245,8236265.40996506,2123461.13878739
69.0333066818158,8236575.98998539,2161016.30181724
69.0541352430428,8236792.49986827,2188295.60155444
69.0835886884193,8237098.9619469,2226872.14202622
69.0988820386559,8237257.8565519,2246902.00871004
69.1074750117436,8237399.28021454,2244843.65385887
69.1160679848314,8237524.31975502,2240534.13527624
69.1272009961507,8237689.49762384,2234981.11078602
69.1624317410065,8238213.02022348,2217406.75186042
69.1916508580705,8238646.83242404,2202830.67746333
69.2208699751345,8238962.6890627,2210209.21721088
69.2500890921986,8239248.99393123,2226573.77136405
69.2793082092626,8239533.6438197,2242916.82930697
69.3768967879872,8240097.08516766,2295506.43954492
69.4374735298697,8240417.36875007,2304847.39428365
69.4980502717523,8240746.54908404,2299883.24463717
69.5419564911362,8240992.70467053,2298869.44149363
69.5858627105201,8241239.46636306,2297981.93509365
69.652669537595,8241521.7313122,2307234.80151056
69.7194763646698,8241822.26106505,2311867.08567897
69.7701576253732,8242116.45109753,2301451.20079493
69.8661181557764,8242697.12694757,2292603.54490685
69.9620786861796,8243395.22420568,2280004.58374299
70.0580392165827,8243895.10319671,2298589.08532828
70.1136160641727,8244174.5074803,2310300.49908138
70.1691929117628,8244642.00152936,2282340.51398591
70.1968688297705,8244874.23758068,2268409.81232373
70.2140583698017,8244965.10507714,2271442.85721235
70.2312479098329,8245055.95407542,2277209.40630973
70.2527197307054,8245168.16088217,2284397.76296216
70.3049283961454,8245440.57687537,2300308.86295841
70.341154119585,8245625.91603107,2300862.79792811
70.3773798430245,8245809.48890829,2301395.16111819
70.4967074972819,8246404.12541747,2302243.54870932
70.7226015714755,8247425.43814529,2312034.73514525
70.7579592736544,8247599.11485036,2307965.59376963
70.7933169758333,8247771.06701357,2303873.66774871
70.9083688330505,8248472.35148071,2288838.47760335
71.0234206902678,8249099.45332898,2296840.6258678
71.0741268664964,8249261.39355978,2311921.80596492
71.1085755407781,8249402.88059202,2316884.76788813
71.1430242150597,8249620.03169088,2305684.29725756
71.1774728893414,8249836.40728386,2294474.31322495
71.2770809633021,8250535.56199874,2278707.08553247
71.3766890372628,8251205.51886313,2281586.01881978
71.4762971112234,8251645.15288796,2305714.02002224
71.5317968691058,8251925.74541243,2305871.85487212
71.5872966269882,8252247.02597096,2293800.38473867
71.629735357687,8252467.54797617,2293364.91077169
71.6721740883857,8252682.11968715,2296740.59273533
71.7146128190844,8252892.16355704,2299403.76523655
71.7798570795265,8253202.76866597,2301405.47517796
71.9060885996623,8253805.77642467,2301121.80221189
72.032320119798,8254328.29304811,2308086.6455616
72.0975733083942,8254578.21076284,2310765.32596137
72.1362867045574,8254821.43032398,2301158.84140893
72.1750001007206,8255069.44334351,2290768.98241855
72.2452223617123,8255399.49692066,2295334.42758624
72.348386377088,8255882.51906062,2301879.31789255
72.4195460952858,8256269.55334537,2293262.48418363
72.4907058134836,8256680.06068067,2290203.16739923
72.5870784216822,8257183.45740244,2294702.48046244
72.6834510298808,8257659.2101243,2297939.94610673
72.7798236380794,8258112.95462798,2300077.56896864
72.8770252960059,8258419.06775125,2315901.13885169
72.9326132285529,8258671.60260576,2310678.05497577
72.9882011611,8258982.57907312,2293799.76506723
73.0313877505407,8259190.53300654,2293313.53534873
73.0745743399814,8259392.22873977,2297644.8555194
73.117760929422,8259587.84941489,2300828.26127148
73.1744870168487,8259831.61010153,2302833.25873179
73.2528002370939,8260117.29936988,2309204.98571536
73.3974762338065,8260827.35221335,2289536.10372863
73.4230447937848,8260922.91604556,2293485.45867118
73.448613353763,8261015.72509766,2298638.07396572
73.4890292586557,8261170.79251155,2306787.55498361
73.5470682092452,8261275.09191928,2320748.63558848
73.6051071598347,8261399.20681195,2329430.51502518
73.618110889152,8261532.99001979,2317866.36810125
73.6311146184692,8261660.02449608,2306217.07665946
73.6597889530671,8261937.44808806,2280530.07074117
73.7744369561097,8262637.78487885,2286973.39644961
73.8131997357701,8262828.06012852,2300616.32550535
73.8519625154304,8263027.01026902,2297322.89562051
73.8907252950908,8263226.75269891,2294039.75400668
73.9378228508343,8263402.31562389,2300024.08586404
73.9849204065777,8263564.7534287,2308495.29625045
74.045606983822,8263788.01326833,2309888.56033758
74.1062935610663,8264011.55284313,2308375.37697247
74.1833340076322,8264284.92952331,2309517.41698668
74.2404660630063,8264613.31900247,2296717.17131142
74.2975981183804,8264987.92315854,2278230.1964719
74.3152050807382,8265043.9332666,2282954.68829344
74.332812043096,8265099.2619309,2289423.12077606
74.3579069446439,8265177.15751206,2298631.67284714
74.463485448256,8265524.35391093,2312415.7115548
74.534039276392,8265717.62912775,2315535.01862196
74.6045931045281,8265892.73384015,2321424.34303113
74.6221907619024,8266012.25284229,2313251.99809196
74.6397884192768,8266128.13452474,2305032.03099989
74.6860023407907,8266430.39268166,2283444.25555179
74.7242318827656,8266625.75069778,2281917.59073074
74.7624614247404,8266801.4217078,2289977.22055194
74.8006909667153,8266979.28700488,2297742.18048903
74.8252034740031,8267137.85556051,2292925.26815965
74.8497159812909,8267295.14996879,2288071.25378653
74.8917521094901,8267563.40447034,2279745.6594197
74.9200311001363,8267654.25372676,2286848.10567028
74.9483100907824,8267718.63330602,2299304.75137335
74.9765890814286,8267782.03389513,2311748.29229668
75.0343904237178,8267956.94434217,2317954.88101952
75.092191766007,8268150.7284067,2310933.2831717
75.1352298128789,8268339.19979208,2305199.44282306
75.2283739114343,8268765.49375725,2296978.62487925
75.3215180099897,8269136.80416615,2302662.13497316
75.414662108545,8269388.19026897,2316791.2946961
75.4838928545577,8269618.86515783,2311281.92017161
75.5360525076106,8269820.35238776,2306913.87062558
75.6362798915571,8270185.08178451,2306092.06447908
75.7029476173482,8270383.62220798,2313684.85325243
75.7298931602018,8270517.82945361,2307934.46963923
75.7568387030555,8270649.795702,2302154.49769542
75.8098865346926,8270891.00566146,2294466.27473301
75.8629343663296,8271067.29064418,2303015.66550642
75.8980373946423,8271184.59611695,2308681.6112413
75.9192868647228,8271336.16772161,2301004.39221698
75.9405363348034,8271492.66434027,2292126.05852823
75.9742051028815,8271732.28096432,2278055.64185306
76.0045222269576,8271924.225935,2269672.98089546
76.0240237277364,8271961.60680267,2280158.55055999
76.0435252285151,8272002.8551886,2290693.07036583
76.0939494144586,8272111.72440352,2317933.10209792
76.1247939539824,8272237.87652635,2315750.61726818
76.1556384935062,8272367.81608013,2308848.66458073
76.18648303303,8272498.61176828,2301957.20360251
76.2441691126686,8272674.77815414,2305706.85616929
76.3018551923071,8272838.66278864,2314012.35305173
76.3370640734418,8272995.27257665,2308022.27747888
76.3722729545764,8273149.70576647,2302003.29935068
76.4777547880592,8273569.97414705,2301159.00487505
76.5832366215419,8273954.37285199,2304882.55056622
76.6479850765215,8274046.71869529,2319657.52643178
76.6920417531756,8274079.31379818,2332777.10260239
76.7179064826694,8274198.53356064,2325555.97638757
76.7437712121633,8274347.74559537,2311534.76878419
76.7696359416572,8274498.33108721,2297531.81752547
76.8609205400315,8274785.81894456,2305818.34016344
76.9041449747956,8274893.35984477,2319936.38717642
76.9194262583065,8274993.54774947,2313104.01213603
76.9347075418175,8275088.86322957,2306210.69881752
76.9720433229528,8275319.37936083,2289368.26132411
77.0381081697744,8275661.58174878,2283045.38247828
77.083423663195,8275872.70988685,2290638.16515586
77.1287391566156,8276053.26036112,2296561.50788209
77.2868396887842,8276529.76361388,2313663.08084484
77.3888969863549,8276801.63602073,2313923.168718
77.4909542839256,8277094.22713616,2311692.85702825
77.6202346993616,8277548.61905681,2303861.06710294
77.7495151147977,8277932.37072883,2311765.10795311
77.8787955302337,8278390.36311541,2299667.0262675
77.9385967733235,8278625.48847398,2296851.20438052
77.9983980164133,8278851.64315752,2301120.124164
78.0581992595031,8278995.6780684,2309716.78637315
78.0945390665814,8279081.92941579,2315017.63036572
78.1179529986711,8279231.15983848,2306581.31781437
78.1413669307608,8279398.64187563,2294425.13316274
78.1647808628505,8279566.98774789,2282280.15812541
78.2621488422883,8279972.51190317,2294251.07694797
78.317768695206,8280116.89455971,2313700.12859536
78.3733885481238,8280236.0325391,2316448.01624342
78.4403314677261,8280422.70104218,2313700.97873033
78.5546314339491,8280685.18165036,2316512.14781623
78.6444788925686,8280943.32619278,2311906.45255023
78.734326351188,8281261.40473994,2301346.72543568
78.8241738098074,8281510.77606918,2310792.58375429
78.9140212684269,8281748.32892546,2312078.78382998
79.007085155918,8282034.09408378,2307285.41026254
79.1001490434092,8282289.63091081,2310548.11270687
79.1568299220635,8282523.34709316,2302357.57381711
79.2135108007178,8282701.49002517,2301356.07011056
79.254244402968,8282715.96101249,2317308.84820002
79.2949780052182,8282731.14443705,2333271.19956037
79.3162939489701,8282850.29387012,2324680.14483588
79.337609892722,8282987.59885573,2310684.90965879
79.358925836474,8283126.32424211,2296707.6591276
79.3967500254367,8283373.19154996,2271906.26857305
79.4168885804804,8283461.08869688,2273340.67694622
79.4370271355241,8283552.53057167,2277722.09400844
79.4613854226125,8283661.99933476,2283008.5607342
79.5573110062015,8283917.49245753,2309414.20077164
79.6461747301115,8284096.91713842,2319026.70155338
79.7066129049779,8284240.0941287,2313914.76138208
79.7670510798444,8284426.81981433,2308737.20113914
79.8468140167134,8284606.41785327,2312774.2102921
79.9265769535823,8284794.2776515,2315504.29429519
79.9900764588433,8285017.05308758,2303208.53650295
80.0335951586765,8285125.46817619,2305580.08801633
80.0771138585097,8285225.57443155,2311194.80973426
80.120632558343,8285352.64762205,2311576.11918835
80.1641512581762,8285502.62873145,2306072.81645874
80.2076699580095,8285646.9438522,2302104.89286091
80.2511886578427,8285766.11628657,2305330.53715984
80.294707357676,8285885.88739854,2308563.99139223
80.350360938267,8286096.23240705,2303038.71333182
80.406014518858,8286307.30851249,2297282.020905
80.5255292879057,8286723.14313108,2301323.07508699
80.6207379650606,8286999.43645352,2307095.155089
80.7159466422156,8287292.72184224,2304692.80231794
80.7881635447582,8287428.33000651,2315653.38369634
80.8603804473008,8287631.50504757,2310614.09451703
80.9114392417345,8287759.11939885,2308268.65810799
80.9624980361682,8287816.4631075,2318022.12423418
81.0135568306018,8287918.0919406,2321014.59465525
81.0509519894113,8288070.29948535,2309370.01815138
81.0983389261367,8288262.72937431,2294608.42602966
81.1188234514371,8288296.71491587,2298647.11290812
81.1393079767375,8288329.78792261,2303672.03159049
81.1735590638913,8288392.63402978,2312076.68846015
81.2568527353627,8288533.58846834,2319258.50744545
81.3401464068342,8288704.72506422,2316027.39263583
81.4052796003942,8288868.41523946,2310267.33798052
81.4860356167073,8289092.7836905,2307716.53397228
81.5667916330205,8289336.79894474,2305112.34166358
81.6535085637034,8289687.22827391,2295354.63286003
81.7402254943863,8290010.87458063,2294859.13031252
81.8022402589076,8290191.65654712,2305556.32099644
81.8516909885251,8290314.31854138,2307893.11860791
81.9011417181426,8290436.38040903,2310165.5905858
81.9936615748897,8290662.76497338,2310168.36228165
82.0861814316368,8290779.25015752,2321605.4405064
82.1529962183373,8290963.00003789,2312704.058669
82.2008094903722,8291108.88195317,2303290.75551002
82.2234100046225,8291135.32309878,2307482.31737656
82.2460105188728,8291164.6781506,2311711.54339538
82.3093182754914,8291257.3664987,2321060.35302015
82.3726260321101,8291391.22738212,2315843.95746848
82.4208936691716,8291515.30365415,2311406.39305319
82.5094873286937,8291779.50793348,2303594.05566376
82.6348118955491,8292064.04758675,2312170.79474801
82.6954420867549,8292152.82054132,2319509.34578262
82.7328174376146,8292275.16766306,2313071.92963369
82.7701927884742,8292403.99875664,2305068.25215741
82.8254950729837,8292619.27992192,2295860.26490871
82.8807973574931,8292866.55292075,2289763.65649171
82.9476585030012,8293035.07319457,2300985.28580105
83.0145196485093,8293184.65378204,2313165.97335406
83.0813807940174,8293417.77634893,2301366.21534235
83.1334998887438,8293507.20479635,2307490.10573325
83.222181815484,8293622.11184197,2321850.95956903
83.3108637422242,8293855.13319642,2306765.40635988
83.3740872608744,8293988.24549383,2310557.11062384
83.4202865756719,8294082.51963489,2312807.69951181
83.5068711956117,8294238.62273941,2315240.92662768
83.5860549957491,8294408.78830593,2312302.51027822
83.6652387958865,8294488.37916473,2321073.57706845
83.7283553619145,8294525.83371061,2327487.8163459
83.780773959894,8294541.39492752,2330144.00074648
83.8331925578734,8294747.53419979,2311473.74934291
83.9793868052303,8295420.23099938,2290013.39348348
84.0192120547539,8295536.93656227,2298371.95595216
84.0590373042774,8295617.09657455,2305740.80824412
84.1266411907168,8295735.37513859,2314601.77477253
84.1942450771562,8295835.64856445,2317813.72887954
84.2618489635956,8296002.68247951,2311161.11402235
84.3138179828115,8296126.01425272,2307609.21860107
84.3657870020274,8296234.17823701,2310420.99832881
84.4522022134234,8296347.31701572,2318163.85668842
84.5561372785223,8296499.33913994,2318341.46831627
84.6600723436212,8296658.92034747,2317133.61074259
84.7640074087201,8296868.5424028,2312034.21199428
84.8679424738191,8297139.40905439,2305471.49610368
84.971877538918,8297226.78505879,2324709.21619218
85.0018238472019,8297241.16735222,2331657.58776304
85.0135238198854,8297313.03021951,2324705.46333425
85.025223792569,8297379.63146076,2317678.90338258
85.0523441111552,8297531.46070667,2301392.77490306
85.0873693985747,8297729.18407601,2280361.92258164
85.1223946859943,8297834.15214091,2281662.53003316
85.1608789130358,8297906.32795707,2297168.87013045
85.1993631400773,8297979.43843527,2312653.0298103
85.2188803599839,8298026.40694408,2312277.6120104
85.2383975798905,8298070.82737368,2311577.16913914
85.280863279225,8298163.5497015,2310051.5461926
85.4584342120345,8298555.34826202,2309688.88363231
85.5347216242356,8298634.35025049,2318672.21527812
85.6110090364367,8298663.46421189,2330267.55701019
85.6385316220508,8298758.25284012,2320025.02068335
85.666054207665,8298850.68909735,2309751.21297522
85.7469796257018,8298945.34599627,2314615.44360025
85.8091128332963,8298971.37196771,2331047.80757759
85.8316200404973,8299052.41872134,2322360.43312747
85.8541272476983,8299130.44257757,2313633.89753687
85.8924128463251,8299261.58721284,2298788.18410734
85.9183053946028,8299289.64405755,2301443.29002997
85.9441979428805,8299304.37949951,2309495.9414078
85.9700904911582,8299318.00828574,2317534.14274268
85.9980711328878,8299332.25094532,2326220.01456975
86.0152031272893,8299408.81995904,2320429.38436118
86.0323351216909,8299485.04406907,2313129.95658162
86.0575729845252,8299598.27669801,2302387.02959571
86.1651646094788,8300005.79231557,2291652.48981709
86.2104682686536,8300139.83136758,2297933.55471499
86.2557719278284,8300200.23607831,2307976.44170944
86.3238695013168,8300283.71542487,2318827.53201036
86.3919670748051,8300346.65759629,2321740.77991755
86.4600646482934,8300449.77623362,2317955.0646229
86.5281622217817,8300568.17647486,2313864.63564995
86.7066033946923,8301016.87440533,2301555.84745047
86.7336198227648,8301036.97356259,2307634.12432527
86.7606362508374,8301059.32127502,2313742.96197203
86.840794084854,8301069.83954875,2328844.61071204
86.8875636941004,8301041.58127225,2335937.71915081
86.9343333033469,8301160.66021258,2322909.08325038
86.971357503109,8301289.55395834,2306737.20739855
87.0083817028711,8301382.5809165,2297472.71999296
87.0352489179165,8301375.22704546,2308042.04379099
87.0621161329619,8301369.38805382,2318630.5241149
87.1547340693133,8301572.37699113,2311027.22987947
87.226333396202,8301780.92239041,2297054.53521352
87.2979327230906,8301921.44403892,2310263.69091071
87.3285085263304,8301823.93949665,2326702.03579351
87.3590843295701,8301715.97266024,2343965.79812275
87.396396751388,8301590.1024669,2365037.874713
87.4190827088446,8301279.36368106,2389572.67841573
87.4417686663011,8300931.66920243,2416412.66458395
87.4715310568384,8300474.87662406,2451615.53635198
87.5998026621882,8297160.14703894,2609761.12231297
87.6085780055633,8296932.80666241,2609187.40539557
87.6173533489384,8296690.15762049,2608188.84671804
87.6327353186078,8296267.43811966,2606453.22234937
87.6850540556249,8294830.0606475,2600551.18155604
87.7576847883439,8292787.75164522,2603244.79350764
87.830315521063,8290737.56644853,2606909.36326254
87.9646184447329,8286975.46279689,2604556.28827563
88.0989213684028,8283243.8582914,2605000.79770854
88.1801668624748,8280916.46899954,2611516.33768109
88.2614123565468,8278704.92887909,2603546.4243514
88.3426578506188,8276554.89837578,2595246.21460989
88.4722489502237,8273106.23446564,2598273.61409789
88.5727374086698,8270440.02654679,2597305.13686938
88.6524269615925,8268380.96455565,2592573.97268176
88.7520560894472,8265806.70840297,2592150.1100157
88.851685217302,8263145.80805197,2600649.93247215
88.9513143451568,8260513.31728588,2599257.29386439
89.0509434730116,8257932.04266489,2594824.60787291
89.1505726008664,8255352.79255775,2595775.8035488
89.2502017287212,8252755.16825504,2597635.79110172
89.4391183231129,8247904.37729778,2590544.80231397
89.485795903047,8246836.09464305,2576081.06735755
89.5324734829812,8245678.60687654,2579147.86849931
89.5791510629154,8244491.93241509,2589993.30998229
89.6258286428496,8243308.15222272,2594948.76624091
89.6725062227838,8242121.72861421,2595095.05362945
89.719183802718,8240992.8620121,2590567.4905247
89.7658613826522,8239937.74965702,2579234.66708631
89.8125389625864,8238831.08441143,2575184.50919475
89.8457646314009,8237953.86817366,2586538.46526293
89.8888301963234,8236817.34672302,2601260.35331251
89.9248330795114,8235950.48450722,2598602.60460501
89.9608359626994,8235110.10443594,2589090.86648959
89.9968388458875,8234270.68839296,2579591.51743744
90.0314271295361,8233428.91210239,2581769.44912418
90.0660154131847,8232587.45608441,2585128.64552762
90.1212207774884,8231242.62870908,2588793.57528536
90.176426141792,8229892.65507118,2589715.16498288
90.2542342091062,8227998.50579738,2589643.88325873
90.3604036064643,8225545.38747072,2578978.48090698
90.4665730038225,8223110.53834851,2578516.64615532
90.5360616029189,8221617.41902708,2571380.3014978
90.5754204410215,8220830.36223062,2560046.44905136
90.5948824729218,8220441.63572912,2554448.22521409
90.6143445048221,8220338.77619327,2527597.18642977
90.629473405937,8220320.18299905,2500610.28205629
90.6446023070519,8220303.76483009,2473652.1382525
90.6915523934848,8220254.08344278,2389992.94212825
90.7354251346351,8220628.54690554,2330293.69725972
90.7792978757855,8221112.97326165,2275082.87648881
90.8231706169359,8221740.964923,2231958.79646075
90.8670433580862,8222513.73217885,2199792.85695956
90.901988857617,8223127.91289395,2175438.90696507
90.9184216428464,8223422.15238498,2174019.00600771
90.9348544280757,8223721.18247705,2172654.49576172
90.9762403618761,8224476.01876834,2169217.3869753
91.0976671370286,8226812.44697854,2152134.61283049
91.2190939121811,8229282.50979212,2139906.56247692
91.3069009739814,8231164.0524041,2127051.42498744
91.4152498344074,8233594.515137,2113763.73885971
91.4668059665057,8234682.11443255,2122521.09230079
91.5015239265747,8235402.9741091,2129144.23164141
91.5240563157151,8235751.07370263,2143646.95098708
91.5465887048554,8236098.76800052,2158188.63340764
91.6081670354906,8236961.52839101,2202105.02484474
91.6452827576953,8237135.24835282,2245112.74559821
91.6823984799,8237310.65393573,2288148.46432101
91.7247135427826,8237508.78849721,2310333.11596147
91.7525526036889,8237619.60679424,2312137.18717802
91.7803916645952,8237733.05072065,2313973.51243591
91.8618970954325,8238247.39228927,2296548.5681262
91.9200145481269,8238610.86172728,2288544.06348606
91.9619680357253,8238830.43003388,2296119.66306402
92.0039215233238,8239049.77159976,2302977.25226325
92.0681635207153,8239385.90266299,2302859.5984227
92.1182144930471,8239640.48830231,2303187.3273576
92.2128168633861,8240130.40118446,2303310.34944347
92.3074192337251,8240712.6865129,2292399.46586276
92.3763518672326,8241097.53177211,2296575.64944017
92.4267521764233,8241410.58138669,2294924.31412843
92.477152485614,8241746.47371717,2289054.64577786
92.5275527948047,8242071.58123204,2287306.2235146
92.5925537928367,8242483.47572787,2289505.09696552
92.6575547908688,8242930.22844454,2285950.82230424
92.7225557889008,8243346.59942664,2286402.8745903
92.7875567869328,8243706.09582161,2295897.25911254
92.8525577849649,8244050.13720543,2299335.16915989
92.9175587829969,8244386.27169288,2301039.64144041
93.007603677138,8244837.16052301,2302522.75028208
93.12311190091,8245414.0516332,2302345.39981605
93.1827352536367,8245784.36050799,2292533.77463166
93.2423586063634,8246069.49282426,2298077.48165413
93.3019819590901,8246327.49540105,2309448.56079443
93.3410516631599,8246517.69621585,2307264.45343002
93.3801213672298,8246706.12653249,2305057.78872474
93.4605057727149,8247222.25026483,2290239.8487174
93.5408901781999,8247768.24450239,2281939.37474368
93.5898227372828,8248098.92939716,2282771.30443905
93.6387552963658,8248296.58224427,2296443.63864958
93.6876878554487,8248463.94068954,2313543.6211347
93.7212555793579,8248668.95264241,2309189.53710582
93.7548233032671,8248911.96474505,2295346.91444463
93.7883910271763,8249156.1691774,2281523.55263236
93.8379915172567,8249456.43159072,2282467.58472327
93.8875920073372,8249746.31150883,2290037.14610723
93.9371924974176,8249977.35857854,2298080.77163968
94.0211445944046,8250355.13068994,2306283.29769726
94.1050966913916,8250793.59931128,2297965.03153068
94.1890487883786,8251240.31172569,2296747.91473751
94.2730008853655,8251569.12221281,2308744.50588523
94.3341546636679,8251885.10198037,2304464.05182546
94.3953084419703,8252260.49495112,2288620.05864468
94.4244649938415,8252384.2336745,2292693.31274966
94.4536215457126,8252503.52814393,2299065.61750189
94.4919670381419,8252659.82510781,2307439.00282208
94.5573364313482,8252915.9648216,2310384.32109073
94.6227058245546,8253194.87139916,2308583.46116428
94.688075217761,8253519.42981846,2300845.66264573
94.7749102344782,8254036.76672324,2289910.49074107
94.8664052211261,8254670.74459621,2279144.07209089
94.9579002077739,8255165.57814365,2291760.66825905
95.0596685839642,8255597.57730858,2306646.58618821
95.1614369601545,8256102.22876597,2298451.25752831
95.2385332749495,8256424.06333044,2302544.86592003
95.2999089929797,8256606.16163237,2319324.45987224
95.3162560050325,8256699.73383726,2315121.0079437
95.3326030170852,8256789.08795324,2310811.93587142
95.3719967779602,8257001.96720064,2300427.04473358
95.4528650465298,8257405.0761685,2296306.08218977
95.5337333150993,8257801.92461391,2298626.8792579
95.6146015836688,8258188.54883508,2298936.72176889
95.6857403368745,8258467.87789186,2306641.83388144
95.7568790900801,8258822.83643781,2300428.17457039
95.8123472837793,8259122.90723703,2293580.34803562
95.9025049735542,8259653.04080631,2287048.50340731
96.053451125961,8260342.06564438,2304336.37262351
96.1547055312431,8260722.34976045,2309529.96722163
96.2237670528145,8261043.86574322,2301263.51687232
96.2928285743859,8261439.93512572,2289568.34838653
96.3304903577559,8261598.34198966,2293498.73561065
96.368152141126,8261752.07040009,2299910.65092502
96.4167042216698,8261940.21460889,2306443.85595251
96.4652563022136,8262109.58688296,2309649.54083465
96.5462053198321,8262449.8914935,2305197.46889947
96.6271543374506,8262807.48582069,2300163.66126402
96.7081033550692,8263115.08695323,2307412.94079472
96.7958398649366,8263500.39812757,2302074.8175873
96.883576374804,8263965.97625337,2292664.80235611
96.9713128846715,8264430.33581555,2291096.81433442
97.0590493945389,8264779.85214682,2303336.49989637
97.139189619114,8265104.94149682,2305874.70990917
97.2193298436892,8265473.27189962,2297632.24420191
97.2994700682643,8265812.67927848,2301848.71710292
97.3796102928395,8266030.31307384,2314540.92935249
97.4411545312881,8266226.73546983,2314954.3469348
97.5250361233327,8266561.43998299,2305340.70620196
97.5859836934634,8266892.68753773,2291870.862916
97.630301822888,8267064.92756906,2295360.76327723
97.6746199523126,8267214.09188972,2305086.01557991
97.7189380817372,8267387.67340068,2308444.37991451
97.7530191306636,8267538.26298226,2304373.83497977
97.78710017959,8267689.88904448,2300317.00302857
97.8782333924604,8268211.78179141,2286273.50486097
97.9693666053308,8268672.0884553,2290860.97329007
98.0369416737865,8268943.15323579,2300160.52670741
98.1045167422423,8269169.48048116,2309961.14101101
98.1795898295748,8269415.63507796,2310414.02967598
98.2546629169073,8269677.12484461,2308511.36116602
98.3817096163477,8270206.28459916,2299895.10118511
98.4604057997251,8270445.95308126,2308808.61433963
98.5391019831024,8270680.7468001,2313949.76670281
98.6177981664798,8270934.81392226,2310457.85576355
98.6964943498571,8271212.1018084,2307301.93010107
98.7839159809935,8271627.40748089,2295658.37124434
98.8713376121299,8271979.13638159,2300222.31058281
98.9335884970838,8272282.49831448,2296713.08649595
98.9958393820376,8272631.17743877,2285063.14738414
99.0337432811791,8272794.72280478,2289097.14066175
99.0716471803206,8272956.11017884,2294545.92889039
99.1297705657891,8273166.22916265,2302594.87400253
99.2751210922873,8273651.00787822,2306565.47949803
99.3809871151242,8274024.83278247,2305759.15710271
99.4559149014797,8274303.62782484,2304331.6835509
99.5474119924469,8274549.74435183,2313157.12723333
99.6389090834141,8274759.13443534,2319677.35800442
99.7055733562481,8274958.93735806,2311299.35796732
99.7551251374668,8275165.60823031,2304286.7131968
99.8438620230677,8275546.42854216,2297311.34798086
99.9325989086686,8275908.70447835,2298820.94123942
100.001980889612,8276161.07242344,2303374.91025189
100.065279468623,8276455.74400035,2297095.67439192
100.128578047634,8276722.73076455,2295748.64479121
100.191876626645,8276967.63246981,2300478.46614854
100.255175205656,8277111.45594084,2311528.16934447
100.318473784668,8277271.19550266,2317243.6877255
100.367211252356,8277440.6123938,2309816.54112936
100.513667152701,8277979.92879781,2302250.13470181
100.558245685221,8278038.31115801,2315018.98698901
100.602824217742,8278107.81014473,2326159.79210096
100.620332492653,8278185.65747164,2320918.75585744
100.637840767564,8278259.70144443,2315629.71506516
100.683672609381,8278451.37986699,2301783.35118151
100.732556683142,8278609.17884844,2301274.94308171
100.781440756903,8278751.40056205,2308010.49980457
100.830324830664,8278910.92665164,2308983.3835716
100.940098356218,8279253.58565163,2307578.96519737
100.997845774431,8279419.63060774,2310912.84154848
101.030762215913,8279612.65350886,2300690.51223043
101.063678657396,8279811.35908934,2289575.37032029
101.098833942916,8280018.08412794,2277699.91669065
101.120007087286,8280099.54141054,2281448.00041445
101.141180231657,8280181.95048547,2285893.34224684
101.179530288889,8280337.21183868,2293947.3488256
101.270986702836,8280652.56154687,2303533.68107711
101.362443116782,8280858.58003183,2315377.28880371
101.453899530729,8281053.54983418,2318397.30397707
101.578157289789,8281464.81956586,2302257.07767324
101.644744572947,8281662.46552481,2304700.03568746
101.711331856104,8281818.54707432,2314256.3913595
101.777919139262,8281894.37307755,2324521.79168666
101.840519793814,8282067.743299,2317291.84620062
101.903120448366,8282289.37536466,2301829.07996992
101.940616153043,8282394.22493174,2304669.21435941
101.978111857721,8282501.25353401,2307537.4864727
102.091214255291,8282911.45847384,2300190.38854684
102.174570233955,8283379.7047286,2282836.04343874
102.257926212619,8283701.39893158,2293991.71840616
102.32244762318,8283877.53617082,2309030.08715362
102.405644793617,8284045.73808109,2317714.42829601
102.454999025848,8284215.84390745,2309881.54588281
102.50435325808,8284378.71268734,2303193.65949649
102.54887929768,8284481.79385711,2308103.21746165
102.59340533728,8284586.25825245,2313031.1809051
102.746209000274,8284932.6655114,2312447.86457691
102.864901456006,8285216.37269256,2314416.75697735
102.957709189098,8285565.1569392,2300678.26033936
102.996003483974,8285751.22810828,2287641.46226175
103.017172114593,8285767.33359709,2294546.98407171
103.038340745212,8285774.52757872,2304865.16406586
103.059509375831,8285780.77264616,2315171.73975005
103.107556797576,8285835.79630048,2331048.46655798
103.125528702153,8285932.33978939,2321840.2944254
103.143500606731,8286025.06325366,2312584.11990737
103.190332418964,8286264.45060491,2288462.79659265
103.228053171308,8286432.98499453,2285354.65182644
103.265773923652,8286602.43856026,2287975.16763374
103.303494675996,8286758.66461908,2291225.08391324
103.36533868942,8286888.47353056,2306985.22682172
103.413747970456,8286998.69641725,2315031.01054446
103.462157251492,8287123.36447228,2312130.34428733
103.553873129848,8287297.56149485,2316758.40646391
103.667353998122,8287500.38578295,2318254.16055333
103.780834866395,8287879.69682569,2300056.03931296
103.836361064227,8287994.19647475,2306219.47269383
103.891887262058,8288065.13768916,2321549.35325003
103.927312450738,8288156.00204336,2319414.95062569
103.962737639417,8288253.94215406,2313669.10212306
103.998162828097,8288352.41805989,2307930.12535206
104.102162674493,8288750.84727198,2296036.37333714
104.138695955378,8288846.80449016,2300629.89335271
104.175229236264,8288944.45862085,2305246.08174057
104.243049176255,8289236.23113801,2296981.61486722
104.310869116246,8289541.29299247,2286138.66855329
104.337480065108,8289575.5374899,2296743.26722512
104.36409101397,8289612.0881085,2307378.30634455
104.443313227912,8289788.86705294,2315463.34207953
104.500706881776,8289945.45381042,2307185.20571855
104.542631340212,8290036.98514743,2309515.97182014
104.575283881061,8290109.41668825,2311346.31250621
104.695707969065,8290368.74397166,2313659.52074605
104.816132057069,8290618.59999195,2314468.64571097
104.877859820914,8290663.12477689,2324582.08052216
104.93958758476,8290763.23445787,2322579.98220532
105.056464726936,8291065.06157551,2307790.41338228
105.14966433429,8291325.18870588,2305811.81078338
105.211265028729,8291523.48626771,2304564.81003885
105.272865723168,8291889.05032389,2282246.35094533
105.29834900227,8292039.85611452,2273007.54194378
105.313788706983,8292063.05727862,2278711.5097016
105.329228411695,8292088.3121194,2285879.66671774
105.352192923339,8292124.52183988,2296529.73006002
105.403454585214,8292201.90299211,2319118.12049163
105.436910742235,8292219.41146569,2323114.13703147
105.470366899257,8292234.7151468,2327083.74928393
105.573466451347,8292464.16264316,2311540.54296089
105.65167143859,8292722.42153624,2300827.91623028
105.699841399776,8292894.6518727,2297306.28452972
105.730858529429,8292937.07680682,2304207.50835924
105.761875659082,8292981.24380528,2311185.91070763
105.848576516043,8293082.59316899,2322560.70315995
105.901695444882,8293132.84052766,2325186.42081838
105.93860999217,8293230.76007174,2318514.74819524
105.975524539459,8293327.16445843,2311822.18754262
106.037716687216,8293364.0196582,2319823.41891138
106.099908834973,8293331.14014861,2340459.65241766
106.11310430298,8293391.11334022,2334267.13016522
106.126299770987,8293444.68143792,2327913.26191583
106.154242752233,8293554.66535595,2314458.50028776
106.26228141971,8294162.61148174,2272788.76673175
106.370320087186,8294493.0830524,2303967.06120323
106.416894573096,8294570.77866705,2320727.50049977
106.463469059007,8294663.36177548,2316369.41715726
106.500353712806,8294737.44246469,2312963.0528402
106.619557410512,8294977.4345305,2312900.39137527
106.704066549562,8295144.61576756,2313161.54487951
106.817171031398,8295315.09448284,2318142.50866161
106.876271809047,8295338.71599551,2326675.41215019
106.935372586695,8295472.22321169,2318826.03018707
106.994473364344,8295670.84292321,2299870.38652495
107.041118093801,8295844.80642606,2295948.73003017
107.076854760279,8295979.1045091,2294104.29804731
107.135541217706,8296155.4116787,2297921.81069231
107.23691137931,8296391.2328364,2309483.6419523
107.379455320712,8296770.76447367,2301984.93494891
107.440899378299,8296924.74451554,2303399.22986872
107.502343435887,8297057.36023909,2310282.90135858
107.563787493475,8297087.02935264,2321473.31203473
107.601656301051,8297110.37210256,2327631.86944642
107.625880273599,8297187.17704609,2321134.47864252
107.650104246147,8297261.01013241,2314597.99386179
107.716755490619,8297433.30448028,2303775.36366352
107.764555608252,8297505.12435749,2311417.33438526
107.812355725885,8297542.1388227,2320697.39060734
107.860155843518,8297484.09747238,2334708.40775464
107.904668966084,8297452.32926948,2343708.86054877
107.920369472943,8297523.27694921,2334668.33222899
107.936069979803,8297589.6233559,2325569.20783872
107.97472821843,8297750.44627512,2303164.20848437
108.001509245367,8297854.29357539,2289195.6912964
108.011598274449,8297844.36364598,2293767.45691785
108.021687303531,8297842.12588242,2298430.93508004
108.04386132559,8297839.77604298,2308677.33126081
108.082259616526,8297833.2245324,2326417.4722946
108.120657907462,8297942.63594238,2323637.52617032
108.148705641897,8298076.28518681,2308517.94984898
108.169863689221,8298178.93404958,2297137.05578835
108.237331696418,8298426.03282307,2288604.82449421
108.270775070712,8298525.83779075,2295596.47000246
108.304218445006,8298624.21059329,2301694.18855506
108.351299593845,8298762.22667036,2301706.39298259
108.398380742684,8298899.32352188,2301707.018262
108.486947996133,8299052.00420555,2312651.09292534
108.575515249581,8299219.28559248,2312787.12447755
108.644524394533,8299367.9465116,2310390.54851445
108.714588096182,8299488.48965546,2312011.04975624
108.784651797831,8299465.58359685,2331293.63511868
108.828270884094,8299531.2269607,2327828.08320212
108.871889970357,8299629.33116315,2315839.69822241
108.91550905662,8299717.24193537,2308892.47782774
108.959128142883,8299795.39619531,2311179.19604095
109.002747229146,8299862.90618824,2314006.93509287
109.0538247471,8299832.0425107,2326993.92492691
109.104902265054,8299810.21207482,2337768.94179318
109.136700128157,8299853.83706044,2331364.69744843
109.16849799126,8299895.1389281,2324929.9036239
109.261969541011,8300466.82255172,2269969.40115756
109.355441090761,8300807.85864331,2286670.60754308
109.377748660357,8300827.49753248,2305545.40849998
109.400056229953,8300843.87353859,2324323.02794316
109.409175878019,8300862.90952903,2323915.59485257
109.418295526085,8300874.3924352,2323411.55059861
109.438091452407,8300896.84518224,2322321.57508346
109.511495482081,8300982.4210957,2318858.58441887
109.634358753771,8301173.44700635,2314784.09755098
109.730374176039,8301347.99104397,2311798.04705084
109.797945594274,8301414.39776225,2320813.06739181
109.859877415021,8301493.01089863,2319338.66701501
109.921809235768,8301575.29194391,2317672.02560767
109.983998608936,8301665.23392863,2316293.38553875
110.046187982105,8301525.14685792,2339477.09603708
110.091192135143,8301371.5867329,2362483.039308
110.118453053458,8301023.65172048,2391279.74849672
110.145713971774,8300567.1815054,2427340.56990098
110.172974890089,8300109.56872262,2463383.2917959
110.26870860246,8297571.64007366,2584631.01556804
110.291057430489,8296893.8837351,2612445.33180878
110.313406258517,8296280.8617892,2619601.66877591
110.335755086546,8295678.81750138,2612599.61915665
110.352267421581,8295236.47434024,2607457.81644215
110.400361897272,8293948.32316648,2592654.25053334
110.418471363371,8293428.93948018,2595542.90289835
110.43658082947,8292912.27880009,2598477.04716326
110.483867331083,8291565.81813432,2606142.65387659
110.573226684096,8289072.26876765,2604876.37533404
110.66258603711,8286563.47831674,2605961.89613098
110.751945390124,8284167.81378634,2597319.41467237
110.813837006825,8282518.8016767,2591793.53783415
110.875728623526,8280722.29973624,2609415.54672299
110.937620240227,8278994.64581011,2611128.06006885
111.019690037219,8276771.88856168,2600559.93135925
111.082850376495,8275118.82230651,2594674.20301299
111.15013833664,8273256.20684085,2601783.2259613
111.217426296785,8271391.39028296,2608640.06456076
111.28471425693,8269589.06644902,2601430.78350775
111.352002217075,8267856.01005133,2593929.43947512
111.470022598942,8264799.46066796,2593708.87177258
111.58804298081,8261711.12188246,2596420.36954529
111.676707292479,8259482.2996828,2588986.25901716
111.765371604147,8257268.95478512,2586852.21814063
111.854035915816,8254996.2995147,2592674.81733608
111.942700227485,8252724.30421243,2594700.21366134
112.031364539154,8250497.54674449,2590153.78878859
112.120028850823,8248284.36275765,2589327.18841956
112.208693162491,8246053.57954421,2591777.47138099
112.333811110251,8242887.19771496,2594251.77931754
112.411910043782,8240910.60928612,2595381.64080322
112.490008977313,8239103.31017118,2578271.39739252
112.528025131887,8238158.58436115,2581522.47652139
112.566041286461,8237197.49783016,2588978.20152088
112.604057441035,8236242.04247286,2595201.60915708
112.65281056446,8235074.427556,2589915.60109321
112.688708316991,8234213.66794699,2586010.43255064
112.820941082314,8231100.45801321,2581464.06365449
112.882707131052,8229584.8152238,2588934.71069226
112.944473179789,8228149.46557015,2584455.9840599
113.006239228526,8226733.02939193,2576889.98841225
113.064658387846,8225330.54045409,2583375.17054154
113.123077547167,8223937.01804447,2586960.19220531
113.181496706487,8222550.50390846,2586030.09884021
113.239915865807,8221431.31154373,2562697.64149771
113.298335025127,8220426.49306849,2528863.80697988
113.306244966968,8220541.23250137,2505793.06024388
113.314154908809,8220680.8774678,2477286.48600229
113.32206485065,8220825.22130749,2448834.01987548
113.343191899631,8221211.72752373,2372835.43398739
113.367891295183,8221662.67586909,2283984.64981596
113.392590690734,8222113.74717228,2195134.20632292
113.400715321536,8222250.40098819,2168566.02228143
113.402871342818,8222252.30237724,2168842.73886793
113.405027364101,8222292.17883601,2169489.89736412
113.407982944973,8222338.97164112,2170307.23101795
113.414935291312,8222448.09719592,2172242.26874408
113.442683289894,8222884.75653285,2179965.0323423
113.581423282806,8225254.79177423,2174786.88605805
113.637548367313,8226293.05470414,2165713.82204899
113.693673451819,8227351.49709748,2159437.35375626
113.763033394309,8228639.23493419,2160254.32402912
113.832393336799,8229990.43254038,2153798.73556782
113.901753279289,8231405.43409847,2138528.40594286
113.928872702153,8231931.29162822,2141209.80129813
113.955992125017,8232459.60131127,2143922.09659302
114.008306848642,8233500.18953994,2146066.36804613
114.060621572267,8234638.96170164,2131735.46315167
114.099907303691,8235493.16968078,2120960.86465794
114.142862587371,8236507.40349263,2110708.20516833
114.185817871051,8237522.47541715,2100462.67081871
114.222115299654,8237935.1502819,2143683.04940966
114.235559125298,8238003.37403897,2172265.9607729
114.249002950942,8238066.35686771,2200780.37157123
114.281027952509,8238214.40643385,2268707.14419088
114.292911075984,8238269.75388944,2293912.55077715
114.299169310108,8238298.85619516,2307186.8166615
114.303219071349,8238410.83930675,2303657.71582742
114.30726883259,8238487.31453167,2296340.96323684
114.311318593831,8238571.85273582,2289104.24920622
114.320961374091,8238772.27949526,2271858.39041981
114.356672270463,8239512.05500834,2207988.37067433
114.383077536518,8240059.24899695,2160762.11886932
114.396888321972,8240345.42708381,2136061.2599347
114.410699107425,8240590.4271994,2132449.47856465
114.420659718074,8240781.92553262,2134523.50549014
114.430620328724,8240970.13537466,2136561.38860362
114.460569037736,8241535.23933328,2142691.65685323
114.608835513368,8244004.47841255,2185025.33175667
114.634883328538,8244238.85824269,2206041.92305185
114.660931143707,8244476.16903953,2227100.85422179
114.693432525128,8244773.52472643,2253378.44468708
114.713844220381,8245002.99425486,2255338.92299654
114.734255915634,8245233.25355274,2250181.20976853
114.754667610888,8245465.48966721,2245048.08717845
114.8210984448,8246203.49153925,2235233.1060923
114.869518970809,8246719.14392264,2238956.77588748
114.939824594101,8247527.57593004,2234799.17835192
115.010130217394,8248314.72975994,2231188.68728113
115.03331831494,8248457.60848945,2245582.98506094
115.056506412486,8248603.58690064,2260018.21461655
115.119765223844,8248960.8811899,2292039.89000138
115.164754718441,8249138.23116036,2303198.52207977
115.211286826969,8249352.22784777,2309144.71234214
115.257818935497,8249646.56159804,2297444.65898924
115.304351044024,8249934.55190727,2287287.00608902
115.340898419735,8250124.96964439,2291191.62109686
115.377445795446,8250317.29022732,2295120.56335932
115.493286855877,8250906.92540836,2299717.26383003
115.609127916308,8251426.82404415,2305730.41471391
115.72496897674,8251970.60198029,2302575.07419025
115.799247361715,8252407.61776682,2290429.12884114
115.824548640132,8252503.7944993,2295404.79921664
115.84984991855,8252600.87569095,2300699.77737267
115.905944762515,8252826.38592313,2310591.41852845
115.945035900866,8253017.6760709,2306552.35259274
115.984127039218,8253207.43441419,2302493.56603757
116.116345213088,8253846.35914175,2300690.1777078
116.218661340371,8254312.15741669,2303498.47601008
116.282608779022,8254579.93714131,2306689.50804556
116.346556217674,8255014.21028503,2289710.64839953
116.410503656326,8255481.9925035,2271555.46825276
116.449046656734,8255693.26071485,2280452.23307711
116.487589657143,8255906.59873436,2289375.81013132
116.605551501175,8256438.15883702,2304522.90892081
116.666891108585,8256737.35849824,2301065.83720721
116.728230715995,8257012.10292078,2301388.10638489
116.789570323405,8257263.77472786,2306206.43480778
116.850909930815,8257593.25585448,2298900.59497564
116.899081322814,8257862.14957608,2291185.13117795
116.920466634084,8257915.83909879,2297423.47735384
116.941851945354,8257969.7681401,2304148.33751941
116.984403669085,8258081.65821495,2317531.36175074
117.044380577125,8258340.35824424,2312151.35913331
117.104357485164,8258627.12713172,2299071.37913579
117.164334393204,8258923.97138507,2297759.990108
117.208520259037,8259129.06396715,2298401.72354387
117.252706124869,8259277.5589607,2305785.06017621
117.296891990702,8259426.51258108,2313174.71071113
117.314928052874,8259570.38372312,2305629.53522207
117.332964115047,8259721.98120494,2295776.54112275
117.356744477492,8259922.89933877,2282797.95453865
117.391148229155,8260213.9869502,2264021.80827623
117.425551980818,8260401.13709926,2269078.351421
117.450819548541,8260523.61264552,2278984.66546317
117.476087116263,8260644.73739327,2288873.86568877
117.567234811404,8260912.86485164,2315980.50348113
117.658382506546,8261233.41743238,2313137.67927792
117.738996293081,8261596.1541664,2301419.81644021
117.819610079615,8261972.74027953,2298244.75769984
117.880258756922,8262205.91679324,2305223.18236097
117.953532342467,8262502.79216872,2306023.04345506
118.026805928013,8262804.71408603,2304447.88575163
118.13059536742,8263269.32980115,2300441.55711012
118.234384806827,8263845.60783137,2288640.94482073
118.39218824078,8264634.72577662,2302012.02583778
118.427259766959,8264801.22910691,2301884.6330285
118.462331293139,8264968.3092112,2299274.28896048
118.507380920694,8265174.53225965,2297308.2148749
118.563130861944,8265379.09218078,2303668.15743066
118.618880803193,8265573.49528209,2309072.82142706
118.697822435887,8265818.18109535,2314038.22451053
118.737626250564,8266002.65481495,2307551.91520217
118.777430065242,8266192.346805,2300522.42852857
118.858392482492,8266477.86774423,2306113.96005898
118.939354899741,8266721.22216224,2314441.38327213
119.007772776762,8266927.17761598,2315123.64179552
119.076190653783,8267247.69741224,2301466.28085596
119.125807490496,8267505.66622084,2293324.93452363
119.203849018879,8267958.70915089,2284491.27825165
119.232651444359,8268064.39545634,2290865.84424816
119.261453869838,8268172.30901516,2297269.89723975
119.34795039087,8268569.64860377,2298662.68266839
119.434446911901,8268973.29477833,2294786.26025482
119.520943432933,8269285.81674457,2306403.98796328
119.582733828126,8269427.22453606,2318101.16756854
119.634651709831,8269655.33312517,2309789.39305642
119.686569591537,8269934.32144776,2292333.94679654
119.738487473242,8270124.38003214,2296609.42053412
119.777936205534,8270252.02256212,2305696.72973596
119.817384937825,8270386.18606358,2310349.66492117
119.856833670117,8270521.34666935,2309294.36841196
119.896282402409,8270657.28445463,2308249.07119716
120.008101590177,8270988.31822516,2313321.97147067
120.081999530264,8271178.19899375,2316106.2085898
120.131480197744,8271451.49219562,2302126.12387787
120.180960865224,8271796.31691195,2278967.99407776
120.230441532705,8272099.69850914,2273624.53949046
120.3,8272506.89490697,2281955.45449742
