0,8100080.00104759,8100080.00104759,2151347.08992272,1.16315450144209,0.966492132948775
0.1,8107793.5774417,8100131.25385769,2145347.00680961,1.16248768050586,0.966669951865105
0.2,8095254.54352354,8100098.85058638,2155101.68400837,1.16357102928938,0.966381058856165
0.3,8099033.98600631,8100091.77510034,2152163.82486179,1.16324483278247,0.966468044591341
0.401,8101016.83527216,8100097.98291573,2150622.79859391,1.16307357961634,0.966513712102309
0.501,8105589.07261775,8100134.46842691,2147069.05467224,1.1626783800022,0.966619098666079
0.601,8108402.51248259,8100189.40539392,2144886.61582482,1.16243498722397,0.966684003406941
0.701,8087488.7960059,8100105.01627428,2161117.71790301,1.16424035942952,0.966202570818795
0.802,8099310.043021,8100099.68143516,2151951.24724574,1.16322099534543,0.96647440124122
0.902,8111945.62664928,8100178.39174404,2142112.22470691,1.16212823704728,0.966765803454058
1.002,8104849.14345816,8100209.42652459,2147666.18732022,1.16274236470163,0.966602036079564
1.102,8111482.07681161,8100284.32757891,2142503.13712394,1.16216838430967,0.966755097517422
1.202,8120793.90060486,8100420.60330859,2135231.89119498,1.16136104795507,0.966970387211982
1.303,8126441.75129886,8100595.22382292,2130827.96108761,1.16087049859275,0.967101200375265
1.403,8115529.15915183,8100694.4522628,2139440.09968628,1.16181772306474,0.966848607182736
1.503,8112763.95636494,8100774.64800731,2141629.00589707,1.16205735203712,0.966784706123433
1.603,8116296.14224119,8100877.78047866,2138886.68129502,1.16175122916141,0.966866338890291
1.703,8105618.08678779,8100909.27741428,2147251.78778525,1.1626758707983,0.966619767787119
1.804,8117258.28954749,8101018.99097913,2138168.62499119,1.16166779813176,0.966888587164864
1.904,8100399.56486431,8101014.87520618,2151346.70859438,1.1631269001992,0.966499493280213
2.004,8108648.9610223,8101065.59984164,2144925.99973716,1.16241365899083,0.96668969093578
2.104,8131959.3988052,8101270.87349561,2126644.84484593,1.16039061334701,0.96722916977413
2.204,8102280.14140758,8101277.57956994,2149952.13774944,1.16296442924672,0.96654281886754
2.305,8113640.04331374,8101360.54054376,2141097.40589016,1.16198144861917,0.966804947034888
2.405,8125062.99714857,8101518.03136841,2132158.3988245,1.16099031307895,0.967069249845614
2.505,8128685.75906833,8101698.54716518,2129346.1213267,1.16067540798958,0.967153224536111
2.605,8126369.57657184,8101862.47366575,2131218.26690794,1.1608767716025,0.967099527572666
2.705,8102606.79669106,8101867.41931544,2149854.15052049,1.16293620070286,0.966550346479238
2.805,8095770.78276289,8101826.910252,2155160.67884315,1.16352649092017,0.966392935754622
2.906,8134214.82948426,8102044.25635512,2125061.37264154,1.16019426814189,0.967281528495495
3.006,8115485.74079924,8102133.56821443,2139854.2459254,1.16182148687059,0.966847603501176
3.106,8113994.77007189,8102212.37989598,2141044.45588851,1.1619507108714,0.966813143767625
3.206,8122997.61945065,8102350.48729019,2134005.51480569,1.16116972115775,0.967021407691268
3.307,8129659.4683443,8102533.75008548,2128795.96176753,1.16059072235798,0.967175807371205
3.407,8117576.5450653,8102633.70184263,2138344.82481448,1.16164019688887,0.966895947496302
3.507,8126376.794101,8102791.46267063,2131456.94344361,1.16087614430153,0.967099694852926
3.607,8126651.05091244,8102949.99755546,2131282.15851278,1.16085230686448,0.967106051502804
3.707,8127783.97253258,8103115.00674686,2130430.91721907,1.16075382061144,0.967132314503617
3.808,8142534.13811495,8103379.5373124,2118801.9451006,1.15946910821499,0.967474904476002
3.908,8113220.12373093,8103444.9230273,2141977.45463827,1.16201783207571,0.96679524477981
4.008,8120338.56078686,8103557.17269772,2136416.98223809,1.16140056791648,0.966959848555605
4.108,8150836.68104812,8103871.32109522,2112303.77308496,1.1587439482881,0.967668280456508
4.208,8118502.24119234,8103968.53615229,2137969.61736882,1.16155990236409,0.966917359369576
4.309,8144561.04503045,8104240.94092017,2117412.08792731,1.15929220934009,0.967522077509309
4.409,8127834.47776009,8104397.70802812,2130728.2567912,1.16074942950461,0.967133485465436
4.509,8132485.53567182,8104584.33742321,2127097.97419293,1.16034482037585,0.967241381233106
4.609,8132910.72072351,8104772.55189987,2126810.54754609,1.16030780961834,0.967251250768444
4.709,8140218.5066473,8105008.07232447,2121070.89973749,1.15967109912889,0.967421040232296
4.81,8153956.56638796,8105336.55172946,2110187.24729874,1.15847107236405,0.967741047369588
4.91,8125344.56005152,8105469.4948156,2132976.17821963,1.16096584834093,0.967075773775752
5.01,8122210.1949289,8105580.72829279,2135476.75610489,1.161238096964,0.967003174142933
5.11,8147118.41054479,8105856.7251627,2115793.50990447,1.15906889019306,0.967581629281852
5.21,8159552.05824699,8106213.50346751,2105923.33924721,1.15798115030271,0.967871693252611
5.31,8149609.5933159,8106501.84851506,2113971.06309871,1.15885121675479,0.967639675532056
5.411,8124745.31352851,8106624.27521372,2133752.92412384,1.16101791432184,0.967061889514176
5.511,8146342.74857359,8106888.18436152,2116682.08874872,1.15913663869834,0.967563563013777
5.611,8134848.722818,8107073.9679844,2125877.79846639,1.16013906565611,0.967296249158371
5.711,8136130.6191377,8107267.03472124,2124911.07542834,1.16002740608259,0.967326025044643
5.811,8136404.23090809,8107460.63663905,2124744.57522002,1.16000356864555,0.967332381694521
5.912,8161069.61639012,8107820.39123636,2105119.81389043,1.15784816249604,0.967907156667721
6.012,8154006.75203071,8108127.27622176,2110873.56137623,1.15846668125722,0.967742218331407
6.112,8139038.61672329,8108332.66643037,2122879.57155843,1.15977397648876,0.967393606269664
6.212,8151690.40281296,8108620.75663856,2112858.2094664,1.15866929947209,0.967688186807442
6.312,8152916.86838807,8108915.08187601,2111952.34946428,1.1585620310054,0.967716791731894
6.413,8156952.28850757,8109237.44589054,2108798.60917655,1.15820886055657,0.967810970518248
6.513,8153454.6761489,8109531.24700041,2111681.73514333,1.15851498343228,0.967729337751391
6.613,8161069.61639012,8109873.69337345,2105652.9346065,1.15784816249604,0.967907156667721
6.713,8151726.26958608,8110151.7825543,2113228.41919876,1.15866616296722,0.967689023208742
6.813,8152622.83697772,8110433.98120976,2112583.60459033,1.15858775034536,0.967709933241236
6.914,8151640.18880365,8110710.50433496,2113442.95616712,1.15867369057892,0.967687015845623
7.014,8145804.00832986,8110943.68290274,2118171.1972144,1.15918368627145,0.96755101699428
7.114,8189881.36236389,8111468.18382016,2082677.73070144,1.15531386655775,0.968582968917934
7.214,8152508.08729172,8111740.87320208,2113015.99436276,1.15859778716096,0.967707256757077
7.314,8163087.38117177,8112082.04475311,2104600.43332941,1.15767126362114,0.967954329701028
7.415,8142526.94872651,8112286.35183412,2121136.553493,1.15946973551597,0.967474737195742
7.515,8168120.28355956,8112657.34004423,2100686.01495615,1.15722964373487,0.968072095004036
7.615,8167813.05446715,8113023.82184371,2101029.31285508,1.15725661767678,0.968064901952858
7.715,8161584.88522483,8113346.48552559,2106139.52663357,1.15780299682586,0.967919200846438
7.815,8150937.12812413,8113596.25631521,2114758.15877136,1.15873516607445,0.967670622380147
7.916,8166984.13470452,8113954.52716424,2101940.40156143,1.15732938458986,0.968045497442703
8.016,8172062.18741523,8114340.62314931,2097930.4650038,1.15688337359676,0.96816443370753
8.116,8140297.63353007,8114513.09434242,2123495.33575324,1.15966419881816,0.967422880315156
8.216,8172890.07243235,8114900.97980819,2097404.13502697,1.15681060668368,0.968183838217685
8.317,8168513.21719181,8115260.75626654,2101042.29678209,1.15719514218125,0.968081295418333
8.417,8148575.97173451,8115482.11900733,2117140.15911256,1.15894154809517,0.967615587174622
8.517,8175857.65109798,8115883.28385266,2095249.20625527,1.15654964947816,0.968253426805825
8.617,8168048.83700351,8116229.89754427,2101668.88329521,1.15723591674461,0.968070422201436
8.717,8145825.55929458,8116426.54573365,2119585.82614654,1.15918180436852,0.96755151883506
8.818,8165290.04107288,8116754.4547364,2104034.67373598,1.1574780549209,0.968005852021094
8.918,8178894.31571082,8117167.34265396,2093111.25974774,1.15628241926288,0.968324688196565
9.018,8165604.60961666,8117489.18377132,2103971.01277158,1.157450453678,0.968013212352532
9.118,8172511.83556838,8117854.78143702,2098474.3902387,1.15684385363535,0.968174972363907
9.218,8180333.44072075,8118269.92049782,2092223.62705811,1.15615570446596,0.968358478809076
9.319,8163867.02999684,8118575.90971534,2105655.98429272,1.15760288781489,0.967972563249363
9.419,8172768.75501318,8118935.99373695,2098545.46457549,1.15682127080025,0.968180994453265
9.519,8180625.47785349,8119345.88912829,2092262.95653817,1.156129985126,0.968365337299734
9.619,8173332.49347119,8119704.60278316,2098286.66227105,1.15677171402324,0.968194209593802
9.719,8172476.15102619,8120055.24300537,2099072.16188999,1.15684699014022,0.968174135962607
9.82,8193560.73082236,8120548.51740254,2081991.42437245,1.15498892465279,0.96866962009259
9.92,8176363.919978,8120919.38249582,2096137.75775818,1.15650511110894,0.968265303704282
10.02,8174174.3873709,8121273.2350426,2098008.43593261,1.15669769250821,0.968213948664476
10.12,8178352.73020064,8121652.49939115,2094708.78821625,1.15633009413697,0.968311974896809
10.22,8162887.0803461,8121926.48230638,2107316.15277041,1.15768882804844,0.96794964585375
10.321,8189625.52825015,8122380.79132559,2085689.26374316,1.15533644939284,0.968576946828575
10.421,8191671.74589013,8122841.19463978,2084129.77013053,1.15515578671209,0.968625123543442
10.521,8183558.92412516,8123244.63321355,2090873.96912979,1.15587153712437,0.968434256766835
10.621,8179051.07693916,8123615.43877981,2094646.28468668,1.15626861864143,0.968328368362284
10.721,8178295.7169841,8123978.76154631,2095355.19718455,1.15633511254476,0.968310636654729
10.822,8187777.35465785,8124406.89573727,2087723.48719361,1.1554995476463,0.968533453960987
10.922,8178309.97036351,8124765.05437946,2095546.39173611,1.15633385794282,0.968310971215249
11.022,8173817.67399586,8125090.98420367,2099284.5092442,1.15672905755696,0.968205584651479
11.122,8199271.98744213,8125583.87941569,2078582.67522284,1.15448394736805,0.968804280701852
11.222,8180397.54823944,8125948.08849533,2094150.1513043,1.15615005875719,0.968359984331416
11.323,8170148.8419801,8126244.70716527,2102560.44085604,1.15705149025802,0.968119602597862
11.423,8190812.17704315,8126673.725315,2085818.44815581,1.15523169013005,0.968604882631988
11.523,8198336.04052016,8127149.88512013,2079754.65415567,1.15456675109673,0.968782199707538
11.623,8191238.43248847,8127575.72107224,2085700.18696691,1.15519405207156,0.968614919447585
11.723,8175615.19008474,8127894.91902361,2098547.45859088,1.1565709777113,0.968247739276987
11.823,8208916.49345934,8128433.26636815,2071337.34983902,1.15362956344034,0.969032116415909
11.924,8197350.22375129,8128895.74844422,2081013.63664144,1.15465394593223,0.968758947751405
12.024,8191032.41466267,8129308.61513424,2086313.98028391,1.15521224379983,0.968610068320046
12.124,8192573.74041101,8129728.97986341,2085156.20958616,1.15507611948829,0.968646368136456
12.224,8203084.41903078,8130216.38962012,2076620.12694287,1.1541464594436,0.968894277481707
12.324,8195093.99030332,8130647.46843205,2083319.66428649,1.15485342764223,0.96870575262874
12.425,8198860.76496078,8131105.2284405,2080334.21085678,1.15452033082459,0.968794578446775
12.525,8193148.92256736,8131517.47737804,2085142.23565211,1.15502530810933,0.968659917837512
12.625,8171805.22325642,8131785.16905353,2102649.38670271,1.15690595643186,0.968158411618172
12.725,8205385.70843051,8132274.20737704,2075241.94736573,1.15394258662678,0.968948643566192
12.825,8197477.89713937,8132707.45288582,2081884.22730826,1.15464265451468,0.968761958796084
12.926,8174787.86100683,8132989.84252181,2100536.20151215,1.15664374462438,0.968228334766832
13.026,8200689.67231121,8133439.67361738,2079422.1310136,1.15435848717309,0.968837736753843
13.126,8180461.65474191,8133752.11087684,2096109.00900583,1.15614441304842,0.968361489853755
13.226,8179200.70699259,8134054.09378945,2097215.80195857,1.15625544532096,0.968331881247743
13.326,8195711.38778701,8134463.77529375,2083789.20726209,1.15479885245742,0.968720306011356
13.427,8191053.72734084,8134843.53434727,2087716.96329013,1.1552103618969,0.968610570160826
13.527,8193475.53257713,8135233.11429276,2085826.41906492,1.15499645226449,0.96866761272947
13.627,8167055.59995413,8135444.55859969,2107449.5381668,1.15732311158012,0.968047170245303
13.727,8214845.98183058,8135972.14085969,2068329.21357394,1.15310325792246,0.96917246455401
13.827,8178366.98337931,8136253.83312563,2098463.08967035,1.15632883953502,0.968312309457329
13.928,8192396.19843063,8136630.58855197,2087072.33928793,1.15509180201266,0.968642186129957
14.028,8184548.12579754,8136948.97632848,2093591.95157375,1.15578434228887,0.968457508722969
14.128,8202283.96793237,8137383.09427152,2079112.66110067,1.15421734445375,0.968875374812332
14.228,8180383.302212,8137668.80888421,2097182.34957471,1.15615131335914,0.968359649770896
14.328,8188616.24624491,8138007.32881307,2090530.23998295,1.15542552613127,0.968553193031662
14.429,8195718.48375778,8138394.61193996,2084790.31570324,1.15479822515644,0.968720473291615
14.529,8196264.83583185,8138779.13028063,2084438.60805912,1.15474992298138,0.968733353871632
14.629,8167277.13425495,8138968.48508978,2108182.78728643,1.1573036652499,0.968052355933361
14.729,8202595.66705095,8139391.25550233,2079367.93047384,1.15418974321086,0.96888273514377
14.829,8192119.21728381,8139741.60611457,2088098.10650337,1.15511626675068,0.968635662199819
14.93,8177176.6701073,8139992.82216894,2100398.34468616,1.15643359879781,0.968284373653917
15.03,8200179.3635704,8140392.73126682,2081621.43538615,1.15440365284328,0.968825692575126
15.13,8186781.83297345,8140700.96336294,2092727.03323941,1.15558736978277,0.968510034724594
15.23,8184071.34661933,8140989.13760321,2095021.84633342,1.15582637145418,0.968446300945552
15.33,8200065.9527956,8141381.67313222,2081968.0274889,1.15441368965887,0.968823016090967
15.431,8182946.77868612,8141660.60471943,2096115.09108686,1.1559254850082,0.968419870664479
15.531,8185224.05943398,8141950.06182179,2094325.00733252,1.15572474869626,0.968473400347664
15.631,8203381.89099112,8142358.24522645,2079475.14735552,1.15412011280266,0.968901303252625
15.731,8190201.13214095,8142676.13698929,2090427.86455822,1.15528563801388,0.968590496529632
15.831,8166798.31918398,8142836.416678,2109573.02543793,1.15734569441521,0.968041148155944
15.932,8189248.85399291,8143147.87732832,2091331.29668708,1.15536969634451,0.968568080974798
16.032,8190606.13738728,8143463.21344043,2090297.06163119,1.15524988185832,0.968600031504449
16.132,8206093.53087366,8143879.36019286,2077616.51501457,1.1538798565293,0.968965371592187
16.232,8189995.0611953,8144185.77567972,2090984.77728656,1.15530382974215,0.968585645402093
16.332,8066646.860643,8143670.56884376,2188849.05941359,1.16603067641167,0.965725152956888
16.433,8149466.05031999,8143709.46066962,2123789.18286848,1.15886376277429,0.967636329926857
16.533,8128022.06322288,8143605.22585541,2140887.38103996,1.16073311967927,0.967137834752195
16.633,8118393.77181021,8143437.7085067,2148467.95725005,1.16156931187871,0.966914850165677
16.734,8159552.05824699,8143545.84731906,2115621.95552374,1.15798115030271,0.967871693252611
16.834,8122101.82208838,8143403.36262755,2145527.18716112,1.16124750647862,0.967000664939033
16.934,8139211.30461875,8143375.50852433,2131916.364899,1.15975892126536,0.967397620995903
17.035,8124752.53388052,8143250.53504461,2143387.63732191,1.16101728702086,0.967062056794436
17.135,8133962.68581212,8143188.82198848,2136053.90213544,1.16021622367601,0.967275673686397
17.235,8139419.95951748,8143163.77980537,2131694.26045184,1.15974072953709,0.967402472123442
17.336,8115985.02458532,8142981.39091856,2150248.78611896,1.16177820310333,0.966859145839113
17.436,8142757.00293368,8142979.899974,2128977.96205218,1.15944966188477,0.96748009016406
17.536,8123936.5547118,8142853.36658552,2143929.6170944,1.16108817203102,0.967043154125061
17.636,8139009.8347048,8142827.82826198,2131933.89386299,1.15977648569266,0.967392937148624
17.736,8092992.52498958,8142496.69790111,2168145.59256219,1.16376611989255,0.96632903469532
17.837,8139535.07494504,8142476.82329281,2131422.47590795,1.1597306927215,0.967405148607601
17.937,8125272.36625455,8142362.50838563,2142741.90135081,1.16097212135068,0.967074100973153
18.037,8128664.1184874,8142271.48951964,2140026.97622134,1.16067728989251,0.967152722695331
18.137,8117475.28458066,8142106.73129102,2148841.97901686,1.16164897910251,0.966893605572663
18.237,8121003.48473707,8141966.51090129,2146017.45970036,1.1613428562268,0.96697523833952
18.338,8121942.87014939,8141832.13795018,2145238.98775526,1.16126130710007,0.966996984773314
18.438,8115160.08875821,8141654.91568616,2150548.96579595,1.16184971541446,0.966840075889478
18.538,8103688.20730206,8141402.64612978,2159497.90349805,1.16284273285761,0.966575271237971
18.638,8144072.37861935,8141420.38515061,2127517.37197234,1.15933486580638,0.967510702451632
18.739,8131361.10717228,8141352.8802006,2137642.50304851,1.16044267932792,0.967215285512554
18.839,8144230.48292417,8141372.0004139,2127378.12764343,1.15932106518494,0.967514382617351
18.939,8117829.68551869,8141215.57364983,2148327.05076203,1.16161824135475,0.966901802305401
19.039,8149681.36293195,8141271.82453377,2122980.55371781,1.15884494374504,0.967641348334655
19.139,8116766.39233564,8141108.99834281,2149138.03777425,1.16171045459805,0.966877212107188
19.24,8124701.99115296,8140998.89558965,2142835.02783239,1.16102167812769,0.967060885832617
19.34,8117222.12261085,8140840.91097032,2148707.69186643,1.16167093463663,0.966887750763565
19.44,8143202.69640096,8140856.60383884,2128066.19398348,1.15941076922434,0.967490461540177
19.54,8142900.78028923,8140870.18635647,2128311.34055885,1.15943711586528,0.967483435769259
19.64,8134063.54512524,8140824.95967139,2135353.52155742,1.16020744146236,0.967278015610036
19.741,8139542.26955262,8140816.35190326,2130982.07505782,1.15973006542052,0.967405315887861
19.841,8160053.20111966,8140944.17102755,2114541.32542063,1.15793723923447,0.967883402870808
19.941,8152780.61255173,8141022.81818922,2120424.37471907,1.15857394972392,0.967713613406955
20.041,8160539.96675862,8141152.49976081,2114202.19341521,1.15789458276818,0.967894777928485
20.141,8142886.4027795,8141164.02066857,2128399.66367368,1.15943837046723,0.967483101208739
20.242,8146278.10347051,8141198.33982196,2125692.18258335,1.15914228440711,0.967562057491437
20.342,8141894.23341381,8141202.96368258,2129203.53332995,1.15952493800175,0.967460016532866
20.442,8131130.41743395,8141136.03671203,2137768.99155079,1.16046275295912,0.967209932544235
20.542,8141469.97215062,8141138.25554397,2129525.86489919,1.15956194875927,0.967450146997528
20.642,8131072.742992,8141071.37530878,2137797.86591789,1.16046777136692,0.967208594302156
20.743,8132334.18808086,8141012.74253331,2136779.24541751,1.16035799369632,0.967237868347647
20.843,8133379.09437255,8140962.02080585,2135934.40706678,1.16026703505497,0.967262123985341
20.943,8136980.19647066,8140935.56359897,2133058.1403729,1.15995338456756,0.967345764115317
21.044,8140686.0525727,8140933.88920152,2130099.03620731,1.15963032456552,0.967431913449194
21.144,8142239.36290128,8140942.56341335,2128859.40011126,1.15949482755496,0.967468045985343
21.244,8129623.40911524,8140867.35336342,2138896.0763732,1.16059385886286,0.967174970969905
21.345,8131995.43770971,8140807.81646385,2136994.92607588,1.16038747684214,0.96723000617543
21.446,8120063.88729701,8140668.6098623,2146418.10702107,1.16142440535353,0.966953491905726
21.546,8118878.24652858,8140523.82392943,2147316.61699648,1.1615272827134,0.966926057943094
21.647,8138973.8568994,8140513.42254206,2131356.66700143,1.15977962219753,0.967392100747325
21.747,8111474.83343765,8140320.47581839,2153098.28716712,1.16216901161064,0.966754930237162
21.847,8136706.62284017,8140296.46359488,2133108.84667345,1.1599772220046,0.967339407465439
21.948,8126398.4466132,8140203.19796055,2141281.01282307,1.1608742623986,0.967100196693706
22.048,8139124.96157433,8140196.03362562,2131152.92641582,1.15976644887706,0.967395613632784
22.148,8128029.277879,8140115.19169317,2139964.15376472,1.16073249237829,0.967138002032455
22.248,8126918.07303177,8140027.50352077,2140822.71413895,1.16082909672842,0.967112240872422
22.348,8126239.65890161,8139935.89027344,2141336.59737438,1.16088806302005,0.967096516527987
22.449,8130827.61765587,8139874.7672496,2137678.48439786,1.16048909960006,0.967202906773317
22.549,8116708.51826143,8139720.8392531,2148817.23386258,1.16171547300584,0.966875873865108
22.649,8119630.15542776,8139587.34683009,2146475.70305626,1.16146204341202,0.966943455090129
22.749,8133602.45390592,8139547.58024649,2135385.52461604,1.16024758872475,0.967267309673399
22.849,8121971.77095359,8139430.79789158,2144583.41434573,1.16125879789617,0.966997653894354
22.95,8134920.75000383,8139400.5322445,2134297.26251578,1.16013279264636,0.967297921960971
23.05,8111431.37293043,8139214.69134038,2152839.99193604,1.16217277541649,0.966753926555602
23.15,8118993.93365316,8139080.33464241,2146844.49852016,1.1615172458978,0.966928734427253
23.25,8132312.56654479,8139035.36624962,2136277.43875689,1.16035987559925,0.967237366506868
23.35,8152041.88366494,8139121.78797323,2120523.28312097,1.15863856172432,0.96769638354018
23.451,8152357.47345471,8139210.60888947,2120292.6671617,1.15861096048143,0.967703743871618
23.551,8126701.56992803,8139127.49265834,2140757.70150183,1.16084791575766,0.967107222464624
23.651,8144309.53279948,8139161.92469164,2126737.33933381,1.15931416487421,0.96751622270021
23.751,8117598.24342066,8139018.64494632,2147929.95802213,1.16163831498594,0.966896449337082
23.851,8134128.38195659,8138986.15162447,2134819.58016341,1.16020179575359,0.967279521132376
23.952,8131137.62668273,8138933.48240855,2137184.89577687,1.16046212565814,0.967210099824495
24.052,8125395.09496291,8138843.52667785,2141718.60246502,1.1609614572341,0.967076944737572
24.152,8124348.1748469,8138747.21240328,2142522.57295859,1.16105241587545,0.967052689099879
24.252,8127856.1226694,8138674.84662567,2139722.89043528,1.16074754760169,0.967133987306216
24.352,8122932.60839273,8138570.2474222,2143596.55740229,1.16117536686652,0.967019902168928
24.453,8113473.52852895,8138401.8304883,2151018.09831815,1.16199587654159,0.966801099588909
24.553,8163166.06809073,8138566.37631014,2111407.88583238,1.15766436331042,0.967956169783888
24.653,8132672.91073786,8138527.21721501,2135857.44754375,1.16032851055051,0.967245730519865
24.753,8141045.66721474,8138543.95104028,2129186.36048053,1.15959895951678,0.967440277462191
24.853,8147161.49858578,8138601.21028105,2124305.93958859,1.15906512638721,0.967582632963412
24.954,8144668.83128183,8138641.92835775,2126313.80462551,1.15928279982547,0.967524586713208
25.054,8135691.36236041,8138622.32334044,2133479.31783454,1.16006567144205,0.967315820948786
25.154,8160955.10337223,8138770.71335767,2113248.29721749,1.15785819931164,0.967904480183562
25.254,8135885.79324996,8138751.54452406,2133358.26183534,1.16004873431573,0.967320337515804
25.354,8165182.79624498,8138927.16681079,2109869.16466222,1.15748746443552,0.968003342817195
25.455,8137779.21569465,8138919.46323774,2131892.63415869,1.15988375415935,0.967364332224172
25.555,8151927.1177193,8139005.89251658,2120585.35515577,1.15864859853992,0.967693707056021
25.655,8163566.63250548,8139169.08619981,2111240.1710875,1.15762923445583,0.967965537478445
25.755,8130409.42919793,8139110.88271365,2137810.18569579,1.1605254830566,0.96719320451824
25.855,8159430.34284298,8139245.89523938,2114603.12898336,1.15799181441928,0.967868849488192
25.956,8139722.1306647,8139249.09111971,2130428.19130187,1.15971438289615,0.96740949789436
26.056,8140837.09454262,8139259.64259852,2129540.27450481,1.15961715124505,0.967435426334653
26.156,8129443.10826518,8139194.41669754,2138599.72876357,1.16060954138723,0.967170788963406
26.256,8154150.13619401,8139293.78988219,2118872.05397595,1.15845413523773,0.967745563936606
26.356,8152278.57828437,8139380.06722751,2120400.25449461,1.15861786079216,0.967701903788758
26.457,8139887.59596241,8139383.47310832,2130331.21723285,1.15969995497373,0.967413345340339
26.557,8138304.61254685,8139376.30462607,2131593.09531139,1.15983796118819,0.967376543683149
26.657,8137376.12621783,8139363.01445315,2132330.35184251,1.15991888301394,0.967354964529615
26.757,8154121.45976282,8139461.07685069,2118938.68641392,1.15845664444163,0.967744894815566
26.857,8149035.39122183,8139524.69332264,2123043.57485118,1.15890140083278,0.967626293111259
26.958,8149042.56924357,8139588.56507762,2123054.47272253,1.1589007735318,0.967626460391519
27.058,8134200.42168844,8139552.76359257,2134910.84074091,1.16019552274384,0.967281193934975
27.158,8141081.62695387,8139562.92211561,2129424.20178471,1.15959582301191,0.967441113863491
27.258,8147053.77763644,8139612.69505827,2124656.33098616,1.15907453590183,0.967580123759512
27.358,8139441.54390479,8139611.5578455,2130747.134632,1.15973884763417,0.967402973964222
27.459,8129190.67390177,8139541.62626082,2138891.42425806,1.16063149692135,0.967164934154308
27.559,8140980.93889391,8139551.18976461,2129501.60203608,1.15960460522556,0.967438771939852
27.659,8134798.30304143,8139519.60923851,2134426.01729879,1.16014345676293,0.967295078196551
27.759,8142843.26994922,8139541.69328131,2128010.03376063,1.15944213427308,0.96748209752718
27.859,8130178.68646521,8139479.48084109,2138090.3358736,1.16054555668779,0.967187851549921
27.96,8141714.46702418,8139494.47919692,2128900.43450496,1.15954062052612,0.967455834526367
28.06,8121328.68060483,8139373.77666181,2145076.97009607,1.16131462768293,0.966982765951218
28.16,8139707.74206429,8139375.99569283,2130472.89908418,1.1597156374981,0.96740916333384
28.26,8135734.57001515,8139351.8002627,2133636.11405896,1.1600619076362,0.967316824630345
28.36,8116426.37065123,8139199.47238904,2148902.1183116,1.16173993774386,0.96686934993497
28.461,8143346.45819945,8139227.30162991,2127525.25482444,1.15939822320484,0.967493807145376
28.561,8133227.77945143,8139187.43784232,2135589.22959927,1.16028020837544,0.967258611099882
28.661,8138376.57951179,8139182.05009922,2131484.79378563,1.15983168817844,0.967378216485748
28.761,8161871.11758548,8139332.80746621,2112653.93216635,1.15777790478686,0.967925892056836
28.861,8142081.18214102,8139351.06902455,2128569.71619237,1.15950862817641,0.967464365819624
28.962,8133083.66485888,8139309.01025991,2135735.80837833,1.16029275439494,0.967255265494683
29.062,8150965.82683705,8139386.46390474,2121457.15472855,1.15873265687055,0.967671291501187
29.162,8122398.03449877,8139273.58439182,2144204.79385431,1.16122178713866,0.967007523429691
29.262,8159967.29527893,8139411.08362437,2114212.49388713,1.15794476684617,0.967881395507689
29.362,8134229.23722989,8139376.65287841,2134841.70539875,1.16019301353994,0.967281863056015
29.463,8141879.8523912,8139393.45113753,2128741.78221501,1.1595261926037,0.967459681972346
29.563,8117482.51755397,8139247.86407638,2148081.76756349,1.16164835180154,0.966893772852923
29.663,8131022.27719663,8139193.20921581,2137344.78254477,1.16047216247374,0.967207423340336
29.764,8141592.2214003,8139209.30830344,2128923.57492573,1.1595512846427,0.967452990761948
29.864,8123734.34041742,8139106.48497611,2143103.20298963,1.16110573645831,0.967038470277783
29.964,8169748.92463885,8139310.08847478,2106265.68760418,1.15708661911261,0.968110234903305
30.064,8134301.2752053,8139276.80744634,2134758.15837674,1.16018674053019,0.967283535858615
30.164,8153605.24967554,8139372.01269111,2119330.95946351,1.15850181011181,0.96773285063685
30.265,8164167.40535701,8139538.40751051,2110849.75675407,1.15757654117394,0.967979589020281
30.365,8170891.44123096,8139746.73254695,2105450.66975653,1.15698625095663,0.968136999744898
30.465,8142929.53515813,8139767.88065899,2128000.15379498,1.15943460666138,0.967484104890299
30.565,8154730.79073588,8139867.3016214,2118553.85131406,1.15840332385876,0.967759113637663
30.665,8164839.5938261,8140033.22986075,2110433.84354678,1.15751757488231,0.967995313364717
30.766,8149609.5933159,8140097.49410892,2122731.95947037,1.15885121675479,0.967639675532056
30.866,8159258.50315881,8140224.80931369,2114996.18927738,1.15800686964268,0.967864834761953
30.966,8121971.77095359,8140103.52711448,2144760.6655528,1.16125879789617,0.966997653894354
31.066,8173518.01052193,8140325.54944048,2103464.54901312,1.1567554041979,0.968198558880561
31.166,8150312.88145475,8140391.91020557,2122243.85564939,1.15878974125926,0.967656068997531
31.267,8162658.15307259,8140541.33262087,2112331.14842488,1.15770890167963,0.967944292885431
31.367,8243421.57571244,8141224.91975258,2045652.80399087,1.1505557886637,0.969851789689681
31.467,8234500.31388747,8141844.68752546,2053348.99590481,1.1513530882027,0.96963917647928
31.567,8249628.5,8142560.85639326,2040718.11334796,1.15,0.97
31.667,8228016.03035579,8143128.66276213,2059129.42855258,1.15193145970149,0.969484944079603
31.768,8226622.1358483,8143688.96368424,2060441.45648411,1.1520556652945,0.969451822588132
31.868,8228769.09185986,8144254.27806372,2058781.32890154,1.15186433849718,0.969502843067418
31.968,8184782.93663215,8144523.57048207,2095348.46899241,1.1557636413567,0.968463028971547
32.068,8198981.30006036,8144885.41452562,2083760.29071223,1.15450966670802,0.968797422211194
32.168,8190790.86308529,8145190.43299144,2090588.53159497,1.15523357203297,0.968604380791208
32.269,8192857.79126978,8145510.31505899,2088970.06900191,1.1550510274493,0.968653059346854
32.369,8193290.9301814,8145827.7930573,2088694.85553917,1.15501276208983,0.968663263442711
32.469,8175365.5827159,8146024.05671593,2103431.72374351,1.15659293324542,0.968241884467888
32.569,8202914.42511699,8146402.06441292,2080895.04754927,1.15416151466699,0.968890262755468
32.669,8184484.08410782,8146655.10015457,2096141.76306395,1.15578998799764,0.968456003200629
32.77,8181202.36727217,8146886.93702645,2098888.18150993,1.15607917374704,0.96837888700079
32.87,8193851.81119565,8147198.9948391,2088584.42905759,1.15496320531282,0.968676478583248
32.97,8197002.64782278,8147529.91489983,2086070.93473496,1.15468468368,0.968750751018667
33.07,8187955.10051104,8147798.51979276,2093588.46472017,1.15548386512193,0.968537635967486
33.17,8185224.05943398,8148047.19355681,2095893.35095643,1.15572474869626,0.968473400347664
33.271,8188566.48636387,8148319.10699248,2093220.05770851,1.15542991723809,0.968552022069842
33.371,8193972.49687255,8148622.45065597,2088849.89034841,1.15495254119625,0.968679322347667
33.471,8197555.91776433,8148947.58877209,2085977.09704495,1.15463575420396,0.968763798878943
33.571,8179813.41996336,8149152.67659438,2100607.86463934,1.15620149743713,0.968346267350099
33.671,8184284.8367965,8149386.11201309,2097007.77244602,1.15580755242494,0.96845131935335
33.772,8186767.60945356,8149636.96859758,2095035.88363501,1.15558862438472,0.968509700164074
33.872,8193653.02688263,8149929.43302153,2089448.21204791,1.15498076974012,0.968671794735969
33.972,8201894.30987762,8150274.71332076,2082729.15508938,1.15425184600737,0.968866174398035
34.072,8182455.57165101,8150488.53883264,2098790.19134842,1.15596876877547,0.968408328326542
34.172,8183687.03584607,8150709.12603839,2097838.18176307,1.15586024570682,0.968437267811514
34.273,8195122.37847716,8151007.1707283,2088513.02454393,1.15485091843833,0.968706421749779
34.373,8186703.60299306,8151244.3554492,2095501.64251984,1.1555942700935,0.968508194641734
34.473,8195810.73023618,8151540.47644771,2088081.7330393,1.15479007024377,0.968722647934995
34.573,8186063.48249551,8151769.86434545,2096162.17622948,1.15565072718123,0.968493139418339
34.673,8187364.95408017,8152006.37569655,2095154.46058653,1.15553593110284,0.96852375170591
34.774,8187827.12428714,8152246.75853995,2094836.59016543,1.15549515653947,0.968534624922807
34.874,8199952.53880902,8152563.73929855,2084921.40946803,1.15442372647447,0.968820339606808
34.974,8182142.30698994,8152760.27390656,2099631.75217412,1.15599637001836,0.968400967995104
35.074,8174338.46499103,8152903.65006225,2106045.89414343,1.15668326458579,0.968217796110455
35.174,8198428.2268153,8153206.13782773,2086346.30097097,1.15455859618406,0.968784374350918
35.275,8201178.65715771,8153528.0677442,2084153.18548827,1.15431520340583,0.96884927909178
35.375,8190513.77135785,8153773.81902051,2093019.64607573,1.15525803677099,0.96859785686107
35.475,8176199.92430847,8153922.82913682,2104790.35387908,1.15651953903136,0.968261456258303
35.575,8195363.6698501,8154198.18254373,2089131.52782763,1.15482959020518,0.968712109278618
35.675,8189739.23430806,8154434.33483986,2093826.52854982,1.15532641257725,0.968579623312735
35.776,8177034.09415857,8154585.9953891,2104280.3466821,1.15644614481731,0.968281028048718
35.876,8197910.53783601,8154873.86504039,2087201.02613332,1.15460438915522,0.968772162891941
35.976,8190734.02531229,8155112.13765101,2093181.87996382,1.15523859044077,0.968603042549128
36.076,8197910.53783601,8155396.51135333,2087334.79496147,1.15460438915522,0.968772162891941
36.176,8181423.13033154,8155569.44506034,2100944.2854836,1.15605972741682,0.968384072688849
36.277,8191941.65522981,8155813.52860536,2092367.3480285,1.15513194927505,0.96863148019332
36.377,8187421.83942768,8156023.54982891,2096140.17315499,1.15553091269504,0.96852508994799
36.477,8184035.76382536,8156209.67680959,2098967.92192305,1.15582950795906,0.968445464544252
36.577,8204875.99858648,8156533.03988023,2081855.60364057,1.15398775229697,0.968936599387475
36.677,8183914.77997976,8156714.97768104,2099197.19242329,1.15584017207563,0.968442620779833
36.778,8184206.55837593,8156899.46585053,2099005.33257376,1.15581445273566,0.968449479270491
36.878,8197229.63959677,8157167.43943772,2088350.90932071,1.1546646100488,0.968756103986986
36.978,8166119.30575068,8157226.92005744,2113852.71217221,1.15740528800782,0.968025256531249
37.078,8213214.3100449,8157598.92792001,2075188.90548262,1.15324816444765,0.969133822813961
37.179,8176527.90901069,8157725.95492186,2105504.16251542,1.15649068318652,0.968269151150261
37.279,8197506.26845136,8157990.27496628,2088332.89943501,1.15464014531079,0.968762627917124
37.379,8195470.11731574,8158239.30954433,2090078.98101851,1.15482018069056,0.968714618482517
37.479,8176570.68766684,8158361.1122716,2105633.14790802,1.15648691938067,0.968270154831821
37.579,8193653.02688263,8158595.60917748,2091670.01365038,1.15498076974012,0.968671794735969
37.68,8173525.14562374,8158695.79704521,2108205.61157135,1.15675477689692,0.96819872616082
37.78,8188801.06327794,8158895.83129838,2095744.13993836,1.15540921630592,0.968557542318421
37.88,8206907.37158312,8159214.84367749,2080852.43106346,1.15380771691719,0.968984608822082
37.98,8174502.53597432,8159316.42265333,2107568.53745944,1.15666883666337,0.968221643556434
38.08,8197867.98508348,8159572.57826876,2088438.83170722,1.15460815296107,0.968771159210381
38.181,8199995.06943037,8159843.84209615,2086747.99208822,1.15441996266862,0.968821343288367
38.281,8177625.7515442,8159961.99388225,2105183.95017642,1.1563940788364,0.968294912310294
38.381,8188232.36838459,8160149.8362088,2096534.10518587,1.15545940038391,0.968544159897624
38.481,8198506.22894743,8160404.69502043,2088123.82157746,1.15455169587334,0.968786214433777
38.581,8192012.68099236,8160614.71408551,2093540.53837409,1.1551256762653,0.96863315299592
38.682,8178067.65608851,8160731.83580936,2105021.17558986,1.15635518617596,0.968305283686411
38.782,8186412.00514665,8160902.46753389,2098224.17328248,1.15561998943346,0.968501336151076
38.882,8191771.1882809,8161107.57455581,2093866.05402008,1.15514700449844,0.968627465467081
38.982,8194256.4488687,8161327.83204384,2091872.45682755,1.15492744915726,0.968686013558065
39.082,8192744.17333511,8161536.57772703,2093173.82539993,1.15506106426489,0.968650382862695
39.183,8192509.82620139,8161744.43037754,2093420.41468627,1.15508176519706,0.968644862614117
39.283,8187521.38685372,8161915.70520361,2097572.6227058,1.15552213048139,0.968527431871629
39.383,8185835.85960656,8162074.64251992,2098998.9996177,1.15567080081242,0.96848778645002
39.483,8190911.64068688,8162266.24977386,2094871.78384129,1.1552229079164,0.968607224555627
39.583,8182619.31396623,8162401.48558158,2101723.54359055,1.15595434085305,0.968412175772521
39.684,8199668.98979103,8162651.57718996,2087736.10439067,1.15444881851346,0.96881364839641
39.784,8196640.85312932,8162877.41872134,2090299.6201157,1.15471667602971,0.968742219725409
39.884,8174680.86647202,8162955.84665608,2108362.99802739,1.156653154139,0.968225825562933
39.984,8188132.83852297,8163123.13502106,2097379.91097882,1.15546818259756,0.968541817973985
40.084,8193028.2121497,8163321.83911898,2093397.34236389,1.1550359722259,0.968657074073093
40.185,8183936.13033363,8163460.17575716,2100915.59824701,1.1558382901727,0.968443122620612
40.285,8188779.7386685,8163628.41143455,2096977.33309874,1.15541109820885,0.968557040477641
40.385,8201036.92856715,8163876.97209264,2086915.99888747,1.15432774942532,0.968845933486581
40.485,8180967.34818619,8163990.5289897,2103487.21632064,1.15609987467921,0.968373366752212
40.585,8189064.05751026,8164157.12989311,2096879.07200271,1.15538600616985,0.968563731688039
40.686,8197371.50293159,8164380.02209238,2090080.0784139,1.15465206402931,0.968759449592185
40.786,8185608.22387047,8164521.07274632,2099815.21047146,1.15569087444362,0.968482433481702
40.886,8186319.54288926,8164665.91254483,2099267.79700732,1.15562814434614,0.968499161507697
40.986,8194483.5960126,8164864.03595612,2092591.23829509,1.15490737552606,0.968691366526384
41.086,8188623.35474916,8165021.90460123,2097464.0215424,1.15542489883029,0.968553360311922
41.187,8184135.39485808,8165150.16979154,2101186.91305778,1.15582072574541,0.968447806467891
41.287,8144266.41487386,8165011.40781262,2133526.35682223,1.15931792868006,0.96751521901865
41.387,8035561.04939298,8164151.27571582,2218120.85854004,1.16868478683616,0.965017390177024
41.487,8070422.62699708,8163528.49629568,2191274.0893986,1.16570698910866,0.965811469571024
41.587,8053809.2333009,8162799.46733901,2203849.59478267,1.16712908041859,0.965432245221709
41.688,8043303.87443944,8161997.56644287,2211652.40142956,1.16802549351162,0.965193201730235
41.788,8056539.80557503,8161296.85301043,2201352.67397637,1.16689572445596,0.965494473478412
41.888,8058043.81442207,8160610.78884138,2200014.61418527,1.16676712775612,0.965528765931702
41.988,8056415.05921582,8159918.46096763,2201076.46478245,1.16690638857253,0.965491629713993
42.088,8047637.03851419,8159172.40775846,2207585.4493652,1.16765601323744,0.965291729803348
42.189,8043016.80501325,8158392.92058514,2210894.09311024,1.16804995824964,0.965186677800097
42.289,8036040.3131124,8157579.94945011,2215972.1905843,1.1686440122728,0.965028263393921
42.389,8063937.37486252,8156957.741949,2194505.12350513,1.16626277777236,0.965663259260705
42.489,8051818.93298892,8156259.14779051,2203605.31256087,1.16729907898277,0.965386912271262
42.589,8033215.57979686,8155441.58557262,2217530.75980866,1.16888426854615,0.964964195054359
42.69,8058065.82039327,8154788.12454142,2198428.02048241,1.16676524585319,0.965529267772482
42.79,8028225.39787122,8153947.17929571,2220895.88843613,1.16930832400514,0.964851113598631
42.89,8069961.81129323,8153389.13904335,2188907.76200369,1.16574650907007,0.965800930914647
42.99,8060016.56764814,8152768.72557677,2196388.23002179,1.16659838379389,0.96557376432163
43.09,8053177.7248874,8152106.99379563,2201445.45453815,1.16718302830243,0.965417859119353
43.191,8057640.35160568,8151473.05506041,2197860.22171831,1.16680162930973,0.965519565517405
43.291,8038163.18231457,8150720.1683197,2212499.83644534,1.16846334959205,0.965076440108788
43.391,8058843.29223095,8150109.69299123,2196571.16017607,1.16669875194986,0.965546999480037
43.491,8049893.85521057,8149443.80948395,2203232.95429523,1.16746343183817,0.965343084843154
43.591,8043392.19965457,8148739.15022579,2207992.6385545,1.16801796589992,0.965195209093355
43.692,8025705.98566966,8147913.50969363,2221151.63401078,1.16952223363755,0.964794071029986
43.792,8062501.38378971,8147345.98935731,2193021.6410277,1.16638572876342,0.965630472329754
43.892,8047232.59792377,8146680.78655415,2204513.6313925,1.16769051479106,0.965282529389051
43.992,8051958.50437438,8146051.40494269,2200740.93663476,1.16728716026425,0.965390090596201
44.092,8062164.29564555,8145494.01756969,2192781.75243344,1.16641458460826,0.965622777437796
44.193,8050268.65159495,8144854.9872552,2201706.62721512,1.16743143948846,0.965351616136412
44.293,8043819.0793926,8144183.65479739,2206433.94142484,1.16798158244338,0.965204911348432
44.393,8064061.90239406,8143651.28631471,2190829.62955684,1.16625211365578,0.965666103025124
44.493,8037536.74929777,8142946.20893725,2210864.1072254,1.16851667017491,0.965062221286692
44.593,8050555.2385765,8142332.3177126,2200806.25721324,1.16740697475044,0.96535814006655
44.694,8054051.53166267,8141739.89049643,2197978.77872958,1.16710837948642,0.965437765470287
44.794,8049570.47524601,8141127.47139332,2201230.96927789,1.16749103308107,0.965335724511716
44.894,8051723.43416825,8140533.42682721,2199429.46532928,1.16730723389544,0.965384737627882
44.994,8047276.72055972,8139913.78322574,2202648.89436912,1.16768675098521,0.96528353307061
45.094,8048034.08871639,8139303.28917028,2201907.427992,1.1676221389848,0.965300762937386
45.195,8049739.5178028,8138702.25220499,2200446.48630506,1.16747660515864,0.965339571957695
45.295,8039482.08011261,8138042.98439215,2208059.7323883,1.16835106271755,0.96510638327532
45.395,8059158.64155883,8137518.83786962,2192936.46415284,1.16667177800794,0.965554192531215
45.495,8068213.18465928,8137058.33689037,2185868.27672339,1.16589643400306,0.965760950932518
45.595,8040167.158834,8136414.54406384,2207098.87385242,1.16829272372689,0.965121940339495
45.696,8087867.58901749,8136088.75927285,2170424.1236868,1.16420773977883,0.966211269392313
45.796,8061526.68678792,8135593.33204861,2190604.91316933,1.16646915979307,0.96560822405518
45.896,8074816.15918877,8135189.49850371,2180283.03729579,1.16532998122279,0.965912005007256
45.996,8043995.70693892,8134583.56192607,2203699.01027897,1.16796652721998,0.965208926074671
46.096,8035435.69475256,8133924.77454281,2210003.34501718,1.16869545095273,0.965014546412605
46.197,8070744.43700295,8133500.78928894,2182966.40918567,1.16567938786577,0.965818829902462
46.297,8039607.31766103,8132876.91470402,2206563.21891237,1.16834039860098,0.965109227039739
46.397,8040520.70539576,8132263.25444896,2205705.00433839,1.1682626132801,0.965129969791973
46.497,8059994.57168865,8131783.0656384,2190751.43635652,1.16660026569681,0.96557326248085
46.597,8044275.35244138,8131201.62118543,2202570.6387994,1.16794268978294,0.965215282724549
46.698,8057310.21743646,8130705.75701633,2192512.97428898,1.1668298578536,0.965512037905707
46.798,8042501.50433395,8130119.68441111,2203622.82297905,1.16809386931787,0.965174968181901
46.898,8045805.72263539,8129559.46081948,2200964.31438701,1.16781221118018,0.96525007701862
46.998,8041050.9710396,8128971.36671276,2204410.58884417,1.16821744760991,0.96514201397069
47.098,8063534.46683111,8128536.5716408,2187167.52185476,1.16629727932597,0.965654058846407
47.199,8043208.18675098,8127963.95714809,2202502.8752378,1.16803364842429,0.965191027086856
47.299,8046430.9580719,8127422.21164572,2199911.01807339,1.16775889059732,0.965264295840716
47.399,8056356.35379217,8126950.01499773,2192228.27366444,1.16691140698033,0.965490291471913
47.499,8029783.59971785,8126304.39335918,2212194.14989703,1.16917596349945,0.964886409733481
47.599,8065892.77089923,8125902.98871163,2184651.80154105,1.16609528841208,0.965707923090112
47.699,8062105.66891054,8125479.08781926,2187438.55917211,1.16641960301606,0.965621439195717
47.8,8058183.18366606,8125027.48416981,2190315.30809033,1.16675520903759,0.965531944256641
47.9,8043370.11852015,8124484.91231452,2201437.41396645,1.16801984780284,0.965194707252575
48,8031902.1530468,8123869.74674967,2209936.02823489,1.16899592811967,0.964934419168087
48.1,8056114.18543226,8123419.54534631,2191460.64264795,1.1669321079125,0.965484771223334
48.2,8064215.7255154,8123026.16593577,2185163.20411747,1.16623894033531,0.965669615910583
48.301,8030743.35120909,8122406.88224478,2210410.75700445,1.16909441437272,0.964908156167275
48.401,8064237.69979536,8122020.37747584,2184875.8125063,1.16623705843239,0.965670117751363
48.501,8026681.41506554,8121386.89833646,2213187.77536704,1.16943942990887,0.9648161520243
48.601,8073449.60569812,8121068.37929537,2177550.10405602,1.16544728650508,0.965880723598644
48.701,8045011.17509085,8120563.01767777,2199131.13224607,1.16787995968546,0.965232010750545
48.802,8052590.19189485,8120106.87140002,2193251.11793166,1.16723321238041,0.965404476698557
48.902,8054279.13282959,8119669.47940285,2191847.2243305,1.1670889331562,0.965442951158346
49.002,8051473.6579976,8119216.35269409,2193859.92642568,1.16732856212859,0.965379050099044
49.102,8031909.53295909,8118636.24307647,2208506.80168321,1.1689953008187,0.964934586448347
49.202,8055989.42670267,8118219.98669693,2190153.03986937,1.16694277202907,0.965481927458915
49.303,8035177.60025245,8117662.71288882,2205779.55184019,1.16871740648685,0.965008691603507
49.403,8060368.48764357,8117282.02176755,2186559.21569418,1.1665682733471,0.965581793774107
49.503,8043870.59650677,8116794.2400116,2198974.54709323,1.16797719133656,0.965206082310252
49.603,8043134.579394,8116304.80885737,2199399.21926245,1.16803992143404,0.965189354284257
49.703,8050246.60565212,8115865.88553936,2193887.07901938,1.16743332139138,0.965351114295632
49.804,8045607.09946833,8115394.39883308,2197279.8584583,1.1678291483065,0.965245560451601
49.904,8033599.20247394,8114850.9111625,2206204.89416396,1.16885164889546,0.964972893627877
50.004,8060866.99148892,8114492.2153459,2185427.07187583,1.16652561688081,0.965593168831784
50.104,8063256.0718406,8114151.77711086,2183509.83871193,1.16632111676302,0.965647702196529
50.204,8038067.38078354,8113646.23481538,2202508.49163375,1.16847150450472,0.965074265465409
50.305,8057897.10506176,8113272.11828084,2187364.46483598,1.16677967377561,0.965525420326503
50.405,8035295.58821664,8112754.00371457,2204356.80499767,1.16870736967125,0.965011368087666
50.505,8055321.53891078,8112372.39406142,2189084.02859994,1.16699985641778,0.965466704955259
50.605,8052406.57136803,8111973.95152763,2191193.99323938,1.16724889490478,0.965400294692058
50.705,8048776.62144616,8111554.0372632,2193837.21772283,1.16755878158635,0.965317658243641
50.806,8046710.44577053,8111118.89038569,2195286.27018098,1.16773505316027,0.965270652490594
50.906,8035450.4425455,8110616.11185732,2203659.22246675,1.16869419635078,0.965014880973125
51.006,8052913.3449772,8110232.70618372,2190338.45545246,1.16720561113752,0.965411837029995
51.106,8051392.8449549,8109841.74509383,2191388.2366035,1.16733546243931,0.965377210016184
51.206,8071212.48092517,8109585.07318969,2176188.5392778,1.16563924060338,0.965829535839099
51.307,8035966.58368265,8109091.04047036,2202855.94643296,1.16865028528254,0.965026590591322
51.407,8032411.33756181,8108581.54266401,2205394.21413366,1.16895264435241,0.964945961506024
51.507,8043377.47891084,8108148.29467026,2197005.22291866,1.16801922050187,0.965194874532835
51.607,8067803.36098104,8107880.22301072,2178343.99291743,1.16593156285765,0.96575158323796
51.707,8023710.1083056,8107320.95521005,2211581.2708096,1.16969160490075,0.964748905359799
51.808,8057207.50384675,8106984.65810836,2186194.60488916,1.16683864006725,0.965509695982068
51.908,8051481.00456257,8106615.86442955,2190449.62229013,1.16732793482761,0.965379217379304
52.008,8033141.80231585,8106127.66648342,2204177.40560216,1.1688905415559,0.96496252225176
52.108,8046077.89508391,8105728.66615297,2194306.40279048,1.16778900104411,0.965256266388238
52.208,8040771.11672119,8105297.05612208,2198201.92517124,1.16824128504696,0.965135657320811
52.309,8052149.48945716,8104940.3979366,2189489.34130838,1.1672708504389,0.96539443988296
52.409,8050929.97737465,8104581.52603501,2190318.16433844,1.16737498240072,0.965366671359807
52.509,8051223.86732375,8104226.99140546,2189999.31017494,1.16734989036173,0.965373362570205
52.609,8040248.18247419,8103801.88460971,2198191.1535727,1.16828582341617,0.965123780422355
52.709,8042479.41864533,8103394.42786818,2196395.78059326,1.1680957512208,0.965174466341121
52.81,8035752.76124158,8102940.50390523,2201346.1425666,1.16866847701081,0.965021739463783
52.91,8043134.579394,8102543.1238139,2195670.00503835,1.16803992143404,0.965189354284257
53.01,8046960.49835508,8102173.80540671,2192675.95591669,1.16771372492713,0.965276340019432
53.11,8043767.56166368,8101785.72548549,2194986.37549781,1.1679859735502,0.965203740386612
53.21,8043517.32395007,8101398.56145596,2195070.61271073,1.16800730178335,0.965198052857774
53.311,8041360.26263001,8100995.66152917,2196590.68629014,1.16819110096897,0.965149039741608
53.411,8040240.81675144,8100591.97634307,2197326.00906964,1.16828645071714,0.965123613142095
53.511,8052281.70493086,8100270.97904685,2188127.58256085,1.16725955902135,0.965397450927639
53.611,8055174.73645901,8099971.33734506,2185849.25346014,1.16701240243727,0.96546335935006
53.711,8039356.83893838,8099568.58468954,2197715.07593027,1.16836172683412,0.9651035395109
53.812,8040741.65731802,8099173.81393162,2196563.49457163,1.16824379425086,0.965134988199772
53.912,8066295.45674063,8098955.35389292,2177099.16017704,1.16606078685846,0.96571712350441
54.012,8024582.49314778,8098461.18388491,2208511.7329738,1.16961758338572,0.964768644430473
54.112,8048769.27026426,8098131.00627568,2190212.41565185,1.16755940888732,0.965317490963381
54.212,8052134.79859805,8097825.38476147,2187578.4198457,1.16727210504085,0.96539410532244
54.313,8058139.17281514,8097559.06189423,2182943.96478276,1.16675897284344,0.965530940575082
54.413,8039482.08011261,8097173.16975205,2196970.70371764,1.16835106271755,0.96510638327532
54.513,8044061.94040571,8096820.27252087,2193418.70713282,1.16796088151121,0.965210431597011
54.613,8059613.29045011,8096573.05096123,2181556.02357199,1.1666328853475,0.965564563907332
54.713,8045253.96903294,8096232.06164236,2192358.53638201,1.16785925875329,0.965237530999123
54.814,8046173.51916404,8095896.13301856,2191572.31763998,1.16778084613143,0.965258441031617
54.914,8044032.50343482,8095551.5254562,2193097.242111,1.16796339071511,0.965209762475971
55.014,8052083.38019597,8095262.70163692,2186925.12625689,1.16727649614767,0.96539293436062
55.114,8045702.73398675,8094933.40074186,2191667.65378545,1.16782099339382,0.96524773509498
55.214,8053030.84916687,8094654.97950003,2186042.2068524,1.16719557432192,0.965414513514154
55.314,8043613.0047884,8094315.83141832,2193079.3002124,1.16799914687067,0.965200227501154
55.415,8048372.28781056,8094007.51738015,2189397.69612444,1.16759328313996,0.965308457829343
55.515,8037440.93390339,8093631.66107006,2197547.00310099,1.16852482508758,0.965060046643312
55.615,8044032.50343482,8093302.0997774,2192487.86926753,1.16796339071511,0.965209762475971
55.715,8060302.50484625,8093082.83417529,2180090.90323323,1.16657391905587,0.965580288251768
55.816,8065167.8407464,8092895.50460352,2176331.19519855,1.16615739120859,0.965691362344377
55.916,8054822.39009966,8092642.52803235,2184139.06285019,1.16704251288406,0.965455329897583
56.016,8054602.15894622,8092389.7690379,2184238.04783084,1.16706133191331,0.965450311489784
56.116,8050540.54227242,8092111.70211243,2187243.16657516,1.16740822935239,0.96535780550603
56.216,8032581.05245979,8091716.15108317,2200679.71774814,1.16893821642999,0.964949808952003
56.317,8128577.55503451,8091963.51746836,2126872.88537021,1.16068481750421,0.967150715332212
56.417,8144108.31194911,8092309.99322912,2114655.23702984,1.15933172930151,0.967511538852931
56.517,8152178.16405384,8092707.78691569,2108321.87961102,1.1586266430058,0.967699561865119
56.617,8134041.9326223,8092982.43138829,2122821.44617621,1.16020932336529,0.967277513769256
56.717,8164832.44346833,8093459.83834413,2098364.70391312,1.15751820218329,0.967995146084457
56.818,8158850.35494641,8093898.65548032,2103287.3025009,1.15804262579824,0.967855299787136
56.918,8129075.27021686,8094132.3862769,2127050.00572427,1.16064153373694,0.967162257670148
57.018,8182341.66003911,8094718.49224466,2084521.77461432,1.15597880559106,0.968405651842383
57.118,8140232.89346617,8095020.91239889,2118445.84197796,1.15966984452694,0.967421374792816
57.218,8145013.72831664,8095353.08935154,2114729.38213223,1.15925268937868,0.967532616165686
57.319,8153949.39696024,8095746.3124859,2107696.2119317,1.15847169966502,0.967740880089328
57.419,8160468.38721477,8096176.3579066,2102579.70799613,1.15790085577793,0.967893105125885
57.519,8153390.14294377,8096556.5145434,2108354.83133044,1.15852062914106,0.967727832229051
57.619,8140592.54762817,8096849.11168979,2118638.44684851,1.1596384794782,0.967429738805814
57.719,8166319.44779392,8097310.70690349,2098164.75755823,1.15738772358052,0.968029940378527
57.82,8141290.18725561,8097605.84067245,2118281.80303362,1.15957763128364,0.96744596499103
57.92,8156751.68662762,8097998.83487594,2106036.91444754,1.15822642498386,0.967806286670969
58.02,8135640.95285903,8098248.94769343,2122935.70341829,1.16007006254888,0.967314649986966
58.12,8174309.93022949,8098754.33441612,2092081.23626485,1.15668577378969,0.968217126989415
58.22,8158392.03469114,8099150.59674256,2105020.08774601,1.15808277306063,0.967844593850499
58.32,8157561.19824802,8099538.70561891,2105787.87944033,1.15815553997371,0.967825189340344
58.421,8151460.84803773,8099887.14033123,2110766.12023237,1.15868937310329,0.967682833839124
58.521,8157267.50016031,8100268.40377319,2106213.29460508,1.15818125931368,0.967818330849686
58.621,8156142.65638265,8100639.65989516,2107212.23766217,1.15827974556672,0.967792067848873
58.721,8140124.99110139,8100902.01993138,2120070.69834719,1.15967925404156,0.967418865588917
58.821,8137440.91110866,8101144.80236526,2122266.60845214,1.15991323730517,0.967356470051954
58.922,8158907.64136506,8101532.43232912,2105225.00354679,1.15803760739044,0.967856638029216
59.022,8157002.43744067,8101901.00243112,2106850.53034555,1.15820446944975,0.967812141480068
59.122,8163194.68113943,8102308.2678959,2101978.31519141,1.15766185410652,0.967956838904928
59.222,8152716.06873267,8102643.20221326,2110479.63628762,1.15857959543269,0.967712107884616
59.322,8171276.9680899,8103099.23884132,2095659.45368496,1.15695237670399,0.968146032878935
59.423,8163509.4114265,8103504.63430701,2102035.17278697,1.15763425286363,0.967964199236366
59.523,8130056.09916304,8103681.05534917,2128783.71628233,1.16055622080437,0.967185007785502
59.623,8149667.00910911,8103986.60873128,2113269.25015157,1.15884619834699,0.967641013774135
59.723,8163466.49509032,8104381.82246415,2102297.28934691,1.15763801666948,0.967963195554806
59.823,8153547.88898445,8104708.50608561,2110351.23165526,1.15850682851961,0.96773151239477
59.924,8134265.25637442,8104906.85302016,2125772.21325934,1.16018987703507,0.967282699457315
60.024,8160726.06770111,8105277.74344295,2104736.05116015,1.15787827294284,0.967899127215244
60.124,8146565.40726122,8105552.07906694,2116155.50477159,1.15911719236812,0.967568748701836
60.224,8132564.81077327,8105731.5649938,2127336.26912896,1.16033792006513,0.967243221315966
60.324,8149889.48772372,8106024.97203516,2113622.87008401,1.15882675201677,0.967646199462194
60.425,8160532.80886069,8106390.75860634,2105180.56328325,1.15789521006916,0.967894610648225
60.525,8148855.93660078,8106672.9182159,2114618.26112732,1.15891708335715,0.967622111104761
60.625,8123691.00750322,8106785.99480372,2134627.08422408,1.16110950026416,0.967037466596223
60.725,8163702.52935002,8107164.1763615,2102828.8030116,1.15761731573731,0.967968715803384
60.825,8151776.48254151,8107460.60255086,2112486.98224839,1.15866177186039,0.967690194170562
60.926,8155963.51258923,8107786.09176834,2109215.02637018,1.1582954280911,0.967787885842375
61.026,8145128.68757135,8108034.21441258,2117950.31988311,1.15924265256308,0.967535292649845
61.126,8155727.03077538,8108351.10903258,2109551.8225866,1.15831612902326,0.967782365593796
61.226,8143490.21497953,8108584.59060225,2119400.90679865,1.15938567718534,0.967497152750575
61.326,8158757.26280356,8108917.96260886,2107265.07895057,1.15805078071091,0.967853125143756
61.427,8138693.21925284,8109117.77587733,2123359.80867862,1.15980408693555,0.967385576817186
61.527,8150140.65876569,8109390.35216609,2114299.40544949,1.15880479648265,0.967652054271292
61.627,8149681.36293195,8109658.0655351,2114736.70717509,1.15884494374504,0.967641348334655
61.727,8161599.19731961,8110003.18806035,2105260.11536713,1.15780174222391,0.967919535406958
61.827,8133285.4238833,8110157.88673064,2127926.64256404,1.16027518996765,0.967259949341961
61.928,8137167.36799008,8110339.1396681,2124892.64832721,1.15993707474221,0.967350113402076
62.028,8156214.31170446,8110643.95696174,2109757.10664167,1.15827347255698,0.967793740651473
62.128,8155533.53549269,8110942.22548551,2110381.29143904,1.15833306614958,0.967777849026777
62.228,8159022.21179354,8111261.69265379,2107661.05182954,1.15802757057484,0.967859314513375
62.328,8121003.48473707,8111326.42193035,2137941.50338067,1.1613428562268,0.96697523833952
62.429,8171712.42664761,8111731.65521237,2097539.29113731,1.15691411134453,0.968156236974792
62.529,8151202.58355928,8111993.91954888,2114127.92046199,1.15871195593838,0.967676811749765
62.629,8134373.31192611,8112142.61928154,2127584.27236739,1.16018046752045,0.967285208661214
62.729,8157403.60677429,8112443.35562983,2109269.6085424,1.15816934059516,0.967821509174625
62.829,8163051.61388858,8112779.62188527,2104810.25189102,1.15767440012602,0.967953493299729
62.93,8156020.83945625,8113069.80138293,2110543.5236861,1.1582904096833,0.967789224084454
63.03,8142419.10639443,8113264.8126565,2121478.37029388,1.15947914503059,0.967472227991842
63.13,8156450.76536504,8113551.76144915,2110323.53160201,1.15825277162481,0.967799260900051
63.23,8150442.04372915,8113796.878699,2115206.96051364,1.15877844984171,0.96765908004221
63.33,8135993.80645883,8113944.36604666,2126769.90272377,1.16003932480111,0.967322846719704
63.431,8155619.53452525,8114224.03623482,2111166.11821033,1.15832553853789,0.967779856389897
63.531,8138606.86536866,8114386.04779048,2124808.00857641,1.15981161454725,0.967383569454067
63.631,8144984.98800113,8114589.36225731,2119777.37533603,1.15925519858258,0.967531947044646
63.731,8144812.54189255,8114790.17998535,2119967.52496152,1.15927025380597,0.967527932318407
63.831,8148626.22324387,8115015.00336314,2116978.09346412,1.15893715698834,0.967616758136442
63.932,8153332.77924163,8115272.14304561,2113274.42594419,1.15852564754886,0.967726493986972
64.032,8157152.88055144,8115550.419344,2110279.03837399,1.15819129612927,0.967815654365527
64.132,8147398.47473789,8115762.03354886,2118155.06294114,1.15904442545504,0.96758815321199
64.232,8150836.68104812,8115995.08682477,2115463.87707475,1.1587439482881,0.967668280456508
64.332,8135712.96624424,8116126.10215124,2127564.93456383,1.16006378953913,0.967316322789566
64.433,8157432.26022117,8116403.29601562,2110276.16866137,1.15816683139126,0.967822178295665
64.533,8150384.6387757,8116629.08483504,2115991.28016809,1.15878346824951,0.967657741800131
64.633,8148992.3228279,8116844.12216745,2117162.24431067,1.15890516463863,0.9676252894297
64.733,8143813.64938615,8117023.32102235,2121348.45864703,1.15935744864148,0.967504680362273
64.833,8157690.13220995,8117293.53139492,2110300.22890647,1.15814424855616,0.967828200385023
64.934,8131397.15128339,8117388.17677181,2131321.60902482,1.16043954282305,0.967216121913853
65.034,8161677.91294387,8117682.45964678,2107190.10676194,1.15779484191318,0.967921375489817
65.134,8140340.7930081,8117833.01280107,2124329.74112263,1.15966043501232,0.967423883996716
65.237,8155698.3653847,8118092.13089853,2112109.18060632,1.15831863822716,0.967781696472756
65.337,8144740.68721449,8118269.19706429,2120933.80226122,1.15927652681572,0.967526259515807
65.437,8154831.14243705,8118512.13268162,2112915.16677005,1.15839454164512,0.967761455561302
65.537,8150291.35401382,8118723.28951898,2116611.97797236,1.15879162316218,0.967655567156751
65.638,8141232.65443314,8118874.34345711,2123891.37610515,1.15958264969144,0.96744462674895
65.738,8156221.47716764,8119122.49625344,2111956.80134399,1.158272845256,0.967793907931733
65.838,8142491.00159613,8119277.76814102,2122993.29421894,1.15947287202084,0.967473900794442
65.938,8146594.13653624,8119459.27157995,2119763.3491846,1.15911468316422,0.967569417822875
66.038,8163845.57376711,8119754.1960872,2105978.91036316,1.15760476971781,0.967972061408583
66.139,8137217.75887317,8119871.3890841,2127349.98769496,1.15993268363539,0.967351284363896
66.239,8161978.44954548,8120151.16918395,2107588.5607925,1.15776849527224,0.967928401260736
66.339,8232419.75398928,8120897.13709345,2049814.39400895,1.15153876929125,0.969589661522334
66.439,8214994.2824325,8121522.36498707,2064532.50562878,1.15309008460199,0.969175977439469
66.539,8235828.20448269,8122281.86942261,2047298.16179661,1.15123452831846,0.969670792448411
66.64,8237801.64720872,8123057.08975569,2045831.53188966,1.15105825674453,0.969717798201458
66.74,8245503.32376118,8123870.68299163,2039530.78178263,1.15036948027417,0.969901471926887
66.84,8218904.59528284,8124502.13522741,2062034.31754977,1.15274255986194,0.969268650703483
66.94,8219729.92700168,8125134.8756942,2061506.75081937,1.15266916564788,0.969288222493898
67.04,8188609.13772811,8125556.63003126,2087337.66849794,1.15542615343224,0.968553025751402
67.141,8184768.7060614,8125953.98541214,2090582.68957749,1.15576489595865,0.968462694411027
67.241,8177190.92742616,8126294.42895287,2096852.08172772,1.15643234419586,0.968284708214437
67.341,8196016.50320133,8126757.6968391,2081564.12312321,1.1547718785155,0.968727499062534
67.442,8189739.23430806,8127180.3480023,2086828.48082437,1.15532641257725,0.968579623312735
67.542,8210705.45752127,8127735.33007005,2069675.60157803,1.15347085629371,0.969074438321677
67.642,8184605.05089084,8128113.20057432,2091272.01216309,1.15577932388107,0.968458846965048
67.742,8185095.99649199,8128491.82240536,2090967.93853959,1.15573604011381,0.968470389302985
67.842,8184420.04140186,8128863.43710665,2091616.31584172,1.15579563370641,0.968454497678289
67.942,8183523.33681462,8129226.62446836,2092442.78135329,1.15587467362924,0.968433420365535
68.043,8191600.71410549,8129645.19922215,2085933.8388043,1.15516205972184,0.968623450740842
68.143,8198775.67917807,8130104.5362638,2080148.33646042,1.15452785843629,0.968792571083655
68.243,8180910.37180477,8130442.11532026,2094889.82627249,1.156104893087,0.968372028510132
68.343,8194277.74445919,8130866.27075878,2084047.18153479,1.15492556725433,0.968686515398845
68.443,8186867.17303888,8131238.36840369,2090224.59573281,1.15557984217107,0.968512042087713
68.544,8189113.81124374,8131626.75401986,2088483.18081673,1.15538161506303,0.968564902649859
68.644,8183566.04154963,8131971.86429097,2093114.48676669,1.15587090982339,0.968434424047095
68.744,8186767.60945356,8132335.95427696,2090588.29339698,1.15558862438472,0.968509700164074
68.844,8198648.04711658,8132776.56456305,2080937.25331612,1.15453914985384,0.968789560038976
68.944,8190677.18673635,8133161.28488491,2087594.39300879,1.15524360884857,0.968601704307049
69.045,8197222.5462983,8133591.18176804,2082320.8974239,1.15466523734978,0.968755936706726
69.145,8188282.13239326,8133954.57544737,2089763.12517986,1.15545500927708,0.968545330859444
69.245,8187940.88113134,8134313.2871178,2090135.07212237,1.15548511972388,0.968537301406966
69.345,8175871.91305887,8134589.42314792,2100066.89182582,1.15654839487621,0.968253761366345
69.445,8202978.17368152,8135043.83177306,2077941.01500614,1.15415586895822,0.968891768277808
69.546,8181807.65654505,8135357.65048455,2095423.40373994,1.15602585316418,0.968393105822886
69.646,8191607.81734041,8135731.40436637,2087489.62294687,1.15516143242087,0.968623618021102
69.746,8185259.63175202,8136060.49436344,2092780.93062786,1.15572161219139,0.968474236748964
69.846,8205159.1787515,8136519.62013964,2076512.92797731,1.15396266025797,0.968943290597874
69.946,8176285.48809452,8136783.84420053,2100296.52425439,1.15651201141967,0.968263463621422
70.046,8198024.00963465,8137190.7540967,2082581.52709587,1.15459435233962,0.9687748393761
70.147,8183729.73884972,8137503.06397084,2094404.2533897,1.15585648190097,0.968438271493074
70.247,8192190.23990986,8137866.4325693,2087558.67587485,1.15510999374093,0.968637335002419
70.347,8184498.31568224,8138176.27782496,2093948.50448255,1.15578873339569,0.968456337761149
70.447,8186995.17974961,8138500.65471343,2091986.51190627,1.15556855075353,0.968515053132393
70.547,8186696.49110139,8138820.89164684,2092313.67882395,1.15559489739447,0.968508027361475
70.648,8181202.36727217,8139105.30166113,2096883.39334638,1.15607917374704,0.96837888700079
70.748,8201058.18817565,8139516.94722806,2080671.32221458,1.1543258675224,0.96884643532736
70.848,8187734.6944863,8139837.32974811,2091723.62884405,1.15550331145215,0.968532450279428
70.948,8195541.08072457,8140207.45297305,2085400.88648648,1.15481390768081,0.968716291285117
71.048,8196577.00361953,8140582.00009972,2084642.98988314,1.15472232173849,0.96874071420307
71.149,8188879.25254649,8140906.10920767,2091059.00449999,1.1554023159952,0.96855938240128
71.249,8169841.76609968,8141098.3719989,2106653.05308182,1.15707846419993,0.968112409546684
71.349,8200902.28175781,8141495.73870321,2081306.03415988,1.15433966814384,0.968842755161642
71.449,8189931.10599783,8141817.56719824,2090429.28952292,1.15530947545092,0.968584139879753
71.549,8173510.87540757,8142028.15318639,2103910.31025864,1.15675603149887,0.968198391600301
71.65,8191614.92056279,8142360.91586183,2089184.80107766,1.15516080511989,0.968623785301362
71.75,8198740.2262354,8142735.52783695,2083409.34523264,1.15453099494117,0.968791734682356
71.85,8186248.41663309,8143024.64895438,2093761.79517928,1.15563441735588,0.968497488705097
71.95,8201348.72484209,8143412.1829118,2081426.78297352,1.15430014818243,0.968853293818019
72.05,8185629.56526648,8143692.69604478,2094440.91314014,1.15568899254069,0.968482935322482
72.15,8169834.62452412,8143866.39592505,2107375.13031262,1.15707909150091,0.968112242266424
72.251,8205435.26008526,8144279.56703995,2078264.46532616,1.15393819551996,0.968949814528012
72.351,8194795.90235851,8144615.22251399,2087144.29016676,1.15487977428317,0.968698726857822
72.451,8176035.92200209,8144823.99715521,2102575.38015867,1.15653396695378,0.968257608812324
72.551,8206135.99623062,8145231.38434955,2077926.21072308,1.15387609272345,0.968966375273747
72.651,8173996.03460401,8145422.51088824,2104392.31145014,1.15671337503258,0.968209766657977
72.752,8196456.39621724,8145764.98476018,2086069.74921809,1.15473298585506,0.968737870438651
72.852,8180411.7942167,8145995.19526889,2099304.87500012,1.15614880415524,0.968360318891936
72.952,8193539.43143043,8146311.10264868,2088614.12240099,1.15499080655571,0.96866911825181
73.052,8201334.55281107,8146676.70561911,2082272.90854191,1.15430140278438,0.968852959257499
73.152,8171005.67522538,8146838.35930548,2107192.11039455,1.15697621414104,0.968139676229057
73.252,8204422.86856929,8147220.97921709,2079854.45302659,1.15402789955936,0.968925893450838
73.353,8174124.44938657,8147401.52074431,2104798.97194527,1.15670208361504,0.968212777702657
73.453,8201121.9663237,8147758.46590894,2082725.30109496,1.15432022181362,0.9688479408497
73.553,8180062.75332713,8147973.11154462,2100099.98425036,1.15617954190301,0.968352122159198
73.653,8186675.15535109,8148230.26703261,2094750.13305988,1.15559677929739,0.968507525520695
73.753,8200179.3635704,8148575.44247962,2083713.87829676,1.15440365284328,0.968825692575126
73.854,8185394.8037001,8148822.52672801,2095952.76916628,1.15570969347286,0.968477415073903
73.954,8187116.07124397,8149076.96794502,2094605.89589667,1.15555788663696,0.968517896896812
74.054,8202886.09209545,8149434.50233386,2081693.11582557,1.15416402387089,0.968889593634429
74.154,8176499.38965567,8149614.33480838,2103433.83189352,1.15649319239042,0.968268482029221
74.254,8180376.17917946,8149818.73169088,2100319.36726805,1.15615194066012,0.968359482490636
74.355,8205187.49566395,8150190.29569899,2079978.31721464,1.15396015105407,0.968943959718913
74.455,8194199.66007536,8150482.7156453,2089139.50413937,1.15493246756505,0.968684675315985
74.555,8187315.17874244,8150727.44871597,2094866.63699684,1.15554032220966,0.96852258074409
74.655,8179186.45674969,8150916.54441683,2101575.12233443,1.15625669992291,0.968331546687224
74.755,8199690.25666368,8151240.62104278,2084799.97110101,1.15444693661054,0.968814150237189
74.855,8188189.71303071,8151486.12905337,2094343.24374114,1.15546316418976,0.968543156216065
74.956,8199186.91039145,8151806.23541356,2085360.89028201,1.15449147497975,0.968802273338733
75.056,8174003.16886524,8151953.72279904,2106073.85253478,1.15671274773161,0.968209933938237
75.156,8190385.87643216,8152209.08500346,2092723.218965,1.15526932818854,0.96859484581639
75.256,8204387.46562251,8152555.7839271,2081245.70655327,1.15403103606423,0.968925057049539
75.356,8172447.60316662,8152687.95499562,2107531.12294981,1.15684949934412,0.968173466841567
75.457,8190400.0871802,8152941.03037572,2092899.42090505,1.15526807358659,0.96859518037691
75.557,8181665.24369458,8153131.88823145,2100118.12359985,1.15603839918367,0.968389760217687
75.657,8198988.39024742,8153436.58147226,2085942.12965568,1.15450903940705,0.968797589491454
75.757,8181551.30980095,8153623.38960878,2100338.0171504,1.15604843599927,0.968387083733528
75.857,8193908.60490702,8153891.06446985,2090253.15221251,1.15495818690502,0.968677816825327
75.958,8194717.82804913,8154165.04125431,2089655.94429437,1.15488667459389,0.968696886774962
76.058,8200625.88727541,8154473.75005509,2084852.57549475,1.15436413288186,0.968836231231503
76.158,8184605.05089084,8154673.95729502,2098105.79582004,1.15577932388107,0.968458846965048
76.258,8172725.93623486,8154793.90355617,2107848.74449678,1.1568250346061,0.968179990771706
76.359,8152694.55390049,8154779.81541844,2124076.89540783,1.15858147733562,0.967711606043836
76.459,8150994.52534923,8154754.66408226,2125439.63230005,1.15873014766665,0.967671960622227
76.56,8149595.23924214,8154720.04065136,2126556.69770398,1.15885247135674,0.967639340971536
76.66,8156479.4254864,8154731.73087289,2121011.24124415,1.15825026242091,0.967799930021091
76.76,8141067.24309586,8154640.93726933,2133380.33984871,1.15959707761386,0.967440779302971
76.861,8149480.40484541,8154606.30640576,2126619.41291259,1.15886250817234,0.967636664487377
76.961,8150650.12995446,8154580.01961607,2125671.34460467,1.15876025811344,0.967663931169749
77.061,8148346.24272017,8154538.59932448,2127513.77106418,1.15896162172636,0.967610234206304
77.161,8151805.1753829,8154520.4371062,2124725.82434736,1.15865926265649,0.967690863291602
77.262,8146076.9788732,8154463.77546237,2129317.3155723,1.1591598488344,0.967557373644159
77.362,8142131.51304159,8154381.83382186,2132460.17891141,1.15950423706958,0.967465536781444
77.463,8149351.21231001,8154348.07475342,2126655.98334325,1.15887379958988,0.967633653442697
77.563,8137412.11794931,8154235.54389437,2136197.86129217,1.15991574650907,0.967355800930915
77.663,8148654.93811606,8154198.46359419,2127176.86485307,1.15893464778444,0.967617427257482
77.763,8149466.05031999,8154167.01910379,2126516.39822273,1.15886376277429,0.967636329926857
77.864,8136749.81988098,8154050.13723956,2136678.39903777,1.15997345819875,0.967340411146999
77.964,8154544.41676692,8154053.42147679,2122396.38961227,1.15841963368411,0.967754764350904
78.064,8147477.46375246,8154009.72756682,2128073.97183601,1.15903752514431,0.96758999329485
78.164,8144539.48744143,8153946.80261554,2130416.13548717,1.15929409124302,0.967521575668529
78.265,8148138.03970397,8153907.82166176,2127516.54950935,1.15897981345463,0.967605383078765
78.365,8153483.35724721,8153905.00131061,2123213.32132385,1.15851247422838,0.967730006872431
78.465,8131144.83591897,8153753.77153403,2141070.78265292,1.16046149835717,0.967210267104755
78.565,8152386.16223118,8153744.68446258,2124055.73316729,1.15860845127753,0.967704412992658
78.665,8149695.71670461,8153717.78112163,2126214.51085077,1.15884368914309,0.967641682895175
78.765,8158721.45756866,8153751.02801849,2118944.7965691,1.15805391721579,0.967852288742457
78.866,8153268.24411696,8153747.7881932,2123345.77194396,1.15853129325763,0.967724988464632
78.966,8141786.37452099,8153668.31065488,2132550.03684648,1.15953434751638,0.967457507328966
79.066,8164532.11711291,8153740.49514893,2114237.06418034,1.15754454882423,0.967988120313539
79.168,8153662.60956369,8153739.96732359,2123025.84939963,1.15849679170401,0.967734188878929
79.268,8153705.62895287,8153739.73916251,2122991.10920216,1.15849302789817,0.967735192560489
79.37,8125950.93841438,8153551.41634068,2145147.64945232,1.16091315505904,0.967089825317589
79.47,8157503.89296015,8153577.67854686,2119883.69234848,1.15816055838151,0.967823851098265
79.57,8153748.64789039,8153578.81455159,2122914.52865955,1.15848926409232,0.967736196242049
79.671,8155590.8683818,8153592.31687189,2121432.12670605,1.15832804774179,0.967779187268857
79.771,8145760.90606168,8153540.28111175,2129329.88583919,1.1591874500773,0.967550013312721
79.872,8131995.43770971,8153395.69980283,2140299.29628482,1.16038747684214,0.96723000617543
79.972,8167891.650164,8153492.01805433,2111445.50008698,1.15724971736606,0.968066742035717
80.072,8127625.23781537,8153320.14639483,2143756.76326305,1.16076762123288,0.967128634337898
80.172,8170263.09685109,8153432.72372316,2109502.03374678,1.15704145344242,0.968122279082022
80.273,8167219.96526704,8153525.24597508,2111999.76258782,1.15730868365769,0.968051017691282
80.373,8148906.18468507,8153494.55465123,2126791.24225839,1.15891269225032,0.96762328206658
80.473,8141707.2762055,8153416.23415333,2132547.45509375,1.1595412478271,0.967455667246107
80.573,8151998.84681171,8153406.816332,2124279.68970758,1.15864232553017,0.96769537985862
80.673,8144503.55787548,8153347.65868688,2130288.41301302,1.15929722774789,0.967520739267229
80.774,8157518.21935739,8153375.64613192,2119819.59169005,1.15815930377956,0.967824185658784
80.874,8143375.20995694,8153309.19829631,2131183.09717883,1.15939571400094,0.967494476266416
80.974,8147161.49858578,8153268.34994404,2128134.29916757,1.15906512638721,0.967582632963412
81.074,8160267.95781749,8153314.85879477,2117580.76513304,1.15791842020522,0.967888421278607
81.174,8138002.33759387,8153213.11484343,2135458.37309449,1.15986430782913,0.967369517912231
81.275,8152221.19902517,8153206.45837883,2124048.4029045,1.15862287919995,0.967700565546679
81.375,8150571.20193864,8153188.9484339,2125372.24840091,1.15876715842416,0.967662091086889
81.475,8157138.5528745,8153215.1915559,2120084.54596199,1.15819255073122,0.967815319805007
81.575,8152314.43991363,8153209.20651725,2123974.01469835,1.15861472428728,0.967702740190058
81.675,8152579.80622185,8153205.02447092,2123759.15564236,1.15859151415121,0.967708929559677
81.776,8149013.85708132,8153176.89874006,2126621.81306929,1.1589032827357,0.96762579127048
81.876,8146428.94046356,8153132.0619735,2128687.01290461,1.15912911108664,0.967565570376896
81.976,8130214.74086406,8152979.78797673,2141607.92352787,1.16054242018292,0.967188687951221
82.076,8162021.38153909,8153039.8647886,2116090.06822173,1.15776473146639,0.967929404942295
82.177,8160618.7028078,8153090.72421238,2117238.75768965,1.15788768245746,0.967896618011344
82.277,8140959.36256114,8153010.11745577,2133040.05165272,1.15960648712848,0.967438270099072
82.377,8151819.52172831,8153002.20654991,2124318.68460096,1.15865800805454,0.967691197852121
82.477,8144000.51101889,8152942.39484026,2130585.93093474,1.15934113881613,0.967509029649032
82.577,8157647.1546743,8152973.65558755,2119610.91939852,1.15814801236201,0.967827196703464
82.678,8150226.77101354,8152955.22202738,2125588.4607499,1.15879726887096,0.967654061634412
82.778,8148030.34434851,8152922.49870845,2127346.00380884,1.15898922296925,0.967602873874866
82.878,8138455.74172416,8152826.37443216,2134994.68328566,1.15982478786772,0.967380056568608
82.978,8159244.18285893,8152869.0175201,2118292.99096981,1.15800812424462,0.967864500201433
83.078,8154099.9523077,8152877.1964586,2122448.63377298,1.15845852634455,0.967744392974787
83.179,8138405.36594648,8152780.08012506,2135022.82858875,1.15982917897454,0.967378885606788
83.279,8154279.17765024,8152790.04086919,2122281.43553122,1.15844284382018,0.967748574981286
83.379,8149889.48772372,8152770.76816196,2125811.70297248,1.15882675201677,0.967646199462194
83.479,8131966.60661119,8152632.53504067,2140121.92792634,1.16038998604604,0.96722933705439
83.579,8163809.81313331,8152706.80239504,2114554.64623502,1.15760790622269,0.967971225007284
83.68,8155426.03416142,8152725.05038509,2121339.47919597,1.15834247566421,0.967775339822878
83.78,8162150.17480996,8152787.67556538,2115920.31298466,1.15775344004885,0.967932415986974
83.88,8122889.26712288,8152589.01577749,2147323.27864216,1.16117913067237,0.967018898487368
83.984,8154150.13619401,8152599.80210989,2122335.95860785,1.15845413523773,0.967745563936606
84.084,8161720.84809907,8152660.40684291,2116234.92919479,1.15779107810734,0.967922379171377
84.184,8144726.31612833,8152607.68882679,2129916.41245274,1.15927778141767,0.967525924955287
84.285,8145164.61167979,8152557.74045556,2129551.76745972,1.15923951605821,0.967536129051145
84.386,8150011.48700651,8152540.65327374,2125653.56585036,1.1588160879002,0.967649043226613
84.487,8156149.82197129,8152564.87337711,2120713.71388779,1.15827911826575,0.967792235129133
84.587,8129306.07437489,8152410.33043263,2142181.25077905,1.16062146010575,0.967167610638467
84.687,8154078.44473966,8152421.41420771,2122347.31916517,1.15846040824747,0.967743891134007
84.787,8156694.36999814,8152449.80583573,2120244.1906492,1.15823144339166,0.96780494842889
84.887,8168634.66172725,8152557.34600946,2110599.68733525,1.15718447806468,0.968084139182752
84.988,8141031.28323127,8152479.99788434,2132843.78959314,1.15960021411873,0.967439942901671
85.088,8159952.97746317,8152529.65205041,2117631.62373113,1.15794602144812,0.967881060947169
85.188,8135993.80645883,8152419.77972781,2136854.80694795,1.16003932480111,0.967322846719704
85.288,8162765.46433167,8152488.52156445,2115344.30869662,1.15769949216501,0.96794680208933
85.389,8130885.29551034,8152343.54846618,2140907.09826536,1.16048408119226,0.967204245015397
85.489,8161098.24414275,8152401.71898684,2116671.76952943,1.15784565329215,0.967907825788761
85.589,8148145.21929397,8152373.43670125,2127110.4286336,1.15897918615366,0.967605550359025
85.689,8166326.59554212,8152466.14837789,2112450.7628778,1.15738709627955,0.968030107658787
85.789,8149918.19376351,8152449.2185094,2125704.76974327,1.15882424281287,0.967646868583234
85.89,8168384.62490817,8152556.15648394,2110802.58618747,1.1572064335988,0.968078284373654
85.99,8173974.63174505,8152698.47140884,2106289.52381447,1.15671525693551,0.968209264817197
86.09,8159373.0637512,8152742.82069591,2118155.99205612,1.15799683282708,0.967867511246112
86.19,8164196.01137994,8152818.92134977,2114270.63729004,1.15757403197005,0.967980258141321
86.29,8161305.78934606,8152875.31229108,2116626.73681288,1.15782746156388,0.9679126769163
86.391,8148173.93752849,8152843.76270382,2127210.06682132,1.15897667694976,0.967606219480065
86.491,8121964.54577136,8152638.58594007,2148069.1366138,1.16125942519715,0.966997486614094
86.591,8166490.99028799,8152730.62815411,2112385.84312413,1.15737266835713,0.968033955104766
86.691,8148217.0145039,8152700.63747644,2127138.10502376,1.15897291314391,0.967607223161625
86.791,8134560.60152866,8152580.10612105,2138040.48877135,1.1601641576951,0.967289557947973
86.892,8168334.61570009,8152685.83014855,2110876.80048461,1.15721082470562,0.968077113411834
86.992,8150886.9048935,8152673.87720095,2124983.91766749,1.15873955718127,0.967669451418327
87.092,8152371.81786804,8152671.8701696,2123787.8184704,1.15860970587948,0.967704078432138
87.192,8157647.1546743,8152704.92841637,2119541.05568125,1.15814801236201,0.967827196703464
87.292,8154286.34650085,8152715.43613894,2122256.23444206,1.1584422165192,0.967748742261546
87.393,8136785.81706997,8152608.53700152,2136271.89553667,1.15997032169388,0.967341247548299
87.493,8148238.55282223,8152579.50066897,2127089.190009,1.15897103124098,0.967607725002405
87.593,8154802.47077335,8152594.27117993,2121808.47252317,1.15839705084902,0.967760786440262
87.693,8147355.38918101,8152559.46146125,2127793.53373273,1.15904818926089,0.96758714953043
87.793,8136029.81023448,8152449.63029707,2136833.89013633,1.16003618829624,0.967323683121004
87.894,8165618.90760972,8152538.00556701,2113043.71123876,1.15744919907606,0.968013546913052
87.994,8139722.1306647,8152452.85056638,2133884.24247336,1.15971438289615,0.96740949789436
88.094,8160611.54504788,8152507.06096083,2117092.98048675,1.15788830975843,0.967896450731084
88.194,8140355.17940041,8152426.31785981,2133370.84095559,1.15965918041037,0.967424218557236
88.294,8161906.89521913,8152489.31149678,2116039.87889798,1.15777476828199,0.967926728458136
88.395,8161491.85538552,8152549.72500523,2116391.5889686,1.15781115173853,0.967917026203059
88.495,8142447.86462566,8152482.60325713,2131710.10633776,1.15947663582669,0.967472897112882
88.595,8152794.95548463,8152484.67867955,2123398.19470867,1.15857269512197,0.967713947967475
88.695,8145897.39502815,8152440.90951453,2128933.23919347,1.15917553135878,0.96755319163766
88.795,8160339.54087423,8152493.3919212,2117309.50293949,1.15791214719548,0.967890094081206
88.895,8144704.75940498,8152441.64040116,2129890.32146557,1.1592796633206,0.967525423114508
88.996,8145365.78089074,8152394.15632292,2129347.63654313,1.15922195163091,0.967540812898423
89.096,8135136.82403371,8152279.49008647,2137501.9654616,1.16011397361711,0.967302940368769
89.196,8146199.0914089,8152239.08891549,2128638.3814848,1.15914918471783,0.967560217408578
89.296,8148920.54116767,8152217.03884574,2126446.46854118,1.15891143764837,0.9676236166271
89.397,8158986.40887965,8152262.46616038,2118343.7914304,1.15803070707972,0.967858478112075
89.497,8152558.29067454,8152264.43176451,2123531.47995339,1.15859339605414,0.967708427718897
89.597,8150420.5169657,8152252.17988416,2125249.29363938,1.15878033174464,0.967658578201431
89.697,8132608.05109784,8152121.65459332,2139476.82154288,1.16033415625928,0.967244224997526
89.797,8152084.92006652,8152121.41051098,2123875.47863621,1.15863479791848,0.96769738722174
89.898,8150843.85592082,8152112.83720593,2124872.32720265,1.15874332098712,0.967668447736768
89.998,8151439.32661889,8152108.36206905,2124391.8800169,1.15869125500621,0.967682331998344
90.099,8138311.80929981,8152015.77733215,2134897.45119439,1.15983733388722,0.967376710963409
90.2,8162321.89284793,8152084.93873858,2115598.86751579,1.15773838482545,0.967936430713213
90.302,8152529.60310249,8152087.95219888,2123508.61766206,1.15859590525804,0.967707758597857
90.404,8162164.48492247,8152156.24017913,2115744.84613862,1.1577521854469,0.967932750547494
90.505,8136692.2237262,8152052.46556828,2136200.92458314,1.15997847660655,0.967339072904919
90.605,8140988.13097974,8151978.94866631,2132747.2449913,1.15960397792458,0.967438939220111
90.706,8164953.99784418,8152066.02052655,2113460.7526758,1.15750753806671,0.967997989848876
90.806,8148662.11680274,8152043.40330954,2126608.90659284,1.15893402048347,0.967617594537742
90.907,8146270.92061855,8152004.66582199,2128519.51368613,1.15914291170808,0.967561890211177
91.007,8145847.11014638,8151963.75198182,2128848.98949154,1.1591799224656,0.96755202067584
91.107,8150183.71511544,8151951.92453799,2125361.52338088,1.1588010326768,0.967653057952852
91.207,8158205.82740859,8151993.4785565,2118904.74956372,1.15809908288597,0.96784024456374
91.308,8092323.14223422,8151593.04792129,2171089.79389689,1.16382383158223,0.966313644911404
91.408,8068154.64082837,8151038.64194727,2189668.90320731,1.16590145241086,0.965759612690438
91.508,8058579.26099972,8150424.2961689,2196858.25652948,1.16672133478495,0.965540977390679
91.608,8058791.9540983,8149815.44564517,2196531.19186616,1.16670314305668,0.965545828518217
91.708,8056282.97088348,8149193.96970167,2198284.68572427,1.16691767999007,0.965488618669313
91.809,8082845.82843388,8148748.72621905,2177701.65932613,1.16463995015048,0.966096013293205
91.909,8070656.67304655,8148229.84406022,2186987.21310217,1.16568691547747,0.965816822539342
92.009,8071212.48092517,8147718.10267261,2186421.45020724,1.16563924060338,0.965829535839099
92.109,8073566.54722391,8147225.40312625,2184473.48974042,1.16543724968949,0.965883400082804
92.209,8065804.9071267,8146684.40514987,2190306.43129486,1.16610281602378,0.965705915726993
92.31,8068644.92061506,8146160.70439184,2187981.17239237,1.16585942324554,0.965770820467855
92.41,8058872.62803073,8145580.71931445,2195328.07094241,1.16669624274596,0.965547668601077
92.51,8059253.97516097,8145007.1218029,2194881.42522901,1.16666362309527,0.965556367174595
92.61,8062699.22751021,8144460.22751411,2192093.09733606,1.1663687916371,0.965634988896773
92.711,8061944.44124908,8143906.48756985,2192522.99710173,1.16643340363751,0.965617759029997
92.811,8064962.78768929,8143381.94664979,2190065.43733812,1.16617495563588,0.965686678497098
92.911,8071497.66999159,8142904.31202317,2184909.94174147,1.16561477586536,0.965836059769237
93.011,8074355.81851486,8142448.84198683,2182583.85438484,1.1653695011842,0.965901466350879
93.111,8066266.17177731,8141942.64671115,2188677.17761633,1.16606329606236,0.96571645438337
93.212,8072155.72577677,8141474.32655742,2184019.17918432,1.16555831877763,0.965851114992633
93.312,8065834.19525161,8140971.73617809,2188748.03395409,1.16610030681988,0.965706584848033
93.412,8063834.82005523,8140459.20042141,2190145.13431216,1.166271559986,0.965660917337066
93.512,8061995.74161821,8139937.85046018,2191415.22825079,1.16642901253069,0.965618929991817
93.613,8076109.23079518,8139509.51476958,2180442.81297241,1.16521894895025,0.965941613613268
93.713,8054822.39009966,8138946.81169943,2196636.21620699,1.16704251288406,0.965455329897583
93.813,8050974.06214671,8138362.2773153,2199414.04607068,1.16737121859487,0.965367675041367
93.913,8067861.90962963,8137893.83806319,2186362.747869,1.16592654444985,0.96575292148004
94.013,8043995.70693892,8137269.93251827,2204426.76138881,1.16796652721998,0.965208926074671
94.113,8077759.70004419,8136874.51715084,2178462.518126,1.16507717892994,0.965979418952017
94.214,8073215.7130112,8136447.32104387,2181854.00665671,1.16546736013628,0.965875370630326
94.314,8054844.41259397,8135905.1110291,2195798.47495182,1.16704063098114,0.965455831738362
94.414,8077891.12579615,8135519.6374671,2177998.26867651,1.16506588751239,0.965982429996696
94.514,8040668.00793187,8134889.39640795,2206305.67008439,1.1682500672606,0.965133315397172
94.614,8068344.90534307,8134447.24195331,2185065.62998494,1.16588514258551,0.965763961977197
94.715,8068147.32279305,8134002.32207552,2185097.94392626,1.16590207971183,0.965759445410178
94.815,8059620.62310154,8133508.09334195,2191502.26218675,1.16663225804653,0.965564731187592
94.915,8059312.64093919,8133015.10212256,2191604.99937284,1.16665860468747,0.965557705416674
95.015,8071387.98414741,8132605.62112265,2182230.99970868,1.16562418537998,0.965833550565338
95.115,8048894.23865038,8132049.40136543,2199290.89277784,1.16754874477075,0.9653203347278
95.215,8080941.9805704,8131709.81842764,2174621.0451378,1.16480367570491,0.966052353145357
95.316,8071643.91339274,8131306.73324344,2181685.53815917,1.16560222984587,0.965839405374436
95.416,8059385.97203283,8130828.85619544,2190959.80027077,1.16665233167772,0.965559378219274
95.516,8048666.35240026,8130282.9279529,2198986.45592613,1.16756819110097,0.965315149039742
95.616,8075407.95260114,8129918.31152242,2178414.18935481,1.16527916984383,0.965925554708312
95.716,8057009.40640809,8129433.86875844,2192399.71097732,1.16685557719357,0.965505179415049
95.817,8069632.62673222,8129032.55965232,2182621.8505059,1.16577473761394,0.965793403302949
95.917,8063805.51823006,8128599.15898359,2186976.70655057,1.1662740691899,0.965660248216026
96.017,8065885.44898719,8128182.4581298,2185270.25319142,1.16609591571305,0.965707755809853
96.118,8066785.95003548,8127770.44364737,2184468.72274267,1.16601875769315,0.965728331281827
96.218,8053412.71560195,8127276.37418848,2194560.99213757,1.16716295467123,0.965423212087672
96.318,8028188.46688199,8126617.98520818,2213480.00122471,1.16931146051001,0.964850277197331
96.418,8100530.28851593,8126444.64567069,2157997.90903577,1.16311560878166,0.966502504324892
96.518,8073997.7413422,8126096.16254294,2178476.24928059,1.16540023893197,0.965893269618141
96.619,8051951.1586249,8125598.59653532,2195220.98868097,1.16728778756522,0.965389923315941
96.719,8054337.86665742,8125125.10506139,2193275.16908569,1.1670839147484,0.965444289400426
96.819,8060126.54575185,8124693.22254062,2188740.51818423,1.16658897427927,0.965576273525529
96.919,8036718.56500023,8124108.67547888,2206367.6771302,1.16858630058311,0.965043653177837
97.019,8087954.99797173,8123868.45259483,2167096.40116409,1.16420021216713,0.966213276755432
97.119,8052964.75345538,8123397.3334094,2193854.6949354,1.1672012200307,0.965413007991814
97.22,8069552.15553091,8123035.99375372,2181073.5855532,1.16578163792467,0.965791563220089
97.32,8057090.11387604,8122597.81676737,2190494.54273108,1.16684867688284,0.965507019497908
97.42,8063175.48043588,8122202.9854253,2185738.08965048,1.16632801707374,0.96564586211367
97.52,8061343.4482874,8121798.60461147,2187030.62256259,1.16648484231744,0.965604042048681
97.621,8066009.91978563,8121424.2226341,2183357.90862209,1.16608525159648,0.965710599574272
97.721,8062545.34985133,8121033.00233218,2185905.34081736,1.16638196495757,0.965631476011314
97.821,8058388.56166508,8120616.76173801,2188969.52624972,1.1667376446103,0.96553662810392
97.921,8059598.6251096,8120211.32711086,2187936.3659641,1.16663413994945,0.965564229346812
98.021,8066339.38380922,8119853.37532056,2182683.14365854,1.16605702305261,0.96571812718597
98.122,8051216.52031967,8119392.77293182,2194103.13480747,1.1673505176627,0.965373195289945
98.222,8051466.31142008,8118941.43598319,2193791.22901535,1.16732918942956,0.965378882818784
98.322,8064523.35515969,8118579.85538554,2183731.63578455,1.16621259369437,0.965676641681501
98.422,8059979.90765293,8118190.48839938,2187100.71277415,1.16660152029876,0.96557292792033
98.522,8058425.23527271,8117793.37854881,2188180.48016002,1.16673450810543,0.96553746450522
98.623,8054954.52337184,8117371.68488584,2190712.62701734,1.16703122146652,0.965458340942262
98.723,8057354.23679357,8116972.8993274,2188776.22760717,1.16682609404775,0.965513041587267
98.823,8081095.1953478,8116734.51014773,2170498.01239828,1.16479050238444,0.966055866030816
98.923,8056679.22368577,8116335.47317248,2189118.94336161,1.16688380573743,0.965497651803351
99.023,8059833.26453561,8115960.04460061,2186611.76901854,1.16661406631826,0.965569582315131
99.124,8053214.4430334,8115538.97673606,2191542.46566413,1.16717989179755,0.965418695520653
99.224,8051907.08386456,8115116.17502189,2192422.55436974,1.16729155137107,0.965388919634381
99.324,8051260.60215596,8114691.88706741,2192799.31412653,1.16734675385686,0.965374198971505
99.424,8067920.45747527,8114381.11459604,2180000.84199462,1.16592152604205,0.96575425972212
99.524,8056209.58672018,8113994.59424293,2188845.38984237,1.16692395299982,0.965486945866714
99.624,8038796.89288069,8113494.94358659,2201916.681721,1.16840940170821,0.965090826211144
99.725,8075429.86929487,8113239.49971251,2173928.23571293,1.16527728794091,0.965926056549092
99.825,8074867.30507877,8112984.53590528,2174292.63065206,1.16532559011597,0.965913175969075
99.925,8079453.32051595,8112761.73795437,2170701.87427368,1.16493164510378,0.966018227972326
100.025,8079358.43722808,8112539.78993163,2170715.62789309,1.16493980001645,0.966016053328947
100.125,8065724.36374814,8112228.72512519,2181104.37156284,1.1661097163345,0.965704075644134
100.226,8068520.52659826,8111935.41185131,2178883.92975898,1.16587008736212,0.965767976703436
100.326,8064874.90479662,8111622.71860655,2181591.4024458,1.16618248324758,0.965684671133979
100.426,8059151.30811699,8111274.07264776,2185869.49594263,1.16667240530892,0.965554025250955
100.526,8064999.40502802,8110966.60090821,2181319.70576841,1.16617181913101,0.965687514898398
100.626,8058931.2990281,8110620.85267035,2185861.24338308,1.16669122433816,0.965549006843157
100.727,8054271.79104465,8110242.71016385,2189308.11983122,1.16708956045718,0.965442783878086
100.827,8062508.71149801,8109925.54190829,2182943.57918814,1.16638510146245,0.965630639610014
100.927,8086650.96021866,8109770.89409584,2164344.78221141,1.16431249904162,0.9661833335889
101.027,8058645.27033187,8109431.19020853,2185758.68968936,1.16671568907618,0.965542482913018
101.127,8098968.60142829,8109361.67160283,2154677.70186891,1.16325047849124,0.966466539069002
101.228,8072901.39948269,8109116.99709913,2174766.54643636,1.1654943340782,0.965868177579148
101.328,8065109.25516234,8108824.5879331,2180659.63181434,1.16616240961638,0.965690024102297
101.428,8058043.81442207,8108487.17540114,2185962.63765069,1.16676712775612,0.965528765931702
101.528,8040896.31694521,8108038.06836492,2198850.73309882,1.16823062093038,0.965138501085231
101.629,8074355.81851486,8107812.0363776,2173299.45675985,1.1653695011842,0.965901466350879
101.729,8050018.7909645,8107428.02951995,2191779.02964589,1.1674527677216,0.965345928607573
101.829,8064098.5274486,8107140.12691446,2180979.29661206,1.16624897715091,0.965666939426424
101.929,8048798.6749166,8106752.47750159,2192521.87339898,1.16755689968342,0.965318160084421
102.029,8046114.67382719,8106349.56999437,2194446.63905248,1.16778586453923,0.965257102789538
102.129,8040623.81769797,8105912.85564435,2198480.15889566,1.16825383106645,0.965132311715612
102.23,8079686.87034525,8105736.86052518,2168642.36065647,1.16491157147258,0.966023580940645
102.33,8066544.37082409,8105476.44627251,2178661.68777875,1.16603945862532,0.965722811033248
102.43,8080642.83101139,8105311.43947124,2167792.0191796,1.16482939504488,0.966045494654699
102.53,8054462.67337553,8104973.57516298,2187740.63016014,1.16707325063183,0.965447133164845
102.63,8063453.88067062,8104697.69781263,2180814.68197885,1.1663041796367,0.965652218763548
102.731,8056936.03466535,8104377.18289196,2185698.10927272,1.16686185020332,0.965503506612449
102.831,8061944.44124908,8104095.23880553,2181804.91253232,1.16643340363751,0.965617759029997
102.932,8046658.96255571,8103709.80031129,2193319.97119855,1.1677394442671,0.965269481528774
103.032,8059759.94109504,8103417.77574663,2183288.50473229,1.16662033932801,0.965567909512531
103.132,8042935.8332634,8103015.90385812,2195948.31806112,1.16805685856036,0.965184837717238
103.232,8059569.29427804,8102727.22313253,2183247.74401251,1.16663664915335,0.965563560225773
103.333,8043826.43901798,8102331.95674304,2195089.85566861,1.1679809551424,0.965205078628692
103.433,8077321.58484664,8102165.77548342,2169507.00102302,1.16511481698843,0.96596938213642
103.533,8041161.43486246,8101760.43252374,2196948.15499905,1.16820803809529,0.965144523174589
103.633,8079073.77464282,8101609.69116736,2168010.11383391,1.16496426475447,0.966009529398809
103.733,8043318.59543408,8101222.37634637,2195173.0544926,1.16802423890967,0.965193536290755
103.834,8047997.32634566,8100865.19819229,2191536.70242085,1.16762527548968,0.965299926536086
103.934,8077306.98022887,8100708.66576039,2169128.06168569,1.16511607159038,0.9659690475759
104.034,8050871.19697599,8100377.52101079,2189226.58784575,1.16738000080852,0.965365333117728
104.134,8049886.50593566,8100042.03377694,2189882.56866762,1.16746405913915,0.965342917562894
104.234,8053794.54811259,8099734.74264773,2186834.09422516,1.16713033502054,0.965431910661189
104.334,8023540.04684893,8099228.46746809,2209500.9507271,1.16970603282317,0.96474505791382
104.435,8073807.7289774,8099057.87613094,2171373.52610683,1.16541654875732,0.965888920331382
104.535,8044716.86108629,8098696.80759638,2193432.04619018,1.16790505172445,0.965225319540147
104.635,8057310.21743646,8098421.81465694,2183807.33856688,1.1668298578536,0.965512037905707
104.735,8065014.0518757,8098199.83698611,2177875.09414566,1.16617056452906,0.965687849458918
104.836,8057999.80214091,8097930.0659997,2183150.0464164,1.16677089156197,0.965527762250143
104.936,8048872.18566924,8097604.10122071,2189991.95812096,1.16755062667367,0.96531983288702
105.036,8074246.20625308,8097448.8998337,2170605.73043638,1.16537891069883,0.965898957146979
105.136,8032603.18869631,8097018.03291166,2202105.0257704,1.16893633452706,0.964950310792783
105.236,8072141.10341893,8096852.73830925,2172060.26908777,1.16555957337958,0.965850780432113
105.337,8038340.04110912,8096460.07626053,2197637.79596457,1.16844829436865,0.965080454835027
105.437,8065138.54805474,8096251.96056229,2177256.17829739,1.16615990041248,0.965690693223337
105.537,8061893.14026519,8096023.66359574,2179670.97242584,1.16643779474433,0.965616588068178
105.637,8064728.42929412,8095815.72260717,2177451.99748512,1.16619502926708,0.96568132552878
105.737,8081044.12437009,8095717.57281508,2164917.18760763,1.16479489349126,0.966054695068996
105.838,8082794.77853348,8095630.85162258,2163545.58151485,1.16464434125731,0.966094842331385
105.938,8075817.0455992,8095499.1989124,2168877.51460778,1.16524404098924,0.965934922402869
106.038,8074414.27723357,8095359.10028219,2169916.59681477,1.16536448277641,0.965902804592958
106.138,8052068.68911103,8095071.45741594,2186884.60428021,1.16727775074962,0.9653925998001
106.238,8062200.93694719,8094853.0494483,2179121.17853029,1.16641144810339,0.965623613839096
106.339,8131303.43594211,8095097.65761237,2125543.05195534,1.16044769773572,0.967213947270474
106.439,8148841.57989236,8095454.75876779,2111703.4750586,1.1589183379591,0.967621776544241
106.539,8155884.68683602,8095856.28504685,2106174.69833147,1.15830232840182,0.967786045759515
106.639,8160411.12267637,8096285.21926168,2102653.99035403,1.15790587418573,0.967891766883806
106.739,8169713.21582011,8096773.11112552,2095286.94106431,1.15708975561748,0.968109398502005
106.84,8156035.17104755,8097170.80193407,2106396.05091736,1.15828915508135,0.967789558644974
106.941,8160310.90780209,8097594.51720465,2103074.55326425,1.15791465639938,0.967889424960166
107.043,8153770.15718977,8097975.21571466,2108420.02102401,1.15848738218939,0.967736698082829
107.143,8161506.16780649,8098397.34672844,2102322.19058003,1.15780989713658,0.967917360763579
107.243,8159050.85389881,8098800.35857745,2104400.04877446,1.15802506137095,0.967859983634415
107.344,8148339.06348146,8099132.79871932,2113064.1660625,1.15896224902733,0.967610066926044
107.444,8151496.71681822,8099480.73044559,2110631.52414364,1.15868623659841,0.967683670240424
107.544,8151231.28041538,8099824.58665116,2110933.42857029,1.15870944673448,0.967677480870805
107.645,8152866.66939635,8100180.53696409,2109717.63831337,1.15856642211222,0.967715620770075
107.745,8164274.67690794,8100606.41007604,2100666.99252362,1.15756713165932,0.967982098224181
107.845,8158370.5496683,8100990.22354024,2105515.4714725,1.15808465496355,0.967844092009719
107.945,8148705.18865937,8101307.26532752,2113339.05649811,1.15893025667762,0.967618598219302
108.045,8163638.15772507,8101721.42255217,2101468.91562767,1.15762296144608,0.967967210281045
108.146,8166326.59554212,8102154.96947101,2099414.23057839,1.15738709627955,0.968030107658787
108.247,8179250.58244756,8102672.33617579,2089084.065666,1.15625105421414,0.968333052209563
108.347,8132420.67309604,8102869.99881438,2126699.39968344,1.16035046608462,0.967239875710767
108.447,8155956.3466744,8103222.73072068,2108033.63070589,1.15829605539207,0.967787718562115
108.548,8171362.63575699,8103679.99821972,2095740.33810216,1.1569448490923,0.968148040242054
108.648,8148841.57989236,8103980.07406666,2113927.30787331,1.1589183379591,0.967621776544241
108.748,8145717.80334184,8104257.40014776,2116493.8495769,1.15919121388315,0.967549009631161
108.848,8150628.60428251,8104565.51332358,2112651.17888138,1.15876214001637,0.967663429328969
108.949,8165118.44799326,8104971.86682497,2101118.76314866,1.15749311014429,0.968001837294855
109.05,8145207.72019588,8105241.8781793,2117157.87747323,1.15923575225236,0.967537132732704
109.15,8136267.42728745,8105448.02724628,2124325.72199262,1.16001548736407,0.967329203369582
109.251,8164131.64754607,8105841.83631125,2102139.95264642,1.15757967767882,0.967978752618982
109.351,8152644.35218628,8106152.81533523,2111451.22461239,1.15858586844244,0.967710435082016
109.451,8155662.53336405,8106481.78234698,2109117.23106511,1.15832177473204,0.967780860071457
109.551,8154049.76780663,8106797.84752883,2110492.97252462,1.15846291745137,0.967743222012967
109.652,8150635.77951904,8107092.03140704,2113304.03529307,1.15876151271539,0.967663596609229
109.752,8147872.38605426,8107362.99621841,2115584.35852433,1.1590030235907,0.967599193709147
109.852,8138909.0960593,8107572.60408148,2122783.56641418,1.15978526790631,0.967390595224985
109.953,8148130.86010143,8107844.77898818,2115503.52434211,1.1589804407556,0.967605215798505
110.053,8154530.07995648,8108154.97917844,2110461.10754065,1.15842088828606,0.967754429790384
110.154,8154150.13619401,8108463.6395795,2110846.15571222,1.15845413523773,0.967745563936606
110.254,8157152.88055144,8108787.15493659,2108520.39301139,1.15819129612927,0.967815654365527
110.355,8130416.63970132,8108932.30424959,2129877.80454808,1.16052485575563,0.9671933717985
110.455,8163394.96685969,8109294.18107064,2103629.22735302,1.15764428967923,0.967961522752206
110.556,8134128.38195659,8109460.83632094,2127075.22232249,1.16020179575359,0.967279521132376
110.656,8170891.44123096,8109869.01159102,2097722.41116761,1.15698625095663,0.968136999744898
110.756,8144065.19191576,8110096.22789729,2119337.47013806,1.15933549310736,0.967510535171372
110.856,8149860.78148319,8110360.44322486,2114776.30248559,1.15882926122067,0.967645530341154
110.957,8140851.47920358,8110565.05988463,2122021.2248754,1.1596158966431,0.967435760895172
111.057,8165082.69852542,8110927.30199356,2102691.49038965,1.15749624664917,0.968001000893555
111.157,8135547.33358263,8111090.88963946,2126376.52459744,1.16007821746155,0.967312475343587
111.257,8159981.61304451,8111415.74374531,2106929.18016109,1.15794351224422,0.967881730068209
111.358,8139060.20310542,8111601.25783999,2123718.16242605,1.15977209458583,0.967394108110444
111.458,8157396.44338121,8111905.54366386,2109135.5322165,1.15816996789613,0.967821341894365
111.558,8154451.22660202,8112188.23818802,2111574.19240886,1.15842778859678,0.967752589707524
111.659,8162636.69048203,8112526.78338556,2105079.15296128,1.15771078358256,0.967943791044651
111.759,8136987.39553208,8112689.31176997,2125651.43900104,1.15995275726658,0.967345931395577
111.859,8159186.90115758,8112998.26471181,2107979.78929927,1.15801314265242,0.967863161959354
111.96,8140722.01544833,8113184.31090833,2122809.63511117,1.15962718806065,0.967432749850493
112.06,8149150.2380642,8113423.28628635,2116143.61309807,1.15889136401718,0.967628969595419
112.16,8136044.21165692,8113573.59088348,2126632.67209682,1.16003493369429,0.967324017681523
112.26,8161842.49525272,8113894.31331664,2106074.15508513,1.15778041399076,0.967925222935796
112.361,8133314.24579813,8114024.63495346,2128918.32628076,1.16027268076375,0.967260618463001
112.461,8151625.84183094,8114274.47593736,2114383.13274673,1.15867494518086,0.967686681285103
112.561,8145337.04303424,8114480.87097014,2119467.90543698,1.15922446083481,0.967540143777383
112.661,8145933.31242446,8114689.85652065,2119046.21296226,1.1591723948539,0.96755402803896
112.761,8157761.76043236,8114976.04751677,2109640.14087945,1.15813797554641,0.967829873187623
112.862,8156250.13889489,8115253.02619072,2110927.24023468,1.1582703360521,0.967794577052773
112.962,8143044.55262637,8115437.68681428,2121547.70228237,1.15942456984578,0.967486781374458
113.062,8155512.03545226,8115703.96057314,2111637.51376637,1.15833494805251,0.967777347185998
113.162,8151138.01489909,8115939.40192547,2115207.92245808,1.15871760164715,0.967675306227426
113.263,8137397.72129436,8116083.40259624,2126214.44142662,1.15991700111102,0.967355466370395
113.363,8155203.85579814,8116343.33820284,2112051.40759684,1.15836192199443,0.967770154134819
113.463,8147585.17359857,8116550.9243827,2118211.64327131,1.15902811562969,0.967592502498749
113.563,8143547.71628641,8116730.30439764,2121484.12409111,1.15938065877754,0.967498490992655
113.663,8151030.39820717,8116958.21115641,2115559.69051848,1.15872701116178,0.967672797023527
113.764,8137253.75198471,8117094.40875151,2126593.81114837,1.15992954713052,0.967352120765196
113.864,8149509.1137457,8117309.78805609,2116869.95936643,1.15885999896844,0.967637333608416
113.964,8150564.0265892,8117530.74563602,2116082.62163576,1.15876778572514,0.96766192380663
114.064,8152242.71634147,8117761.38910825,2114797.10571557,1.15862099729703,0.967701067387459
114.164,8146938.87217906,8117955.258712,2119095.04942739,1.15908457271743,0.967577447275353
114.265,8156113.99390263,8118211.33111771,2111806.17808151,1.15828225477062,0.967791398727834
114.365,8151934.290685,8118435.40311162,2115220.0446041,1.15864797123895,0.967693874336281
114.465,8143813.64938615,8118604.02871025,2121761.56967119,1.15935744864148,0.967504680362273
114.565,8132254.90856322,8118694.73189604,2130984.31431692,1.16036489400705,0.967236028264788
114.665,8157582.68752396,8118953.12267397,2110818.11980442,1.15815365807078,0.967825691181124
114.766,8142476.62265616,8119110.98218375,2122961.15559893,1.15947412662279,0.967473566233922
114.866,8152723.24031831,8119334.31862268,2114821.3847153,1.15857896813172,0.967712275164876
114.966,8145610.04456625,8119508.90751935,2120563.0331892,1.15920062339777,0.967546500427262
115.066,8152479.39936838,8119727.97974621,2115119.56020159,1.15860029636486,0.967706587636037
115.167,8152809.29836734,8119949.97905517,2114912.68948475,1.15857144052002,0.967714282527995
115.267,8142411.91680525,8120099.22726005,2123271.18796263,1.15947977233157,0.967472060711582
115.367,8161506.16780649,8120374.35541751,2108027.36298284,1.15780989713658,0.967917360763579
115.467,8144920.32155727,8120537.45093599,2121382.86802584,1.15926084429135,0.967530441522306
115.567,8149200.48254779,8120727.90227025,2118008.56210226,1.15888697291036,0.967630140557238
115.668,8147111.22916071,8120904.95326404,2119727.14886165,1.15906951749403,0.967581462001592
115.768,8113437.32878447,8120855.3346799,2146408.91440061,1.16199901304647,0.966800263187609
115.868,8170398.77033884,8121184.52572824,2101048.64794613,1.1570295347239,0.968125457406961
115.968,8137692.84269034,8121294.21513703,2127344.66180602,1.15989128177105,0.967362324861053
116.068,8156708.69923079,8121529.52645507,2112191.08959146,1.15823018878971,0.96780528298941
116.169,8157654.31762827,8121771.94964167,2111493.33220641,1.15814738506104,0.967827363983724
116.269,8162157.32987249,8122040.290048,2107934.56821784,1.15775281274787,0.967932583267234
116.369,8232504.1223906,8122774.26629104,2050217.33458971,1.15153124167955,0.969591668885453
116.47,8228058.26190513,8123480.79720473,2054125.74400721,1.15192769589564,0.969485947761163
116.57,8239858.31006163,8124254.06686096,2044398.55141341,1.15087445755891,0.969766811317625
116.67,8223403.03695569,8124912.86157257,2058383.85266293,1.15234234184,0.969375375509334
116.77,8237906.96327431,8125663.65017455,2046399.22665,1.15104884722991,0.969720307405358
116.871,8237871.85823277,8126416.64750619,2046618.46096229,1.15105198373478,0.969719471004058
116.971,8196974.27294771,8126885.46720709,2080808.54846731,1.1546871928839,0.968750081897627
117.071,8197286.3855329,8127353.24566855,2080671.32323698,1.15465959164101,0.968757442229065
117.171,8194078.98122349,8127796.60440107,2083423.78187953,1.15494313168163,0.968681831551566
117.271,8194228.0545724,8128238.00775621,2083414.37558783,1.15492995836116,0.968685344437025
117.372,8184576.58844456,8128616.07992812,2091424.67050188,1.15578183308497,0.968458177844008
117.472,8169563.23535636,8128888.15304623,2103719.30048785,1.15710292893795,0.968105885616546
117.572,8212832.7837352,8129445.92261977,2068344.26221882,1.15328203870029,0.969124789679923
117.672,8184946.58458875,8129814.69642106,2091430.45254772,1.15574921343428,0.968466876417526
117.772,8191210.01686394,8130222.63724372,2086402.76625439,1.15519656127546,0.968614250326545
117.873,8186511.57751419,8130600.37629292,2090351.77269084,1.15561120721982,0.968503678074716
117.973,8193617.52864884,8131019.09336757,2084629.23470467,1.15498390624499,0.968670958334669
118.073,8177661.39079526,8131329.00782108,2097767.90526211,1.15639094233152,0.968295748711594
118.173,8195725.57971601,8131756.89044023,2083084.10740587,1.15479759785547,0.968720640571875
118.273,8177411.90945119,8132060.24492848,2098159.82548191,1.15641289786564,0.968289893902495
118.374,8201788.03291239,8132528.16825781,2078281.98717871,1.15426125552199,0.968863665194136
118.474,8182476.92972068,8132860.05249092,2094233.31872995,1.15596688687254,0.968408830167322
118.574,8188168.3851844,8133227.54836155,2089669.59186688,1.15546504609268,0.968542654375285
118.674,8192531.13105084,8133621.59064578,2086189.62734416,1.15507988329414,0.968645364454896
118.775,8185245.40286244,8133968.02334907,2092254.34588805,1.15572286679333,0.968473902188444
118.875,8186476.01623664,8134316.91237937,2091336.41190468,1.15561434372469,0.968502841673416
118.975,8186383.55544713,8134662.86886355,2091501.09579211,1.15562249863736,0.968500667030037
119.075,8191039.51890127,8135037.46316209,2087778.40275501,1.15521161649885,0.968610235600306
119.175,8191138.97692438,8135410.22931937,2087792.37614619,1.1552028342852,0.968612577523945
119.276,8203374.80858259,8135866.32025707,2077823.03477479,1.15412074010363,0.968901135972365
119.376,8184206.55837593,8136187.51666688,2093675.5510843,1.15581445273566,0.968449479270491
119.476,8180276.45540657,8136480.46534456,2096963.33875993,1.15616072287376,0.968357140566996
119.576,8200746.36926769,8136907.47974119,2080261.88617108,1.15435346876529,0.968839074995923
119.676,8185039.0783241,8137227.28984691,2093261.64715585,1.1557410585216,0.968469051060905
119.777,8189156.45681172,8137575.77169896,2089976.09556229,1.15537785125718,0.968565906331418
119.877,8187642.26256519,8137908.43818435,2091303.75353251,1.15551146636482,0.968530275636048
119.977,8192005.57847256,8138267.88629462,2087813.47717111,1.15512630356628,0.96863298571566
120.077,8183587.39374776,8138569.01147841,2094795.07718051,1.15586902792047,0.968434925887875
120.178,8204146.71726639,8139009.08478792,2077986.73584214,1.15405236429737,0.9689193695207
120.278,8184476.96830178,8139311.19585552,2094257.99554841,1.15579061529862,0.968455835920369
120.378,8193205.72621519,8139669.29772539,2087185.84639642,1.15502028970153,0.968661256079592
120.478,8185487.28716026,8139973.73506959,2093601.01394142,1.15570153856019,0.968479589717282
120.578,8172840.11864004,8140192.11554965,2103981.60070816,1.15681499779051,0.968182667255865
120.679,8210549.92730836,8140664.26678913,2073097.14652284,1.15348465691516,0.969070758155958
120.779,8182597.95664932,8140942.89492911,2096215.67614354,1.15595622275597,0.968411673931741
120.879,8186810.27986266,8141247.66048139,2092844.24678046,1.15558486057887,0.968510703845634
120.979,8198477.86471139,8141627.92621542,2083342.54569624,1.15455420507723,0.968785545312737
121.079,8187820.01437774,8141934.84925629,2092192.63117791,1.15549578384045,0.968534457642547
121.18,8173218.32491681,8142144.7837531,2104178.54792198,1.15678175083884,0.968191533109642
121.28,8198343.13184891,8142518.1933255,2083681.58238391,1.15456612379576,0.968782366987798
121.38,8191742.77642017,8142845.26575997,2089203.92636635,1.15514951370234,0.968626796346042
121.48,8191550.99110975,8143168.8906474,2089444.68862549,1.15516645082866,0.968622279779023
121.581,8188154.16655747,8143470.77402393,2092313.0542418,1.15546630069463,0.968542319814765
121.681,8195044.31051607,8143813.45406456,2086734.13224993,1.15485781874905,0.96870458166692
121.781,8192729.97086744,8144138.47955448,2088723.45730689,1.15506231886684,0.968650048302175
121.881,8176085.83645009,8144350.75356755,2102412.51618704,1.15652957584696,0.968258779774144
121.981,8188914.79262127,8144646.85904629,2091990.65814732,1.15539917949032,0.96856021880258
122.082,8182533.88402111,8144901.10808211,2097287.31426185,1.15596186846474,0.968410168409402
122.182,8191444.43976307,8145210.36495833,2090056.1533413,1.15517586034329,0.968619770575123
122.282,8193489.73241013,8145531.15691338,2088455.08326613,1.15499519766254,0.96866794728999
122.382,8185971.01224631,8145799.85927918,2094702.86940037,1.1556588820939,0.968490964774959
122.482,8203594.35741309,8146183.87446053,2080276.18196326,1.15410129377341,0.968906321660424
122.583,8184028.64722893,8146437.83995382,2096459.00881811,1.15583013526003,0.968445297263992
122.683,8170927.13969923,8146600.5589528,2107194.47039203,1.15698311445176,0.968137836146197
122.783,8200689.67231121,8146959.95372818,2082878.77061604,1.15435848717309,0.968837736753843
122.883,8184989.27426853,8147212.63931064,2095871.15580796,1.15574544962843,0.968467880099086
122.983,8192275.46540505,8147512.05897675,2089962.85846495,1.15510246612923,0.968639342365538
123.084,8189064.05751026,8147790.90260648,2092675.57629103,1.15538600616985,0.968563731688039
123.184,8186660.93145482,8148049.17427003,2094715.24977483,1.15559803389934,0.968507190960175
123.284,8186575.58702337,8148305.16277858,2094851.09351993,1.15560556151104,0.968505183597055
123.384,8201185.74345551,8148656.52746612,2082902.08943659,1.15431457610485,0.96884944637204
123.485,8181736.45074711,8148878.51741135,2098964.24801735,1.15603212617392,0.968391433020287
123.585,8199775.32302515,8149216.70091789,2084211.98638938,1.15443940899884,0.968816157600309
123.685,8180611.23262899,8149425.30168748,2100025.7302101,1.15613123972795,0.968365002739214
123.785,8183416.5730011,8149651.1564771,2097787.47421701,1.15588408314387,0.968430911161636
123.885,8191593.61085802,8149929.84285288,2091144.39281889,1.15516268702282,0.968623283460582
123.986,8196988.46041034,8150245.63983481,2086777.97540365,1.15468593828195,0.968750416458147
124.086,8186120.38621039,8150484.0093627,2095784.83512395,1.15564570877343,0.968494477660418
124.186,8196009.40775748,8150786.50258757,2087724.64719983,1.15477250581647,0.968727331782274
124.286,8184370.22970577,8151009.64945234,2097355.53672996,1.15580002481324,0.96845332671647
124.386,8196584.09805969,8151312.46859104,2087384.99489966,1.15472169443751,0.96874088148333
124.487,8195235.92916517,8151607.22642722,2088573.10259623,1.15484088162273,0.968709098233939
124.587,8166390.92471134,8151705.456618,2112201.44128274,1.15738145057077,0.968031613181127
124.687,8213299.08870105,8152114.7151211,2073723.11848081,1.15324063683595,0.96913583017708
124.787,8185601.11004671,8152337.21526273,2096687.50812151,1.15569150174459,0.968482266201442
124.887,8190229.55489162,8152588.99067638,2092949.35739083,1.15528312880998,0.968591165650671
124.988,8187293.84626665,8152821.88507962,2095422.46244533,1.15554220411259,0.968522078903311
125.088,8183195.91884119,8153023.70515695,2098836.43066039,1.15590352947408,0.968425725473577
125.188,8197350.22375129,8153318.23243249,2087265.84158945,1.15465394593223,0.968758947751405
125.288,8181501.46271253,8153505.4957298,2100348.46116489,1.15605282710609,0.968385912771708
125.388,8187066.29283246,8153728.49023622,2095842.39081842,1.15556227774378,0.968516725934992
125.489,8184704.66787201,8153936.3625435,2097834.30959794,1.15577054166742,0.968461188888688
125.589,8206985.20852181,8154288.84526878,2079531.48153279,1.15380081660647,0.968986448904942
125.689,8176342.52961488,8154435.38083647,2104806.23180145,1.15650699301187,0.968264801863502
125.789,8203396.05577054,8154760.69973482,2082630.86280838,1.15411885820071,0.968901637813145
125.889,8166326.59554212,8154837.54925717,2113065.2355423,1.15738709627955,0.968030107658787
125.99,8206765.84598716,8155186.02526931,2079942.54344802,1.15382026293669,0.968981263216883
126.09,8195164.96036155,8155451.66505346,2089616.68321087,1.15484715463248,0.968707425431339
126.19,8186184.40192986,8155655.8685314,2097062.14266562,1.15564006306466,0.968495983182758
126.29,8189419.4278339,8155880.21029,2094460.9076617,1.15535464112111,0.968572095701037
126.391,8186604.03536793,8156086.38913112,2096828.20550653,1.15560305230714,0.968505852718095
126.491,8193489.73241013,8156334.91541157,2091225.08855115,1.15499519766254,0.96866794728999
126.591,8190535.0867836,8156562.15823633,2093717.84618146,1.15525615486806,0.968598358701849
126.691,8188275.0232868,8156772.8741698,2095631.41277307,1.15545563657806,0.968545163579184
126.791,8170555.86029798,8156864.45513491,2110151.60098875,1.15701573410245,0.96812913757268
126.892,8198492.0468545,8157143.80604898,2087301.13914166,1.15455295047528,0.968785879873257
126.992,8201979.32941735,8157441.71540356,2084490.15920165,1.15424431839567,0.968868181761154
127.092,8180034.25886341,8157591.83141726,2102602.4844384,1.15618205110691,0.968351453038158
127.192,8181629.63969784,8157751.55048402,2101337.24412078,1.15604153568855,0.968388923816388
127.293,8189547.35347225,8157964.92306364,2094890.99833389,1.15534334970357,0.968575106745716
127.393,8190549.29700471,8158181.42973247,2094121.79784414,1.15525490026611,0.968598693262369
127.493,8187258.29188942,8158374.6307612,2096878.84129029,1.15554534061746,0.968521242502011
127.593,8198158.75322398,8158638.97611405,2087959.41341968,1.1545824336211,0.968778017701039
127.693,8177725.54065677,8158765.79667277,2104793.76478972,1.15638529662275,0.968297254233933
127.794,8189412.3207348,8158971.45676878,2095260.6004673,1.15535526842209,0.968571928420777
127.894,8181942.94410469,8159124.0906727,2101434.05713761,1.15601393444565,0.968396284147826
127.994,8197697.7695568,8159380.39324076,2088530.40332455,1.15462320818447,0.968767144484142
128.094,8199250.71834883,8159645.31136655,2087313.43812331,1.15448582927098,0.968803778861072
128.194,8190030.59142145,8159847.20616982,2094976.52863727,1.15530069323728,0.968586481803393
128.295,8169977.45365152,8159915.18737596,2111411.77635482,1.15706654548141,0.968115587871624
128.395,8204996.35260936,8160214.72889637,2082695.36221136,1.15397708818039,0.968939443151895
128.495,8194057.68457913,8160439.59820371,2091808.84000385,1.15494501358455,0.968681329710786
128.595,8184519.66294979,8160599.59804329,2099700.48997928,1.15578685149277,0.968456839601929
128.696,8194220.95596696,8160825.22140223,2091772.92705383,1.15493058566213,0.968685177156765
128.796,8188474.07352525,8161008.93402722,2096555.97916355,1.15543807215076,0.968549847426463
128.896,8186582.69912833,8161178.85874947,2098154.95196717,1.15560493421007,0.968505350877315
128.996,8189014.30316201,8161363.81118576,2096202.58720676,1.15539039727668,0.968562560726219
129.096,8189440.74905591,8161550.36822381,2095899.47302543,1.15535275921819,0.968572597541817
129.197,8189305.71274285,8161736.62643721,2096058.47176908,1.15536467793671,0.968569419216877
129.297,8183380.98443596,8161880.44223855,2100964.59272139,1.15588721964874,0.968430074760336
129.397,8195463.02090585,8162103.58147244,2091074.84078233,1.15482080799154,0.968714451202257
129.497,8191167.39305076,8162296.69578668,2094668.83821008,1.1552003250813,0.968613246644985
129.597,8190783.75840758,8162485.97789608,2095033.55358334,1.15523419933395,0.968604213510948
129.698,8193532.33160802,8162694.32113502,2092820.43783319,1.15499143385669,0.96866895097155
129.798,8189753.44733948,8162874.11532983,2095981.91899318,1.1553251579753,0.968579957873255
129.898,8181480.09948645,8162997.74267517,2102811.18175439,1.15605470900902,0.968385410930929
129.998,8201540.04234909,8163253.83674427,2086339.61867613,1.15428321105611,0.968857810385037
130.098,8177803.94466299,8163350.51484533,2105912.39205287,1.15637839631203,0.968299094316793
130.199,8179927.40283665,8163461.75762017,2104202.96611056,1.15619146062153,0.968348943834259
130.299,8200987.32237485,8163711.09600046,2086914.71640725,1.15433214053215,0.968844762524761
130.399,8187862.67364597,8163871.57100705,2097794.50433727,1.1554920200346,0.968535461324107
130.499,8198633.86552549,8164102.54885554,2088964.38737187,1.15454040445579,0.968789225478456
130.6,8165290.04107288,8164110.51777766,2116310.36831392,1.1574780549209,0.968005852021094
130.7,8207282.39014217,8164397.37301354,2081862.1558204,1.15377446996553,0.96899347467586
130.8,8180853.39462041,8164506.71494618,2103713.60826115,1.1561099114948,0.968370690268053
130.9,8185515.74318298,8164646.30930289,2099923.41625597,1.15569902935629,0.968480258838322
131,8182462.69102012,8164764.69013976,2102460.52910613,1.15596814147449,0.968408495606802
131.101,8197655.21454599,8164985.40908308,2090000.31452022,1.15462697199031,0.968766140802583
131.201,8204585.71808467,8165248.53308854,2084321.30982443,1.15401347163693,0.968929740896817
131.301,8192999.80917156,8165432.92626889,2093962.14986971,1.1550384814298,0.968656404952053
131.401,8161978.44954548,8165409.97301991,2119335.50185954,1.15776849527224,0.967928401260736
131.502,8189490.49813483,8165571.57056674,2096891.14751906,1.15534836811136,0.968573768503636
131.602,8202900.25863131,8165819.60080109,2085866.76971796,1.15416276926894,0.968889928194948
131.702,8188054.63476376,8165967.34134517,2098175.04996898,1.15547508290828,0.968539977891126
131.802,8206362.4705064,8166235.74652821,2083096.26769212,1.15385601909225,0.968971728242066
131.902,8158614.03998207,8166185.10414674,2122263.05275233,1.15806332673041,0.967849779538557
132.003,8201596.72726138,8166422.74146558,2087102.49922714,1.15427819264831,0.968859148627117
132.103,8195562.36950258,8166616.3595418,2092148.86008893,1.15481202577789,0.968716793125897
132.203,8180012.88788389,8166705.37269057,2104968.99217131,1.15618393300983,0.968350951197378
132.303,8192033.98847648,8166873.66851973,2095128.64445222,1.15512379436238,0.9686336548367
132.403,8193887.30735936,8167053.16047403,2093644.85032727,1.15496006880795,0.968677314984547
132.504,8174302.79650774,8167101.81071703,2109742.6761613,1.15668640109067,0.968216959709155
132.604,8209651.97510242,8167384.53501814,2080650.30080613,1.15356432413896,0.969049513562944
132.704,8182740.33662922,8167486.56654589,2102933.56935242,1.15594367673647,0.96841501953694
132.804,8185672.24771976,8167607.4011907,2100556.34315938,1.15568522873485,0.968483939004041
132.904,8195193.34803355,8167790.69584194,2092754.76562691,1.15484464542858,0.968708094552379
133.005,8192112.11495221,8167953.90995978,2095341.3046509,1.15511689405165,0.968635494919559
133.105,8185786.06538706,8168072.39560497,2100582.35270414,1.15567519191925,0.9684866154882
133.205,8186283.979918,8168193.40236303,2100204.02075548,1.15563128085101,0.968498325106397
133.305,8197109.05181645,8168385.53221495,2091322.69684645,1.15467527416538,0.968753260222566
133.406,8188616.24624491,8168521.29477587,2098368.81348253,1.15542552613127,0.968553193031662
133.506,8173410.98248924,8168553.78427529,2110846.13535043,1.15676481371252,0.968196049676661
133.606,8175622.32149802,8168600.75112666,2109051.49845636,1.15657035041032,0.968247906557247
133.706,8210910.46534232,8168881.87775811,2079982.29794761,1.15345266456544,0.969079289449216
133.806,8183793.79250835,8168980.9598824,2102453.32183124,1.1558508361922,0.968439777015413
133.907,8186867.17303888,8169100.98916558,2099957.60042283,1.15557984217107,0.968512042087713
134.007,8170056.00753249,8169107.33477914,2113726.2576596,1.15705964517069,0.968117427954483
134.107,8196002.31230109,8169286.03828906,2092468.94666574,1.15477313311745,0.968727164502014
134.207,8181494.34164972,8169367.15628437,2104440.27723063,1.15605345440707,0.968385745491449
134.307,8164939.69751756,8169337.73806229,2117950.14798636,1.15750879266866,0.967997655288356
134.408,8192062.39827966,8169490.23678589,2095776.4525498,1.15512128515848,0.968634323957739
134.508,8181359.03907249,8169569.09896844,2104603.29073765,1.15606537312559,0.968382567166509
134.608,8185131.56993918,8169672.50370947,2101531.98692654,1.15573290360893,0.968471225704285
134.708,8176413.83038618,8169717.2964124,2108692.44352598,1.15650072000212,0.968266474666102
134.808,8166855.49409361,8169698.2811848,2116485.63588108,1.15734067600741,0.968042486398024
134.909,8187002.29111435,8169814.40346791,2100029.80073417,1.15556792345255,0.968515220412652
135.009,8201490.44239216,8170024.87471041,2088111.29860951,1.15428760216293,0.968856639423218
135.109,8179998.64050148,8170091.14533482,2105853.35429379,1.15618518761178,0.968350616636858
135.209,8158435.00439808,8170013.69617927,2123403.05148032,1.15807900925478,0.967845597532059
135.31,8187727.5844138,8170132.56903897,2099514.56062203,1.15550393875312,0.968532282999168
135.41,8172675.98042263,8170149.46872,2111858.62905975,1.15682942571293,0.968178819809886
135.51,8197988.55004259,8170334.44532171,2091093.48215205,1.1545974888445,0.968774002974801
135.61,8154329.359341,8170228.09962803,2126780.2474343,1.15843845271336,0.967749745943105
135.71,8188452.74718446,8170349.19318472,2098973.04963082,1.15543995405369,0.968549345585683
135.811,8178309.97036351,8170402.61569344,2107317.27080757,1.15633385794282,0.968310971215249
135.911,8183872.07893328,8170492.11345769,2102777.93257115,1.15584393588148,0.968441617098273
136.011,8179813.41996336,8170554.04882046,2106124.49840438,1.15620149743713,0.968346267350099
136.111,8167255.69597858,8170532.13293563,2116375.95807628,1.15730554715282,0.968051854092581
136.211,8175772.0782788,8170566.94971969,2109436.68209127,1.15655717708985,0.968251419442706
136.312,8153956.56638796,8170455.48216715,2127140.66258142,1.15847107236405,0.967741047369588
136.412,8170420.19205446,8170455.24768222,2113778.11321244,1.15702765282097,0.968125959247741
136.512,8180611.23262899,8170522.72906067,2105462.32710924,1.15613123972795,0.968365002739214
136.612,8163895.63812749,8170478.69539642,2119094.39116737,1.15760037861099,0.967973232370403
136.713,8174566.7358568,8170506.12907183,2110406.39484103,1.1566631909546,0.968223149078774
136.813,8160403.96455261,8170439.00530287,2121917.97880226,1.1579065014867,0.967891599603546
136.913,8165025.49872449,8170403.03529228,2118156.58606614,1.15750126505697,0.967999662651476
137.013,8172162.11353032,8170414.72347663,2112346.64770039,1.15687459138311,0.968166775631169
137.113,8167148.50290301,8170393.02109446,2116427.16810954,1.15731495666744,0.968049344888682
137.214,8170977.11702787,8170396.94079594,2113308.86580227,1.15697872334494,0.968139007108017
137.314,8159981.61304451,8170327.73621584,2122231.48988345,1.15794351224422,0.967881730068209
137.414,8162271.80916668,8170274.20865895,2120359.93039133,1.15774277593227,0.967935259751394
137.514,8160203.53199374,8170207.29411084,2122020.30394094,1.157924065914,0.967886915756267
137.614,8162143.01973489,8170153.71109019,2120433.18531834,1.15775406734982,0.967932248706714
137.715,8165490.22386559,8170122.41575541,2117706.02233781,1.1574604904936,0.968010535868373
137.815,8163416.42546061,8170077.85784485,2119379.67271328,1.1576424077763,0.967962024592986
137.915,8152565.46253619,8169961.49684376,2128135.48617512,1.15859276875316,0.967708594999157
138.015,8168248.88419885,8169950.11739975,2115416.64935498,1.15721835231732,0.968075106048715
138.115,8161284.31964191,8169892.53756076,2121062.11696426,1.1578293434668,0.96791217507552
138.216,8141505.92818867,8169702.04310869,2136968.61479243,1.15955881225439,0.967450983398828
138.316,8166691.11406423,8169682.03700949,2116615.17148023,1.15735510392983,0.968038638952045
138.416,8173917.55690247,8169710.17989492,2110731.20628121,1.15672027534331,0.968207926575118
138.516,8172832.98233381,8169730.92933619,2111622.27366033,1.15681562509148,0.968182499975605
138.616,8153490.52749042,8169623.02008771,2127300.37988718,1.15851184692741,0.967730174152691
138.717,8149839.25167106,8169490.25685153,2130211.7535233,1.1588311431236,0.967645028500374
138.817,8169220.40209156,8169488.46380327,2114505.81580204,1.15713303938474,0.968097856164069
138.917,8153131.99996097,8169379.78338158,2127526.57087855,1.15854321197615,0.967721810139693
139.017,8134596.61778761,8169148.66685536,2142356.85991695,1.16016102119023,0.967290394349273
139.118,8168391.76903057,8169143.58752959,2115091.4698426,1.15720580629782,0.968078451653914
139.218,8145351.41198758,8168985.50056802,2133692.73060675,1.15922320623286,0.967540478337903
139.318,8163008.69273474,8168945.78770576,2119417.06049059,1.15767816393187,0.967952489618169
139.418,8141275.80412527,8168761.93467294,2136907.31908866,1.15957888588559,0.96744563043051
139.518,8165275.74192559,8168738.77068703,2117521.73266017,1.15747930952285,0.968005517460574
139.619,8141707.2762055,8168557.37002511,2136507.65899397,1.1595412478271,0.967455667246107
139.719,8141218.27110205,8168375.71555333,2136852.43458124,1.15958390429339,0.96744429218843
139.819,8156930.79591948,8168299.66985641,2124175.06675902,1.15821074245949,0.967810468677468
139.919,8141103.20264679,8168118.96310015,2136877.55962527,1.15959394110898,0.967441615704271
140.019,8139132.15689703,8167926.36044764,2138407.13041811,1.15976582157609,0.967395780913044
140.12,8138146.2808078,8167726.51481342,2139144.41597082,1.15985176180964,0.96737286351743
140.22,8146206.27438632,8167583.52371051,2132639.20376897,1.15914855741686,0.967560384688838
140.32,8151719.09625655,8167478.11262152,2128171.4882772,1.15866679026819,0.967688855928482
140.42,8139592.6314544,8167292.82771633,2137872.33988967,1.1597256743137,0.967406486849681
140.52,8157912.17561569,8167230.49803213,2123102.92554749,1.15812480222594,0.967833386073082
140.621,8141088.81886405,8167055.06866739,2136610.76685196,1.15959519571093,0.967441281143751
140.721,8156379.11418341,8166984.1323546,2124279.16087876,1.15825904463456,0.967797588097452
140.821,8132932.33913563,8166757.87542755,2143059.14183991,1.16030592771541,0.967251752609224
140.921,8153189.36647341,8166667.71955467,2126773.96947711,1.15853819356835,0.967723148381773
141.022,8132399.05201161,8166437.75228521,2143400.80575126,1.16035234798755,0.967239373869987
141.122,8142332.83049631,8166277.58728316,2135409.52227328,1.15948667264229,0.967470220628723
141.222,8139909.17790325,8166102.38255197,2137307.09768179,1.15969807307081,0.967413847181118
141.322,8149867.95806214,8165994.51301999,2129277.10288879,1.1588286339197,0.967645697621414
141.423,8134142.79000333,8165780.76517699,2141836.17847077,1.16020054115164,0.967279855692896
141.523,8153461.8464423,8165698.91219851,2126301.72851196,1.15851435613131,0.967729505031651
141.623,8153648.26966693,8165618.84177959,2126130.38222851,1.15849804630596,0.96773385431841
141.723,8144984.98800113,8165481.74026722,2133072.01128942,1.15925519858258,0.967531947044646
141.824,8164303.2821781,8165473.83197057,2117465.32456527,1.15756462245542,0.96798276734522
141.924,8131836.86418376,8165250.33134851,2143537.68806677,1.16040127746359,0.967226326009711
142.024,8154021.09067287,8165175.71872908,2125714.00132478,1.15846542665527,0.967742552891927
142.124,8136908.20516645,8164987.89541203,2139417.83098944,1.15995965757731,0.967344091312718
142.224,8132708.94343209,8164773.4181175,2142716.6879136,1.16032537404563,0.967246566921165
142.325,8132233.28661312,8164555.05056117,2143038.92109425,1.16036677590997,0.967235526424008
142.425,8132881.89599838,8164344.59848379,2142466.1263776,1.16031031882224,0.967250581647404
142.525,8129111.33421341,8164110.49127973,2145410.76865328,1.16063839723207,0.967163094071448
142.625,8118856.55483517,8163809.80178209,2153476.19909842,1.16152916461632,0.966925556102314
142.726,8132917.92687343,8163602.49520641,2142242.63215716,1.16030718231736,0.967251418048704
142.826,8128317.85383608,8163368.04662753,2145847.42830127,1.1607074003393,0.967144693242853
142.926,8132781.0078796,8163164.8112399,2142237.03322831,1.16031910103588,0.967248239723765
