0,4104039.62397836,1956116.60325445
5.8428966315173e-06,4246670.14519668,1985946.86722164
1.72700577781777e-05,4502530.98382215,2040027.39934557
2.86972189248381e-05,4730525.06893517,2089034.26427151
4.01243800714984e-05,4933710.1493663,2133552.89972489
5.15515412181588e-05,5114805.32550149,2174077.59202482
6.56757581637773e-05,5311750.83325496,2219273.5048969
7.97999751093958e-05,5482621.80130411,2259677.85561655
9.39241920550144e-05,5630893.18019437,2295853.51810859
0.000108048409000633,5759573.02016642,2328278.34498422
0.000125777908592667,5897394.28243626,2364301.26533401
0.000143507408184701,6012791.17480077,2395748.05071336
0.000161236907776735,6109433.92958878,2423205.06808382
0.000182804354799349,6206158.87722553,2451955.87872507
0.000204371801821963,6284146.00603312,2476313.55395071
0.000225939248844577,6347045.18669141,2496930.38851958
0.000253009608322281,6409148.40432689,2518369.49700397
0.000280079967799984,6456587.4844267,2535702.78291028
0.000312600818076253,6499086.51818951,2552167.56074384
0.000345121668352523,6529860.09714486,2564852.4652153
0.00038554183101853,6556628.79994632,2576613.52188072
0.000425961993684538,6574564.53686211,2585051.46881412
0.000478645359981486,6589447.89810746,2592563.06284926
0.000531328726278433,6598282.12296142,2597379.81170608
0.000601671145248189,6604811.18403857,2601228.69322079
0.000686408254273579,6608512.21600224,2603623.87064054
0.000793683077469598,6610363.66693563,2604957.61454092
0.000900957900665618,6610987.85560186,2605471.32218131
0.00102989223372645,6611224.08635127,2605702.06007271
0.00115882656678728,6611286.52535522,2605788.96098618
0.00128776089984811,6611302.88888032,2605833.7663396
0.00141669523290894,6611306.90655312,2605866.41238435
0.00154562956596978,6611307.58843007,2605895.57657504
0.00170537680656335,6611307.2691254,2605930.43777578
0.00186512404715692,6611306.63675484,2605964.94479484
0.0020248712877505,6611305.94623165,2605999.38327194
0.00218461852834407,6611305.24482523,2606033.80855445
0.00238200736150619,6611304.37555229,2606076.34233721
0.00257939619466831,6611303.50580612,2606118.87552885
0.00277678502783043,6611302.63601093,2606161.40865797
0.00301681460637416,6611301.57831275,2606213.12995991
0.00325684418491788,6611300.52061395,2606264.851261
0.0034968737634616,6611299.46291513,2606316.57256208
0.00380141441372514,6611298.120946,2606382.19463567
0.00410595506398867,6611296.77897686,2606447.81670922
0.00447777656811124,6611295.14053226,2606527.93638483
0.00484959807223381,6611293.50208767,2606608.05606037
0.00532440975164971,6611291.40981322,2606710.36794203
0.00579922143106562,6611289.31753878,2606812.6798236
0.00644744079703821,6611286.46113724,2606952.35739672
0.00724189045173249,6611282.96036676,2607123.54450636
0.00826758310304168,6611278.44061584,2607344.55959439
0.00968857270652411,6611272.17897493,2607650.75282089
0.0119055556443885,6611262.40976126,2608128.46578739
0.0162835522408698,6611243.11796452,2609071.83152361
0.0357741357091938,6611157.23201935,2613271.64032128
0.0783046726727891,6610969.81970328,2622436.07213902
0.120835209636384,6610903.14976176,2621718.62312293
0.153408229337137,6610931.9015789,2613119.77608955
0.185981249037889,6610960.0595578,2604530.13174899
0.227564632214453,6610970.21352206,2602170.9251134
0.269148015391017,6610966.73876406,2604226.63093999
0.310731398567582,6610853.94575681,2610881.40031191
0.352314781744146,6610443.7953046,2630957.03347118
0.393898164920711,6610027.09098361,2651002.56250134
0.417823251121798,6610079.43902895,2640304.11874093
0.441748337322885,6610217.18416781,2621764.99651452
0.465673423523972,6610356.501717,2603249.68298815
0.49722424853361,6610540.22829131,2578833.16178081
0.513049084358856,6610511.10806363,2582075.97105467
0.528873920184102,6610468.95359187,2588799.25756873
0.544698756009348,6610425.47081396,2595505.32247926
0.602359335707121,6610269.2216424,2618914.69926554
0.626155183729508,6610213.64814153,2618574.84830686
0.649951031751894,6610155.88200017,2618200.13673605
0.670687449548114,6610105.52627414,2617873.11158201
0.691423867344335,6610055.23087202,2617546.67518501
0.701321492043389,6610169.08423323,2610804.17632637
0.702796962606815,6610316.17976043,2603457.18927754
0.70427243317024,6610439.92832583,2595724.05376556
0.706205201308764,6610611.36406245,2585687.54564496
0.710332175156132,6610974.36153207,2564233.57204338
0.725033292855906,6612268.3905049,2487814.84954142
0.798538881354774,6618738.4165892,2105721.5222567
0.802689262229085,6619015.77625753,2099723.93883401
0.806839643103396,6619336.12684603,2103504.28146687
0.810990023977706,6619644.90893647,2107120.90687677
0.818693116021248,6620221.43741326,2113861.34394707
0.846080875556505,6622270.11425777,2137820.34560002
0.888438206710888,6625438.60214823,2174875.07093015
0.930795537865272,6628602.4879421,2185688.18132161
0.96150029004707,6630884.68364922,2186257.69487423
0.992205042228869,6633168.95681769,2186849.71198657
1.06091469963823,6638110.56039331,2197477.88167644
1.1063069559175,6641379.31665772,2203083.21101272
1.15169921219677,6644752.34702771,2194835.99132285
1.18569807345718,6647279.1779733,2188641.15939011
1.26387600971208,6653105.0189303,2184328.19881063
1.34205394596698,6658886.8742281,2186069.37855563
1.42023188222188,6664718.21815055,2184144.01783973
1.48083832599858,6669417.25726512,2167131.05768424
1.54144476977528,6674980.73097868,2100742.6739311
1.57044768363891,6677825.95886065,2057919.15774751
1.59945059750254,6680672.83421801,2015123.81790209
1.60743099756991,6681453.27212528,2013350.39428603
1.61541139763728,6682247.30484215,2012493.97462645
1.62794571061898,6683492.37411294,2011123.79772063
1.6758601891335,6688251.85917673,2005894.52675812
1.7512045125239,6695651.82635967,2008467.31723605
1.82654883591431,6703075.47801456,2008446.79845874
1.88547519986098,6708963.93188553,1997220.47401059
1.92048756875758,6712263.60668378,2008400.59622888
1.95549993765418,6715435.99192673,2032455.31402149
1.98149717193948,6717790.31720482,2050296.61572513
2.0225429604779,6721586.18614418,2057527.00318876
2.05001850908119,6724157.52297322,2050680.14656328
2.07749405768448,6726730.99498376,2043864.17488364
2.15859165190534,6734267.84039168,2041404.05305677
2.19711747040324,6737838.37051924,2043491.26917067
2.2165641941307,6739412.01048686,2059544.47241164
2.23601091785816,6740951.2855671,2078346.97015615
2.25949867035615,6742812.19041325,2101038.43351632
2.36609767427513,6751761.17252852,2104218.05912902
2.39169100286233,6753971.24118245,2090185.10229471
2.41728433144953,6756351.85715118,2073011.09717951
2.46055038268416,6760510.61631226,2041325.57539882
2.48990478373472,6763329.93864713,2019835.70795129
2.51925918478529,6766052.99711173,2018777.05637647
2.54861358583585,6768732.46861222,2028678.66707399
2.57164209587239,6770843.79672081,2036404.59119861
2.6383904539356,6776506.22923973,2077575.58113849
2.7051388119988,6781810.22603069,2131234.361391
2.74071213985991,6784375.4387939,2150296.92203496
2.77628546772101,6786954.91803116,2169330.722335
2.80192590960188,6788829.46994682,2180900.35129774
2.81147834755839,6789593.12796193,2175290.03901474
2.8210307855149,6790370.91714315,2169580.74198379
2.84166326705673,6792032.20843614,2157262.78257985
2.87586825372489,6794787.12729463,2136841.37929512
2.89496354501514,6796325.0604465,2125440.92710942
2.91405883630538,6797689.61768114,2134065.03235828
2.92893170902791,6798696.82971737,2146592.32511037
2.94380458175045,6799719.42787174,2159082.55413977
2.99033714829029,6802904.35871901,2198168.87351623
3.00196822580858,6803757.84284796,2203472.10862725
3.00986523884821,6804450.84674948,2191760.76946816
3.01776225188783,6805162.73282437,2179930.95495317
3.03384844884097,6806593.53627213,2155848.31392959
3.09551414822464,6812080.68650015,2063527.25730702
3.11251563700469,6813659.977609,2050480.38435346
3.12951712578474,6815274.6940552,2042068.42261817
3.1465186145648,6816894.66763424,2033628.33048797
3.17961673314969,6820041.51390579,2017206.12833345
3.19657073267059,6821653.50717827,2008794.06259036
3.20823497415684,6822646.96764563,2014977.26392636
3.21989921564309,6823603.16330707,2026445.28664
3.23156345712934,6824560.47736294,2037875.24777641
3.2675591304424,6827514.87611076,2073151.9917379
3.30817515699783,6830822.09292927,2107826.22543126
3.34879118355325,6833936.0628372,2121982.29277484
3.3796322757344,6836327.06690249,2132702.50660927
3.39573738497587,6837569.48901301,2138303.20138869
3.41184249421735,6839064.20009358,2120663.2503253
3.42384253316982,6840256.32459445,2100988.86358443
3.43584257212228,6841427.41599525,2081368.02502011
3.47019945888183,6844798.04001514,2025178.07069893
3.49100350428739,6846838.84994018,1991153.6441984
3.51180754969295,6848841.07714752,1977074.92571186
3.53261159509851,6850856.32524857,1978629.12038064
3.54722301905377,6852285.2286901,1979660.29020424
3.60587643846552,6857964.48649088,1983729.34412027
3.7215156088341,6869028.02840195,1991038.23866358
3.78808339882586,6875294.55705083,2000004.69413696
3.85465118881762,6881639.57085002,1993544.98100032
3.90238341402449,6886207.77739993,1986524.75840459
3.96404850129253,6892173.49394291,1979009.77754487
4.04918035784762,6900451.30199452,1969598.42475666
4.16415089787462,6911662.87637677,1963867.54286674
4.27912143790162,6922541.86084739,1988675.02578862
4.32582362152118,6927032.72097732,1983781.38086792
4.35779848456959,6930174.8907387,1969342.40912816
4.389773347618,6933318.60556981,1954928.62634007
4.43114719271635,6937280.05926253,1958009.89568474
4.4725210378147,6941215.13749554,1968350.66469955
4.51389488291305,6945181.43436019,1972430.94926553
4.54431691027677,6948139.67610991,1966221.25810349
4.58207269369491,6951803.21736225,1958530.30728878
4.63219429871256,6956519.13206639,1966723.50608651
4.68231590373022,6961154.36412079,1985299.09198589
4.72204717623256,6965013.5334766,1976164.40299129
4.75122702294119,6967940.70867881,1955181.65014294
4.7721754043843,6970043.69040927,1940143.56584745
4.79488804145524,6972324.23804581,1923838.02671808
4.81760067852618,6974523.73779349,1927560.45675717
4.83371905219051,6976032.92165461,1934518.39822913
4.84983742585484,6977573.87661412,1941425.11557001
4.89050254912528,6981445.02982323,1958865.07877132
4.91771407081188,6984108.38724136,1956490.63519957
4.94492559249848,6986804.27314291,1946406.08310864
4.97213711418508,6989499.00484162,1936344.05714149
5.06367789612663,6998500.49329854,1929398.58472695
5.0947033870736,7001544.28789249,1931069.41544689
5.12572887802056,7004380.31464334,1948326.70842234
5.14772712257952,7006361.34618331,1962909.64245754
5.17608512892653,7008923.68926745,1981691.37966901
5.19424068955612,7010561.3979595,1993717.94722133
5.21239625018571,7012339.78214372,1985308.38741791
5.2305518108153,7014197.97897699,1967035.93976283
5.24870737144489,7016017.43880907,1948831.00098686
5.28316558336975,7019502.22637486,1914256.99294775
5.30436805144056,7021599.28274572,1898910.14809327
5.32557051951137,7023687.94941179,1906699.743892
5.34130195098929,7025187.50965697,1912559.60471184
5.39517654177429,7030397.75986311,1932560.7384477
5.43543785992853,7034283.81223826,1934209.84764725
5.47569917808277,7038168.58831281,1933995.31615842
5.53079839565177,7043322.95683506,1946368.18454422
5.58589761322076,7048366.83288086,1968834.65612051
5.64099683078975,7053332.61391939,1980517.5158742
5.69609604835874,7058275.43241933,1988443.96273262
5.75119526592774,7063090.10189575,1997849.26162781
5.79821960565542,7067191.45059295,2005975.63512876
5.82653750788957,7069478.72444288,2021170.8882303
5.85485541012372,7071754.38791279,2037104.86419003
5.90532221017019,7075863.17990775,2058559.75767796
5.91638990431079,7076853.11723934,2050352.33857598
5.92745759845138,7077836.99060522,2042052.03107114
5.95108085883148,7079934.5369671,2024344.3122978
5.99793718385582,7084097.49689495,1989220.48924817
6.01013429603606,7085125.50221327,1991302.40613149
6.02233140821629,7086149.95873575,1995842.97026823
6.03774047474364,7087454.56004387,2001552.95772419
6.09650755601296,7092408.94765717,2023341.26272721
6.11340287226436,7093907.86549918,2018448.41621659
6.13029818851575,7095422.61452331,2010507.97046536
6.14719350476715,7096925.07758796,2002586.98585331
6.18497144667985,7100299.93225481,1984868.74230787
6.22274938859255,7103544.26516988,1987114.39876161
6.26052733050525,7106712.37794935,2002766.73189316
6.28812325304072,7109070.24225075,2014162.57484098
6.34399165344296,7113693.98806484,2025978.69069064
6.3998600538452,7118298.01650692,2034705.54889162
6.43264070281399,7121041.61343824,2029460.06018408
6.46542135178278,7123791.08067591,2024133.95983849
6.55340605503154,7131023.75189942,2028887.15714325
6.64139075828029,7138239.3893425,2032880.44540742
6.72937546152905,7145467.14225966,2027220.47236278
6.8173601647778,7152619.09734559,2032900.23719928
6.90534486802656,7159680.97364771,2040826.96952886
6.99332957127531,7166728.03391521,2038669.53818816
7.03290513728634,7169769.5230008,2048926.62784816
7.07248070329737,7172781.3848947,2061513.45916954
7.10409743264154,7175214.30617893,2069026.85470166
7.1258130061332,7176943.9409819,2062379.35948693
7.14752857962486,7178671.36671772,2055694.75407092
7.20795731504305,7183480.34367057,2038303.78464297
7.28473300784351,7189704.29789646,2026370.78481757
7.32543704115255,7192834.79780277,2037197.4943114
7.36614107446159,7195882.30179435,2058471.8861747
7.39839704553799,7198294.87157054,2075316.85398044
7.41019228166954,7199232.3741405,2071852.19489685
7.42198751780109,7200173.25176523,2066735.7949537
7.438697296333,7201495.52039268,2059506.90778563
7.50191916829393,7206512.24529022,2032993.75694913
7.527166121472,7208510.19939451,2033152.40048273
7.55241307465008,7210505.8067249,2033353.81680502
7.61963185977065,7215841.56856381,2032335.1414907
7.68685064489122,7221181.4870721,2027535.89090119
7.7297908444382,7224426.9769057,2040704.7901165
7.77273104398518,7227603.91886889,2061149.1713954
7.80187608662783,7229766.83111651,2074071.15166026
7.82160569070472,7231226.13495,2073443.13597284
7.84133529478161,7232688.81150627,2072771.74368284
7.89406584885462,7236595.34134004,2070979.8437206
7.95790087754504,7241448.26570117,2058683.22066777
8.02173590623546,7246284.6124524,2051557.80646372
8.07026868864241,7249917.51553015,2055399.88060063
8.11880147104936,7253557.22748422,2058742.10330093
8.20139513343322,7259681.18521325,2063242.31958132
8.26911498313462,7264565.75549479,2073887.53364433
8.33683483283602,7269531.77985564,2071266.24151484
8.40455468253742,7274543.42785207,2059308.33134692
8.42938133997524,7276317.44122661,2064588.7032183
8.45420799741306,7278093.31582242,2069902.86698256
8.52502576274869,7283164.26451832,2081340.06897866
8.59584352808432,7288146.93781709,2085926.67768136
8.64079571742943,7291378.51229603,2079337.65364662
8.68574790677453,7294628.71659151,2071748.1280215
8.7608537673713,7299995.29909761,2072631.17364874
8.81788272714305,7304075.85911401,2073901.59687636
8.90843269765451,7310547.2059546,2070459.06632423
8.9915102221034,7316419.72887098,2076129.80794699
9.07458774655229,7322302.8870407,2073851.47831605
9.15766527100118,7328065.00805324,2082368.19624351
9.24074279545006,7333736.1076986,2092015.78093094
9.40423205531647,7345066.23447087,2072509.72155969
9.42090131801545,7346184.0169825,2076512.94773779
9.43757058071443,7347304.95183779,2080572.01118604
9.47849379657326,7350060.75208576,2090533.7995137
9.54550228953624,7354627.42111758,2090040.40595214
9.61251078249923,7359165.57103467,2086438.47869198
9.66816805428011,7362804.7148747,2101313.49373882
9.70345292858923,7365127.2891272,2109187.07669506
9.72788686877219,7366758.51586249,2104570.64492328
9.75232080895515,7368399.97542945,2099921.37528999
9.82314044750227,7373099.21524488,2091544.17550818
9.87891183606593,7376844.90361953,2093268.77688685
9.95604486008455,7381977.43082066,2093187.01438612
10.0794470809439,7390084.46547149,2100811.27121068
10.2420214824349,7400442.11283735,2113761.51598266
10.3684514786975,7408454.9939074,2113888.95575622
10.4948814749601,7416431.62797196,2113239.07982342
10.545939427598,7419800.66994503,2098778.64171754
10.5969973802359,7423190.34528079,2082779.70580692
10.6156951428985,7424341.82320521,2088252.41828457
10.6343929055611,7425483.4272006,2096000.59006874
10.6585450761496,7426979.07119096,2105995.41362608
10.7529916245668,7432866.459021,2115649.74142846
10.8198764638546,7437064.26767061,2108904.96195716
10.8722443128024,7440343.68274415,2108926.38624696
10.9624801157254,7445892.75069252,2117079.57863436
11.0527159186484,7451423.34560212,2118528.63423693
11.1326688619756,7456272.24841592,2120756.84682691
11.2126218053027,7461045.95628914,2129606.68722294
11.263197764663,7464165.86517922,2118972.35449629
11.3137737240233,7467223.68133511,2115390.85640284
11.3496001339949,7469285.54906065,2127807.0658486
11.3854265439664,7471347.7254657,2140230.78973942
11.437939264785,7474487.50691266,2134536.21843953
11.4904519856037,7477662.63892125,2119541.19819485
11.5429647064223,7480783.06848397,2120728.66610392
11.580233868203,7482992.22591055,2124163.79445753
11.6265989119098,7485703.28777864,2128811.55351973
11.7966359822899,7495612.34149464,2129122.16669051
11.8714764140982,7500113.13198047,2116325.98261053
11.9463168459064,7504502.39982184,2120452.78983884
12.0327515775611,7509457.07512646,2135379.74627863
12.1191863092158,7514320.55695733,2143688.11325459
12.2056210408705,7519192.29180161,2141214.69878696
12.2920557725252,7524125.49175846,2133508.16434073
12.3472034217426,7527199.80135949,2138480.09711932
12.40235107096,7530256.88788905,2144920.3388679
12.489342364112,7535056.7654306,2147044.57327321
12.5581539092983,7538857.45182001,2145438.0969977
12.6269654544846,7542663.04239934,2143367.7088759
12.7983250699264,7552005.79391504,2152278.38999353
12.8341618163938,7553985.21030224,2147796.25926482
12.8699985628612,7555967.23570938,2142867.46664954
12.9432981093484,7559887.42761758,2149159.17681507
13.0165976558357,7563766.03361467,2160437.52979251
13.0779917036929,7567063.49828281,2151303.3046636
13.13938575155,7570311.22240008,2152757.58967735
13.2574433195792,7576572.66109408,2151537.63563448
13.3353495833239,7580699.73784538,2149848.12300234
13.4132558470685,7584749.62364531,2159503.36923948
13.4744059571101,7587866.86308832,2164060.12910261
13.5561764932356,7592130.01063091,2158687.84815947
13.6379470293611,7596386.51460518,2154392.80604788
13.7197175654866,7600599.30565061,2158286.29874022
13.8014881016122,7604756.07607827,2164492.04839643
13.8636862688699,7607942.85839288,2159954.70983662
13.9068434861426,7610139.53630604,2158800.94293311
13.9500007034152,7612243.27916763,2168368.55365536
13.9931579206879,7614347.46373784,2177949.23401673
14.0222569674915,7615846.99668317,2172147.65214542
14.0513560142951,7617363.14814109,2162481.8435364
14.0804550610987,7618879.65721886,2152825.04146851
14.1330429836663,7621503.27935075,2155973.12039012
14.1856309062339,7624073.65521921,2171449.9690705
14.2248861482564,7625989.71327662,2175624.00419345
14.4211623583688,7635666.28807353,2164535.71441916
14.452160071769,7637150.68834228,2170113.19026547
14.4831577851691,7638636.14596107,2175715.66112148
14.5436880274864,7641580.17085266,2174526.84648508
14.6042182698037,7644524.19785216,2169879.02287563
14.6363789832687,7646016.40862952,2176444.76130899
14.6685396967336,7647509.51406421,2183033.52959134
14.7694179533523,7652412.84956246,2168535.54810538
14.8465745776022,7656129.66854715,2167547.44947289
14.923731201852,7659796.69564636,2176301.93341925
15.0008878261019,7663475.20494486,2173686.3643276
15.0664406251736,7666495.07655515,2181697.45072384
15.1319934242454,7669550.49212262,2182764.52740232
15.1975462233171,7672631.34426079,2176462.91188415
15.2361740460631,7674361.88654552,2183411.90592208
15.2748018688091,7676084.32745815,2191117.94902847
15.3437846425258,7679205.52056105,2192720.96073816
15.4349062892698,7683395.06413915,2182856.19021071
15.4962450590775,7686269.78867987,2173318.45009998
15.5313842675114,7687837.21828904,2179423.14082278
15.5665234759452,7689390.1143142,2186958.85928752
15.6186901394484,7691735.20181863,2192524.27052908
15.6583410251186,7693528.55928745,2189016.46246165
15.6979919107888,7695322.26215892,2185515.70628329
15.8269815040922,7701092.60460897,2189059.34147187
15.8845218861186,7703550.42061191,2202119.04605604
15.9420622681451,7706104.67194984,2196395.87454855
15.9879647166748,7708165.25733622,2186248.48158417
16.0338671652045,7710235.52976206,2181982.24001055
16.0797696137341,7712311.88282499,2179834.83353005
16.1412306174259,7714984.9907286,2188085.5481261
16.1948264251567,7717274.28762859,2200092.41636663
16.2234225310897,7718587.50424337,2192675.95132711
16.2520186370227,7719913.87765773,2182116.76176347
16.2806147429556,7721240.47842237,2171564.69968791
16.33552479873,7723676.04172254,2173948.30083443
16.3904348545045,7726061.10614342,2188829.85804963
16.4311802131231,7727646.7754365,2207939.21443779
16.4719255717417,7729178.85270027,2229569.59157839
16.4975157483932,7730141.06748285,2243152.24497154
16.5115656459602,7730755.25730767,2237367.01019309
16.5256155435271,7731373.56659807,2228559.5308236
16.5396654410941,7731992.72258968,2219768.10962715
16.5910822474335,7734261.19059172,2187594.37877772
16.6195661686068,7735431.22755629,2188843.21315717
16.6480500897802,7736578.26622704,2198983.42736639
16.6765340109535,7737724.51074145,2209102.59423976
16.7327993818536,7740052.9011975,2211284.97254778
16.7890647527538,7742418.5150264,2200588.9448574
16.8304449338412,7744196.54820495,2195044.17439119
16.8978579695385,7747086.51261478,2187383.86897241
16.9282459592868,7748329.73472003,2193552.04412214
16.958633949035,7749556.6101922,2200488.78070244
17.0125246920921,7751750.61130495,2209625.54466628
17.0664154351491,7753942.91585639,2208229.93357624
17.1203061782061,7756150.79671195,2205611.83608755
17.188269598836,7758976.07286166,2199740.92310191
17.2475994864728,7761334.89518039,2206308.17536181
17.3069293741096,7763701.4400983,2213765.48229505
17.3626521816759,7765972.80646295,2206269.99468311
17.4183749892422,7768222.65067141,2203336.88343999
17.4740977968084,7770424.18038209,2209800.60798543
17.5459753678945,7773246.64417482,2213786.84597206
17.6494983659272,7777259.67740194,2218327.3659098
17.75302136396,7781323.03823828,2211323.32749599
17.8350671900518,7784558.43064448,2207003.38118484
17.8974725508986,7786965.21488527,2216022.64172491
17.9439928251734,7788654.67559561,2225637.14666769
17.9905130994483,7790337.09282448,2235424.54377714
18.0218366973693,7791558.73276294,2229473.2265746
18.0531602952904,7792807.61542104,2217959.18270753
18.0844838932114,7794056.85734452,2206456.84321206
18.1426905481437,7796353.52257303,2202248.24651162
18.200897203076,7798645.20075593,2204390.86065116
18.2591038580082,7800879.58429373,2209114.79030992
18.3173105129405,7803076.49228424,2215718.99967828
18.3755171678727,7805186.71572024,2226796.71566037
18.4559696514961,7808202.1111737,2221783.37045874
18.5364221351194,7811224.31158941,2216184.29930658
18.6168746187427,7814204.96257281,2220878.70883758
18.6802493717603,7816514.4230541,2224806.90617203
18.7594673109184,7819455.55009967,2219926.26222023
18.8386852500765,7822339.14789646,2222156.32272389
18.9179031892346,7825141.85169168,2233130.28355932
18.9971211283926,7827908.66872086,2236405.94560478
19.0763390675507,7830602.28624177,2242528.20709857
19.1555570067088,7833395.6506802,2234189.92671762
19.1847614295484,7834439.82365922,2228806.36688957
19.2006644652245,7834994.68676517,2227058.21011918
19.2062276424138,7835079.62113861,2235967.17213339
19.2117908196031,7835175.59984324,2245057.90819663
19.2219200110324,7835361.35028909,2261589.41638916
19.2544927563537,7835939.72381994,2314747.72276762
19.3034659176211,7836708.79800303,2397169.48312418
19.3194861590118,7836521.73867082,2434882.21235487
19.3355064004026,7836335.15165179,2472650.9028695
19.3739978164994,7835894.98421152,2563398.46245765
19.3885626242245,7835727.21056143,2597735.44307446
19.397036868456,7835629.75079569,2617714.1028175
19.4055111126874,7835710.66943185,2614587.06719809
19.4137105426305,7835807.05619127,2598626.33410521
19.4219099725736,7835909.15694457,2582776.35978776
19.4388681585281,7836130.99049468,2549990.68265038
19.4983627121772,7836893.11877016,2434959.68368542
19.507880112052,7837061.33260462,2426446.1076306
19.5173975119268,7837257.6561059,2420183.5024233
19.5299632379009,7837515.19258682,2411890.70735051
19.5712927783656,7838358.36807067,2384615.85940245
19.6385922877526,7839768.84040462,2361631.83051575
19.6743516727185,7840540.00301726,2357975.23505386
19.6938088407556,7840959.28536769,2355976.93240166
19.7132660087927,7841124.09649524,2375221.89163935
19.7327231768299,7841196.322029,2404712.63131989
19.752180344867,7841267.40233504,2434167.71362547
19.781893181298,7841371.82048028,2479146.80781275
19.795255954732,7841419.64679373,2499375.8662368
19.8086187281661,7841584.1300441,2498555.7834337
19.8227464305728,7841802.23629083,2484866.81317724
19.8368741329796,7842013.87754949,2471238.00353235
19.8704992875374,7842526.26111366,2438801.3018981
19.8955393395745,7842905.34944315,2414644.65445601
19.9107595234794,7843079.32695859,2413805.74724119
19.9259797073843,7843251.18786282,2418959.81704578
19.9411998912892,7843421.8215171,2424086.60783441
19.9883882863368,7843946.16682432,2439980.94503121
20.0370138366336,7844176.2452409,2469199.04902333
20.0856393869304,7844312.00208751,2502502.71300068
20.1342649372272,7844357.66972506,2519993.28789609
20.1828904875239,7844357.40688037,2530769.05746163
20.2315160378207,7844132.06204844,2552478.410481
20.2824322251292,7843754.82681836,2581496.0774237
20.3333484124376,7843596.40038409,2575998.0851944
20.3670030848399,7843552.66555625,2560189.94956194
20.4006577572421,7843501.85434759,2545327.79804628
20.4072363036682,7843400.41547985,2551425.80241391
20.4138148500943,7843307.65664302,2557673.45232927
20.4264716582672,7843140.91556847,2569683.18060746
20.4673634286203,7842583.94728728,2608475.51599793
20.4910845845489,7842261.67566848,2630979.81998248
20.5148057404774,7842052.62329683,2632804.5998784
20.54028917117,7841851.40092701,2621029.0277061
20.5657726018627,7841659.01782575,2609291.74034215
20.6005462956242,7841394.67898061,2593943.47312802
20.6098913952243,7841218.80395981,2601007.75573671
20.6192364948245,7841049.32803111,2608197.77889731
20.6375281121618,7840730.31117867,2622269.03872796
20.7003396139583,7839620.48334956,2670310.01116046
20.7130457081386,7839404.06691839,2670042.36006494
20.7257518023189,7839187.17243,2669694.95181709
20.7537140724422,7838699.30175458,2668927.59040932
20.8610008084581,7836526.95621372,2690321.8626551
20.9311880819783,7834944.7757272,2706043.48106214
21.0013753554984,7833320.65397013,2709705.06841624
21.0161438849531,7832797.20996235,2722187.59722133
21.0309124144078,7832276.62750961,2734748.71487876
21.0636447060795,7831133.77085841,2762593.80126431
21.1487326357306,7827873.43071109,2812965.62370178
21.1979014416682,7825861.47207165,2832512.05248681
21.2470702476059,7823701.1673292,2843527.67545145
21.2859033047423,7821991.35893328,2851915.90070363
21.3283808261403,7819667.25361054,2883086.73258077
21.3708583475382,7817134.95518636,2925349.59865939
21.3950795120674,7815691.12804307,2949440.93602561
21.4118461209355,7814732.56390091,2952649.65108972
21.4286127298036,7813772.66739532,2950041.1264601
21.4453793386717,7812813.72256802,2947455.16963916
21.5007090180732,7809659.82324367,2938802.13808326
21.5637032666169,7806393.6608686,2917940.0890996
21.605411545075,7804225.22828673,2906246.64692746
21.6471198235331,7802020.80256491,2908932.94835693
21.6788408850747,7800344.41324672,2910989.14336225
21.7451776315039,7796539.77649218,2931105.3730179
21.8115143779331,7792622.98998208,2952572.37159912
21.8548489014764,7790133.90581668,2947436.29189708
21.8981834250198,7787644.59451709,2942283.05346435
21.9169024352947,7786436.08517419,2949772.94498585
21.9356214455695,7785220.33378856,2958381.13055622
21.9663272094588,7783225.95089831,2972496.46718059
22.1103207580734,7773055.8207785,3032507.87823788
22.1765091057792,7767918.53763864,3054930.42161661
22.242697453485,7763025.68402047,3049092.4722696
22.305497288483,7758474.51130268,3031822.91626432
22.3285452302233,7756710.15989007,3037614.97071879
22.3515931719636,7754947.20220993,3043446.076827
22.3742679906377,7753216.88008098,3049187.42787254
22.3969428093118,7751484.38994291,3054926.52608251
22.406262828006,7751207.38150319,3030906.10709244
22.4155828467002,7751075.85794496,2993102.03436823
22.4229437576728,7750975.50365897,2963325.89968044
22.4401067030382,7750750.80873873,2893899.22074142
22.4739949864309,7750299.54098265,2756809.53957521
22.4896139848478,7750091.90024554,2693625.8493465
22.4978992706953,7749981.71678952,2660109.25902416
22.5061845565428,7749848.74447532,2649846.98083794
22.5126189193974,7749789.10354177,2648570.72987403
22.5190532822521,7749723.92155276,2647215.19802417
22.5349894602518,7749555.90263268,2643865.06757799
22.5947739246812,7748936.68961751,2631303.95729542
22.7485205396803,7747813.92733145,2603913.00160813
22.9022671546793,7746831.35753561,2604903.89397546
22.9195838855427,7746812.98596165,2597641.95237591
22.9369006164061,7746792.29947692,2590320.68012188
22.9796583415842,7746732.59218692,2572239.65046436
23.1013227638625,7746899.50762654,2538748.11043522
23.1326906126622,7746897.95059604,2543275.39285818
23.1640584614619,7746897.75249207,2547838.50848391
23.2530143460454,7747054.30404545,2541870.59424765
23.3419702306289,7747437.85391405,2521478.41553442
23.4076907521091,7747827.34698354,2507343.12909889
23.4616579067708,7748123.4080992,2509340.50828773
23.5156250614325,7748491.28899921,2505446.88973781
23.5585749076025,7748911.09352028,2490705.3632201
23.6629355068028,7750007.99576693,2470672.28260363
23.7971150353116,7751488.33688205,2466206.6999546
23.8656545589794,7752388.81006501,2454643.03914053
23.9341940826473,7753284.10238745,2449104.18457028
24.0027336063151,7754176.93856056,2449922.24339227
24.071273129983,7755129.23398133,2444671.56119332
24.1398126536508,7756160.39974275,2436447.89716929
24.261148427537,7758131.96035569,2421206.47877486
24.5091844408035,7762573.72485264,2401567.94060959
24.5717402174409,7763887.60850132,2388625.12993305
24.6342959940783,7765147.27149865,2385791.37706854
24.6968517707157,7766379.46714279,2391382.88841727
24.7594075473531,7767635.19817811,2389408.75741617
24.8219633239905,7768934.52669096,2384152.09026151
24.8845191006279,7770310.38059104,2373543.90475753
24.9715743306268,7772368.57310855,2357375.24690173
25.061193989988,7774521.69491622,2352806.8375496
25.1508136493493,7776739.51012365,2346395.21359327
25.2713805932168,7779663.61759395,2350603.56715956
25.3505247366782,7781607.92120174,2347856.72025661
25.4296688801396,7783665.96229816,2334146.94204071
25.4900950543828,7785329.39409795,2320570.90571714
25.5492711581769,7786948.42532906,2318636.42482012
25.6084472619709,7788596.90680703,2316417.42590856
25.6838671286612,7790908.34110487,2293558.09649508
25.737073013913,7792470.49637122,2294016.26498756
25.7902788991647,7794010.10422296,2301781.95681217
25.8434847844165,7795561.39634336,2301870.49971793
25.8966906696682,7797113.12783904,2300218.07733646
25.9767632494029,7799505.21909879,2294306.38633653
26.0568358291375,7801924.48254067,2290306.09814636
26.1994781057073,7806045.48775945,2304235.3128596
26.2167726561321,7806612.18631115,2297730.51678277
26.2340672065568,7807179.9294986,2290873.70544323
26.2705858101387,7808366.37655649,2276396.21002306
26.4345267930475,7813740.43981154,2263260.83246155
26.5002434112953,7815757.65003973,2280163.52224453
26.5450357160725,7817104.13915031,2282565.51035319
26.5898280208498,7818450.06744247,2284949.27934551
26.6240571336019,7819620.83858601,2272313.84384643
26.6582862463539,7820844.46885408,2253448.72334738
26.6925153591059,7822068.3657563,2234595.31371107
26.7272956331943,7823300.18413591,2230768.81042127
26.7620759072827,7824535.6309784,2231237.10001951
26.7968561813711,7825770.89726763,2231697.91002215
26.827923692937,7826736.21063387,2243997.88534592
26.8589912045028,7827680.6265464,2257689.25198974
26.9081167287002,7829241.20228445,2272164.66624076
26.9324968972711,7830106.12652484,2261246.33367447
26.9568770658421,7830969.76248135,2250290.30619384
27.0252059294827,7833410.37816746,2227574.60113433
27.0742172384831,7835203.70629276,2221179.81968643
27.1009690045663,7836169.20968179,2218877.98771933
27.1102541127078,7836387.33126521,2229133.75388404
27.1195392208493,7836611.4894503,2239509.33692191
27.1389101367181,7837090.60623962,2261147.75300231
27.1703679818606,7837860.63981446,2296285.51635729
27.201825827003,7838668.24684099,2326352.46587724
27.2063290366434,7838879.64676822,2318982.22808851
27.2108322462837,7839072.53663514,2311342.20464368
27.2183243055032,7839380.94070686,2298665.2449134
27.2407600439371,7840328.0723163,2260704.83741341
27.2725898708717,7841669.05691285,2206847.85217049
27.2932725182181,7842540.69943844,2171852.42511316
27.3139551655645,7843274.03700835,2171027.01910611
27.3346378129109,7843983.5192262,2187187.68935123
27.3495292457108,7844492.72527866,2198782.83524303
27.3910891486951,7845907.02533743,2231142.18664032
27.4238031179012,7847059.88398099,2235150.20877926
27.4565170871072,7848212.52795478,2230955.78753165
27.4892310563133,7849365.64071558,2226777.34232617
27.5344761647801,7851235.86005331,2198349.7225891
27.5797212732469,7853182.38564845,2162736.03497169
27.597240840225,7853936.07789952,2148949.13813211
27.6087276489417,7854347.28089092,2153248.97892183
27.6202144576584,7854754.36143328,2162037.20414108
27.6317012663752,7855159.97162978,2170796.76779765
27.6692943824965,7856483.12636924,2199466.42730886
27.6988031027234,7857522.93305714,2221971.23194706
27.7090547860073,7857934.04999872,2219091.21002488
27.7193064692912,7858337.11629939,2214632.12272587
27.734662929688,7858943.049331,2207971.75553204
27.7882247492375,7861058.92054172,2184742.35690304
27.8610060054275,7864013.15201082,2170212.78604681
27.89533656946,7865405.1550814,2164929.11555043
27.9144200136207,7866036.20328096,2178436.68495255
27.9335034577815,7866620.90096182,2197463.27258051
27.9525869019422,7867204.94355138,2216470.02273392
27.9796048850271,7868029.65100012,2243379.15792801
27.9952922656642,7868509.09686859,2259003.57326783
28.0109796463013,7869155.65213948,2249543.61968875
28.0266670269383,7869836.58602161,2228872.14024334
28.0423544075754,7870519.61453797,2208250.55668439
28.0839461478059,7872338.06485759,2153576.45211531
28.1300814357452,7874147.12441737,2150537.76328585
28.1488337449705,7874854.71282094,2161998.44734547
28.1675860541959,7875560.34407275,2173411.7171421
28.1995894799071,7876758.98556106,2192889.634179
28.218735967948,7877487.90157481,2192486.54538823
28.2378824559889,7878215.10883865,2191749.58230863
28.2777501082533,7879715.85708115,2190215.80861296
28.3276549798796,7881433.0170891,2204779.22259229
28.3775598515058,7883027.77555304,2232766.39537392
28.3965092572354,7883633.298159,2243387.41383104
28.4090508604896,7884140.77461497,2236238.28138413
28.4215924637437,7884665.616827,2223320.93159961
28.4341340669979,7885191.95689979,2210436.38035997
28.4730671145668,7886831.01720103,2170437.25424379
28.4916688577571,7887613.17633207,2151325.61225315
28.5102706009474,7888240.54566051,2155275.96630518
28.5246860225795,7888669.67886441,2173331.73658708
28.5356819913819,7888994.599667,2187048.41221178
28.5642664935227,7889831.40540048,2222707.39868068
28.5877477365147,7890521.20935139,2252000.82005907
28.6017281202376,7890953.11779206,2265957.71020268
28.6106340785409,7891299.24591208,2258791.78985615
28.6195400368443,7891637.81897724,2251492.90429309
28.6375120368839,7892308.14594419,2236772.06186248
28.7038463069239,7894775.27239081,2187950.35127534
28.7126393888683,7895038.95120624,2193285.54611184
28.7214324708127,7895309.56807425,2198747.07887775
28.7395041943332,7895877.99014126,2209962.96669712
28.809723071582,7898084.81297027,2245996.75472009
28.8397706616287,7899070.4420394,2241256.31213811
28.8698182516753,7900054.91806114,2236477.45070721
28.9516527820849,7902551.76115127,2247658.33388474
29.0613672499116,7905838.8348781,2256454.87089783
29.133902126271,7908035.58693065,2252184.55574553
29.2064370026303,7910237.71375696,2251168.61401371
29.2990750901785,7913102.51160164,2244544.68039657
29.360342945311,7914933.20347221,2249888.03123423
29.4216108004435,7916750.3298491,2254971.86977792
29.5542555722289,7920639.15110985,2256236.98685761
29.6478852829059,7923397.6090578,2254513.53110609
29.7706234871681,7926965.81361841,2257777.07953369
29.8933616914303,7930610.58825601,2248438.46138649
29.9680152883022,7932810.37819669,2250161.94498815
30.042668885174,7935013.32510256,2250370.21339722
30.4159368695331,7945620.28144213,2269610.04325039
30.4649118737992,7946975.54299029,2266132.07711483
30.5138868780653,7948319.97108367,2263390.11634146
30.5940730551594,7950553.50888494,2262057.95946447
30.6819916478991,7952932.79456832,2266425.63827735
30.7699102406388,7955384.89731594,2259665.82363388
30.8578288333785,7957777.62721569,2262940.86557751
30.9457474261182,7960201.70214936,2261066.91352697
31.0566574340896,7963319.25654305,2253221.77258909
31.167567442061,7966308.66992944,2264565.89927877
31.2784774500324,7969210.08551701,2270562.79690566
31.3669568955224,7971608.17397642,2261412.56522832
31.4447690009193,7973611.01166411,2268570.883275
31.5225811063162,7975587.3086147,2277556.26824857
31.6003932117131,7977686.89936533,2258142.57427205
31.6260577659865,7978358.62953807,2260565.1707912
31.6517223202599,7979024.25675183,2263020.29815337
31.7265514444244,7980938.50455875,2270392.19861324
31.9128145759117,7985622.19313261,2272643.7487334
32.0426412524118,7988897.6011547,2272438.26607792
32.172467928912,7992233.05151256,2264266.83694067
32.2464032531736,7994104.29796606,2266538.59848439
32.3203385774353,7995931.38925619,2273386.82794546
32.4395506626747,7998882.82712087,2274222.53804394
32.5587627479142,8001803.5966309,2274106.76333974
32.6779748331537,8004660.03414308,2279906.93118687
32.7527413948406,8006474.27643942,2276930.06275791
32.8275079565274,8008281.14673157,2274206.35613437
32.9022745182143,8010047.589643,2279899.50555186
32.9770410799011,8011733.46275306,2287360.5703019
33.0791365700657,8014121.69504223,2280744.11017102
33.1599239865156,8015983.94466878,2282137.66464537
33.2407114029654,8017963.80570655,2271792.22045417
33.3214988194153,8019971.69431899,2261117.11203872
33.380690400885,8021275.83004672,2283760.26504296
33.4398819823547,8022656.07019741,2283993.57248747
33.4990735638245,8024063.3791594,2273260.08331004
33.538452771227,8024965.88705686,2275896.38415796
33.5778319786295,8025866.62775505,2278793.85131044
33.6739965297439,8028021.34254296,2284789.30101416
33.7704061138099,8030227.31327451,2280639.97993021
33.8668156978759,8032369.71984749,2284938.21787796
33.963225281942,8034458.34221844,2290131.70492778
34.059634866008,8036570.33907496,2287199.5326807
34.1828462407049,8039290.37383597,2284290.86528948
34.3060576154017,8041849.54454333,2298100.9390591
34.3647205747326,8043078.16458593,2295478.57349666
34.4233835340635,8044347.36368064,2289777.50504209
34.4820464933943,8045674.59796795,2279395.58704545
34.5407094527252,8046994.97812117,2276368.13347654
34.6190834652782,8048740.66584269,2278201.80336372
34.6974574778312,8050431.98549915,2284725.73529896
34.7680948502926,8051837.04620332,2296124.36096913
34.8387322227539,8053347.73726882,2290762.47773153
34.9093695952153,8054909.17876263,2276444.89412401
34.9381377068927,8055472.16911824,2284384.52661603
34.9669058185701,8056035.8835982,2292353.20530257
35.0532844468429,8057830.200041,2292332.57945727
35.1373557679401,8059538.25827212,2291780.55609163
35.2214270890372,8061207.01785585,2299479.56085007
35.2810758830896,8062492.34812095,2285174.73344218
35.340724677142,8063666.38286796,2290746.93071906
35.4003734711943,8064797.53081381,2305503.15680004
35.4232621056011,8065269.91367772,2301894.56932613
35.4461507400079,8065740.96325499,2298245.87244718
35.5093992034558,8067020.74166071,2290771.90833046
35.5726476669037,8068233.73825884,2298352.07454646
35.622243930829,8069251.23952292,2295455.4607345
35.6597393017414,8070072.14582213,2284926.17030755
35.6972346726538,8070893.4370658,2274412.46893404
35.7265096031913,8071455.15860767,2280964.86486426
35.7557845337287,8072013.07729789,2289124.51083714
35.7993699382627,8072843.9471866,2301269.8650713
35.8661931766144,8073923.79085041,2319190.04051106
35.9032300498865,8074559.37385565,2325942.14259931
35.9168615110959,8074885.43854806,2316114.02413535
35.9304929723054,8075208.77947618,2306214.08006326
35.9626161555197,8075959.1024384,2282883.72914544
35.9938981094779,8076694.08095665,2260166.53637072
36.0143590587801,8077117.49225864,2260109.86970272
36.0348200080823,8077534.33168231,2266547.06024673
36.0552809573846,8077950.54222235,2272963.29162452
36.1249573507602,8079325.75158854,2290709.19023964
36.1946337441357,8080629.42903566,2301040.75081417
36.2643101375113,8081908.97741994,2303924.44025626
36.3339865308869,8083188.05416794,2304663.4064572
36.4281945609554,8084900.45448351,2304886.690175
36.6216362404589,8088542.33728405,2293659.62267418
36.6625846988329,8089281.28223386,2299365.25965968
36.7035331572069,8090026.68202231,2304154.56785439
36.7657127752959,8091227.89070016,2296243.22932697
36.8099021528238,8092063.56973829,2293317.23513259
36.8540915303516,8092846.96841246,2299853.3445175
36.8982809078795,8093630.31189428,2306394.49861943
36.9500617079179,8094594.80334474,2301988.72604501
37.0018425079564,8095557.27589743,2297430.85778563
37.0648783431162,8096685.46392047,2301348.26815959
37.127914178276,8097739.77893378,2310479.64299092
37.1909500134358,8098705.97073225,2326229.30711906
37.2241601043357,8099342.59520712,2316458.23914304
37.2573701952356,8100015.65218492,2299782.12624047
37.2905802861356,8100688.75399857,2283118.16418206
37.3207796348644,8101242.30333596,2283390.07975165
37.3509789835932,8101780.53639698,2290803.50337517
37.3811783323219,8102318.54154355,2298202.28171451
37.453798961815,8103610.26494298,2302591.11622268
37.526419591308,8104883.52657131,2303746.75979079
37.6364147224118,8106777.75838174,2307833.20282942
37.8231038564155,8109941.32271005,2306980.37087437
37.8753223074697,8110936.61853934,2293344.91916694
37.9275407585239,8111838.00765984,2295256.7598898
37.9693042925773,8112503.88501649,2308074.4952639
38.0110678266307,8113193.98060435,2315319.29509382
38.0528313606841,8113939.54318624,2306979.45323961
38.1049420619983,8114863.28758239,2298052.60895667
38.1496588122305,8115610.97691911,2302613.31938896
38.1943755624627,8116358.69020307,2307191.23153675
38.2751230417662,8117615.35834855,2316994.92184829
38.3558705210698,8119010.15726501,2305487.39896555
38.4366180003733,8120408.36213305,2298720.38186267
38.5003752708565,8121469.59908581,2307137.75161382
38.5489279620279,8122238.12011521,2310793.11625989
38.5974806531993,8123006.31395547,2314442.01335776
38.8402441090565,8126920.89410405,2303709.63086612
38.8810575294169,8127558.21936152,2310929.40992422
38.9218709497773,8128207.26311602,2313447.27085932
38.9730760718656,8129026.04839995,2311397.24522533
39.0242811939538,8129858.70345302,2309083.59734781
39.1653944069456,8132111.33525257,2311223.07570031
39.2764183376108,8133789.98506248,2317930.01975705
39.387442268276,8135509.40506028,2312665.32360051
39.461637493494,8136611.28896741,2316925.23001991
39.535832718712,8137733.84752444,2317123.10952061
39.61002794393,8138894.8366433,2310538.90085456
39.6842231691479,8140122.62064754,2302368.65533216
39.7564977039414,8141238.98317239,2308029.96205517
39.8287722387349,8142320.66155279,2315476.07775858
40.0272726189318,8145247.40913861,2316419.21526422
40.2662937698677,8148820.53326871,2312750.71856725
40.5053149208035,8152214.64966995,2323981.0432844
40.6373118638227,8154048.14406371,2320480.94156641
40.6993968822073,8154985.35851393,2308628.77813744
40.7371546374848,8155516.73835664,2312921.0915471
40.7749123927622,8156039.91189246,2317427.84064421
40.867200047589,8157251.38184217,2327787.63643652
40.9668164555288,8158625.27143202,2321771.78944896
41.0664328634687,8159895.83931799,2330540.73618969
41.1430310832936,8161015.64451916,2318604.58058042
41.2196293031186,8162174.44172319,2302334.88214272
41.2777187401352,8162863.09186667,2328541.69446429
41.3358081771518,8163326.44693436,2359842.62374127
41.3879706097755,8163630.22248832,2390825.67620623
41.4160985551567,8163936.11687116,2385464.2676759
41.444226500538,8164319.24010642,2363250.38920529
41.4644844293697,8164595.60020271,2347279.43747156
41.4859094782714,8164891.97504235,2330391.18543312
41.4973343554429,8165048.92091553,2321385.07504737
41.5087592326143,8165002.00908606,2335679.23595144
41.5171712030114,8164951.77821589,2351779.72324894
41.5255831734085,8164899.20482454,2367831.55107397
41.5490210540556,8164744.99963086,2412559.09789677
41.5923153975344,8164465.51341535,2495182.3836013
41.6130924799641,8164324.75816649,2512744.91019378
41.6338695623938,8164135.68284259,2516948.82204982
41.6500897724605,8163991.62351085,2520263.86472828
41.6970279196048,8163583.2924354,2529863.22207684
41.7075272889627,8163256.43775731,2547838.90032671
41.7180266583207,8162869.21989313,2572473.30167197
41.7285260276786,8162480.51289637,2597063.74034904
41.7580786998167,8161378.15627238,2666277.83588023
41.7813615268279,8160512.14412647,2720809.73730037
41.7926450514466,8160092.1810951,2747236.96131
41.7984577542908,8159875.86623304,2760850.96026578
41.804270457135,8159883.67779004,2751198.41355661
41.8100831599792,8159882.64778664,2732097.89351074
41.8158958628234,8159888.57057681,2713117.67946479
41.8285145518865,8159914.35192472,2671904.95722531
41.869991666898,8159979.320872,2536428.92674905
41.8900867893516,8160011.88424552,2470793.83781811
41.9000410236101,8160022.88193055,2438483.26586337
41.9010280956068,8159951.16548349,2439695.36470026
41.9020151676034,8159941.89061152,2441655.48799997
41.9032214163597,8159919.26872243,2443870.76145301
41.9055318397206,8159873.55401983,2448166.16515319
41.9121246972596,8159745.94381638,2460411.92366657
41.9413611264645,8159174.78102612,2514715.24848786
41.974759549838,8158523.36676821,2576749.95386029
41.9898760162405,8158228.39893058,2604827.34488392
41.9979686497473,8158070.49792921,2619858.65152764
42.006061283254,8158094.52286665,2611639.97428034
42.0123139140851,8158111.24248041,2598706.38430792
42.0185665449163,8158132.56976749,2585852.06340337
42.0339756074021,8158194.7581234,2554166.95777618
42.0910022300837,8158409.65851885,2436897.07584859
42.0975149507774,8158434.61055181,2423504.65443329
42.1040276714711,8158202.61650868,2433756.53551266
42.1124608077882,8157841.83062359,2467696.59542973
42.1184615343592,8157580.31692822,2491729.92469572
42.1311904630001,8157011.12947849,2542717.91516569
42.1768629122802,8154991.19640706,2725675.52245931
42.1883223485538,8154483.83345232,2771579.90764573
42.1997817848274,8153976.72725433,2817484.53588163
42.2011151558574,8154049.2562009,2815050.29937333
42.2024485268874,8154038.04438078,2809811.08680296
42.2037818979175,8154042.45245443,2804763.64974692
42.2062131255908,8154048.5285442,2795500.84259639
42.2127720496487,8154059.12641167,2770523.05447289
42.2402529192053,8154109.82288015,2665873.28468403
42.283109870745,8154187.31571733,2502668.3133195
42.2931943791926,8154205.64435841,2464265.27762066
42.2987163833644,8154215.66761197,2443236.7952063
42.3042383875362,8154076.85373934,2445498.30421143
42.3083879182868,8154007.73509296,2453271.84924782
42.3125374490374,8153929.86018153,2460926.67752408
42.3214484504274,8153754.3692579,2477384.06395641
42.3520655445333,8153167.62244116,2533934.51784012
42.3859147037315,8152517.0355029,2596452.65308108
42.4197638629296,8151729.62660341,2635208.98383088
42.4536130221278,8150814.07987408,2656719.54849673
42.4776520862589,8150164.18943195,2672017.2875726
42.5520861063113,8147289.99925851,2753179.30816463
42.5763760115073,8146232.73088982,2784442.03814042
42.6006659167033,8145205.46735409,2812695.34866438
42.601794348498,8145246.46411554,2809498.88801329
42.6029227802927,8145235.33003827,2805692.67222271
42.6043612778853,8145228.72545638,2800986.8905302
42.6071719239038,8145220.81675833,2791754.89085661
42.6154956400225,8145193.04975021,2764419.35574944
42.6522105912849,8145076.20484696,2643849.78077201
42.6904189633548,8144953.67246678,2518374.86371091
42.6971032168837,8144932.29335409,2496424.08400238
42.7037874704126,8144706.66519308,2497328.49481091
42.7104717239415,8144459.08861564,2517333.93715663
42.7154291048067,8144268.64728851,2532026.36874021
42.7253629637843,8143872.52569619,2561482.20076058
42.7586970752139,8142566.72910872,2660332.56346709
42.7830014426242,8141613.26066203,2732404.39665128
42.7963559624937,8141089.5593031,2772005.90750586
42.8097104823631,8140526.2004694,2788221.09986205
42.8230650022326,8139904.84091952,2795204.60825021
42.836419522102,8139285.41096338,2802233.66753789
42.8720536833689,8137642.41046924,2820994.97385615
42.9529645236505,8134005.78904573,2829227.08447417
42.9892890964738,8132391.1279171,2824713.64939175
43.0256136692972,8131070.34876735,2802047.8662392
43.0619382421205,8129861.92993386,2771651.70815271
43.0982628149438,8128653.22572913,2741266.34910307
43.1102501288478,8128194.74071344,2743468.22831142
43.1222374427518,8127740.38310446,2747915.05787386
43.1384236604739,8127126.17913036,2753902.26659657
43.1960969396786,8124932.63794573,2775232.94250058
43.2243400490403,8123582.77994658,2796907.72837229
43.2525831584019,8122192.50364676,2820443.63926872
43.2932865265028,8120189.18061795,2854359.98994181
43.3433871532584,8117417.33903284,2882165.89127871
43.3934877800141,8114594.6192749,2907776.67458303
43.4617424293234,8110411.64593306,2934919.95096651
43.5299970786328,8106087.19841282,2957125.2804712
43.5982517279421,8101622.85447997,2974033.75132396
43.6665063772515,8096837.70680446,2996245.01712367
43.7347610265608,8091634.86171584,3033546.15076619
43.7860254182915,8087438.18115706,3072486.67500621
43.7994241550372,8086341.59794888,3082662.83222221
43.8075763310358,8085795.59802969,3076446.53938907
43.8157285070344,8085240.38709155,3069076.96996936
43.8282314429789,8084390.34231944,3057793.85456503
43.8714857072497,8081454.84325379,3018762.2997631
43.9393288794235,8077186.06790487,2970118.81563577
43.9789527349483,8074842.49871565,2947089.31905056
44.0007925986756,8073538.30572063,2935531.37566404
44.0086228887566,8072960.11295125,2942288.13705478
44.0164531788377,8072388.75474019,2949183.32573724
44.0321518598558,8071260.32309189,2963008.62233602
44.0815145587615,8067688.83031553,3006461.37380988
44.1415676144511,8063577.46914028,3008759.60922757
44.1809255532383,8060936.21639517,2995365.16873247
44.2202834920254,8058281.35189549,2989589.50180944
44.2596414308125,8055623.27009825,2991081.24352094
44.2989993695996,8052965.04468389,2992561.74551735
44.3335719040899,8050470.76785273,3002851.25788867
44.3681444385801,8047970.51817875,3013432.16792523
44.4503574980372,8041612.97981369,3050310.44235901
44.5874300060946,8031082.77261169,3045228.36252328
44.6183266743555,8028788.27467125,3039284.21988019
44.6492233426163,8026514.23099629,3037116.19103014
44.6801200108771,8024240.2212186,3034942.83985497
44.748722625602,8019555.28735984,3010397.08996856
44.7758234654101,8017761.42008032,2997489.27240851
44.8029243052183,8016101.70277154,2977167.32224562
44.8095299292885,8015963.80913452,2957211.60859307
44.8161355533587,8015817.50431651,2937076.90038776
44.8285462060874,8015524.33978157,2899252.18840691
44.865179637036,8014684.50396241,2787621.69582842
45.0348666127822,8012180.57695104,2610506.38946267
45.2692554004173,8007032.33300565,2655542.96094847
45.2995655657751,8006460.32696296,2650242.65952844
45.3298757311329,8005971.57704632,2643926.094559
45.3760210717441,8005230.08309438,2634284.16113254
45.4396799292055,8004090.92086351,2637495.53670928
45.5033387866669,8002932.53213755,2648296.44347625
45.5220287740984,8002716.96400364,2638221.62797833
45.54071876153,8002499.50044674,2628085.63796772
45.5861097260612,8001959.75202133,2603462.01555517
45.6270720745822,8001445.12824444,2597869.71078973
45.6680344231032,8000925.7000495,2600938.35174073
45.7089967716242,8000429.86996656,2601528.31074545
45.7499591201452,8000013.65664281,2593261.73119069
45.7909214686662,7999597.48151123,2584989.81382563
45.8859184061553,7998659.94116098,2580843.44477884
45.9809153436444,7997833.98513285,2571990.27329088
46.0759122811334,7997352.83905125,2543344.30418376
46.1479045035056,7996990.90629517,2539146.22989514
46.2198967258778,7996582.67502456,2546265.33429272
46.2774472644078,7996196.70707322,2553568.79548065
46.3410061976784,7995942.46863312,2541686.43433448
46.404565130949,7995780.63502367,2520734.68738931
46.4419257493914,7995650.61172925,2523718.29526631
46.4792863678338,7995521.23420395,2526732.39488745
46.5417674027611,7995485.26973687,2514063.72699578
46.6042484376885,7995538.82986594,2492939.94382588
46.6667294726158,7995758.1259347,2477593.01008048
46.7292105075432,7995984.7116443,2468537.64595023
46.7916915424706,7996226.1028489,2466716.79077078
46.8541725773979,7996489.94572653,2463453.25302812
46.9564061275589,7997022.29716564,2455305.96202009
47.109330545062,7997964.81298048,2443724.39579676
47.2622549625651,7999039.65709514,2437756.42275571
47.3078713268801,7999397.44887627,2434516.53044888
47.353487691195,7999945.57785598,2414006.31773721
47.3880654815641,8000361.13781828,2398445.8710417
47.4300054028246,8000651.37529783,2410825.66015437
47.4719453240851,8000874.53337601,2435833.03827685
47.504996937682,8001069.21535414,2451199.5746909
47.5272933932701,8001260.65961623,2445006.21370181
47.5495898488581,8001450.85269979,2438772.29934063
47.6104406374302,8002023.49026507,2419104.82306102
47.6712914260022,8002892.78985187,2386561.12755768
47.706937238256,8003338.38153624,2376167.66514788
47.7303222886062,8003479.55151715,2393151.4637366
47.7537073389564,8003621.71559891,2410175.01081396
47.7861766771893,8003824.76981206,2433814.49859624
47.8186460154223,8004161.89318103,2433157.80554949
47.8511153536553,8004571.37143707,2414146.76081737
47.8739407252171,8004859.74037188,2400807.73367509
47.9445070656034,8006010.09215634,2361507.38074019
48.007125572388,8007133.89865891,2333397.88471228
48.0163337520923,8007212.93083634,2341086.76560876
48.0255419317965,8007297.63078272,2348891.1455421
48.044978195222,8007489.93921363,2365359.29919574
48.0839620316828,8007864.30010703,2398385.24325714
48.1229458681435,8008312.79645166,2406534.49408249
48.1619297046043,8008788.33475602,2397019.24362923
48.1895887200974,8009126.04377632,2390288.06190392
48.2801862727603,8010514.98003561,2361848.87972629
48.3387349351476,8011386.09378498,2358958.86636552
48.397283597535,8012239.75572512,2364356.65764453
48.4558322599224,8013135.0652854,2361089.83079828
48.5143809223097,8014044.29541884,2356445.55909926
48.6716882372807,8016626.34528122,2342679.08065143
48.7352434002037,8017596.02478489,2349573.34232509
48.7987985631268,8018472.02233614,2370539.34877452
48.8159633856074,8018768.37727724,2365865.53748211
48.8331282080879,8019070.50788499,2360335.33547627
48.8636767865213,8019585.43026614,2350494.02189736
48.9804001271657,8022017.99836286,2296832.80064199
49.0348181742213,8023209.2353912,2288738.22640805
49.0892362212769,8024393.90314861,2292220.79646861
49.1436542683325,8025357.47390193,2313444.39482915
49.1843550802878,8026040.82538617,2332637.64023426
49.2340958515053,8027185.69812847,2310986.50761782
49.2722244134533,8028155.06620071,2278315.279981
49.3000072438207,8028861.10690773,2254542.16171697
49.3063209625799,8028911.08476584,2262399.13812687
49.3126346813391,8028973.76809212,2270499.46523378
49.3235591990926,8029101.67308363,2284494.65444067
49.3579276619769,8029473.25529003,2328516.51627129
49.3874049449414,8029793.81127181,2366275.18535108
49.4035169049189,8029968.78848963,2386913.48756321
49.4196288648963,8030280.68748187,2382674.97389915
49.4357408248738,8030620.0028886,2365094.01867458
49.4484883832455,8030890.06997507,2351228.72470412
49.4833936737611,8031638.03561706,2313264.69663398
49.5427808180004,8033226.7399681,2260697.61017192
49.6021679622396,8034933.2713614,2217084.29090014
49.6087362521478,8035043.81927731,2223346.36028788
49.6153045420561,8035164.5029202,2229783.87192066
49.6278864383851,8035411.08582202,2242099.04144709
49.6709531546963,8036230.03475295,2284247.33477132
49.747572578998,8037771.50445249,2307659.51461147
49.7840815994172,8038518.81129509,2301919.34914539
49.8205906198365,8039394.70999178,2287193.06529524
49.8570996402558,8040359.14896114,2265379.03254365
49.8936086606751,8041323.7396692,2243577.68082192
49.9246554208702,8042115.83338976,2241613.12573365
49.9557021810653,8042908.67553144,2244051.30538365
49.9867489412604,8043701.45875244,2246481.4644349
50.0391382626148,8044878.59610831,2263146.16383891
50.0915275839693,8045992.66003896,2287824.54119649
50.1165548730153,8046675.98168701,2277364.14736426
50.1415821620613,8047415.46801504,2255229.22216881
50.1666094511073,8048155.69843584,2233124.90055661
50.1931337833739,8048943.92320695,2209699.76521062
50.2196581156404,8049637.68407452,2211442.963209
50.239757478593,8050154.34620972,2219605.60701296
50.2598568415456,8050670.37160196,2227746.11232044
50.3270901862579,8052252.32965516,2257596.08791743
50.3943235309703,8053631.47091083,2291369.00109972
50.4174348601944,8054162.55831963,2289294.51804013
50.4405461894186,8054700.40670475,2282627.26381757
50.4636575186427,8055238.56000104,2275972.63423254
50.5552854602956,8057110.55427304,2290459.55842453
50.6109249773151,8058251.01833154,2301711.19388922
50.6325658990922,8058841.59714692,2283690.31684422
50.6542068208694,8059431.11444966,2265628.85637147
50.6886214273603,8060362.46514481,2236904.31610326
50.7230360338512,8061136.02567871,2237728.62764458
50.7459604237516,8061597.36273449,2252671.27295213
50.768884813652,8062057.35903392,2267570.72504837
50.8016454664324,8062708.85463082,2288860.9162258
50.8344061192128,8063466.14959184,2285714.51911037
50.8757539301375,8064464.66779306,2265075.75452622
50.8957294307248,8064947.03626437,2255115.88325639
50.9090233924421,8065129.82942366,2264537.00950598
50.9223173541594,8065276.13387361,2281925.02360682
50.9356113158767,8065420.91469261,2299271.64108435
50.9736866445198,8065828.0701904,2348954.14179284
50.992154823693,8066026.9528441,2373053.32569116
51.0106230028663,8066360.18544201,2373034.02202405
51.0290911820396,8066742.19343057,2354606.71876575
51.042253388812,8067016.01151961,2341521.52104021
51.0771834694203,8067752.20793781,2306799.3730368
51.0988450646956,8068206.68680919,2285265.70688314
51.1120141893995,8068463.79445072,2284797.51924385
51.1251833141034,8068731.64967909,2285677.60761641
51.1455803796694,8069145.14313762,2287029.30321714
51.1842548304884,8069927.3420655,2289589.85818919
51.2229292813073,8070944.16755978,2267730.15955928
51.2616037321263,8072099.56608326,2228832.59911955
51.2894051183932,8072930.29661377,2200890.63863201
51.3150524200835,8073339.93494825,2221934.35412335
51.3253923412184,8073433.96861896,2244082.34016202
51.3357322623534,8073523.61865406,2266133.01918239
51.3587713751829,8073710.63636577,2315269.14817457
51.4008397375876,8074070.79256281,2402529.07660053
51.4051489268747,8074174.88991864,2399273.35552205
51.4094581161618,8074255.51267922,2395686.6313954
51.4161525881032,8074362.53208417,2390152.29306597
51.4349504894573,8074695.11076767,2374617.8065037
51.5129560497035,8076059.5970875,2315306.54092747
51.5269448361208,8076292.62568245,2315860.86881998
51.5409336225381,8076528.45029994,2316480.42971856
51.5750419237739,8077114.51338632,2317992.14740285
51.6292145855281,8078036.5295099,2319617.42143466
51.6833872472824,8078949.62038267,2320574.34406471
51.7018695232313,8079305.49819368,2316494.19635628
51.7084104698311,8079581.11854112,2301067.34383842
51.7149514164309,8079846.96025329,2285461.53894777
51.7273956213628,8080336.23266752,2255786.82675209
51.7691060540447,8082002.4434027,2156329.90916288
51.8029849744063,8083354.22725194,2075545.50539259
51.8039373237299,8083308.56154365,2077708.48824094
51.8048896730534,8083329.05566095,2080751.63720317
51.806050163934,8083342.80757143,2084268.88065323
51.8083156472536,8083368.0214491,2091193.91725364
51.8149188513859,8083443.95959644,2111364.00526715
51.845153436876,8083786.66762557,2203719.33709948
51.9963263643269,8085820.82642265,2344652.12662879
52.0098944781584,8086047.63565873,2341198.16121783
52.0234625919898,8086293.80609759,2338002.57853916
52.0511891334222,8086813.41468398,2331472.88253029
52.1611340117213,8088848.73458968,2305570.41625246
52.7108584032169,8098053.88076332,2378075.29638946
52.7232518164275,8098233.33668392,2373306.12398623
52.735645229638,8098408.53328804,2368440.76620716
52.7627489327042,8098777.39855432,2357799.82327025
52.8729373285051,8100943.43134933,2278833.62560223
52.8965647655523,8101476.25805662,2257958.89461514
52.9109257697223,8101731.92201924,2260171.92528714
52.9252867738923,8101986.7861555,2267307.46770679
52.9396477780624,8102240.73712705,2274419.37522305
52.9882365700777,8103094.58288487,2298481.21533229
53.0211816422426,8103776.2328684,2293991.84359621
53.0541267144075,8104523.10088246,2277730.90204039
53.0870717865724,8105259.42965307,2261491.47124039
53.125650347236,8105913.53767995,2274655.02715987
53.1642289078997,8106481.65394308,2304302.11228147
53.192184103456,8106893.34457516,2325767.34481541
53.214984995521,8107294.51521478,2326319.67777364
53.237785887586,8107711.22996339,2317783.84697699
53.2605867796509,8108128.62833108,2309274.1004907
53.3327128275224,8109701.08634534,2273695.06742579
53.3886770208977,8111144.36079689,2237911.46219744
53.4085293780613,8111656.23587369,2225220.7840816
53.4187523351577,8111920.27667908,2218686.29341607
53.4289752922541,8111999.54507531,2236147.77185966
53.4363120673359,8112051.8565585,2253917.01847125
53.4436488424176,8112101.13352653,2271631.84000964
53.4639034326792,8112229.87832369,2320542.78230923
53.4846867557666,8112365.21641156,2370732.06745595
53.496386545075,8112441.0345281,2398985.2290742
53.5080863343834,8112611.92598616,2402264.75763684
53.5197861236919,8112769.71370099,2393753.02806189
53.5314859130003,8112930.53127339,2385311.18337567
53.5598158954673,8113331.27529473,2364870.12229324
53.6813707759741,8115280.43837282,2311210.15181834
53.7534650441647,8116400.16607737,2315001.61622245
53.8255593123553,8117476.06495558,2324988.28146884
53.9149992292883,8118833.06121722,2323782.74154703
54.0044391462214,8120262.04366327,2314065.81134008
54.0938790631544,8121686.51268926,2313944.73407713
54.1301164127326,8122447.71890718,2295823.705271
54.1663537623109,8123239.89467606,2273945.56670796
54.2025911118892,8124024.10335031,2253691.64402539
54.215801043131,8124248.56630225,2259207.67964879
54.2290109743728,8124476.76248976,2264814.27265577
54.2581680348699,8124994.61634404,2277189.49478457
54.3817731380085,8127457.14613642,2268077.07794263
54.405093494023,8127947.77913295,2259928.51330036
54.4181178827293,8128099.68314781,2270808.14622618
54.4311422714355,8128247.6189152,2284533.57466553
54.4476252670536,8128434.10269553,2301884.06218906
54.5055373965948,8129111.7685497,2354796.64476825
54.5175559422674,8129305.47287348,2349971.93566915
54.52957448794,8129494.84991009,2345046.11722461
54.5551870592157,8129883.04100962,2334548.5292632
54.5937323567061,8130476.39378452,2318754.6245656
54.6189674519458,8130796.18750929,2321988.39713651
54.6442025471856,8131104.3188151,2329833.23717388
54.6694376424254,8131412.29789955,2337667.00086013
54.771628042387,8132866.25184515,2326692.59977122
54.8451201766964,8134021.14466757,2312981.018673
54.9031852948623,8134956.61905421,2306705.3964849
54.9435185728811,8135545.7347722,2312712.25349468
54.9838518508998,8136134.842342,2318737.73032835
55.0593816969497,8137309.64250258,2314698.17376486
55.1349115429996,8138523.50349814,2306857.80221098
55.2264556583992,8140012.98455186,2303095.01903438
55.3179997737987,8141407.95388183,2313181.90632244
55.3795690217076,8142287.48213373,2320283.83663731
55.4411382696164,8143359.28011435,2303308.78609892
55.5027075175252,8144505.70653002,2276798.03221964
55.51868816106,8144724.06374243,2284279.69981305
55.5346688045948,8144945.411544,2291843.67123515
55.5705491505445,8145456.70402144,2308829.6595855
55.6394726728761,8146469.74148057,2319267.10334076
55.7083961952077,8147490.42233044,2314599.49937707
55.7616764329197,8148230.32343375,2319945.44345166
55.8149566706318,8148950.01148179,2325189.60763972
56.0015852344201,8151263.5327169,2338110.48910959
56.0563031747391,8152041.88935137,2329068.67534261
56.1110211150581,8152820.68795038,2320013.97748819
56.300741416115,8155084.33670895,2359498.87151625
56.3094387643655,8155269.89107321,2351029.93809164
56.3181361126159,8155447.84276034,2342397.34005061
56.3345239858184,8155763.53116776,2326137.80891342
56.3912693988178,8156886.11329953,2269847.22824866
56.4166484431862,8157272.15763402,2270840.52302033
56.4420274875547,8157627.81044592,2285899.51691217
56.4615529349336,8157900.9331614,2297458.15405978
56.5212214365977,8158693.84172708,2324082.45207185
56.5631426415358,8159197.32699728,2331606.81928736
56.6050638464738,8159707.91401777,2337722.8821097
56.659406506954,8160416.83877227,2332153.24073936
56.7018440804891,8160977.66402244,2327608.59240304
56.8005701146126,8162457.00597116,2307382.74110218
56.8792912788587,8163860.11917298,2284293.22223137
56.9286891626245,8164594.70437147,2291832.79804268
56.9780870463902,8165240.88432432,2315474.01375436
57.0141624655156,8165688.03104161,2327621.966328
57.050237884641,8166084.29353975,2331729.02652852
57.0863133037665,8166480.9431943,2335848.20987405
57.1780225884702,8167492.13883444,2345656.07994648
57.240832221171,8168249.99893852,2338928.88204302
57.3036418538718,8169040.2570786,2329146.39724443
57.3623096639142,8169757.5737978,2330976.76052599
57.4209774739565,8170511.520103,2328724.84988304
57.4796452839989,8171323.2104263,2319040.3855612
57.5504958554904,8172254.19394014,2320084.99695337
57.621346426982,8173161.02531005,2325296.86237799
57.7099917480585,8174289.09966489,2326194.73209537
57.770596754647,8175169.1273326,2313566.28896794
57.8312017612354,8175953.23763103,2316183.09025816
57.8780896545531,8176500.76185538,2329450.36858865
57.9249775478707,8177073.45379898,2333611.04854422
57.9718654411884,8177659.6200384,2329689.08741409
58.0187533345061,8178256.38704244,2325583.22452579
58.1082645482471,8179482.17801429,2314112.12894488
58.1702784097663,8180507.01801749,2294285.72073441
58.1983671610047,8180971.56156369,2285301.61566635
58.2152315252066,8181160.19842016,2292854.8350058
58.2320958894085,8181349.05311121,2301904.59953376
58.2576601223656,8181635.21923473,2315614.76887989
58.3676274071086,8182791.93651241,2345602.99641823
58.396517823861,8183080.97695955,2348677.8816177
58.4254082406134,8183516.73533663,2334902.63064427
58.4462483056438,8183844.63244515,2322661.43904933
58.4747779339947,8184293.37740531,2305911.03513563
58.5002655605449,8184693.0824393,2291301.00967319
58.5086178155351,8184748.36126345,2297546.19728203
58.5169700705252,8184810.76436473,2303934.02271377
58.5335846178837,8184952.22013493,2316633.90072456
58.5932857928508,8185434.01485144,2362259.44314287
58.6200846667826,8185814.45130935,2353056.81322268
58.6468835407144,8186226.96460269,2333671.63993006
58.6736824146463,8186639.61082616,2314308.76072606
58.7582030611686,8187537.17975413,2329555.59594974
58.842723707691,8188271.35916414,2362142.79921336
58.8865014427563,8188662.68301999,2358601.99531752
58.9302791778216,8189187.11170348,2344617.06115483
58.974056912887,8189765.10056015,2325901.39103613
59.0178346479523,8190346.05448649,2313872.18970057
59.0513581198813,8190805.13617557,2312222.59011302
59.0848815918103,8191263.75444388,2310558.03109845
59.1409805182524,8191870.36399821,2325072.65801115
59.1970794446945,8192425.52642786,2346044.9894515
59.2150721815247,8192676.64555236,2340993.53341416
59.233064918355,8192931.93586716,2333544.4928654
59.2573373481084,8193276.50664175,2323506.74180058
59.3096863326138,8194011.78640525,2303902.38583307
59.3266589479809,8194190.13676461,2309821.21069805
59.343631563348,8194370.45570111,2315802.65364486
59.3847221271633,8194819.64355236,2330287.58913935
59.4444299445366,8195555.49433485,2327948.00974305
59.5041377619099,8196305.83255594,2317510.18174976
59.5263523011827,8196508.61635409,2325288.57275953
59.5485668404555,8196712.45346862,2333109.31567292
59.5905895190345,8197105.97081903,2347907.55379996
59.6173626509372,8197494.38761693,2339769.0764482
59.6441357828398,8197939.94741927,2321887.11021802
59.6709089147424,8198385.80937065,2304028.21787059
59.7570432336277,8200161.80406644,2233475.85510002
59.7793958034271,8200706.68295847,2211727.77834435
59.8017483732266,8201198.55543051,2196210.15081369
59.8065772502168,8201164.18586704,2208670.0350288
59.811406127207,8201149.50874367,2221442.68923429
59.81916307138,8201147.73523427,2241925.49688529
59.8417666360161,8201106.43174734,2301607.28231425
59.8695871797916,8201059.28843501,2375067.21589097
59.897407723567,8201011.4234343,2448526.56531308
59.9052229198586,8201069.5014816,2452454.02337096
59.9130381161502,8201101.51386527,2447396.88342938
59.9208533124417,8201137.55860895,2442420.29591214
59.9397354236047,8201235.85792573,2430392.10929892
60.0135336240294,8201675.12163046,2384743.27667392
60.1087984313493,8202660.51277917,2338572.94341152
60.1377115388449,8202951.62416495,2339014.7947049
60.1666246463405,8203243.33447202,2339490.65422587
60.2472603147533,8204240.72314278,2322649.11306809
60.298031012507,8204939.0438714,2303896.60224029
60.3160840955722,8205133.08350705,2307820.12971831
60.3341371786375,8205328.34207615,2313126.74777966
60.3626907223439,8205636.54462454,2321513.67886277
60.4767541782165,8207191.13772503,2299600.03120848
60.5003647141474,8207540.63571688,2289485.28807943
60.5084242247474,8207573.86403978,2296911.89812171
60.5164837353474,8207614.28913662,2304483.40009186
60.5325216832925,8207712.18989219,2319542.62026618
60.5897064846077,8208034.56471145,2373228.63411438
60.6145957280316,8208276.64611855,2374978.14639832
60.6394849714556,8208556.28715561,2361102.38082423
60.6580456302578,8208765.38578421,2350784.9375361
60.6864500065854,8209090.86259927,2334999.28852652
60.7004508548297,8209250.13063485,2327217.78389771
60.7097174394743,8209539.062153,2307546.76160533
60.7189840241189,8209864.03968025,2281951.37360182
60.7282506087635,8210190.86102101,2256401.74318285
60.7546770187339,8211130.77329264,2183536.71949905
60.7741538669705,8211821.11592562,2129832.33144717
60.7936307152071,8212511.99915089,2076128.62298168
60.812401652579,8212507.90141068,2116993.86706727
60.8186062498437,8212449.26007932,2146888.40906573
60.8248108471083,8212379.72574308,2176582.41086523
60.8362387377417,8212232.64118497,2231293.15270485
60.8740405575072,8211776.44581282,2412274.47056332
60.8910575758538,8211569.85588601,2493744.52587429
60.8981964426214,8211483.39054855,2527922.47018023
60.9024025008735,8211458.65598182,2545523.42941449
60.9034197982187,8211524.14006819,2544036.40881946
60.9044370955638,8211524.32644601,2541844.1287879
60.9057066031822,8211535.51817152,2539279.85756263
60.9081654250733,8211560.36244735,2534264.99848369
60.9152815089217,8211628.74752702,2519760.88795045
60.9468059813572,8211937.4359888,2455509.55593706
60.9838520923443,8212299.0473199,2380003.30706302
61.0021371770925,8212477.6808276,2342735.36243441
61.0080452280767,8212488.83660695,2342588.98785953
61.013953279061,8212525.87803301,2344837.97609647
61.0218882249128,8212572.16365764,2347810.49805007
61.044788610687,8212698.27049151,2356393.2952783
61.0878508923568,8212940.70581241,2372534.65456043
61.1114493855873,8213073.21781926,2381379.93131611
61.1205073927732,8213204.162643,2374956.37455791
61.1295653999591,8213336.92971198,2367754.51211529
61.1453569083001,8213542.95855384,2355208.31944658
61.1977231496892,8214263.02389534,2313615.98487753
61.2132998958129,8214476.277812,2301243.1797625
61.2230992905498,8214535.25155632,2306557.56417347
61.2328986852868,8214600.76388506,2314873.08304665
61.2452666427347,8214682.09547969,2325339.37107723
61.28499567672,8214936.94030695,2358960.11445264
61.3002943836812,8215036.03981056,2371907.27672955
61.3095479244455,8215166.57834416,2367012.11255286
61.3188014652099,8215285.46209642,2360875.01194087
61.3329957815065,8215469.02468828,2351479.71929197
61.3841017026025,8216134.91959715,2317652.50278541
61.442947296861,8217394.90961963,2253188.7783373
61.5017928911195,8218827.14769239,2182429.05451496
61.5082103886085,8218903.72851356,2188788.52121134
61.5146278860975,8218993.88860146,2195382.03516686
61.5258318893579,8219173.29700894,2206873.87254674
61.5616305979234,8219711.97886493,2243585.12681629
61.6025893549759,8220257.91505001,2289663.78563333
61.6130925995362,8220121.0691217,2316974.12913588
61.6235958440964,8219988.28281165,2344415.30569697
61.6444766921776,8219743.19316857,2398967.87981302
61.6683179971132,8219454.21225465,2461250.34547763
61.6921593020488,8219166.27731997,2523534.51773195
61.701362704454,8219105.23269578,2541408.96085249
61.7067995506494,8219184.56006389,2530317.87733076
61.7122363968448,8219246.0222783,2518950.3678497
61.7213800622186,8219325.68257933,2499854.13109875
61.7471830152641,8219586.16986283,2445979.51270754
61.7934788123931,8220048.41501374,2349311.42276221
61.8141763395832,8220289.79241721,2329886.9327577
61.8348738667732,8220578.951955,2321750.42314846
61.8555713939633,8220867.11947206,2313578.68663797
61.8900117469147,8221340.32974176,2299978.25972667
61.9244520998661,8221647.36738095,2311840.85321928
61.9588924528175,8221901.98763275,2334301.57167983
61.993332805769,8222156.73949321,2356745.0026503
62.0238328531379,8222368.29305235,2362731.71703546
62.0543329005068,8222569.57841622,2364739.77750078
62.0848329478757,8222770.79130067,2366754.58950101
62.1331145861329,8223264.26311695,2350403.6818835
62.18139622439,8223875.92165336,2318600.97910733
62.2030438704581,8224125.06069193,2308297.40051987
62.2174180490086,8224206.99633634,2317715.01234766
62.2317922275592,8224291.34370702,2327202.19638965
62.2658127115364,8224504.25281171,2349658.92145476
62.2974071294037,8224697.40034907,2370511.54032691
62.3167702676283,8224842.26027951,2370444.51989207
62.3361334058528,8224981.63688216,2368286.39057973
62.3631140540577,8225175.88878873,2365287.6583253
62.4770287240438,8226313.66906515,2329569.43059027
62.5384757318927,8227011.90805873,2318806.55092068
62.5999227397415,8227722.10427578,2316788.57776967
62.641331688595,8228113.97112277,2325305.80443182
62.6827406374484,8228496.99157972,2334368.14625912
62.7688858424361,8229297.22960557,2339663.75617036
62.8550310474238,8230035.10744512,2345197.71878246
62.9597333777184,8231003.41794587,2338730.65612289
63.064435708013,8231953.69002621,2340203.3769172
63.1691380383076,8232885.54237984,2341650.5437694
63.2461975993161,8233718.93005607,2326724.54575374
63.2983736625914,8234341.6238074,2311598.19436906
63.3272256261271,8234589.86707288,2319294.31561042
63.3560775896628,8234823.81805278,2330986.77542132
63.3849295531985,8235057.90584561,2342672.21380829
63.4263250261868,8235690.56378009,2322120.38998411
63.4536827274257,8236220.07699106,2294196.50793754
63.4810404286645,8236741.64321876,2266305.36213337
63.5153092587768,8237358.61228692,2236853.04174988
63.5168149831198,8237304.76061843,2241247.43263975
63.5183207074629,8237296.29880993,2246162.96566796
63.5202694674443,8237282.87407065,2252408.21931242
63.5243953548189,8237243.70641598,2265659.93234958
63.5384785362153,8237117.39994778,2310890.74309922
63.5723811535062,8236809.81605235,2419773.28523114
63.5891089007427,8236658.38971086,2473496.8736247
63.5976392786502,8236581.12325412,2500893.36942902
63.6061696565577,8236641.9175675,2504203.10270741
63.6147000344653,8236692.10867798,2490706.38737766
63.6211800387608,8236734.84610559,2480556.89543061
63.6355237759943,8236843.80210893,2458085.23207949
63.6892582658088,8237229.75720541,2373893.4600161
63.7008267481066,8237295.46677554,2358122.56847745
63.7052847091509,8237240.91592839,2363972.64187612
63.7097426701953,8237204.41902684,2370089.14036907
63.7172098846092,8237161.67777597,2380303.4758157
63.7391142478737,8237004.91175584,2410259.30831318
63.771648994739,8236776.26463559,2454757.19246696
63.7941568532933,8236617.56342479,2485540.7935979
63.8092846396873,8236616.97970163,2486166.2421531
63.8244124260813,8236637.47004626,2473643.13714271
63.8365106898598,8236655.24698369,2463674.27426704
63.8690145887502,8236713.36850773,2436895.30691595
63.948267419476,8236570.26837533,2436096.04711112
63.9721316827513,8236484.84960663,2448448.2141486
63.9959959460265,8236398.58269193,2460764.448157
64.0064953987252,8236030.61945509,2487030.34072305
64.0169948514239,8235523.35377092,2526915.72853386
64.0274943041226,8235013.53120625,2566713.20233192
64.0513151916731,8233842.34871643,2657003.08939114
64.0742433584877,8232720.69070326,2743913.4252733
64.0971715253023,8231598.17738972,2830822.04905545
64.1047841979043,8231464.70693774,2828931.20395051
64.1123968705063,8231341.28748215,2807346.04341994
64.117893166219,8231258.16385546,2791890.59871682
64.1292829892158,8231102.58286211,2759857.51165202
64.1673322571448,8230557.83180186,2652832.70788214
64.1905936703208,8230226.10745845,2587404.51768912
64.2138550834967,8229813.02329315,2564441.62496229
64.227868446041,8229576.76608268,2568477.93773908
64.2418818085854,8229337.1547289,2572425.76595294
64.2726845575671,8228794.15730185,2581097.02353193
64.2893515072699,8228504.04139444,2585792.11338207
64.2980544281458,8228352.12202626,2588242.878089
64.3067573490217,8228468.28935296,2566956.73189127
64.3130790211082,8228569.75180988,2546069.93294875
64.3194006931948,8228674.82466096,2525248.68207042
64.336008670437,8228959.80965878,2470541.98335026
64.4008262437338,8230045.64808996,2260780.75831949
64.4018120150988,8230001.11934894,2261502.99711689
64.4027977864637,8230014.10730942,2262870.81293389
64.4040709243815,8230020.71969607,2264473.60662081
64.4066426451705,8230031.21616888,2267759.18087108
64.4144261931662,8230066.67277827,2277693.15097951
64.4501809821204,8230223.80130549,2323324.96830452
64.4936922447572,8230416.09451161,2378856.76685315
64.512939391894,8230021.46309773,2427813.145712
64.5321865390308,8229422.04696776,2489056.53079688
64.5514336861675,8228822.31699062,2550258.97713581
64.5792935872904,8227947.44137608,2638844.65836698
64.5913733881325,8227569.49915062,2677255.76816966
64.598086855884,8227359.32907123,2698602.78421427
64.6048003236356,8227317.95599733,2695673.19996592
64.6115137913872,8227255.33497798,2682066.49102926
64.6182272591387,8227198.82986475,2668574.06820952
64.6328468490686,8227090.18186884,2639186.79337456
64.6823952002714,8226700.6451488,2539575.78098632
64.7290603694938,8226192.04508119,2514385.22129515
64.7452534857113,8226006.63050902,2520304.9430056
64.7614466019289,8225819.08283683,2526162.05916631
64.8007170071331,8225318.7662821,2542586.34186801
64.8035176868829,8225135.45780936,2552034.14753769
64.8063183666328,8224978.80759524,2561858.75180398
64.8103199285246,8224767.50703117,2575837.68901931
64.8202444067657,8224217.63197292,2610508.1085095
64.8576498676142,8222156.26156291,2741191.66149174
64.8871849307218,8220527.52311264,2844377.10309319
64.9004281313984,8219833.64160561,2886890.730799
64.9009045746193,8219910.10448726,2885224.73716888
64.9013810178402,8219916.4009574,2882441.59672493
64.9020758533586,8219920.4221188,2878639.61941507
64.9036351047744,8219936.30351238,2870042.15855553
64.9083992363351,8219981.52336946,2843789.5242244
64.9238793395479,8220131.8481884,2758486.09843833
64.9883363350223,8220755.01658041,2403292.40374286
64.9958322345783,8220827.48598652,2361985.91627861
65.000017253885,8220865.21427246,2339031.28724298
65.0007893334075,8220791.80511453,2339163.02214842
65.00156141293,8220800.96188052,2340281.89842139
65.0024902316245,8220798.14604776,2341390.81002894
65.0042508155876,8220792.64959864,2343564.87087367
65.0090703197561,8220778.96216242,2349497.99308037
65.02964497134,8220715.85134324,2374828.47027793
65.0886151392613,8220537.59257007,2447431.28348167
65.1286155547284,8220191.2118255,2482712.34624385
65.1686159701955,8219745.63160135,2512345.87453202
65.2086163856626,8219334.25849712,2533329.05559588
65.2367515631763,8219109.58390215,2525674.38879214
65.2648867406899,8218884.94507806,2517998.18741944
65.3521782240532,8217432.67208005,2572298.00799241
65.3737931844624,8216959.80531966,2598889.7070273
65.3954081448715,8216485.90638583,2625438.56898106
65.4070627343725,8216395.55694082,2619342.18071358
65.4187173238735,8216357.69810878,2599266.36817755
65.4279536075951,8216329.87237523,2583420.4761727
65.4508401807396,8216272.85821953,2544158.28273315
65.4851500620671,8216180.78739228,2485295.64127958
65.4966812544225,8216150.12356272,2465512.8315431
65.5082124467778,8215971.71164943,2469878.15631396
65.5197436391332,8215783.78752194,2484577.0351246
65.5312748314885,8215593.50239454,2499214.39278812
65.5601870478155,8215104.97811726,2535913.0117111
65.5837258202944,8214710.86781803,2565793.75451943
65.5967474107292,8214492.46267348,2582323.03169804
65.6097690011641,8214431.60017693,2574979.74907313
65.6196638408409,8214395.0184327,2563014.51673581
65.6295586805177,8214360.34398816,2551094.37914829
65.6572611992512,8214271.96326777,2517721.91087769
65.6904900009535,8214162.0524431,2477689.33397615
65.7117140275414,8213928.7476813,2478306.8927405
65.7259407527779,8213721.62133656,2493413.91921584
65.7401674780144,8213512.00002014,2508448.8516275
65.7738620944812,8213002.04309269,2544053.04962516
65.7937968951518,8212703.47965264,2565120.21315277
65.8137316958223,8212537.52293815,2561801.00642031
65.8336664964928,8212400.39146055,2547105.71548218
65.8536012971634,8212263.99588545,2532446.56341049
65.8880703125827,8212035.07113135,2507103.78738107
65.922539328002,8211631.85767247,2512221.34267989
65.9570083434213,8211163.38807691,2533756.32164177
65.9820194400258,8210823.61660803,2549363.06815575
66.0260095519204,8210289.8573529,2555554.72549083
66.069999663815,8209787.03209193,2546848.28398899
66.1029302801648,8209431.38168861,2539254.635237
66.1502055025218,8209196.49809842,2512157.05443029
66.1834310030599,8209031.9968635,2493099.18989075
66.2328690164146,8208715.38216284,2488999.60417798
66.2823070297693,8208379.64873892,2497286.10006295
66.3215136952385,8208122.92938782,2499610.81561359
66.3736208308319,8207786.10882807,2497995.36903284
66.4257279664253,8207569.58331411,2486629.91018855
66.4778351020187,8207465.89726269,2465138.60025978
66.5299422376121,8207105.25623199,2478208.56729196
66.5572338860825,8206831.71977184,2498628.03631439
66.5845255345528,8206557.55037914,2519013.95838467
66.6008876595526,8206406.1571882,2529373.33075444
66.6067579894379,8206451.86288866,2521376.41901886
66.6126283193232,8206486.00636149,2513179.92810795
66.6235256781028,8206530.15074805,2497979.50200566
66.6569164078635,8206694.52609154,2451415.8549149
66.6848996996409,8206830.13612855,2412390.4891866
66.6988330813662,8206897.93725227,2392959.29736201
66.7063065559013,8206818.39738921,2399272.21175474
66.7137800304365,8206753.80503345,2409088.34671047
66.7212535049717,8206686.74082778,2418865.85217977
66.7440797060365,8206475.53909372,2448732.52209473
66.7799904774563,8206147.17848089,2495721.85465277
66.7971950194991,8205989.52996143,2518233.60839745
66.8075379057828,8205985.34011181,2515949.42028481
66.8178807920666,8205979.79311539,2507381.20900203
66.8282236783503,8205976.07243489,2498855.45146625
66.8578825852649,8205973.60167761,2474407.48284705
66.8859739015542,8205968.34155387,2451249.59682192
66.9039590306916,8205918.87105558,2442838.43171369
66.9219441598291,8205750.27567134,2457687.40980737
66.9399292889666,8205582.79858438,2472576.76969634
66.9890885844189,8205134.99836151,2513279.38259185
67.0262012043635,8204737.73586043,2528145.3178355
67.0633138243082,8204306.19841054,2536291.28285794
67.1004264442529,8203886.62379241,2543389.64313796
67.1054702947203,8203972.94141174,2532132.80132283
67.1105141451877,8204042.59244344,2520595.15640171
67.1189593231305,8204136.95180263,2501302.17319318
67.1427893888888,8204437.50969697,2446874.81225387
67.1793511708712,8204894.17475455,2363363.46953441
67.1981855630199,8205129.81226865,2320343.88893769
67.2091225514371,8205305.7531483,2310017.04732394
67.2200595398543,8205513.15497193,2302849.81804927
67.2335511591168,8205767.65326062,2293982.39077919
67.2776750640776,8206593.80606848,2264981.70900316
67.3381626268521,8207535.34823428,2268686.64660924
67.3758342171897,8208068.5508318,2287001.43435028
67.4135058075272,8208566.3734475,2302274.09746816
67.4511773978647,8208997.73088087,2312062.87930563
67.5017314726743,8209584.12577801,2324791.40899175
67.5434355981003,8210047.81663474,2325568.83083902
67.5851397235263,8210518.40694952,2326329.06478138
67.6340473506921,8211247.35552943,2308426.75763757
67.682954977858,8212047.95442443,2282215.94013686
67.7318626050238,8212598.88131909,2296953.07283985
67.7638860373395,8212888.51159098,2321136.89631481
67.7959094696553,8213177.99397408,2345293.05791744
67.8127952892091,8213420.74700141,2340420.99400727
67.829681108763,8213674.43567722,2329679.17509901
67.8465669283168,8213928.72018596,2318960.06998879
67.9027400747933,8214763.25483129,2286596.27027936
67.9120794538757,8214842.30080682,2291860.7422964
67.9214188329581,8214926.37940637,2297233.01680583
67.9414848131728,8215122.19007271,2308771.70758491
67.9915568279387,8215595.52506917,2337559.07318674
68.023899321804,8215911.49502693,2342099.02691068
68.0562418156694,8216221.15501202,2341568.69871815
68.0885843095347,8216530.78956001,2341047.00855978
68.1370905922232,8217204.76611748,2319791.02692869
68.1855968749118,8217941.7214323,2291393.67428503
68.2341031576003,8218514.99101837,2298415.11841805
68.2711419289816,8218913.26047856,2315353.66274116
68.3081807003629,8219363.41519847,2323823.97121217
68.3343641140866,8219792.89712229,2308496.20364355
68.3605475278103,8220222.25522576,2293146.48968628
68.4435827879856,8221640.029885,2262308.05711952
68.481013814701,8222312.14042265,2255753.38806658
68.5043071780873,8222676.13853733,2257106.4965379
68.5276005414737,8222837.91953496,2282843.64143201
68.5446174465385,8222956.5524368,2301677.94200455
68.5935697680615,8223307.02507432,2355864.43903617
68.6182486194397,8223556.81220833,2357148.54622645
68.6429274708179,8223810.32057647,2349003.51582474
68.6676063221961,8224064.08656948,2340881.36757866
68.7456016287218,8224712.38482793,2345370.99108511
68.7921898920228,8225039.90692076,2360957.82871496
68.8176446679976,8225352.78591738,2351057.48804916
68.8430994439724,8225707.37363556,2332799.10508434
68.8685542199471,8226062.1761335,2314561.03897509
68.9532876378323,8226926.89984174,2322260.79998189
69.0132066745538,8227458.56058892,2347557.29856985
69.0731257112753,8228024.32599165,2341067.47875646
69.1183122276528,8228419.05445133,2340853.82817785
69.1634987440303,8228776.84321844,2347625.78055352
69.2086852604078,8229152.95592847,2351369.8805635
69.2538717767852,8229599.01933491,2342312.25726258
69.2990582931627,8230045.30368253,2333245.58543506
69.3481674280209,8230491.99598645,2336318.08077547
69.397276562879,8230936.62268996,2339666.38927429
69.5137820533329,8231805.08735683,2357560.30134854
69.5705650256827,8232102.20111983,2371179.45208327
69.6069490463663,8232329.55781776,2375011.87275629
69.64333306705,8232692.33961224,2357867.44373086
69.6716901379202,8232975.30168413,2344490.04207435
69.7679558154271,8234087.80330465,2314246.9933923
69.864221492934,8235115.16818616,2321575.43200008
69.9518511175863,8235924.0925124,2336281.82693424
70.0394807422387,8236659.8538037,2344354.44289912
70.1271103668911,8237385.70008877,2345834.46767197
70.1495259141096,8237664.21134767,2333332.87873059
70.1719414613281,8237942.06716696,2320787.85361965
70.2063222989843,8238310.2206672,2309363.02514109
70.2284799581106,8238426.63013654,2324609.37007046
70.250637617237,8238543.71153627,2339898.37595422
70.3088975018505,8238893.55090051,2371397.09560111
70.3336910006208,8239104.03262677,2364135.74695992
70.3584844993911,8239314.04227781,2356832.96937969
70.4231442853971,8239853.35775868,2343843.02976654
70.4742834222356,8240294.72653986,2342253.8865585
70.5254225590741,8240651.73607402,2349315.87276756
70.5765616959126,8240933.27492008,2365245.32314275
70.6277008327511,8241277.4210872,2366838.16266214
70.6788399695896,8241661.88022513,2356159.70158982
70.7197172361114,8241965.62916822,2351823.50879764
70.7605945026332,8242271.42433086,2352054.80883778
70.801471769155,8242587.87814934,2351191.30465236
70.818741568299,8242845.45835256,2338478.55799284
70.8360113674429,8243101.46188958,2325701.26698436
70.877234459593,8243698.95898295,2295197.08071646
70.9046208265401,8244060.29542425,2281489.44599397
70.92205561213,8244190.99067964,2293585.49979196
70.93949039772,8244323.30192865,2305740.92858796
70.9819189888304,8244658.24524755,2335326.36099345
71.0315404720426,8245165.36202547,2336138.37325284
71.0653738311897,8245558.27425782,2323314.35353362
71.0992071903368,8245944.00602083,2310513.79108321
71.1109392397497,8246002.24596914,2317024.18948326
71.1226712891626,8246053.22241297,2324449.9172591
71.1425952004854,8246168.3424324,2337055.20339421
71.1888776309706,8246407.39203315,2366327.21998449
71.2202013708316,8246615.56564052,2368709.05061244
71.2515251106926,8246861.29912211,2361306.0112742
71.2828488505535,8247095.33083798,2353920.45693881
71.3879359026011,8248073.79005158,2330595.53911864
71.4538754984918,8248663.87457967,2332135.13316404
71.5198150943826,8249164.58210967,2343655.34201102
71.5670866787149,8249389.86801091,2362611.32262304
71.6404789238978,8249844.44905598,2366949.66660966
71.6914029858022,8250200.10044313,2355677.42363846
71.7423270477065,8250617.48669066,2347452.87894666
71.8097002748337,8251137.86519474,2343486.61439138
71.8428524076198,8251256.12412944,2359423.46431368
71.876004540406,8251374.16094891,2375386.51974513
71.900534124832,8251470.88921428,2386495.10674444
71.9089674609889,8251584.28618732,2379394.76344712
71.9174007971459,8251691.27300549,2372159.61558952
71.9344197266659,8251889.34223009,2357563.71480218
71.9949772288339,8252620.8119592,2305638.42615878
72.0115355715054,8252742.84690604,2307469.14288033
72.0280939141769,8252856.03710507,2316557.44334015
72.0446522568484,8252968.4209804,2325616.74943295
72.0961087045299,8253310.19597333,2353766.81571766
72.1166744046438,8253493.02753032,2352151.73111653
72.1372401047577,8253675.61727503,2347414.37954374
72.1628439159522,8253903.02791592,2341527.56483422
72.264448769671,8254728.75261413,2340992.56526331
72.3524135733191,8255369.2056083,2348396.64952279
72.4403783769672,8255987.07598002,2351480.40785617
72.5283431806153,8256596.32634206,2352196.72347297
72.6471112952415,8257396.34147984,2354039.18867063
72.7980503734523,8258365.11429314,2357227.5968467
72.9031510586437,8258944.64756703,2365638.2770179
72.9477824533603,8259246.40428087,2359824.95761219
72.992413848077,8259548.65382905,2353997.69147039
73.0730607250378,8260284.14762854,2333103.03840449
73.1537076019986,8261098.04940642,2319373.95868209
73.1956320894183,8261537.79298051,2314406.59307466
73.2230277071551,8261729.84324994,2323010.23114696
73.2504233248919,8261909.78884503,2333933.94677522
73.2877700220038,8262155.30057367,2348820.17795677
73.344028487651,8262491.23404034,2357235.73543492
73.4002869532982,8262814.69796309,2361657.02988381
73.4565454189454,8263200.44552507,2355347.73973959
73.4981890437632,8263486.51231321,2350668.14379117
73.6505919475152,8264570.89727111,2348171.1626184
73.7317958180039,8265142.81968042,2348661.74644925
73.8129996884926,8265675.9696922,2349848.81616825
73.8434423111489,8265724.27332706,2367758.19785044
73.8738849338053,8265772.43293616,2385693.3971696
73.9025082954448,8265841.24540763,2399521.48595847
73.9134992769479,8265937.04705151,2392608.01514858
73.924490258451,8266029.24536434,2385604.98402493
73.9490483155569,8266220.19100058,2369957.06983995
73.9974953912884,8266608.31428725,2339093.14544564
74.0133676687254,8266694.68469307,2340560.09130511
74.0292399461624,8266785.04173327,2344323.07058128
74.0509068030137,8266908.11918231,2349447.35253587
74.0940476935417,8267150.39464678,2359649.38243424
74.1208257953327,8267396.21172929,2352063.78513217
74.1476038971236,8267659.78205587,2340390.61959916
74.1743819989145,8267923.27905204,2328725.79204627
74.2374057967028,8268489.19468745,2322504.14794574
74.3004295944912,8269027.66618858,2330972.44301938
74.3477050166097,8269371.39168185,2338130.61893507
74.4285069685457,8269875.69725593,2351222.27023148
74.4987041499073,8270235.82284268,2363978.24163336
74.5397235197961,8270512.48428071,2358598.62855753
74.580742889685,8270788.92717605,2352770.12288033
74.6675144222133,8271310.40982563,2354155.75106464
74.7542859547415,8271873.02572701,2351583.31426109
74.8410574872698,8272392.93518283,2354070.72391137
74.927829019798,8272792.65317296,2368497.25924799
74.9957295820093,8273015.79778059,2381310.02899261
75.0243563093616,8273250.59429067,2368830.97297299
75.0529830367139,8273499.27507311,2353116.61199662
75.0877814183436,8273801.23058496,2334020.05180863
75.1325586504704,8274023.16211371,2343120.41775316
75.1773358825971,8274197.13090518,2365042.80478166
75.2013748998093,8274295.15189367,2375781.75933731
75.2174503460383,8274404.85655133,2371559.48448218
75.2335257922672,8274512.67808908,2367276.76872155
75.2729082322091,8274763.8140099,2356780.2275842
75.3370366093226,8275341.54421954,2332931.07850303
75.4011649864361,8276026.87476468,2305250.64158013
75.4122204613043,8276077.58992911,2311282.5253822
75.4232759361725,8276132.36626457,2317413.8300668
75.4472698267423,8276267.30719327,2330720.43015569
75.4981451595868,8276540.24865222,2358929.23365372
75.5170056811796,8276655.34291421,2359231.04677013
75.5358662027723,8276764.59593638,2358349.80089908
75.5670117411111,8276945.45194561,2356898.97660454
75.6940591314354,8277694.86853421,2354169.61698093
75.8831686304909,8278828.01816966,2351219.05189465
75.9813580774299,8279403.02468619,2353910.15015037
76.0331954607828,8279470.85888059,2377258.50618628
76.0850328441357,8279414.30103725,2412596.4520092
76.1039788237714,8279452.27185743,2418252.76189984
76.1229248034071,8279656.94554086,2396015.70578722
76.1371508350654,8279809.86664686,2379280.75894234
76.1763105586446,8280220.43670706,2333208.92022937
76.196179761792,8280430.56346492,2309833.66709092
76.2086316210415,8280480.14178535,2311347.58769341
76.2210834802909,8280527.04592105,2320395.00891639
76.2335353395403,8280572.4779696,2329401.12613795
76.2690148362129,8280693.09079583,2355061.6664981
76.2927243360585,8280775.87922533,2372211.11492629
76.316433835904,8280994.22600484,2365280.00456931
76.3401433357495,8281247.40851303,2347395.47168667
76.3638528355951,8281500.91862236,2329539.54017259
76.3987202260332,8281879.15492423,2303283.41211917
76.4093036318551,8281930.40152102,2307281.08399139
76.419887037677,8281989.33495302,2313104.08506475
76.4350778593519,8282073.06964462,2321443.34502262
76.4894698907686,8282367.53472895,2351302.35647772
76.5361474109918,8282604.59353677,2359312.56508382
76.582824931215,8282829.55867167,2362113.89939076
76.6295024514382,8283081.45464963,2360494.86334078
76.8334456496729,8284216.83148823,2356010.65952865
76.9945702291405,8284995.90058629,2365116.49529621
77.0628846317636,8285193.77556443,2376480.72988027
77.1052193349535,8285333.26011896,2380887.20155817
77.1337995841538,8285526.39327649,2369566.65266855
77.162379833354,8285719.42124496,2358217.03701625
77.1965455536983,8285944.86262159,2344645.93518201
77.2178401444008,8286021.69657607,2349054.91861576
77.2391347351033,8286094.87803573,2356059.03469172
77.2670963893218,8286191.02450148,2365247.35746163
77.2984003281035,8286296.97228542,2375533.18885399
77.3098105658458,8286420.67308494,2368544.00078559
77.3212208035881,8286544.37462659,2359646.43655001
77.3376054088682,8286722.62779612,2346887.12500501
77.3975581015835,8287380.06922836,2300200.44747316
77.4110473270725,8287437.67040689,2305828.02081861
77.4245365525614,8287495.61678499,2315247.99615981
77.4380257780503,8287552.94258302,2324648.94722968
77.4859853352146,8287751.27921196,2358072.04417593
77.5232816522894,8287964.52223994,2363982.42321725
77.5605779693642,8288171.02040778,2357598.41059103
77.597874286439,8288386.43533143,2351235.35256159
77.638619480339,8288586.6867448,2354486.27107489
77.679364674239,8288778.59791204,2358323.75274959
77.7622141075634,8289177.07713071,2361510.23160109
77.8699386819855,8289760.98861432,2355025.30314427
77.9751203481152,8290271.86305256,2359111.10195332
78.0803020142449,8290668.73145191,2371206.79294921
78.1466081111259,8290995.66004822,2364199.62440333
78.212914208007,8291342.85032777,2354662.03874366
78.2757931980826,8291622.97617976,2360927.00525206
78.3386721881582,8292006.42559299,2353193.89443821
78.4024265422858,8292447.62846329,2337527.53449969
78.4258188670183,8292559.10285889,2342453.71851284
78.4492111917507,8292671.41051409,2347419.91644298
78.5129777826673,8292993.87205029,2357793.58152797
78.5767443735839,8293327.82838395,2355676.0118261
78.6405109645005,8293683.64821017,2352626.41924742
78.7859348822236,8294399.83027558,2361189.2349518
78.8615056966655,8294752.20959843,2361077.53003497
78.9370765111073,8295078.07637285,2361663.74543906
79.0788942207031,8295668.01533094,2365903.01740633
79.2207119302989,8296236.24063978,2366675.44034808
79.2854810704421,8296427.24876817,2374902.64843579
79.3502502105853,8296788.04265138,2359876.93579139
79.3965234813014,8297076.83579407,2344290.38800103
79.4427967520175,8297368.48798759,2342393.34373197
79.4759515925953,8297571.00810631,2341853.58592866
79.5378838921847,8297879.6145872,2349505.79515818
79.6065243068004,8298182.00065253,2363148.32973664
79.6333001446423,8298341.8801462,2358367.25006323
79.6600759824842,8298501.31556203,2353554.03882269
79.7370900490806,8298873.82258194,2353547.57015479
79.7921970923846,8299091.94862366,2364303.06640713
79.8473041356887,8299324.78062616,2364372.95417698
79.9024111789927,8299560.48930522,2362448.59100285
79.9788308909844,8299969.48213185,2353548.55142644
80.0552506029761,8300251.58637739,2363500.33382891
80.1040369743655,8300408.48422226,2372571.9586395
80.1350252856676,8300592.16985349,2364652.53443647
80.1660135969697,8300768.93215881,2356701.3866594
80.2539856631092,8301079.41443826,2365561.84793087
80.3596706873296,8301295.24374656,2384687.71669019
80.3994861289703,8301362.86178464,2387368.50977065
80.4143176077466,8301480.44408834,2378627.63967693
80.429149086523,8301601.60319437,2369463.27646042
80.4591199902022,8301826.06714436,2350942.8192298
80.577964407899,8302491.37274775,2350548.78429448
80.6304864760148,8302757.1396249,2355787.00956176
80.6830085441305,8303029.20780524,2352520.01125016
80.7355306122463,8303257.68877892,2355668.24282984
80.818732047027,8303603.61504313,2362832.24292154
80.992569122424,8304274.59190834,2366830.94259324
81.0587103820832,8304585.14982646,2359987.55838172
81.1248516417425,8304876.09921805,2357172.33862873
81.1909929014017,8305130.51846857,2363563.17865887
81.257134161061,8305426.18971815,2360243.45002443
81.3232754207202,8305648.34738301,2364489.60721405
81.370431753971,8305713.79572744,2379601.38828892
81.3993462086946,8305753.84133396,2388862.11899913
81.4166850305398,8305853.67322766,2382041.8606787
81.4340238523849,8305958.07139884,2374656.7451629
81.4666600522757,8306130.10413154,2360752.53692703
81.5441575101524,8306514.56033879,2350465.5444869
81.6216549680292,8306873.51146143,2355829.47860394
81.6807531906642,8307137.50364552,2356665.14990039
81.8641353207024,8307955.66466544,2357230.62484945
81.9550453244277,8308221.07638991,2370809.9483366
82.045955328153,8308527.26447428,2369867.55875245
82.1153994015412,8308835.16114198,2356117.69424491
82.1848434749295,8309128.22878297,2358349.58806791
82.2542875483178,8309327.05202631,2368262.94703741
82.3024369700957,8309460.00818046,2375602.59808828
82.332893913054,8309609.33326604,2367883.6502412
82.3633508560122,8309764.05373437,2360134.17141181
82.4494599182176,8310076.90047878,2361731.00526167
82.5355689804231,8310384.92866231,2366834.09295992
82.6216780426285,8310705.63332444,2361595.49002408
82.6771621203431,8310802.45452802,2377087.85222731
82.7326461980577,8311005.90706457,2373281.56657159
82.7881302757722,8311271.44479081,2355821.68820837
82.8308300025526,8311528.8562534,2346419.4198387
82.8947889300931,8311948.65699338,2334694.74651626
82.9263769223746,8312091.66423312,2339805.0949747
82.9579649146561,8312226.80628406,2347126.75513071
83.001772351006,8312414.71065615,2357211.05663245
83.1418271944448,8312850.27606063,2367862.02211059
83.3101296729104,8313389.17430592,2370124.7494252
83.387509205279,8313636.47585395,2368020.96481478
83.4402710827931,8313688.89516299,2379043.36750225
83.4930329603072,8313708.92950302,2393978.01502351
83.5268287279861,8313780.63289273,2390552.16963395
83.560624495665,8313861.07864584,2383677.3776137
83.601348750743,8313957.60758078,2375492.39342647
83.7181985390273,8314397.96359261,2361496.30099596
83.8350483273115,8314908.92784459,2354680.65533899
83.9518981155958,8315595.07088429,2337871.6099769
84.06874790388,8316101.66158412,2358554.65893162
84.1257763953812,8316260.67516271,2373553.22259216
84.1828048868823,8316381.11923073,2374909.21262649
84.226689309044,8316530.31043351,2371249.22977751
84.3228288021429,8316854.20588831,2363515.33273568
84.3875283983274,8317001.804911,2373570.04851935
84.4522279945119,8317231.74412735,2367382.18784968
84.5016692921907,8317415.2940812,2360333.61410668
84.5288818506395,8317447.96462078,2367165.73359662
84.5560944090883,8317480.94362367,2374030.94278071
84.6329446729592,8317561.59814342,2387682.75488908
84.70979493683,8317640.77657378,2389163.79467985
84.746746333085,8317799.83108441,2375184.97268805
84.78369772934,8317959.50560784,2361187.37500155
84.8985028020832,8318775.82321483,2320528.50114194
84.9149520082774,8318839.81209389,2325518.64766754
84.9314012144716,8318905.97477793,2331675.22834184
84.958406379314,8319013.98489908,2341777.02488605
85.0656772460274,8319407.2575246,2361084.90315041
85.1543601887763,8319647.34737672,2369243.98657417
85.2430431315252,8319890.44862677,2370568.09531704
85.331726074274,8320184.3809216,2363844.81973501
85.4204090170229,8320482.16913441,2362800.61075361
85.5090919597718,8320695.01039304,2372699.12760452
85.6161937241676,8320813.11493227,2386026.61646118
85.7232954885635,8321045.43277722,2374736.1099499
85.7722863908598,8321299.83221275,2355212.92850984
85.801258713876,8321444.05528752,2344657.08136016
85.818779775075,8321460.00586834,2351602.55295032
85.836300836274,8321477.63514359,2358614.50888906
85.8774261610262,8321533.9583108,2375079.19918979
85.8988343687029,8321560.2997512,2383647.77041875
85.9118479019989,8321664.30239267,2376233.10447182
85.924861435295,8321764.78124694,2367440.65260303
85.9447676281601,8321918.76965164,2354002.10000267
85.9816839445184,8322206.89871333,2329080.80550427
86.0055790759611,8322352.70531491,2319805.51638679
86.0294742074038,8322403.98747734,2333453.93317681
86.0533693388465,8322455.4340843,2347124.79945788
86.0954583637792,8322551.2924435,2371207.89971696
86.1216552638603,8322622.37691573,2373191.47173286
86.1478521639413,8322688.32206487,2372360.53167558
86.1814238098685,8322772.64247392,2371302.21929847
86.2720258096754,8323078.12871239,2363006.17635143
86.3626278094823,8323294.80788499,2370518.21695506
86.3952508308865,8323357.40536235,2376014.66986269
86.4170697427643,8323235.66916173,2392198.4237301
86.4388886546421,8323077.96009228,2411981.87530282
86.4607075665199,8322920.31520471,2431755.93168037
86.4884328405238,8322718.14639214,2456881.76127936
86.5161581145277,8322654.09423593,2456009.59379769
86.5354616123977,8322650.81052635,2442138.63918499
86.5547651102678,8322648.63102212,2428314.09435001
86.584603865626,8322653.40714523,2406948.6892826
86.5999852818504,8322653.93794053,2395933.8561075
86.6045736666121,8322534.33762772,2404455.44740215
86.6091620513738,8322445.93866546,2413332.37656302
86.6164191568744,8322298.86160513,2427333.10282159
86.6378900073225,8321859.82520306,2468756.5394835
86.6923023776763,8320754.15737184,2573739.45453393
86.7272239491792,8319592.53185949,2628046.88438252
86.7621455206821,8318293.86289166,2678582.76725519
86.7970670921851,8316995.05042052,2729122.78212842
86.812864654466,8316367.03657304,2737963.90159735
86.828662216747,8315712.55308671,2743439.46384854
86.8477685614965,8314921.29688768,2750076.91062998
86.8841518998988,8313418.33461185,2762718.84430439
86.9205352383011,8312151.49999072,2750177.3926091
86.9453841456997,8311390.891789,2728097.21715792
86.9702330530982,8310630.67061539,2706052.63647832
87.0393061238843,8308843.05481197,2652494.15036573
87.0825773679614,8307875.58441087,2622634.89663139
87.1258486120385,8306870.15703016,2613080.90126158
87.1691198561156,8305857.49053938,2617412.34286646
87.2022601222196,8305042.23988741,2623502.27464576
87.2132880267472,8304599.39116232,2638246.27675578
87.2243159312748,8304159.50945201,2653088.05631126
87.2480564456313,8303230.06998521,2685043.74512169
87.2783504237808,8302035.11948569,2725814.10129271
87.2952330274346,8301369.86592853,2748536.30758655
87.3121156310884,8300826.74222002,2747057.29069574
87.3289982347421,8300297.63972451,2735674.72906523
87.3458808383959,8299769.24376495,2724328.50573032
87.3929207501225,8298307.45734654,2692722.09414667
87.4212018017643,8297338.41283411,2694446.08000903
87.4494828534062,8296355.32408977,2703261.63724317
87.477763905048,8295372.49004527,2712064.71408228
87.578620963113,8291690.47059979,2733663.09390998
87.6338710954636,8289320.28441062,2762823.48855635
87.6891212278141,8286771.5866845,2804022.08032539
87.7192898021411,8285451.38940746,2806868.71434123
87.7494583764681,8284171.77347142,2798410.71983273
87.7796269507951,8282884.63812106,2789971.53049329
87.8315546891945,8280520.5113474,2795914.89700597
87.8834824275938,8278068.35902153,2815227.13308529
87.9236160725997,8276361.27628841,2807747.53132993
87.9637497176056,8274765.01710618,2784357.75991083
87.9931326438179,8273595.93686614,2767248.81992434
88.0196935562001,8272506.37581707,2765591.75149163
88.0462544685823,8271413.72903449,2768871.81279815
88.0728153809645,8270321.18194362,2772142.27217067
88.1778510162072,8265881.4280968,2785145.93204662
88.2486159677034,8262577.29071779,2810089.81832324
88.3193809191996,8259140.47505658,2834699.80053402
88.3901458706959,8255667.68494739,2838576.35302924
88.4329351102245,8253256.41013577,2862077.12433554
88.4757243497531,8250759.66427721,2892008.97856532
88.5014285768453,8249264.41048048,2908790.57317169
88.5174845749739,8248368.44896329,2906447.5062145
88.5335405731024,8247470.61733049,2904039.18220074
88.5709847710805,8245361.36309156,2898410.14608991
88.5965669548776,8243924.30950366,2894568.78142737
88.6118068242163,8242872.40674822,2907047.82838066
88.6270466935551,8241781.10832535,2924032.39321037
88.6422865628938,8240689.55646706,2940999.15402752
88.6955190781205,8236870.62511384,3000258.52004626
88.7226884782378,8234730.49362445,3018938.61677829
88.749857878355,8232544.48469535,3035262.35347939
88.7864343692581,8229601.34587518,3057241.46151473
88.8390945002464,8225209.32431872,3076293.11804278
88.8917546312346,8220756.89223309,3090920.73332657
88.9444147622228,8216088.79473684,3107503.46899206
89.0235299392988,8208888.83889319,3133059.7005087
89.1860910374058,8192896.25911448,3198841.44893115
89.2225117889265,8189281.1087367,3200012.23568083
89.2589325404471,8185711.51415796,3191035.42970559
89.2953532919677,8182141.60515302,3182072.04483085
89.3295033035045,8178722.33124895,3185392.16351321
89.3636533150413,8175293.86473035,3190606.11541795
89.4132355415196,8170391.30541609,3191829.08707154
89.4520981177462,8166698.34681435,3178982.71093963
89.5044950944959,8161707.2061252,3163812.89012938
89.5373238294626,8158506.41576048,3168749.37641057
89.5701525644293,8155305.2927136,3173710.56871751
89.6627598743313,8146898.03410124,3140646.16709924
89.702344160014,8143385.69071727,3120341.85275606
89.7130575131652,8142280.35359261,3129792.26072571
89.7237708663163,8141179.61660512,3139364.17653227
89.7454340155539,8138973.97403357,3158732.51186626
89.7664834351694,8136822.40292377,3177542.43191078
89.7875328547849,8134672.09383747,3196355.49068977
89.7951814682026,8133890.68876228,3203191.41295688
89.7992411501544,8133475.93470054,3206819.74159283
89.8018801572948,8133456.02215453,3195832.65458452
89.8045191644352,8133420.6199279,3177986.43234241
89.8071581715756,8133396.80408879,3160326.05824571
89.8119704542907,8133360.30705173,3128088.27622675
89.8260183293568,8133237.41935655,3033973.47012653
89.8825537076426,8132751.73216265,2655222.69084403
89.8962642484277,8132633.40811238,2563370.30462896
89.9099747892127,8132810.11495419,2505596.33081399
89.9199202451481,8133067.50470285,2473433.96644109
89.9298657010835,8133320.7652412,2441202.13960294
89.9544891360306,8133936.78888207,2361402.05438019
89.996926029692,8135005.84857501,2223875.74652742
90.0063602601135,8135232.65320537,2211124.16714873
90.015794490535,8135508.61478184,2207581.72081592
90.0252287209566,8135781.04646462,2203970.45539827
90.0491290863137,8136461.21441035,2194825.86043061
90.1095908554803,8138150.60367853,2179165.07738964
90.145271610833,8139032.17279729,2193437.83481326
90.1809523661858,8139913.90697185,2207741.4188144
90.233667317334,8141294.22330411,2207323.01235223
90.2863822684821,8142719.62766024,2194566.39683727
90.3390972196303,8144114.64908633,2193036.73065729
90.3918121707785,8145505.84274832,2195463.96510496
90.4235309334314,8146173.05956421,2212785.65063598
90.4552496960842,8146790.60565621,2235746.17864018
90.486968458737,8147408.17568577,2258696.40652439
90.5250790651372,8148378.59591693,2245455.91026636
90.5506507249439,8149089.41913925,2222093.37512281
90.5762223847505,8149800.96186238,2198767.52894644
90.6483042059921,8151796.22409984,2177361.79600111
90.6870701475563,8152872.65333694,2177699.17113071
90.7258360891204,8153827.82108075,2189903.91964556
90.7785739302517,8155055.61385253,2214725.23752129
90.831311771383,8156545.00136116,2197503.52739723
90.8632955071859,8157538.22136381,2169394.0270879
90.8952792429887,8158532.15181899,2141321.45559702
90.9168894299881,8159192.31016657,2137495.57686861
90.9384996169874,8159859.01141879,2138049.16955545
90.9601098039868,8160525.41817371,2138589.98922407
90.9946800101927,8161589.28482687,2139454.49211646
91.0167064149935,8162120.53290696,2154493.38718839
91.0387328197943,8162616.96851568,2174295.83955964
91.0607592245951,8163113.19860566,2194084.61160536
91.1022492015193,8164070.07413369,2226988.02736736
91.1086588016472,8164290.64689574,2220353.79983113
91.1150684017752,8164500.77738711,2213538.86522861
91.1273961955658,8164887.48824608,2200448.27484417
91.1693038807341,8166230.20723972,2155953.62543721
91.1927328001882,8166979.53575375,2131077.29166516
91.2161617196424,8167610.98446863,2134071.69672534
91.2395906390965,8168219.25590947,2149945.69570095
91.2630195585507,8168826.72470933,2165784.10324187
91.306930521762,8169948.55448496,2192128.11431191
91.3508414849734,8171003.20808439,2200504.85100873
91.3845839161855,8171813.65406309,2206927.93778179
91.4404660072268,8172859.14358674,2239831.60126654
91.4963480982682,8173801.5901912,2281318.33056737
91.5522301893095,8174456.85410117,2312995.22333878
91.6081122803508,8175093.08669968,2339415.84324354
91.6446423149071,8175511.28016936,2339060.20713623
91.6811723494635,8175929.34645604,2338680.82855015
91.7930259085056,8177374.64986239,2320818.19826493
91.8406304605887,8177939.09012571,2325563.66262081
91.8882350126717,8178495.60414109,2332720.48170429
91.9528811132299,8179253.26131186,2334236.10234074
92.0175272137881,8180029.98760207,2331958.77486279
92.0821733143463,8180851.29237189,2324407.81208986
92.2100640680347,8182371.99808189,2333412.79847759
92.2376288431498,8182542.4911124,2349435.54745888
92.2651936182649,8182713.56671826,2365493.99948768
92.2916840857757,8182882.77982409,2380929.25978186
92.3181745532865,8183238.93514802,2368608.3408725
92.3446650207973,8183655.63036938,2343278.31101925
92.3657552528944,8183987.61705515,2323135.91373857
92.3966797894813,8184478.89587997,2293604.15118335
92.4119882912616,8184613.42162623,2299247.85124968
92.4272967930419,8184742.69354697,2310785.31933092
92.4426052948222,8184871.14823963,2322297.02752359
92.4925321082585,8185283.54305544,2359839.4937212
92.5176792217271,8185619.81348989,2354269.14109534
92.5428263351956,8185986.38525187,2338086.77651534
92.5679734486642,8186353.34062235,2321930.60393313
92.6460385990228,8187621.38696052,2288009.54384915
92.6841678974097,8188285.93826044,2277004.92765031
92.7222971957966,8188807.57092727,2285681.65123247
92.7604264941836,8189247.40431619,2308565.83502881
92.7899214824144,8189587.60802646,2326250.39192697
92.8400099522344,8190122.99856812,2336522.28679441
92.8900984220543,8190643.51439078,2341744.1875292
92.9401868918742,8191244.85872534,2334820.06309787
92.9902753616941,8191862.58404959,2324858.50392986
93.0539327299928,8192583.64095049,2328820.39476814
93.1004475173351,8193104.44976277,2333881.43195864
93.1667806746853,8193851.00855131,2333311.89470196
93.2331138320354,8194548.84180037,2337502.37022875
93.2994469893856,8195202.10804313,2346521.92507234
93.3657801467358,8195739.51219831,2357807.73343214
93.4491155140576,8196633.33148441,2342249.34497823
93.5324508813794,8197613.71947131,2324390.47047664
93.5924754912284,8198276.22346036,2332708.72397125
93.621070418395,8198713.36239291,2321945.33633682
93.6496653455617,8199183.35747225,2305797.55385883
93.6782602727284,8199653.36434138,2289660.77819879
93.725880379102,8200282.87583029,2291651.93608761
93.756507146424,8200622.2719043,2308744.51670713
93.787133913746,8200960.92982873,2325801.94710384
93.8350433640372,8201475.23213851,2334374.39696628
93.8829528143284,8201980.22058434,2336207.55818749
93.9308622646197,8202481.22559644,2337100.88417775
94.101711184502,8204336.78856834,2330246.84598128
94.3090793046353,8206379.78969497,2352120.30552654
94.3821953047249,8206921.34508771,2363517.61838692
94.4305750493219,8207428.35613947,2352063.09583482
94.478954793919,8208009.41185947,2329404.19360094
94.5273345385161,8208534.68174895,2324314.05106115
94.5757142831131,8209031.78814506,2332915.01305532
94.6134767369727,8209486.37110185,2331052.12745853
94.6404057903186,8209881.79855799,2318538.88625845
94.6673348436645,8210277.72369861,2306040.79447404
94.6976046698992,8210724.68955329,2291993.21242778
94.7162250103277,8210933.95166278,2296569.79959628
94.7348453507563,8211143.27156575,2303208.42281876
94.7611779386814,8211439.21028643,2312587.53146743
94.8722669681069,8212612.86525162,2333631.54286127
94.9570317342805,8213395.39491928,2344221.35205117
95.041796500454,8214235.76697529,2340792.74289113
95.1050955363409,8214926.76488725,2327845.60150946
95.1683945722278,8215598.88947371,2329680.24021351
95.2144761074658,8216042.61717001,2334913.95249018
95.2605576427038,8216384.08655851,2348737.80805165
95.3431521740743,8217037.03077845,2359520.43282283
95.4257467054449,8217697.82758919,2356616.26869196
95.4886436787543,8218225.18261121,2353060.49043202
95.5357261586741,8218812.16343681,2333129.96633924
95.5828086385939,8219455.04008567,2307629.42831787
95.6298911185136,8220049.2485422,2302595.66300004
95.7003307444085,8220905.74375031,2312914.25341627
95.7707703703033,8221618.84634379,2327461.92792234
95.8412099961981,8222285.34306026,2338935.43092075
95.9769025601129,8223548.84224179,2338644.54311715
96.0457499913569,8224151.098166,2342859.81062083
96.114597422601,8224751.94835728,2348041.24517226
96.183444853845,8225450.80091175,2335009.34630128
96.2312198889421,8225814.11035721,2343284.78537427
96.2789949240392,8226122.89209395,2360864.25479221
96.3267699591363,8226523.16783935,2360182.17898342
96.3745449942333,8226979.29096353,2344991.65295543
96.4111228246251,8227302.80474683,2339009.52662879
96.4477006550169,8227575.54014832,2346109.28309329
96.4899948536197,8227904.47087582,2354316.61702499
96.5322890522225,8228415.01137287,2337790.86417289
96.56311385568,8228821.99454814,2320067.04847425
96.5939386591376,8229228.74340219,2302352.40656646
96.6203709324321,8229523.091698,2303586.12878125
96.6468032057266,8229811.69236534,2309840.85285141
96.6732354790211,8230100.27570239,2316084.78748016
96.7793993951595,8231020.8119648,2345778.10600542
96.8449406936288,8231607.37779143,2345546.21112144
96.9104819920982,8232210.22855553,2338282.55060762
96.9760232905675,8232784.11270279,2341628.68985026
97.0415645890368,8233336.8729183,2344843.5903982
97.1478302098486,8234299.38851217,2339296.83315467
97.2203425851802,8234914.85018402,2339892.84274478
97.2928549605119,8235282.51077732,2374866.55395862
97.3164786907024,8235514.25603092,2368736.71090355
97.3401024208928,8235783.87282966,2353139.55936134
97.3637261510832,8236053.90233347,2337567.96427562
97.4084387559011,8236544.4259735,2315627.49699071
97.4386929491525,8236817.76136429,2322870.83180466
97.4689471424038,8237091.17949861,2330141.08549548
97.5587245855516,8237848.5453583,2342938.93060915
97.7174613118058,8239292.15263184,2335062.0674834
97.7890804075799,8239907.12146497,2340920.85587942
97.860699503354,8240471.32129746,2345909.57301664
97.9930137512068,8241563.38203664,2344573.15982299
98.1253279990596,8242760.1474862,2336301.65849734
98.2185100839561,8243483.00842587,2348623.75544904
98.3116921688526,8244082.21167709,2362222.86195522
98.3712716271394,8244523.16082753,2355487.15487242
98.4308510854263,8244941.8545993,2354074.08466111
98.4904305437132,8245344.89434285,2357678.75222335
98.5292987292257,8245732.4561821,2345985.87197146
98.5681669147382,8246154.06086782,2329624.70647176
98.6070351002506,8246551.92524067,2318202.2082564
98.6459032857631,8246861.40790157,2329329.71292421
98.6750691799726,8247093.36795728,2337695.31761721
98.7403170257737,8247705.04577973,2336445.180478
98.8055648715748,8248341.6339254,2325494.54459428
98.8318634879711,8248526.72206478,2333080.27480707
98.8581621043675,8248712.43536078,2340699.93962108
98.9106042067065,8249099.91641823,2352070.8291276
98.9630463090455,8249512.60470783,2348216.13940586
99.0154884113845,8249915.93253088,2346213.63718483
99.0679305137235,8250301.89202374,2348692.088399
99.2164398300808,8251377.24254681,2351768.40718299
99.30499026251,8251886.50811208,2365716.9677599
99.3935406949392,8252300.90558828,2375599.29853741
99.4183223381978,8252547.684358,2363888.83342131
99.4431039814564,8252828.60230697,2346932.05119402
99.467885624715,8253109.55669679,2329987.83649686
99.5642965476105,8253950.63105202,2332808.49860494
99.6379166702558,8254587.96636577,2339312.20803568
99.7115367929012,8255257.60571953,2329414.44666994
99.7624588412745,8255635.76004077,2339583.44529256
99.8133808896477,8256008.14425218,2347922.4682916
99.874907714425,8256428.24207441,2351680.43374429
99.9785401406873,8257162.47962724,2350406.06265987
100.08217256695,8257960.59265985,2344028.6588031
100.15254589455,8258397.99744329,2353295.18737177
100.222919222151,8258819.04308444,2361720.69630711
100.293292549752,8259258.46611582,2358325.74367747
100.356758770325,8259571.35238482,2366105.47760829
100.420224990899,8259944.73287353,2365847.51846631
100.465412233717,8260303.73526624,2351318.88206402
100.527643043383,8260878.23653816,2331527.82611017
100.61417451524,8261785.417153,2313044.42834764
100.648599300878,8262058.78689079,2323348.26978473
100.683024086516,8262331.81885616,2333672.94699062
100.79055262468,8262987.11125657,2359997.67450136
100.846184139345,8263383.29809117,2354419.36354762
100.90181565401,8263790.40734854,2345358.24885334
100.971587533637,8264273.79531855,2347887.98473997
101.020783757696,8264600.23808702,2350339.39920777
101.102542095218,8265099.09564785,2355819.65024125
101.243617607157,8265918.74972907,2361700.40196752
101.353398352643,8266537.53975983,2361164.42429252
101.46317909813,8267421.97435567,2334688.99612228
101.54369291458,8268123.29829753,2327233.85013838
101.59826754758,8268573.786115,2333971.68398229
101.652842180579,8268924.51489671,2344069.42631351
101.707416813579,8269268.92318167,2353863.24619482
101.82158327226,8269890.33743403,2361063.09490903
101.880950060995,8270322.41544441,2347642.23331611
101.940316849729,8270704.9838143,2347803.65685676
101.999683638464,8271069.98756691,2354452.24781964
102.059050427198,8271370.96692384,2361921.12498182
102.162658181154,8271851.03753491,2369311.96272883
102.281665434222,8272566.63953098,2351696.63662502
102.400672687291,8273599.72966977,2323960.50690118
102.419429120271,8273712.46683462,2329216.1765341
102.438185553251,8273826.67423096,2334523.18879582
102.487116672362,8274136.4895532,2348373.09487056
102.548740410277,8274528.21802265,2351587.38319167
102.610364148192,8274918.63613396,2351029.30531838
102.671987886107,8275311.72934878,2350621.26323882
102.949402937783,8277029.19441872,2351997.04426522
103.050355341276,8277566.97484572,2360177.64067314
103.151307744768,8278041.97767615,2366291.13318646
103.302242395501,8278806.72573869,2359551.23850854
103.392772091593,8279432.16506231,2344596.07576045
103.483301787686,8280049.97910572,2343798.71973734
103.548194412574,8280399.94723626,2353026.74862155
103.613087037462,8280777.03085227,2357513.19791939
103.664397454673,8281237.35325404,2336289.79659741
103.703986357189,8281567.93653654,2323658.11192726
103.719407274664,8281619.15206305,2331862.70882341
103.734828192139,8281672.14589991,2340128.87319183
103.772883010816,8281816.11194674,2360531.49745818
103.835233870975,8282138.33228943,2366612.81090797
103.877124876379,8282389.93880825,2356410.27869756
103.919015881782,8282632.90967835,2351448.37354647
103.960906887185,8282872.99629243,2352866.08042506
104.002797892588,8283108.44877804,2354392.31389958
104.147644310464,8283771.03698049,2367064.08114447
104.233397111525,8284020.47649919,2380471.1387419
104.281084091961,8284093.31217839,2391406.27562534
104.328771072398,8284418.02955852,2371588.8483308
104.36127080653,8284736.29556842,2344116.2746619
104.393770540663,8285054.70264282,2316670.98873817
104.414916607676,8285187.03022607,2316994.43071121
104.43606267469,8285301.53183246,2327044.43002856
104.457208741703,8285415.46239965,2337064.84273594
104.494729808922,8285611.80175223,2354841.93524312
104.518799267919,8285794.46427869,2352494.71428183
104.542868726917,8285981.95958987,2346172.43588661
104.566938185915,8286169.454769,2339859.46730717
104.668304579586,8286817.81517384,2345362.88726919
104.769670973257,8287326.59648916,2359717.4170036
104.841539519211,8287690.47385077,2360305.29716565
104.913408065165,8288066.88280371,2356679.42643944
105.007079879653,8288540.37885565,2358632.81138397
105.10075169414,8289031.92079591,2356468.41604829
105.132731653344,8289098.02853455,2366481.26632903
105.164711612548,8289163.99158834,2376522.2799138
105.258219630582,8289617.32250835,2363097.7252231
105.323780444675,8289991.50243026,2348443.72089676
105.389341258768,8290320.94047075,2356985.72607902
105.433065762144,8290634.87494073,2349038.55035404
105.47679026552,8290973.30973301,2336624.38097573
105.520514768896,8291264.4614399,2334151.85727159
105.554637899577,8291462.03777826,2341133.04785792
105.588761030259,8291659.30224036,2348096.34659442
105.7100952775,8292199.94608104,2364481.60702901
105.768189980701,8292508.4994758,2358132.63866908
105.826284683903,8292760.31414601,2359799.70264978
105.884379387104,8292954.34291108,2371295.23590428
105.942474090306,8293206.98070051,2368684.2406554
106.000568793507,8293477.11253966,2360825.48946681
106.058663496708,8293820.45170733,2352536.14799246
106.107882142244,8294049.84065854,2353347.8067259
106.136625852498,8293972.09118813,2377988.79181045
106.165369562752,8293894.20319368,2402668.09412023
106.202497641236,8293837.04585467,2429286.10502464
106.208578940391,8293913.63348962,2421739.60225665
106.214660239546,8293979.86999115,2414008.21676041
106.226292325223,8294086.80009874,2399234.40912249
106.26343115751,8294458.37323737,2352075.79614412
106.288498013673,8294707.28765705,2320244.12222653
106.313564869836,8294846.87147021,2314275.05596161
106.33170365175,8294917.19263498,2326236.74990638
106.34529850406,8294968.5839824,2335155.79290937
106.382097876466,8295096.58614015,2359293.13379353
106.4298240362,8295442.7678425,2354473.42888492
106.461574062702,8295725.61077308,2336642.36869823
106.493324089203,8296008.61109089,2318839.90869225
106.516637078941,8296145.99770243,2321574.25706015
106.539950068679,8296267.13504124,2330830.86315079
106.563263058417,8296388.10281566,2340070.37226416
106.646320668031,8296787.39622075,2357649.53011468
106.729378277646,8297164.65958716,2360562.85878017
106.789117803159,8297441.56644036,2359468.95431489
106.858603370112,8297662.25769576,2369341.68282503
106.902397359919,8297807.73621767,2375731.27571398
106.930339040023,8297969.10002354,2367030.50152832
106.958280720126,8298139.32153286,2358295.41379958
107.006370353122,8298408.48646776,2346605.81463594
107.039254181643,8298532.57368833,2353714.6473374
107.072138010165,8298656.57055016,2360847.81872594
107.172196045497,8299084.98058398,2362824.98255206
107.27225408083,8299476.11039023,2365818.10972701
107.372312116162,8299933.45689976,2359211.43567781
107.472370151494,8300333.65857402,2364450.6863499
107.550430127698,8300801.25299413,2349812.09568318
107.598268446459,8301142.39362432,2332787.16903576
107.615448647018,8301204.98682526,2337522.71495791
107.632628847577,8301269.20574885,2343564.96460177
107.660421806162,8301372.47773293,2353333.78460751
107.770548930109,8301822.54512342,2363241.99348998
107.942267967526,8302619.02954822,2357285.16534947
108.00098936832,8302873.20884175,2361943.96384424
108.035489372336,8302841.31848631,2378212.02711375
108.069989376351,8302821.13066088,2394514.33049528
108.107660314054,8302860.25733131,2403931.0283535
108.145331251756,8303079.78305191,2380115.78719842
108.17177307535,8303234.43879138,2363382.20643781
108.255795948637,8303724.24178526,2343851.71301016
108.301315328731,8303993.36467726,2343150.86225266
108.329766256264,8304044.37772515,2355006.88777369
108.358217183796,8304095.30046707,2366897.54016576
108.39756217085,8304172.81063286,2383345.98354079
108.411607666904,8304276.15756493,2377626.04789707
108.425653162957,8304382.43346505,2369320.4744825
108.44443440248,8304524.93009191,2358230.65348567
108.48758525207,8304856.10838994,2332752.29909135
108.53073610166,8305071.47603444,2336014.16976778
108.565171494084,8305218.95267072,2348024.32070345
108.599606886508,8305366.71473969,2360020.12318526
108.633962323242,8305513.16285686,2360243.09997552
108.668317759976,8305661.91302247,2360299.46594084
108.755055212366,8305944.72582433,2368273.03274736
108.87278812046,8306096.32803248,2392158.91950205
108.990521028553,8306094.60500911,2403663.51642748
109.026459031254,8305793.38724855,2431625.16286429
109.062397033955,8305400.02995956,2469070.30368753
109.098335036656,8305007.22067294,2506502.79914067
109.121101449077,8304351.78949923,2543710.18411613
109.143867861497,8303670.65452274,2582056.13072764
109.181642727669,8302540.46779937,2645680.66087925
109.196384501317,8302098.64934789,2670508.4118085
109.211126274964,8301753.61180261,2670782.63072068
109.222205726782,8301490.11728668,2664688.15447471
109.2332851786,8301228.01334176,2658631.59570849
109.265656414314,8300471.23729073,2640938.57318773
109.339119174655,8299194.48658,2582796.10275407
109.412581934996,8298339.68687302,2517391.00086158
109.521853713459,8297280.08913217,2499044.11073958
109.566506886378,8296684.33024405,2518119.91818496
109.611160059298,8296014.87847744,2539187.28341941
109.655813232218,8295122.81217973,2566233.61050815
109.689161735265,8294456.43351537,2586433.58088109
109.722510238311,8293931.95006313,2581662.29970598
109.755858741358,8293455.48277303,2564638.5086725
109.789207244405,8292978.78124028,2547635.03172616
109.824081465951,8292168.22252506,2568408.79664754
109.858955687496,8291240.85462103,2606777.37007552
109.883916306268,8290577.70201082,2634221.02188715
109.921518669187,8289602.95211734,2650903.98310297
109.959121032107,8288624.01907689,2648855.64887434
109.985582602353,8287934.93012582,2647433.85045445
110.026782903841,8286613.68830441,2667230.074024
110.067983205328,8285168.46112458,2699048.78176411
110.095327564285,8284209.74472064,2720157.5364341
110.112922224243,8283664.46247698,2718953.12357184
110.130516884201,8283128.17404876,2712193.26567295
110.148111544158,8282592.22196453,2705452.70096185
110.186935738453,8281414.37530439,2690582.43932917
110.225759932747,8279915.68115264,2710314.75528847
110.264584127042,8278279.05890903,2747880.75051062
110.292228682799,8277114.40065521,2774613.94008001
110.313718591517,8276284.39048199,2776897.97442511
110.335208500236,8275488.56210804,2768405.35322831
110.356698408954,8274687.28755882,2759941.65700982
110.389164927823,8273482.98511323,2747160.02648787
110.421631446693,8272056.414001,2759250.70035018
110.454097965562,8270540.45435564,2784043.81160143
110.480031046266,8269329.93181198,2803831.42674343
110.53330842493,8266776.68123889,2825205.25586653
110.586585803594,8264156.32283229,2834884.95597777
110.639863182257,8261451.66649529,2844628.03712017
110.766593492353,8254948.59404785,2856306.29403059
110.852495641666,8250401.7313031,2866965.29712374
110.903563766432,8247621.17561176,2878425.19744479
110.937556507653,8245519.90190264,2898228.0565726
110.971549248875,8243417.85435292,2918052.59664087
111.072939543478,8236748.43570501,2964487.24440915
111.174329838081,8229253.79378933,3021493.02275823
111.253078224947,8223252.81724491,3037883.15062434
111.315817553991,8218340.91219452,3046337.80668347
111.391573797948,8211983.93609432,3085233.64445598
111.467330041905,8205227.54509333,3115979.80595756
111.543086285862,8198463.64008036,3126607.79122922
111.618842529819,8191606.86684219,3130712.7864852
111.694345810135,8184443.10144508,3159289.09561681
111.769849090451,8177036.31080501,3176933.66798995
111.828159514335,8171284.49164666,3184857.12291622
111.88646993822,8165509.23618048,3187347.10258282
111.944780362105,8159802.23833917,3183932.05756483
112.00309078599,8154124.55835004,3178370.59995916
112.081915614424,8146694.29192158,3162539.36617301
112.160740442859,8139180.79782768,3164019.38116827
112.182496765235,8137101.12157297,3165862.30263886
112.195740644053,8135835.32107954,3166983.81835833
112.208984522872,8135027.85807706,3139288.36841236
112.22222840169,8134384.93398339,3097257.1300338
112.23256831037,8133884.20281017,3064496.06086977
112.258700708026,8132630.88089744,2981707.974591
112.368717052244,8128005.68454881,2799248.14906925
112.383395972155,8127455.26884215,2788356.64017309
112.398074892066,8126901.85671284,2777400.16450991
112.411073283193,8126355.59684482,2778845.8899267
112.42407167432,8125817.56040709,2782378.12114276
112.44245141566,8125056.21679099,2787357.87088102
112.511586082041,8122255.64100499,2798240.41395716
112.545490588725,8121039.09805564,2784364.07233426
112.579395095408,8119822.86704094,2770466.27497336
112.650907665081,8117339.04353765,2755322.24941271
112.722420234753,8115046.66205666,2737785.67318391
112.793932804425,8113069.24973475,2702187.31524818
112.824313625698,8112217.36530617,2699747.18955243
112.854694446971,8111369.73615306,2700552.4558626
112.892405426402,8110317.70894651,2701545.83817107
112.962496847574,8108544.53369424,2687731.46082609
113.032588268746,8106770.9317808,2680845.40275612
113.102679689919,8104992.62670172,2683257.67149528
113.131134566904,8104385.46364659,2674087.39551946
113.159589443889,8103777.84076825,2664886.73091425
113.243881403996,8102041.22441906,2645945.76663896
113.328173364103,8100449.57650184,2633090.93283954
113.41246532421,8099016.42997137,2617234.46064048
113.624590468105,8095823.56753472,2599778.50839408
113.836715612,8093294.83710278,2556714.59375903
113.869716328795,8093002.46496068,2553047.96272386
113.902717045591,8092715.18310111,2549359.38370441
114.022369859817,8091858.87279445,2535809.65602289
114.142022674042,8091131.74950946,2525944.52506096
114.236529024195,8090651.98525554,2518097.31306797
114.331035374348,8090214.12876018,2515672.63305291
114.515212094855,8089913.52932405,2476207.01531355
114.542486803393,8089876.64105267,2479036.20985078
114.569761511931,8089840.28905328,2481899.27925814
114.647194499662,8089560.78490777,2501110.16530927
114.772559102666,8089397.83957381,2477967.56731217
114.828800405035,8089551.50916452,2454576.91270912
114.885041707405,8089793.39487759,2439502.81869356
114.941283009774,8089923.38419673,2445029.64732295
114.997524312144,8090020.0879211,2458109.84183344
115.029011277607,8090168.94655295,2450517.48594808
115.060498243071,8090320.78233388,2441592.41789144
115.111000106418,8090555.37062747,2430979.39968028
115.161501969766,8090767.13575475,2433771.06180005
115.212003833114,8090988.63461401,2435128.35171836
115.277902474292,8091311.96702917,2430816.11150448
115.371714413233,8091771.85830925,2429221.86325764
115.490849070206,8092574.06440522,2409142.16277176
115.542619017755,8092909.24403297,2410604.50991016
115.594388965304,8093238.88554909,2414877.54923965
115.661476084939,8093673.43893379,2414616.35017672
115.728563204574,8094195.96059918,2406208.11103094
115.779136378211,8094672.50844292,2392050.71052914
115.829709551849,8095172.93975343,2383684.43623218
115.907110910623,8095996.96608791,2374577.26724578
115.956163925531,8096739.04024092,2352535.0550786
116.005216940439,8097434.25622369,2336021.51837104
116.021321779004,8097563.49610476,2345974.01671777
116.037426617569,8097694.98527118,2355994.37581771
116.076070493004,8098022.94454975,2380041.64800695
116.104044956896,8098286.65975684,2392652.5573541
116.121976403339,8098550.11680914,2382344.14104539
116.139907849783,8098811.64064253,2371975.75021146
116.184216788294,8099445.98068992,2346350.93502963
116.232007679218,8099863.88700519,2361313.23907615
116.264097554508,8100070.99454275,2385659.91921597
116.296187429798,8100277.86000228,2409979.61237346
116.313201311907,8100487.9707292,2404542.36989534
116.330215194016,8100709.72265796,2393577.45569274
116.347229076125,8100932.11553467,2382633.9257214
116.405743684695,8101689.09940028,2349665.74812117
116.425471212256,8101906.97385738,2353055.07196867
116.445198739816,8102126.49642546,2356496.83457162
116.495722016422,8102699.79495004,2365316.09511241
116.516254786583,8103043.75837003,2355838.25156696
116.536787556745,8103406.97425414,2342793.91858953
116.561681862757,8103847.56458492,2326991.92003657
116.658965501924,8105492.05896504,2309404.45236923
116.697014437938,8106121.71617596,2313834.91918947
116.735063373952,8106654.51211482,2323212.80497837
116.773112309966,8107176.04408912,2333027.90153497
116.805197621939,8107677.64612413,2335124.17566431
116.825649942726,8108155.53985338,2315859.68870274
116.846102263512,8108632.14045791,2296543.33330061
116.898429873081,8109840.38338196,2247117.67963022
116.910131355981,8110027.03484846,2252330.52540099
116.921832838881,8110220.3670686,2260291.82974649
116.936868205495,8110467.71444962,2270498.7223923
116.988556578057,8111312.64961417,2305587.83597425
117.024112772111,8111944.20856041,2309330.99608608
117.059668966166,8112583.71399095,2303221.00643037
117.09522516022,8113223.39147002,2297127.66975175
117.162146479736,8114571.03864067,2281722.02140657
117.198844346681,8115316.70776135,2273104.65582169
117.219402863096,8115620.9707168,2283071.37498797
117.239961379512,8115917.13363953,2294005.65814317
117.274959253557,8116449.51251513,2312620.72551295
117.336290646394,8117425.48814442,2320394.96839084
117.397622039231,8118430.22030188,2310858.33042474
117.441743946067,8119166.82498596,2308813.75443296
117.485865852903,8119902.67933262,2307056.64318874
117.602280804201,8121778.30023863,2313221.44797058
117.718695755499,8123551.30237915,2319821.13719853
117.778047665252,8124550.76489965,2308150.83027482
117.837399575004,8125515.82885056,2306668.80219509
117.888007440481,8126325.68462103,2310561.40425919
117.938615305958,8126910.82310752,2332819.30122091
117.989223171435,8127432.07382761,2360860.13232636
118.019397963763,8127830.43012237,2358426.56738691
118.04957275609,8128283.24063137,2345135.37460343
118.079747548418,8128726.6588545,2331865.63445474
118.140636045034,8129975.49939433,2287499.78932261
118.20152454165,8131378.89117019,2236650.8189827
118.209225533336,8131491.51017595,2241834.75924762
118.216926525022,8131612.83390681,2247178.28864202
118.232057566391,8131868.41964872,2257666.63667744
118.286012739399,8132752.73110508,2295059.06783513
118.33000687539,8133472.06269891,2305713.56673194
118.37400101138,8134177.5588306,2306987.80499202
118.417995147371,8134859.10616169,2308912.43306294
118.490722553713,8135975.60737731,2313649.51998367
118.611891317613,8137786.52957484,2318151.16467619
118.824664539194,8140941.0217946,2320084.48209475
118.886778966165,8141897.70272001,2313140.54752336
118.948893393136,8142835.90559208,2312977.93799098
119.011007820106,8143747.87779598,2316503.24216703
119.073122247077,8144557.61594198,2328585.9563599
119.135236674048,8145413.97702927,2329449.09154896
119.197351101018,8146298.35652519,2321665.97329364
119.259465527989,8147156.87642837,2323512.3411256
119.308980702438,8147885.93238373,2320756.06043751
119.358495876888,8148802.44431486,2297151.07497644
119.396676267016,8149509.46791779,2278938.39797734
119.418316343467,8149803.15336245,2286792.79745825
119.439956419918,8150090.80880937,2298087.48214884
119.466102448759,8150438.28986266,2311722.93516534
119.570016196873,8151937.60130158,2317615.82907011
119.630709618361,8152809.2960506,2315174.47116581
119.691403039849,8153657.76961699,2320499.43115431
119.752096461336,8154524.94047799,2319190.19747473
119.812789882824,8155384.16466353,2318094.37274471
119.9,8156571.7911065,2323698.33154214
