0,4104039.62397836,1956116.60325445
5.84806649395273e-06,4246779.85282439,1991558.64707289
1.7288879523445e-05,4502929.86065727,2055727.55907227
2.87296925529373e-05,4731194.95523377,2113727.76386124
4.01705055824295e-05,4934633.88432791,2166266.26149391
5.16113186119218e-05,5115966.68730864,2213944.96077354
6.5752228262128e-05,5313182.45844729,2266929.31178419
7.98931379123341e-05,5484302.46888553,2314101.42816549
9.40340475625403e-05,5632803.03917744,2356160.11965422
0.000108174957212746,5761693.52408339,2393700.63853677
0.000125924333444181,5899747.20555865,2435213.24834436
0.000143673709675617,6015354.08298661,2471270.08454581
0.000161423085907052,6112185.98287044,2502599.90875024
0.000183012782071276,6209107.44823057,2535237.7408248
0.0002046024782355,6287268.39411719,2562742.55132453
0.000226192174399723,6350320.48936901,2585908.3538507
0.000253286424947227,6412580.84587315,2609872.61501633
0.000280380675494731,6460154.56995242,2629145.47999805
0.000312924893597105,6502782.73793315,2647355.0875644
0.00034546911169948,6533663.37492916,2661311.60648923
0.000385908270789306,6560532.83598409,2674182.95550836
0.000426347429879132,6578548.09856068,2683370.06355043
0.000478137851750766,6593304.62876864,2691392.05068693
0.000529928273622401,6602152.97577508,2696548.7847931
0.0005989815399056,6608759.60714001,2700678.35064299
0.000681994944363404,6612558.54474838,2703256.9391766
0.000786740694405935,6614496.26110144,2704696.32145184
0.000891486444448467,6615170.06258201,2705248.52333029
0.00102007787772801,6615436.77894627,2705487.5600211
0.00114866931100755,6615508.14592739,2705559.45988669
0.00127726074428709,6615527.3916177,2705582.35853844
0.00140585217756663,6615532.58573845,2705591.06464393
0.00153444361084617,6615533.96052329,2705595.69318067
0.00169366585136733,6615534.32288748,2705599.92912612
0.00185288809188849,6615534.322739,2705603.7471741
0.00201211033240965,6615534.25461157,2705607.48373351
0.00217133257293081,6615534.1736434,2705611.20448134
0.00236793678450612,6615534.0705806,2705615.79491163
0.00256454099608143,6615533.96694934,2705620.38462186
0.00276114520765674,6615533.86325813,2705624.97425461
0.00300003628306896,6615533.73725656,2705630.55104395
0.00323892735848119,6615533.6112542,2705636.12783223
0.00347781843389341,6615533.48525182,2705641.70462049
0.00378057482501709,6615533.32556387,2705648.7723114
0.00408333121614077,6615533.16587592,2705655.84000232
0.00445254857949681,6615532.97113333,2705664.45919016
0.00482176594285285,6615532.77639073,2705673.07837801
0.0052924544492987,6615532.52812749,2705684.06635706
0.00576314295574454,6615532.27986425,2705695.0543361
0.00640401907078158,6615531.94183606,2705710.0152566
0.00718777140085871,6615531.52844824,2705728.31154823
0.00819629401249729,6615530.99650601,2705751.8549855
0.0095862211225536,6615530.26339311,2705784.30211296
0.011734774848955,6615529.13014489,2705834.4589853
0.0158921988778874,6615526.93732403,2705931.5118929
0.032243452661317,6615518.31290418,2706313.22343146
0.074870799372463,6615495.82923779,2707308.33673061
0.117498146083609,6615487.14360992,2707356.45297685
0.160125492794755,6615494.46241378,2706011.40783995
0.202752839505901,6615501.1326358,2704767.73847546
0.245380186217047,6615504.30458396,2705001.65229364
0.288007532928193,6615506.06124644,2705230.35159456
0.330634879639339,6615557.93894546,2703113.10793012
0.384228261325643,6615648.41493668,2699285.1712365
0.437821643011948,6615675.10397122,2700905.37732549
0.491415024698252,6615674.75124877,2704814.99101706
0.559455041432631,6615742.63562389,2702446.00043533
0.627495058167011,6615945.24527832,2695125.2753968
0.695535074901391,6616318.64415663,2681974.81320293
0.76357509163577,6616897.15681567,2671863.48097474
0.83161510837015,6617564.35045311,2663184.33129768
0.924699836684137,6618547.15193215,2657911.12351085
0.996035548116581,6619214.47257499,2663882.37034878
1.0234378428302,6619656.8682047,2655741.25505114
1.05084013754382,6620129.00707929,2645780.50830243
1.08910305865264,6620786.88447076,2631870.67154309
1.13580834494934,6621426.19035897,2635288.48515259
1.18251363124605,6622022.0136348,2645010.35156299
1.22921891754276,6622497.34155361,2654186.87396686
1.28905701874033,6623012.86745111,2665527.98700099
1.32934736407343,6623497.21373445,2661548.49521772
1.36963770940653,6624027.9515808,2653164.56805972
1.40992805473962,6624529.07548886,2648129.07624003
1.45021840007272,6624945.35186905,2653421.68114236
1.49050874540582,6625362.03690326,2658720.01678185
1.55397050230425,6626174.36511808,2652987.6668199
1.61743225920269,6627014.85643105,2646796.3550029
1.71044996851029,6628255.27880405,2646451.97863623
1.7984573925451,6629336.23499465,2651348.04829972
1.8864648165799,6630543.98085568,2645742.56759331
1.94853318177213,6631359.4121588,2646581.96348805
1.98990416295165,6631896.37217519,2648068.83505405
2.03127514413117,6631890.55814734,2672656.97604913
2.06041939557582,6631767.63468278,2695326.2063159
2.08956364702047,6631643.99214451,2717982.20774589
2.12031227324676,6632086.26116208,2700904.83145719
2.13958280043392,6632529.64497326,2676712.06017844
2.15885332762107,6632976.25318321,2652570.2417123
2.18712053906103,6633631.4019748,2617157.33457296
2.19903789500354,6633907.55957696,2602227.08310196
2.20646313257737,6634003.24394962,2603761.89056739
2.21388837015121,6634104.7850988,2607155.12449589
2.22400799976829,6634242.07002415,2611754.92889247
2.25277355751122,6634630.52630069,2624823.68721977
2.3088117322806,6635440.83388807,2644260.055573
2.33175349347452,6635864.01211548,2638853.32404827
2.35469525466844,6636290.8570597,2633435.70288351
2.42309327124281,6637599.79992332,2620808.17501969
2.49149128781719,6638996.49837643,2615196.91973959
2.5367407275752,6640328.31577651,2595156.47966709
2.58199016733322,6641750.16825921,2571262.16076788
2.62723960709123,6643616.4529597,2539694.13976604
2.69702119073409,6646943.08060962,2483071.87265309
2.70972059746837,6647398.74050514,2487416.82757164
2.72242000420266,6647826.1652486,2496517.1490048
2.73511941093694,6648251.44684591,2505588.59469139
2.77353734652846,6649538.38473913,2533033.93621477
2.79237119683435,6650169.31574417,2546488.76027644
2.81120504714024,6651059.61674273,2539859.42999001
2.83003889744613,6652097.63353231,2519102.14916864
2.84386652706688,6652854.49704829,2503881.46157841
2.87595198836299,6654623.20486797,2468595.86942954
2.89499020517567,6655672.62033127,2447658.54009916
2.91402842198836,6656549.07506868,2450428.43682988
2.92816143209965,6657161.68935049,2458993.15058766
2.94229444221094,6657776.18385613,2467532.44673415
2.98414698299792,6659596.07016029,2492822.65663002
3.03297417894779,6661792.01880328,2499149.96512093
3.08180137489766,6664012.2923225,2494186.25059115
3.10471594863139,6664926.76614486,2498305.00321139
3.12763052236511,6665370.65326029,2527708.2830129
3.14419554117127,6665693.51587058,2548996.74168832
3.19285947382684,6666642.00951731,2611535.471264
3.20995118406137,6667196.15698005,2611165.60334161
3.22185974780637,6667664.79228635,2599315.73958598
3.23376831155137,6668138.08521137,2587536.27523635
3.26168968873025,6669247.60198099,2559913.53897098
3.29027198233979,6670383.17338167,2531636.2761458
3.31885427594933,6671456.88721909,2524576.79195028
3.34743656955887,6672506.62032679,2528688.10205229
3.36971915548026,6673334.76644116,2531897.44996974
3.40715013520412,6674610.6568527,2541085.81745195
3.44458111492797,6675482.12683043,2566693.3982134
3.47450217700247,6676164.61043342,2587145.26196407
3.55446523756455,6677692.13646433,2619900.76162869
3.59576294820445,6678400.99692756,2631464.86557345
3.62278530241573,6678942.79170485,2629209.93802166
3.64980765662701,6679495.86461947,2625066.6266221
3.68724189852515,6680259.40723015,2619326.09327645
3.73556588139559,6680964.32172923,2630544.53552386
3.78388986426604,6681573.76184126,2648540.2831829
3.83221384713649,6682486.43705455,2640568.83267216
3.88053783000693,6683539.99145564,2619443.51884959
3.91600767057483,6684466.32302601,2603537.79715579
3.99253749172983,6686866.00674698,2568112.18174246
4.01970153184056,6687592.62224151,2570359.15210552
4.04686557195129,6688283.31773776,2578364.56196982
4.07402961206201,6688972.97294598,2586354.57382087
4.13539361063461,6689917.64305952,2622969.49962282
4.1967576092072,6690418.39256924,2673343.8814151
4.20671974630071,6690703.84914051,2667237.02737978
4.21668188339422,6691059.44073616,2653784.68294251
4.22664402048773,6691418.43600659,2640385.86432342
4.2525633124063,6692352.34792202,2605520.96836073
4.27824684610562,6693277.5538127,2570972.59645652
4.29503099529803,6693882.19019629,2548395.35425637
4.31181514449044,6694233.03514873,2553239.26836862
4.32516462981232,6694438.14609116,2566615.70561419
4.33851411513419,6694646.43837384,2579952.19736524
4.37285413749342,6695182.16459297,2614261.58396194
4.3929307842751,6695495.50228954,2634320.67411602
4.41300743105678,6695976.91668492,2634084.36728837
4.4331538898996,6696530.85668253,2622433.65295954
4.45330034874243,6697086.33883454,2610821.29723775
4.48862790920508,6698060.62438017,2590458.27815665
4.52395546966772,6698731.72357699,2597966.45558805
4.55928303013037,6699274.8544889,2618949.43207241
4.58509861811809,6699670.47853532,2634262.76514409
4.60265471323156,6700020.51434865,2639904.37190136
4.61347680119525,6700458.6869654,2626487.77417915
4.62429888915894,6700898.4350161,2612989.21584574
4.64718959510731,6701828.49134145,2584442.76942109
4.67482661071337,6702951.87273566,2549978.47607281
4.70246362631942,6704001.06222432,2521501.26129492
4.7084086141219,6704091.42126457,2528578.74235414
4.71435360192437,6704187.60356863,2535842.8572885
4.72488972498874,6704356.45092076,2548695.50340743
4.75919690151686,6704904.72275965,2590544.22538375
4.78663489088012,6705343.28729109,2624013.95878706
4.80385808968608,6705672.58665814,2638803.91854167
4.82108128849205,6706086.69933966,2631381.851185
4.83830448729801,6706524.32654152,2623974.48949185
4.87575116014692,6707458.01376497,2607830.59355187
4.90672572703327,6708141.11427821,2600863.84927718
4.93770029391963,6708590.61723304,2617365.74744949
4.96155215465469,6708913.14867181,2630042.63377188
4.99334084686749,6709355.79681834,2646964.78912377
5.01558858060737,6709757.37912744,2646555.16277615
5.03783631434725,6710187.35310196,2640753.97448457
5.06008404808712,6710618.51672491,2634970.3031318
5.14004898530134,6712159.83756517,2624889.57526046
5.20244986319563,6713343.46238973,2626217.7674003
5.23914209881526,6713790.10377735,2638531.30081624
5.27583433443489,6714238.28853434,2650874.03598824
5.29921812435624,6714524.14259427,2658740.47076294
5.31330713850323,6714828.42903723,2653039.78525209
5.32739615265021,6715134.81020695,2646630.86127864
5.35175150579079,6715663.00312633,2635556.20218888
5.39562158716047,6716616.02342333,2615611.52180337
5.41869174729142,6716980.6567375,2619825.76240655
5.44176190742236,6717321.84689625,2627609.59264379
5.4648320675533,6717662.22607622,2635381.79391586
5.55959603433934,6719766.72509368,2613532.12157406
5.60752316133552,6720912.53688297,2596133.21294002
5.62258944756096,6721074.31129239,2607331.71078398
5.63765573378639,6721240.34641134,2618595.96829078
5.67323092792812,6721632.80339265,2645191.45572369
5.70498670352746,6722021.6326526,2664072.14437419
5.72495007145965,6722337.27366375,2659279.28677048
5.74491343939185,6722659.1541796,2654457.31539642
5.79704060474483,6723499.05692022,2641866.91444938
5.84695020958201,6724353.153187,2638719.92386919
5.89685981441918,6725211.6082347,2636155.57438522
5.92761663770513,6725568.28451856,2644149.70742855
5.95837346099108,6725906.18028621,2653274.46673481
6.00801302798412,6726404.50894708,2667982.23707513
6.06829749368729,6726692.80033744,2685707.12529384
6.10066301942387,6726857.07092488,2694632.22813769
6.11134010884799,6727050.72932437,2688180.02880038
6.1220171982721,6727239.7771099,2681637.84586002
6.14504475309729,6727647.15908097,2667532.80814416
6.18173631961887,6728297.04486683,2645060.03424182
6.20513314537326,6728644.26655956,2636199.77506036
6.22852997112764,6728844.42828349,2647276.80961416
6.25192679688203,6729017.62332272,2658327.48952058
6.30573358100275,6729408.07131028,2682594.35988297
6.37472567134548,6729555.74204313,2700774.84390386
6.40429592721449,6729686.23633668,2704467.97815311
6.42295177327002,6730007.03689956,2691436.72654047
6.44160761932555,6730324.67443751,2678353.59726455
6.48863339129208,6731124.74758951,2645375.47118571
6.51615711023645,6731424.09892637,2644818.24703965
6.54368082918083,6731624.39024219,2657744.22437079
6.56395408892294,6731770.27976086,2667239.54683254
6.59785631948946,6732013.97963109,2683118.0934677
6.61713991120514,6732244.04515737,2680157.2891828
6.63642350292082,6732480.52607534,2675604.64951763
6.66406140847839,6732815.93226995,2669080.64437087
6.75799241461169,6734886.142736,2615884.81839014
6.78734767298781,6735709.68447987,2593198.97446596
6.81670293136393,6736275.52007643,2595237.02394464
6.83971516107387,6736586.54066605,2611825.78580688
6.85611345179578,6736806.06822459,2623613.40233871
6.90383427817873,6737546.47774932,2651093.68895769
6.9098152327599,6737752.55761206,2644744.97572487
6.91579618734108,6737963.01870909,2638271.06179812
6.92745993468652,6738374.09220724,2625662.24142083
6.96692907005413,6739767.11282968,2582997.84486761
6.98848162337874,6740527.72179742,2559700.30393453
7.00091422233533,6740943.9848549,2547997.29123054
7.0082476921767,6741065.62238811,2554271.00099619
7.01558116201807,6741196.00753622,2560708.58710988
7.02900433310416,6741434.21571359,2572477.50049201
7.07550990901525,6742257.19259395,2613248.8362503
7.13367366170124,6743441.8337644,2627833.23788768
7.15716624546558,6743956.28385409,2622895.25514716
7.18065882922993,6744473.05275447,2617990.85367553
7.24859550838802,6745621.0328439,2630612.52389371
7.29951144799921,6746383.03472962,2648149.62933588
7.31286856824078,6746719.00077845,2642052.76161781
7.32622568848236,6747054.25433301,2635452.66578619
7.35056504827026,6747663.69018599,2623430.46995358
7.39730916260509,6748835.84282347,2600344.81908169
7.41363927019948,6749184.17888654,2601689.97458492
7.42996937779387,6749525.99567547,2604993.95263696
7.45235693223337,6749998.43605662,2609518.36048525
7.48502348175341,6750684.68507493,2616115.05334205
7.51769003127345,6751717.51934981,2602988.87810153
7.54180361371147,6752649.26707813,2580679.40130903
7.56005100762607,6753366.45560114,2563841.92851167
7.5831370060647,6754274.03233984,2542539.48361359
7.59614632744787,6754785.36375775,2530535.04115199
7.60915564883104,6755031.57159865,2539380.39581268
7.6221649702142,6755169.7676376,2557423.97403236
7.63517429159737,6755328.58276491,2575448.15504244
7.66408971409028,6755662.48315006,2615485.17663498
7.68971859225795,6755958.75884086,2650972.36504663
7.71534747042562,6756833.46702598,2637773.20961986
7.72728607475259,6757394.13354385,2616012.05713327
7.73922467907956,6757960.9628234,2594347.61368957
7.76438740874476,6759156.27883625,2548681.2835315
7.78381198683209,6760078.54808739,2513428.00459781
7.79632433731788,6760672.66053789,2490719.6659191
7.80883668780367,6761042.49159275,2493976.23775712
7.82134903828946,6761359.13044931,2508618.59106948
7.83122082538777,6761605.28157791,2520117.44515028
7.85666336276994,6762239.54991423,2549758.24141565
7.98127266904975,6764964.86149005,2619900.36147696
8.04092405242533,6766577.50644105,2604094.21112086
8.10057543580091,6768368.85806773,2574821.55474542
8.11354253613285,6768681.52786218,2578383.67003504
8.12650963646479,6768999.80809784,2582027.48041888
8.15526917121332,6769706.36836135,2590105.32457517
8.2824653217875,6773789.52411289,2554373.54425413
8.30396858386108,6774468.15180317,2548446.39863261
8.3177784906182,6774650.22839199,2564025.98649865
8.33158839737531,6774836.77866319,2579675.59860644
8.36369691883522,6775271.21377202,2616058.48498656
8.39226927283502,6775657.37552801,2648433.75596012
8.42084162683483,6776034.00106527,2657606.17465424
8.4426401612623,6776335.24252506,2657917.91772906
8.46443869568977,6776623.773165,2658229.949956
8.50936976362231,6777383.1641754,2651773.25263385
8.55430083155485,6778626.34411822,2617939.27991153
8.5861821964064,6779551.10437441,2593979.12146359
8.5989919489972,6779915.28167074,2584340.79349881
8.60684554289901,6780004.8233457,2589395.81902315
8.61469913680082,6780088.65330861,2596297.81145373
8.62541756379135,6780205.89550075,2605694.97461529
8.65613402600064,6780535.2532419,2632617.97106362
8.80971633704709,6780922.94619223,2726085.76852174
8.92133571823378,6780209.16576243,2751665.40286813
9.02378479057961,6779850.80182028,2738257.32605519
9.12623386292544,6780018.05570874,2714251.15433505
9.1954768509205,6780329.8839666,2701776.41752806
9.23855321444272,6780883.85298526,2683722.06882888
9.28162957796494,6781481.64406997,2664430.17859107
9.34999756242705,6782359.83915919,2659171.29630206
9.3999834578743,6782990.74581482,2662213.39207848
9.41488068846242,6782949.42790696,2672839.69439744
9.42977791905054,6782911.54336084,2683547.35813982
9.46410248669831,6782825.3355689,2708217.12311864
9.49647895107277,6782743.47287946,2731485.6518641
9.5168423357851,6782678.57181361,2734995.1988154
9.53720572049743,6782602.7500424,2736076.70383616
9.56327466639964,6782506.60740676,2737472.72148855
9.67034854215188,6782651.43640778,2714378.33766121
9.77742241790411,6783808.26530674,2668558.54511358
9.80197049585874,6784108.0562247,2659596.68149103
9.81160182217355,6784093.38358878,2666093.22211956
9.82123314848836,6784084.71424251,2672681.67810596
9.84233166616146,6784066.33885144,2687108.78915143
9.87770269511891,6784034.4722538,2711293.49683632
9.89658575970094,6784017.49978332,2724204.78996038
9.90932509842475,6784139.21476806,2720877.71329718
9.92206443714857,6784293.21908541,2712898.61357107
9.93480377587238,6784449.02388568,2704946.5610274
9.97578887209813,6784950.65709838,2679361.77739588
10.063455058568,6786870.51373447,2622278.72501945
10.1511212450378,6789416.87670705,2582816.13948701
10.191217198209,6790681.74641445,2570871.82340822
10.2313131513801,6791727.12480428,2579068.35012688
10.2596002431215,6792426.69817122,2588917.98805043
10.2878873348629,6793125.60957361,2598757.1507453
10.3462470829056,6793985.99153485,2631694.76215373
10.4046068309484,6794706.18531388,2664702.86405086
10.4226379184,6794965.18793453,2663037.92308677
10.4406690058516,6795220.23200245,2661317.42222326
10.4854279555892,6795852.38080675,2657047.26252585
10.6287164840607,6797861.96723654,2656565.38286876
10.7720050125323,6799762.13463972,2660440.20150438
10.8302764290375,6800244.84617202,2674224.52870124
10.8885478455428,6800473.93805253,2700135.23681776
10.9165940955716,6800819.06930684,2694422.00958536
10.9446403456005,6801308.7117535,2675886.60296379
10.9657502905647,6801678.68773069,2661959.70095508
10.9988374505966,6802258.99433108,2640131.30055245
11.0085184930337,6802316.91450824,2644193.81124364
11.0181995354708,6802369.6041431,2649854.63227419
11.0320639592787,6802448.93398637,2657948.15982325
11.074120545525,6802682.17811886,2682489.5641259
11.1042998405994,6802917.74554856,2695248.79415488
11.1221908649356,6803214.29904004,2685216.28831432
11.1400818892719,6803521.33988135,2675142.67016388
11.1833663404624,6804262.88507571,2650771.77973625
11.2338050785237,6805122.09955127,2641372.37064819
11.284243816585,6805987.70063097,2641440.54449013
11.3346825546463,6806418.62385486,2662286.05148116
11.3851212927075,6806659.52387739,2692699.27998591
11.4047158012197,6806854.09137886,2697226.15199758
11.4243103097318,6807336.26056648,2678265.38519028
11.443904818244,6807816.31370687,2659272.90701394
11.5021686048689,6809255.37235064,2604048.72053683
11.5224793269806,6809905.54315541,2596125.27565833
11.5427900490922,6810556.84324018,2588251.0386122
11.5937329109954,6812191.40493466,2568500.31188311
11.6165938637846,6812809.45623657,2571609.0996855
11.6394548165737,6813393.32462678,2579376.68886808
11.6623157693629,6813976.24800595,2587129.46067023
11.7496219545771,6816017.92218875,2609400.35182962
11.7899721826968,6816894.86278282,2617097.26858786
11.8181240149302,6817123.03040427,2637482.27374054
11.8462758471636,6817144.61482183,2666355.04264932
11.874427679397,6817166.75115442,2695208.31786338
11.8921554322977,6817180.39372567,2713377.4316055
11.9098831851983,6817436.4941115,2711571.27716856
11.9239229918565,6817721.70296514,2697071.42041682
11.9346520419007,6817955.51724862,2686060.67545497
11.9620896856226,6818553.99229111,2657899.76137864
11.9947067226139,6819264.87597352,2624421.94898394
12.0143574477573,6819712.03806914,2617485.16534324
12.0340081729006,6820179.87435644,2615600.79498296
12.053658898044,6820646.29319514,2613697.62879354
12.1233400680258,6822456.41789644,2602065.26629101
12.1930212380077,6824519.48372063,2580597.27325785
12.2140062766808,6824933.46534918,2588368.34161393
12.2349913153539,6825262.58542217,2603454.59705837
12.255976354027,6825590.25403969,2618515.88165397
12.2997118820319,6826272.64786298,2649905.65507849
12.3257641922879,6826519.73018471,2658213.18171766
12.3518165025439,6826761.41202825,2666361.48771849
12.414411998851,6827397.36249726,2678837.82718844
12.4590303396487,6827978.45219743,2670696.68139101
12.5036486804464,6828624.81371123,2659945.34662626
12.5198135153291,6829126.0353755,2645440.23144579
12.5359783502118,6829624.51825361,2630879.87677546
12.5764484721227,6830871.34745859,2594428.09222559
12.5933469585668,6831392.21411639,2579207.86210032
12.6102454450108,6831666.99474341,2584475.84001691
12.6271439314549,6831814.08723858,2603538.64366384
12.6397300009717,6831921.02825086,2617693.26700374
12.6739612759254,6832211.08946343,2656192.83049444
12.6905013253901,6832351.46721821,2674795.58821395
12.6992175722588,6832425.42234248,2684598.78961071
12.7044553438517,6832634.04778282,2678527.80405962
12.7096931154446,6832842.19800217,2669933.92599014
12.7162901799262,6833109.10836364,2659166.96157435
12.7340706697562,6833828.55326461,2630140.55438182
12.7683308690057,6835213.97656254,2574210.22828565
12.8025910682552,6836553.98760917,2524596.65508956
12.8089247707738,6836694.99313371,2529655.06009522
12.8152584732925,6836851.54321951,2534925.57649007
12.8262299683954,6837122.88739248,2544034.93637697
12.8616706241242,6837995.24049924,2573458.11365805
13.0388739027682,6841087.3150403,2652533.77580526
13.1279678051637,6842361.79099282,2657411.31113798
13.168685657875,6842916.32346893,2659455.58896377
13.191429241105,6843225.9853941,2660597.31340072
13.2141728243349,6843968.50523586,2639526.85569034
13.2361765466413,6844912.36938377,2605777.37664852
13.2581802689476,6845861.0852582,2572074.80924229
13.2820973716736,6846892.98314176,2535441.62518506
13.2958697039265,6847486.94407015,2514346.62336166
13.3096420361793,6847926.62097768,2514902.03640283
13.3234143684321,6848332.25590323,2525184.24210653
13.337186700685,6848734.4215859,2535414.74436574
13.3728174226633,6849773.97420484,2561885.03946344
13.3926825354209,6850353.84132354,2576643.29238321
13.4125476481785,6851173.78383385,2570204.89017777
13.4328979527561,6852129.99688178,2550544.85838648
13.4532482573337,6853089.19095939,2530930.9487813
13.5069066104138,6855675.02410559,2482599.31501543
13.5405562872976,6857539.66606818,2466743.04935305
13.5742059641815,6859406.81415567,2450915.67301902
13.6022224493514,6860932.63125644,2439928.88840778
13.6131642200738,6861437.62597559,2445646.32680765
13.6241059907963,6861941.48466895,2451440.85070966
13.6489877975853,6863088.34455055,2464611.75712143
13.6922902647571,6865083.07206354,2487532.75124674
13.7197169037898,6866398.034016,2489149.48363966
13.7471435428225,6867723.87325031,2485595.86263344
13.7745701818553,6869050.62878557,2482055.91703634
13.8815224743556,6874569.75800217,2459294.22662184
13.9025125847918,6875609.63715976,2458104.20444909
13.9146633288004,6875950.81533119,2473934.06370153
13.926814072809,6876298.03204773,2489864.92682262
13.9521923494572,6877024.86345971,2523132.86256175
13.9951392505787,6878253.27572138,2579430.01084684
14.0122136250645,6878910.57674369,2577920.45143713
14.0292879995503,6879607.87923335,2566521.28342368
14.0463623740361,6880307.9780649,2555164.46313085
14.0929179232216,6882217.9915549,2524197.200006
14.1214456706859,6883271.88975309,2525248.9114187
14.1499734181502,6884299.55982792,2533082.10079695
14.1785011656145,6885326.10248674,2540898.02413441
14.2326048128759,6887450.76654202,2537432.17572782
14.2867084601373,6889683.74874058,2521768.96422009
14.3277229691803,6890627.40171445,2556564.55659869
14.3489440489577,6890942.1789818,2586344.1642007
14.370165128735,6891254.75842631,2616083.5340653
14.3934234492104,6891596.55758491,2648677.7359602
14.4085505854336,6892028.09536083,2648503.91544572
14.4191034435709,6892407.47707117,2636420.82260224
14.4296563017081,6892791.9547887,2624419.25658267
14.4535411249145,6893663.63178423,2597250.83729203
14.495356491798,6895188.18106149,2549685.1968283
14.5213897732195,6896369.23337179,2531190.60626327
14.5474230546411,6897604.33834425,2515187.53859503
14.5806212525625,6899188.20801675,2494778.25297568
14.6005192909206,6900120.64194719,2483402.10998746
14.6068098609684,6900287.67929545,2489976.70275554
14.6131004310161,6900463.7221505,2496727.68052989
14.624666689555,6900788.31557807,2509121.75171367
14.6637089412284,6901879.33188212,2550956.77244145
14.6890829595141,6902588.56107527,2578146.04207547
14.7144569777998,6903412.8967905,2584624.69933498
14.7398309960855,6904296.63899059,2575082.94268076
14.7576283862744,6904918.49622493,2568421.81878132
14.7914870738318,6906102.36723122,2555749.06654172
14.8253457613892,6907007.57700753,2566878.77263668
14.8495906468531,6907597.28794172,2580699.20393374
14.8738355323171,6908185.96207997,2594502.12544155
14.9040143670691,6908973.18502964,2607573.94297443
14.9220606128342,6909559.14791462,2599139.65586017
14.9401068585992,6910157.41203184,2590659.40731524
14.9841258335137,6911614.81052442,2569975.21547392
15.0216414931963,6912673.26737066,2571786.23112317
15.0591571528789,6913612.60119869,2588090.3284287
15.0861540429156,6914287.42169228,2599803.4094281
15.1400114468574,6915561.33448784,2609815.2866202
15.1938688507992,6916805.64513128,2615145.39398025
15.2222463273236,6917119.41773247,2632963.1547384
15.2506238038481,6917345.30193711,2655029.60205365
15.2790012803725,6917570.66300694,2677085.27125781
15.3568181936472,6917535.43863695,2725742.11519861
15.3848240739542,6917436.94372563,2741668.38276954
15.3995822090126,6917380.50856477,2750056.64884368
15.4048507844697,6917507.30330614,2743923.18371264
15.4101193599268,6917630.71755327,2736744.10341818
15.4182577061671,6917818.22143875,2725684.51664778
15.440642656515,6918341.8436847,2695270.76302843
15.4757952132533,6919163.4106457,2647508.7525099
15.4924292486097,6919552.20750743,2624908.04370926
15.5090632839661,6919762.34624786,2622387.74031522
15.5215320875359,6919841.72424175,2633558.56598614
15.5310954728123,6919898.99823489,2642068.6172749
15.5552366226994,6920042.30775569,2663554.86864333
15.5804238963381,6920192.59500662,2685973.04673657
15.5953937626488,6920281.8667131,2699297.03265966
15.6103636289595,6920655.77283987,2689894.72448554
15.6253334952702,6921126.15012797,2669942.22493745
15.6403033615809,6921599.58267739,2650040.69942547
15.6789452795363,6922823.21440782,2598667.30773092
15.6937415610085,6923291.45550296,2578995.66302712
15.7085378424807,6923543.39141089,2580440.94715323
15.7233341239529,6923680.76024127,2598012.70683492
15.7338894913666,6923775.42946881,2610492.77794265
15.760677877356,6924014.33220181,2642169.29119119
15.7843920983476,6924226.46271513,2670211.36411589
15.7971888523046,6924340.89238636,2685343.45880894
15.8099856062615,6924641.35384952,2680209.10618408
15.8191472515524,6924875.37912996,2672188.24609729
15.8283088968433,6925112.03072328,2664204.49116148
15.8555460583946,6925816.34558615,2640465.7650246
15.8846915850846,6926569.49868064,2615063.18096538
15.9012692091251,6926968.42483612,2602628.31819603
15.9079161961099,6927042.06786207,2607516.43660428
15.9145631830946,6927117.14092558,2612536.41160144
15.9277867541379,6927267.86292752,2622509.69271406
15.9740148966654,6927790.18978435,2657371.71384397
15.9974099705936,6928054.65789895,2675014.85259858
16.0102205740575,6928338.99696546,2670525.20999634
16.0230311775214,6928642.46318882,2662219.82649681
16.0358417809853,6928947.51588043,2653937.49058182
16.0792823616834,6929982.69825672,2625850.90263382
16.098674961702,6930444.65424406,2613312.35476507
16.1055068184189,6930459.14067655,2619023.03226278
16.1123386751357,6930458.9933039,2627478.65176571
16.1209875941116,6930455.21651438,2638140.81580159
16.1450147996668,6930444.70171781,2667765.07842359
16.1839947172396,6930428.44120318,2715826.29306926
16.1958157613415,6930423.48500492,2730401.28051653
16.2076368054433,6930669.50439813,2724094.45636364
16.2200568891906,6931037.14841142,2704809.21970559
16.2324769729378,6931406.00407217,2685593.26953715
16.2613942712979,6932266.77833855,2640850.90678992
16.2871928586066,6933033.84684467,2600932.89663287
16.3038719029981,6933521.38414696,2580946.97890263
16.3205509473896,6934018.19414852,2580706.87339583
16.3372299917811,6934517.79281172,2580503.1793625
16.3851152659874,6935953.33334891,2579917.28804791
16.4559883766437,6937742.29653214,2597481.50754817
16.4859577703551,6938458.32826118,2607002.82070545
16.4996128947135,6938790.82639004,2611344.16690687
16.5078900094937,6939151.96921971,2603304.39503967
16.516167124274,6939511.46605234,2594573.39205678
16.5298785271643,6940103.05344522,2580124.18564113
16.5745941146017,6942040.11601742,2533008.04212901
16.6345627404172,6944876.4157213,2492004.17165611
16.6757099439199,6946953.75210935,2475180.33307323
16.6920079878672,6947775.94787354,2468508.67563534
16.7026419663309,6948198.06141008,2470552.15081671
16.7132759447946,6948322.26865249,2492742.48542651
16.7239099232582,6948449.89930977,2514981.88295112
16.7524471168903,6948793.52253991,2574659.25603527
16.7795792817602,6949119.63966653,2631397.9359742
16.79355897356,6949287.70659808,2660632.27695073
16.8075386653599,6949591.79438364,2668807.02133305
16.8175935102469,6949850.76564757,2661144.08285985
16.8252830839925,6950053.68492197,2655358.166598
16.8434489113488,6950534.45400024,2641682.77781838
16.9196829348122,6952884.89223517,2581321.5305123
16.9959169582756,6956133.01995012,2512338.2575323
17.0063621344991,6956245.4489079,2524517.75636406
17.0168073107225,6956188.06230833,2551404.62667225
17.0246017211413,6956141.03663262,2571393.05090941
17.0429531758255,6956028.85172487,2618461.99321827
17.0659113515615,6955889.71059079,2677347.44264436
17.0888695272975,6955750.44271124,2736232.71063178
17.1003529307321,6955699.57783699,2764032.34940179
17.1014309216626,6955779.03380717,2762125.11947339
17.102508912593,6955810.66272183,2759576.94743501
17.1038142656463,6955860.8370926,2756640.75495003
17.1063087291159,6955954.15620855,2750987.59063473
17.1136269666025,6956228.41904428,2734412.64648504
17.1472408811572,6957488.94864228,2658280.65675468
17.1829257610429,6958826.98236165,2577457.90560023
17.2006556938315,6959482.02730339,2539140.03409965
17.2038311058375,6959543.64141615,2540741.90697904
17.2070065178434,6959630.91352165,2542661.99989634
17.211627734467,6959755.42184005,2545407.46616985
17.2242713754798,6960091.77257015,2552924.80298068
17.2794827127313,6961562.33127264,2585751.95013034
17.3034135485781,6962257.33670527,2596041.20447943
17.3187010387889,6962813.56272487,2587219.58503028
17.3339885289996,6963383.33017238,2578346.33939816
17.3707683066738,6964751.86561789,2557000.40195527
17.3919409882777,6965540.23489368,2544712.89958949
17.4131136698815,6966039.37064934,2554394.24634415
17.432512571589,6966369.60421966,2576013.12911965
17.4519114732965,6966692.61965565,2597581.5394164
17.5026201629522,6967616.38352226,2646830.82201917
17.5069047078957,6967833.33598306,2640105.43434657
17.5111892528392,6968030.7430155,2633105.90528102
17.5179658305081,6968342.62824599,2622069.10448379
17.5376077147029,6969252.88408087,2590080.10329037
17.5716672516088,6970830.49891242,2534609.39402535
17.5935190925103,6971842.7199477,2499020.70044793
17.6153709334118,6972808.52245402,2489950.89216802
17.6372227743133,6973781.19295608,2492405.72808593
17.6543099494796,6974539.74833138,2494295.3114546
17.7062497184782,6976818.00685936,2500668.21970547
17.7893713820465,6980199.19151569,2518286.00827164
17.8724930456147,6983462.55719117,2527100.55899061
17.955614709183,6985912.29400359,2573118.57265051
17.9882727329452,6986724.24629711,2598750.62511654
18.0209307567074,6988003.00979776,2582691.64403257
18.0374642342706,6988774.56656538,2562491.51014075
18.0539977118337,6989544.29598649,2542341.47232715
18.0960572728031,6991504.46279565,2491080.13715259
18.1105020496252,6992163.79952732,2486213.76491019
18.1249468264474,6992836.24565584,2486361.21102109
18.1393916032696,6993506.87317972,2486483.00586762
18.1865588767949,6995695.70756221,2486882.3571138
18.2242549229061,6997138.12118464,2504247.8349924
18.2619509690173,6998413.03641024,2531214.1699961
18.2996470151285,6999689.79548922,2558163.90951539
18.312875118628,7000138.38194872,2558773.30302484
18.3261032221275,7000582.01145354,2559061.36848203
18.3530032185649,7001480.76241979,2559651.33473512
18.3840919716627,7002521.29793768,2560334.58154801
18.4027679932332,7003048.17015454,2564620.78956884
18.4150780577569,7003139.61269411,2582440.34764102
18.4273881222806,7003216.47714764,2600325.9280843
18.4556264166835,7003395.51768996,2641350.63747508
18.5771344233407,7006896.72138148,2559549.74110993
18.6044426160851,7007858.59039796,2523806.79102558
18.6113831490142,7007901.33391043,2536190.51731367
18.6183236819433,7007957.29104644,2548764.13145556
18.6307065541384,7008059.93060198,2571180.84452721
18.6718042598057,7008393.37511854,2645576.29705329
18.6895511418692,7008537.53224108,2677702.09887812
18.6976984993318,7008603.69299474,2692450.59790775
18.7058458567943,7008908.9456397,2685761.37463168
18.7139932142569,7009257.74189685,2669910.21120979
18.7221405717195,7009612.00578669,2654142.85776837
18.740868690119,7010428.28415491,2617892.03664964
18.7667595373561,7011555.10291589,2567775.31484818
18.7926503845932,7012682.08759025,2517658.84719898
18.8007621613716,7012996.24310819,2504955.88058535
18.8028136609139,7012978.04256123,2509068.90688063
18.8048651604562,7012990.17335827,2513568.39279605
18.8076161550412,7013000.81342608,2519526.81086185
18.8140054752786,7013023.66957183,2533381.71531046
18.8394946353115,7013116.35332089,2588651.75213104
18.8780483469245,7013256.19804793,2672250.31017811
18.8921218818954,7013307.26831843,2702766.91613507
18.8994635488544,7013333.90843629,2718686.35072461
18.9036742056715,7013482.29735878,2714866.39240037
18.9078848624887,7013608.41952035,2708611.15421831
18.9120955193059,7013740.39060444,2702417.84969461
18.9229746774043,7014081.11807104,2686403.78781251
18.9658441091098,7015421.27000651,2623298.84130059
18.9862768683481,7016060.1526135,2593221.46376605
18.996736444393,7016387.17897208,2577824.75705671
19.007196020438,7016490.80796677,2583215.81546009
19.017655596483,7016534.79927874,2598633.86774198
19.028115172528,7016574.48943494,2613982.19781476
19.0531366222644,7016667.31406539,2650702.70135744
19.0863090981434,7016791.77014874,2699386.60807911
19.1194815740225,7016835.88504128,2724394.12304858
19.1422288948354,7016808.90003959,2729907.68200982
19.1649762156483,7016784.45247004,2735457.57841712
19.1883184153858,7016760.44679032,2741153.44734066
19.2014373616171,7016832.06525254,2740846.65117897
19.2066310258851,7017038.95929952,2729194.84255173
19.2118246901532,7017252.95136415,2717372.03843664
19.2214287957296,7017646.39898299,2695530.32393734
19.2511675394548,7018871.26622769,2627902.6848334
19.2756781895441,7019880.42128153,2572163.47558327
19.3001888396335,7020881.35988653,2517085.78392574
19.3015806655582,7020877.10872263,2518458.86301284
19.3029724914829,7020909.39400384,2520329.12578322
19.3047284035181,7020940.45810309,2522576.6442692
19.3083514904481,7021005.54218085,2527244.21541527
19.3205451477112,7021224.99074997,2542946.56107618
19.3814505372876,7022319.97069941,2621377.16683726
19.4342234820146,7023705.67100156,2622680.93681136
19.4524291147507,7024251.9921996,2610484.45922187
19.4706347474868,7024801.45980206,2598338.75771796
19.5172363748701,7026394.97521544,2568131.12367345
19.5838546077528,7029126.79138501,2527123.09160265
19.5980420721866,7029711.92979915,2518392.37496746
19.60702791426,7029927.65078059,2524766.19900526
19.6160137563333,7030120.95064658,2534749.57183977
19.6249995984067,7030312.13848634,2544701.28797624
19.6533290979801,7030913.92165162,2576079.45112246
19.6916859282394,7031729.37649257,2618564.52264209
19.7149076973068,7032220.75365018,2628499.58580762
19.7381294663741,7032697.63928082,2629394.69269606
19.7613512354415,7033174.05257803,2630315.70334565
19.803795772646,7034082.92171842,2629893.31722824
19.8296434019384,7034860.56845041,2616498.18328236
19.8554910312308,7035636.2040331,2603062.84330626
19.8875505011122,7036596.86879188,2586398.05770238
19.9196099709936,7037353.14037788,2590534.61696678
19.9472222287202,7037908.04147979,2605696.117966
19.9748344864468,7038461.30149462,2620827.94491944
20.00245227745,7039043.76623764,2633135.80574109
20.0127334829842,7039371.4102779,2626856.32414151
20.0230146885184,7039693.3483988,2620487.10117993
20.0456386765886,7040399.01776463,2606476.38114105
20.0853104247706,7041638.86190322,2581910.25007715
20.1249821729527,7042760.4604606,2578792.59141623
20.1666011604332,7043881.50087693,2588962.17264401
20.2082201479138,7044828.15272293,2606106.50382755
20.2382675128687,7045017.38629393,2639198.62367039
20.2611383772746,7045162.35605188,2664408.92928817
20.2880145518895,7045333.51241346,2694034.77472229
20.2978901604833,7045396.2473413,2704920.58612868
20.3077657690772,7045710.51986601,2695077.62694385
20.3147587871394,7045957.58745934,2683781.98754168
20.3217518052015,7046208.14219441,2672536.17321464
20.3411465727361,7046904.2213902,2641340.47725504
20.3714801111452,7047991.68025129,2592549.16686876
20.4018136495544,7049056.55269869,2547717.93571805
20.4066542445583,7049162.93865247,2550427.53534787
20.4114948395622,7049285.16156519,2553347.57728506
20.4200071311738,7049501.58031933,2558456.21641367
20.4464440939005,7050166.8630979,2574320.97227807
20.4771359022669,7050939.77289203,2592739.63685442
20.4944941316067,7051376.85968865,2603156.54414986
20.5118523609466,7052088.730644,2591797.12372878
20.5292105902864,7052902.30736121,2569939.05226282
20.5465688196263,7053718.31092305,2548124.47628565
20.5935012690609,7055926.70560659,2489142.12151183
20.610309634006,7056471.5585157,2493062.87758654
20.6271179989511,7056923.49332196,2513366.74957959
20.6389988343883,7057234.44333177,2527666.48830274
20.6700369623748,7058044.78722994,2565026.59957004
20.6890292749652,7058541.21171653,2587887.76023015
20.6986919488928,7058793.73157974,2599518.72118951
20.7047387747853,7059092.31969275,2594541.45678873
20.7107856006778,7059397.12373233,2585727.61992196
20.7168324265703,7059705.71918663,2576965.59950167
20.7337161357143,7060568.25676733,2552492.55862997
20.7794058523584,7062900.45028724,2486264.00418001
20.796103826155,7063752.8567134,2462059.8923662
20.8128017999516,7064531.38135152,2459681.06116357
20.824765546299,7065090.29561627,2462958.87700837
20.8367292926464,7065646.9899054,2466204.95090935
20.8735155603016,7067357.40736483,2476188.59635752
20.9276370890994,7069974.15698721,2477648.30536695
20.9817586178972,7072675.68205038,2466284.28102283
21.0223493184335,7074347.84339891,2482687.67179235
21.0515282935989,7075356.9266041,2509329.64091898
21.0724986160326,7076080.8214699,2528450.56619452
21.1384253781614,7077763.51294944,2586928.41277921
21.1950157414253,7078840.12833141,2636110.31905587
21.2080003561775,7079294.50734303,2630182.06551398
21.2209849709297,7079832.32556015,2613007.89261657
21.2339695856819,7080378.94483894,2595898.55604459
21.2657932970088,7081721.24415353,2553963.30906358
21.2878977998205,7082652.7661515,2524834.71633047
21.3004331702762,7083170.5729959,2509123.19718878
21.3053725315229,7083317.15169846,2511911.71833808
21.3103118927697,7083474.30419342,2514900.70464495
21.3191430280581,7083757.22892577,2520219.12529489
21.3469925348249,7084642.17879217,2536990.14811695
21.486240068659,7087040.81418195,2680360.83162537
21.5195762176113,7087685.31419991,2679651.14873986
21.5322486714421,7088008.92334589,2667397.98682214
21.5449211252729,7088336.80326605,2655214.72328145
21.5747280023199,7089111.02547312,2626556.35372008
21.7041946916461,7093422.97119004,2549387.92796037
21.7083950217363,7093428.49826193,2556435.4764574
21.7125953518264,7093450.57772608,2563729.62013694
21.7194652422902,7093488.35581775,2575626.93831996
21.740012278894,7093593.61714919,2611210.32192389
21.7640917371534,7093717.68275859,2652911.86426819
21.7881711954128,7093841.6357865,2694613.26342309
21.7992741583755,7093898.7933972,2713841.6535488
21.8025774048424,7094086.67860081,2708095.94231107
21.8058806513093,7094265.12372837,2698307.72901618
21.8091838977762,7094451.38888269,2688622.56168362
21.8162050137773,7094847.0230633,2668015.41236001
21.8411025010854,7096246.40031744,2594940.83219545
21.8772115678092,7098276.49128396,2488960.67440552
21.8901095178495,7099001.59545849,2451105.13700208
21.8977187208289,7099429.37641825,2428772.09708043
21.9053279238084,7099693.50973316,2429018.76967153
21.9129371267878,7099951.3168041,2439795.53619397
21.9205463297673,7100202.26841134,2450469.95899725
21.9370581132943,7100744.30677477,2473643.58959687
22.002087808681,7102847.97372822,2564284.59598902
22.1058621750945,7104349.09459103,2665233.85365456
22.1119305789152,7104571.02566117,2658346.92829004
22.1179989827358,7104778.4100585,2651247.43495595
22.1285896182127,7105136.31899029,2638876.33837653
22.1612561597939,7106249.4776701,2600723.41413291
22.1857917681626,7107085.14830671,2572066.48269355
22.1984435173241,7107516.09923721,2557289.62579262
22.2062738335046,7107679.12527869,2560163.14326699
22.2141041496851,7107840.40699607,2566339.66767143
22.2219344658657,7107999.16022832,2572481.78408302
22.2462296142652,7108490.57309506,2591543.29091482
22.3643401705386,7110384.28807075,2661388.81268102
22.4493909172219,7110123.39042098,2744808.03780969
22.5039165101923,7109513.48422952,2806830.05282752
22.5069415549867,7109610.21465623,2800924.04546886
22.5099665997811,7109682.46886765,2794686.81608102
22.5143239391504,7109786.84803454,2785751.56278341
22.5255586279343,7110063.12235029,2762711.84160087
22.57193595755,7111200.69854317,2667599.37935157
22.5883675121345,7111603.85731288,2633901.06990669
22.5975672850076,7111829.5574156,2615033.87445831
22.6067670578808,7111881.92422643,2617530.21166663
22.6140634717443,7111910.22836061,2626089.28322587
22.6213598856077,7111933.77891558,2634579.23485153
22.6395668639226,7111990.53351295,2655771.6425437
22.6755288727808,7112104.92734355,2697632.1074746
22.6940911378519,7112163.86143737,2719238.76685377
22.7126534029231,7112362.71860609,2719685.88463427
22.7312156679942,7112600.89022113,2709902.66093297
22.7497779330653,7112841.39189619,2700158.52178761
22.8016474411085,7113509.06164491,2674121.00339692
22.8190930904192,7113665.05491,2677589.69531815
22.8365387397299,7113825.26239364,2681126.54368232
22.8772725499887,7114202.99062182,2689385.06749296
22.9993990583046,7114823.84031347,2721062.57845939
23.0354935410052,7114618.74081079,2739620.04718671
23.0715880237059,7114407.78123698,2758349.71201512
23.0877930231051,7114314.46854663,2766759.6992585
23.0968720385315,7114261.62949274,2771470.95865759
23.1059510539578,7114590.08513974,2753798.24400002
23.1176597518719,7115203.94092402,2714783.13359605
23.1261303510152,7115651.773336,2686628.86510975
23.1462998326039,7116721.04944326,2619585.57355516
23.1662297374585,7117776.16908885,2553337.47262894
23.1861596423131,7118831.46550646,2487089.58438983
23.1942318147521,7119258.89148375,2460257.32733059
23.1987996405489,7119500.75900592,2445073.67184556
23.2033674663456,7119487.14754834,2451490.56705495
23.2069160287387,7119476.92459129,2463451.42256011
23.2104645911318,7119455.26137904,2475255.18595728
23.2171142951596,7119414.56867632,2497402.80822107
23.2394085371249,7119283.21564602,2571654.10859411
23.2659408300929,7119126.30785891,2660019.84674887
23.2924731230608,7118969.49460071,2748385.68849767
23.3001878269814,7118933.66711478,2773131.40380172
23.301016233243,7119003.00797756,2772119.7065848
23.3018446395046,7119019.37846076,2770383.3950526
23.3028813919672,7119051.38473016,2768389.86565148
23.304885680117,7119111.13899171,2764483.15360661
23.3105858526618,7119281.31358957,2753386.11454653
23.336458744719,7120054.93532749,2703015.58287093
23.3754583746421,7121220.69854394,2627088.91113317
23.3905145745527,7121670.78149173,2597776.69536389
23.3985401835547,7121910.69364264,2582152.00755795
23.4040122685389,7121953.78460092,2584017.22630329
23.4094843535232,7121997.27600554,2591039.78896532
23.4149564385074,7122035.69823515,2597990.14283643
23.4289203948281,7122132.40195057,2615737.61236462
23.4836577977391,7122515.61650823,2685308.0425123
23.5268959239529,7122543.17764189,2721306.09429934
23.5701340501667,7122378.46392313,2745611.37070318
23.6037596905198,7122295.15474847,2760482.26555455
23.6162973374443,7122379.47808931,2753967.43279892
23.6288349843688,7122459.4072101,2747380.24801002
23.6580910111403,7122642.40283995,2732010.56866125
23.7804179573279,7124118.70241998,2671823.56438817
23.8029338241735,7124328.00629199,2668657.37690592
23.8098554005446,7124135.95223502,2683233.6490453
23.8167769769158,7123953.95702534,2697976.01867074
23.8297505884065,7123617.20711693,2725595.9738765
23.8724237934131,7122500.85687629,2816437.77575757
23.8886192681562,7122077.38140897,2850914.70199686
23.8968238156934,7121862.81910183,2868380.48917695
23.9050283632306,7121907.22976389,2864331.21825419
23.914959950388,7122072.84264846,2841742.90969397
23.9220822767774,7122196.67757847,2825632.79029152
23.9381348853835,7122479.09485215,2789316.97766189
24.0003641934401,7123557.31258145,2649849.57881025
24.00150867358,7123513.88369441,2650994.43235331
24.0026531537199,7123511.47896031,2652664.23104849
24.0041362826993,7123498.2236563,2654700.01459774
24.0071597409765,7123472.34943891,2658885.4851744
24.0167976068505,7123390.35693589,2672219.63550458
24.0631217604798,7122994.80100317,2736309.56350134
24.0936481606656,7122734.27562797,2778543.32887008
24.1147963827,7122416.3810949,2794859.20347434
24.1359446047345,7122023.46584605,2805443.01446934
24.157092826769,7121631.98974785,2816045.82064146
24.1816984228246,7121177.29282899,2828382.66622168
24.1952857141935,7120925.97359966,2835194.8150959
24.2088730055623,7121045.15763159,2819503.46628869
24.2265928099002,7121410.41439463,2782730.48576738
24.2392541155375,7121673.7000907,2756501.12078011
24.2730815987098,7122379.91651086,2686423.58944058
24.2892394933665,7122716.68126689,2652950.04789128
24.297522076115,7122889.36255532,2635791.5018352
24.3058046588634,7122839.93188971,2640213.74142511
24.3140872416119,7122749.87833051,2654603.83638272
24.3223698243603,7122654.26240228,2668905.63355214
24.3412924555615,7122432.81020885,2701586.46583464
24.3721283122622,7122074.5134118,2754844.5228858
24.4029641689629,7121762.87694469,2800955.32454323
24.409473050989,7121791.07852978,2796503.11372827
24.4159819330151,7121805.93335366,2791862.78604508
24.4278309226753,7121828.46020527,2783429.19511964
24.4647858527219,7121908.05750721,2757134.79059346
24.4919089760572,7121966.07142602,2737835.26483526
24.5190320993924,7121856.12383336,2740146.00265604
24.5461552227277,7121691.3288651,2751869.93292147
24.5732783460629,7121525.19112684,2763569.7700115
24.6607459698884,7121216.97481495,2763586.82412064
24.7057168005568,7121135.03179458,2754544.05947353
24.7506876312252,7121256.7119763,2742383.3255074
24.805875883984,7121403.77490771,2729103.78934561
24.8610641367427,7121539.08216666,2729748.1831894
24.9012956076644,7121615.47645706,2731370.37457235
24.915472597992,7121397.38542603,2744037.06488818
24.9296495883197,7121183.39195509,2756787.60336517
24.9611244350934,7120712.57547211,2785095.32112437
24.9872668334941,7120320.01536085,2808605.4186066
25.004697660983,7120128.53712092,2817139.67248165
25.0221284884719,7120090.51972765,2805796.37076089
25.0395593159608,7120051.39088488,2794437.81805506
25.1040880753568,7119992.71872302,2750934.42719091
25.134097397941,7120482.62189112,2720617.05941458
25.1641067205252,7120982.19005205,2690278.55937312
25.2570352628985,7123192.31339089,2616205.91453638
25.3429057048178,7126125.42901094,2558671.71686034
25.38079694819,7127640.58108775,2532957.05294803
25.4045296176381,7128548.61008419,2521817.90265359
25.4282622870862,7129318.67874703,2532076.36424405
25.4459996025259,7129896.06301847,2539774.18904471
25.4995853971294,7131642.48439528,2563029.68045229
25.5059893937264,7131988.73340968,2555846.45268356
25.5123933903235,7132331.91294485,2547754.65233858
25.5226238925857,7132873.24150167,2534852.03410626
25.5535185025548,7134520.59188632,2495892.21640241
25.5834735779833,7136117.22438765,2458116.59590335
25.6002714258528,7137008.67964047,2437327.60419358
25.6066033525167,7137313.00578847,2438597.31375384
25.6129352791806,7137626.94613706,2440028.90567705
25.625122870857,7138234.46477557,2442766.55183323
25.6675390248496,7140340.72055546,2452292.85950118
25.7600727718501,7145064.66248511,2451119.61029425
25.8526065188505,7149977.13764917,2438396.71055882
25.9244160627694,7153779.05685113,2436112.32547193
25.97560460818,7156399.45336733,2444738.41175007
26.0267931535906,7159201.73559204,2437465.21632809
26.0655329301191,7161438.55084606,2420870.3814517
26.096515582971,7163228.28376758,2407614.74063222
26.1331890830442,7165406.9433341,2401813.34740605
26.1698625831175,7167591.28380338,2397087.45864887
26.2313305402927,7171356.0029241,2387152.19349744
26.3190324608875,7176812.94753095,2374678.349009
26.4067343814822,7182248.34017343,2376593.10491968
26.4508562776515,7185126.0758119,2365935.17491456
26.4949781738208,7188002.81869314,2355256.03035911
26.5247697594366,7189846.18736559,2360145.85483038
26.5545613450524,7191667.49308692,2367561.59371992
26.5930054059974,7194035.65539347,2377126.32133621
26.6206723472034,7195861.55196513,2370482.354593
26.6483392884095,7197722.43524953,2359144.25646962
26.6760062296156,7199583.96467008,2347818.34738913
26.728099366371,7202907.15635233,2349529.38134785
26.7623311113334,7205000.20722426,2363742.61973684
26.7965628562958,7207091.82280055,2377928.53138851
26.8151454935684,7208375.68068855,2369872.55752828
26.8337281308411,7209681.8306093,2358076.48757887
26.8523107681137,7210989.31071773,2346295.60057578
26.8856781999166,7213337.48860066,2325141.57727221
26.9075873002838,7214775.59485453,2318194.78164594
26.929496400651,7216179.21222384,2331965.62568724
26.9514055010182,7217504.00722541,2345745.64683771
26.9870163621042,7219687.1913508,2368149.3960467
27.0226272231902,7221989.28928297,2368608.50484118
27.0560957869385,7224205.30556388,2356996.14272573
27.0895643506867,7226421.18240205,2345409.03258123
27.1469260951823,7230232.20203307,2340363.66662698
27.204287839678,7234048.94201347,2338687.99714542
27.2616495841736,7237804.98457754,2342415.0241101
27.3190113286693,7241624.16287899,2340601.37446848
27.3643291952917,7244742.91075673,2330239.37178597
27.424662691583,7248935.43802746,2317310.46891647
27.4818814679076,7253003.70395937,2306330.76673347
27.5391002442323,7256757.66967027,2324575.71975467
27.5963190205569,7260370.30046657,2356515.93299151
27.6175970576794,7261818.75840953,2351669.35840002
27.6388750948018,7263278.15234589,2343179.6812076
27.6601531319243,7264738.30655567,2334702.81009358
27.7461626237811,7270611.47634734,2320104.11080531
27.8101776982421,7275024.41358496,2317104.08500238
27.8589207411502,7278648.79525554,2295117.42514221
27.9076637840583,7282211.99153315,2279809.50308958
27.9308933221566,7283790.05466384,2289738.51394503
27.954122860255,7285370.42156049,2299710.13153683
27.9966724100975,7288267.78632602,2317974.49354381
28.0225715480884,7290059.21817588,2317477.38927827
28.0484706860793,7291855.915734,2315197.17569021
28.0855083619709,7294409.37960993,2311942.13871252
28.2395083813091,7305277.34719532,2296270.61519402
28.3089893114403,7310228.53950244,2291166.67503609
28.3541340180713,7313309.00957817,2302151.20767286
28.3992787247023,7316390.39095739,2313156.03758893
28.4083182722827,7317141.65245328,2304076.87300492
28.4173578198632,7317895.76565934,2293840.28875335
28.4312630287393,7319044.00034317,2278113.73884488
28.4787423070655,7322984.66858863,2224415.76381514
28.4992143993671,7324683.46043519,2201262.11064466
28.5047432325861,7325025.57822409,2207056.74523772
28.5102720658051,7325370.51228514,2215237.83248054
28.5174698845863,7325834.12610807,2225833.67003264
28.5373428163614,7327089.02193294,2255096.88587051
28.5717106566293,7329261.40086266,2305704.8253265
28.5934411192013,7330634.82268326,2337703.68859983
28.6151715817733,7332089.00626924,2342834.61503073
28.6369020443453,7333549.92978245,2335994.99486842
28.653929205513,7334696.41746553,2330666.66101999
28.7054726262665,7338201.86868957,2314072.97267149
28.7980756145974,7344916.64086041,2277207.20403873
28.823243696954,7346706.26729994,2278449.36740527
28.8484117793106,7348493.22916962,2280683.77618362
28.8906965628099,7351507.12024933,2284433.28440248
28.9537683308918,7356073.75542739,2278800.35333708
29.0168400989737,7360691.31463298,2269855.95334705
29.0799118670556,7365405.90072352,2258623.14241789
29.2268007804666,7376256.01903206,2263413.84550107
29.2860783749061,7380363.36617463,2287990.84620384
29.3236269299602,7383059.99415721,2286915.48473186
29.3611754850143,7385797.55053473,2275864.8519106
29.3987240400684,7388536.81664904,2264832.79773576
29.4402635450113,7391590.03121806,2262020.10994883
29.4818030499541,7394643.72566317,2259530.34242398
29.5779492615271,7401847.63327807,2246716.42318797
29.6396131841398,7406377.17707724,2251804.11065705
29.7012771067525,7410829.56083278,2264644.46783785
29.7378943867983,7413524.15546308,2260635.83146552
29.7745116668441,7416217.19642423,2256596.4930587
29.8829880543545,7424318.27642606,2241737.35255322
29.9269364210173,7427995.42031835,2209242.58714588
29.9575768536684,7430702.73995042,2174920.28486567
29.9882172863196,7433411.19045597,2140625.08303584
30.0237772541394,7436519.42725586,2128804.70008095
30.0593372219592,7439628.97933751,2131099.99570946
30.0855888391756,7441923.5177047,2132774.02459657
30.1224284333703,7444811.05664621,2159644.86631314
30.1592680275651,7447504.8766895,2202536.19808984
30.1854135288406,7449415.89381447,2232955.28579027
30.2179537264493,7451895.04942704,2242899.73557319
30.2384489029858,7453486.16871486,2234589.06463812
30.2589440795222,7455080.03671093,2226329.61586496
30.2954578077362,7457923.39172078,2211613.76889255
30.3178020455739,7459584.8167011,2215151.96035291
30.3401462834115,7461235.43165928,2222005.28165686
30.3624905212491,7462885.49573912,2228847.90201945
30.4575858843947,7469586.08682447,2264441.12912532
30.5135452714737,7473423.45459109,2281756.82363806
30.5695046585528,7477264.73061771,2279732.22008729
30.6254640456319,7481078.53566751,2280261.15567499
30.681423432711,7484862.77347704,2283892.47047697
30.7497833831722,7489740.98872869,2264244.13219756
30.802070595434,7493526.46799127,2244115.3969924
30.8128500973257,7494236.97882426,2249163.96843363
30.8236295992175,7494952.37202017,2254297.48201089
30.8479950413199,7496575.42257948,2265894.63608325
30.9106543941574,7500810.80153011,2289842.31224555
30.9509025037329,7503465.88917943,2286690.15349872
30.9911506133084,7506176.50652149,2283517.54523035
31.024085840153,7508253.79483034,2292994.39668724
31.0570210669976,7510287.37255475,2306999.59663608
31.0899562938422,7512320.59838735,2320995.41420666
31.1194008326384,7514234.85005068,2318096.29517081
31.1488453714346,7516186.29336097,2307046.28625082
31.1782899102308,7518138.59214611,2296015.47726955
31.2395063874976,7522174.42049598,2289410.93870751
31.3007228647645,7526188.27172346,2291692.86256672
31.3402344048089,7528880.05606984,2283527.03618381
31.3797459448532,7531570.8833052,2275337.37299448
31.4313671482149,7534874.43077985,2286587.12208639
31.4672319144557,7537070.49003847,2306104.81800135
31.5030966806965,7539278.21844307,2323003.3804634
31.5170930843173,7540190.97940618,2318824.24921558
31.5310894879382,7541100.20332172,2314581.37226095
31.56508158177,7543302.52017075,2304279.76929233
31.6450945891308,7548422.2517162,2298150.80808823
31.7251075964916,7553502.27430617,2302977.45945412
31.8051206038524,7558617.22928898,2298597.25855305
31.8286896785289,7560275.0906981,2285415.04430954
31.8522587532054,7561931.11602274,2272187.88715596
31.8821513045696,7564028.08942351,2255411.85529234
31.8974513853484,7565102.25069292,2246825.51516902
31.9075003545891,7565682.31346428,2253773.7109443
31.9175493238297,7566243.29863954,2265307.59908411
31.9275982930703,7566802.36592663,2276807.29488856
31.9584041548921,7568513.00161822,2312064.07042582
31.9859745301967,7570045.09683989,2343618.25452562
32.0015221964693,7570922.48539957,2360570.62832311
32.0075147725792,7571297.57227829,2357698.3862721
32.0135073486891,7571669.92286633,2354657.28381244
32.0249231431115,7572371.08236897,2348883.27310692
32.0637354887715,7574770.01034617,2329254.04957381
32.1083637143489,7577481.14465304,2310791.47135424
32.1529919399264,7580336.78288608,2310323.99756179
32.1880261026206,7582439.94473711,2309956.83929065
32.2364792127587,7585650.53736818,2292757.08985614
32.2849323228968,7588925.84109592,2269990.18366616
32.3333854330349,7591951.7695632,2280239.72461949
32.3634566508604,7593735.43950927,2301282.10714994
32.3935278686858,7595517.67368051,2322290.15055128
32.4218816500445,7597144.59335959,2331034.66760417
32.4502354314032,7598749.95498104,2336421.13135798
32.478589212762,7600355.71948734,2341815.61027029
32.5446110276272,7604207.29448665,2336948.85902523
32.6106328424925,7608116.62649792,2324474.9913111
32.6766546573578,7612069.18516207,2319524.71420165
32.7426764722231,7615952.63394296,2322902.87971589
32.8741875267325,7623741.95493066,2318090.72820623
32.9406905924961,7627705.56779585,2315171.58564113
33.0071936582597,7631621.93322305,2319810.58646271
33.0490010977369,7633889.74296629,2336552.73879198
33.0908085372141,7636158.11589452,2353316.99298473
33.116181838153,7636559.57768904,2422772.23054389
33.1256613921733,7636511.95946935,2461673.03461788
33.1351409461937,7636469.96880624,2500473.74202198
33.1554917306426,7636371.27735771,2583776.9177667
33.1772463306628,7636269.72687723,2672828.4140635
33.199000930683,7636167.71573104,2761879.18356557
33.2033473797009,7636223.64802217,2764719.04829436
33.2076938287187,7636232.3256039,2762279.1619159
33.2120402777366,7636248.69499893,2759937.43670099
33.2218119117051,7636289.68137421,2754657.82584823
33.2557813675049,7636422.78250261,2736299.55712638
33.2984935715517,7636591.24758762,2713217.77259001
33.3240779613867,7636715.68040754,2710558.21371165
33.3496623512217,7636840.79427183,2708648.70938039
33.3957001644888,7637081.60515645,2705217.73103849
33.4119503453957,7637465.42224178,2685751.60633529
33.4282005263025,7637937.71624551,2659434.84759755
33.4444507072094,7638411.1254661,2633147.47641407
33.4940738092616,7639861.11873855,2552874.89544742
33.5095741708811,7640082.44963725,2556408.8897492
33.5202552676291,7640177.266248,2571566.28229971
33.5309363643771,7640267.72403546,2586638.3481142
33.5548977716305,7640462.70053308,2620452.73001618
33.5919059849248,7640768.82980565,2672681.71776033
33.599724683425,7640833.37898064,2683715.92607519
33.6045061505268,7640975.57902019,2679135.81870752
33.6092876176286,7641093.69074699,2673523.29417232
33.6161993584422,7641270.86244021,2665456.06311135
33.635486019298,7641766.90505879,2642941.19757031
33.6867091319768,7643079.96940847,2583140.62715835
33.7379322446557,7644675.22282738,2546970.40606667
33.7759114307812,7645939.40844312,2526376.40032714
33.7943448298078,7646552.79552149,2516376.28728919
33.8127782288345,7647553.41550257,2484621.14394648
33.8312116278611,7648702.04750983,2442893.28358564
33.8496450268878,7649851.98953376,2401203.22189166
33.9014579644818,7653035.20615014,2291092.35002946
33.9025414876924,7653021.51225282,2293393.56608814
33.9036250109029,7653060.51978395,2296343.71551629
33.9049438978655,7653097.61506358,2299780.67254698
33.9075313225907,7653169.72545332,2306569.51116908
33.9153155834555,7653388.27025383,2326982.52934388
33.9516901706238,7654406.32364175,2422370.0168356
33.9881740973261,7655427.91180614,2518044.52951597
33.9966131511839,7655664.18572072,2540174.85954661
34.0050522050417,7656106.48235834,2537854.0797145
34.0134912588995,7656592.14439549,2517930.66212689
34.0195960340136,7656949.18505333,2503624.60254021
34.0327676309632,7657727.30151618,2472746.88439557
34.0818725910065,7660614.65769813,2357628.04797992
34.0967501824086,7661489.7698021,2322750.09281049
34.1045269608408,7661759.29596111,2325179.94738781
34.112303739273,7661984.71902999,2343622.8605432
34.1181685279053,7662148.96409733,2357422.66188997
34.1308793842316,7662497.58466839,2387345.06657661
34.1788499189297,7663826.52791947,2500273.34603819
34.1943995007446,7664256.97750261,2536878.66112372
34.2099490825595,7664693.2022217,2551331.15904312
34.2282921597251,7665174.43286063,2553084.46654616
34.2466352368906,7665653.75578695,2554893.71549854
34.2916133815112,7666836.44577918,2559332.04597691
34.3128087271351,7667653.02628682,2542203.43033606
34.3340040727591,7668613.3779752,2512122.23370405
34.3502847136319,7669352.19190936,2489048.44361262
34.3980651809759,7671525.40449482,2421332.90590477
34.4046847864045,7671640.42195384,2428894.57284894
34.4113043918331,7671734.91163661,2444180.40058649
34.4179239972617,7671824.42765698,2459380.24176608
34.4335015207148,7672028.97694646,2495158.78834497
34.4940385735085,7672834.6179746,2634204.12684781
34.5140926308096,7673240.35080933,2640746.63417869
34.5279737188193,7673528.19782108,2633299.28494205
34.5418548068291,7673819.16719453,2625912.78383615
34.5755838938758,7674533.46959509,2607965.39058941
34.5936466198346,7674914.38760049,2598352.85092048
34.6117093457934,7675043.21956801,2610302.13758053
34.6296375146924,7675065.94234327,2634182.97676723
34.6475656835915,7675086.89041453,2658017.86416765
34.6947068748968,7675135.55803556,2720688.00692219
34.708969512486,7675428.07742294,2711908.7506157
34.7232321500753,7675814.32744232,2686027.9899218
34.7333213557543,7676093.88113078,2667780.96674474
34.7581680485848,7676789.32754038,2622844.34681795
34.8694727810137,7680282.39086696,2517472.60347927
34.8907911918672,7681004.74077204,2508447.60840954
34.9121096027207,7681650.57118103,2509034.51201897
34.9334280135742,7682257.69545645,2517172.61462202
34.9547464244276,7682863.82871886,2525286.40990227
34.9920325978858,7683921.34301916,2539476.6021922
35.0293187713439,7685124.56846899,2532486.16426974
35.0554309008443,7685987.9735861,2523474.22098109
35.0815430303447,7686851.67292077,2514472.11930805
35.1252555854908,7688055.08701466,2524590.29111708
35.1545964200001,7688757.29769543,2543922.28596887
35.1839372545094,7689458.46801468,2563224.84330801
35.2711392288302,7690688.35709257,2631860.96091838
35.3583412031511,7690590.2359334,2728739.83418347
35.4654767158096,7691586.9090654,2665226.05650399
35.4766945056062,7691798.81349085,2645210.66262907
35.4879122954028,7692015.36671967,2625285.28000117
35.5010438018516,7692247.33792724,2605119.9426151
35.5054152021406,7692223.09536125,2610688.10449776
35.5097866024296,7692218.37573517,2616531.01043937
35.516784642978,7692221.33801776,2625853.28682339
35.5366703428045,7692209.57615643,2652338.25534459
35.5673305694369,7692193.96672533,2693176.06467114
35.5979907960692,7692177.98704661,2734013.47467397
35.6054062246948,7692301.92625903,2730196.96555072
35.6128216533204,7692434.30213418,2720803.34909211
35.6202370819459,7692569.94160684,2711465.34262892
35.6400245613309,7692937.05380354,2686543.31530093
35.6741462221671,7693566.28876719,2643565.05834191
35.6937925576685,7693928.86995817,2618819.72280317
35.7134388931699,7694180.94551573,2617061.05949178
35.7330852286713,7694411.07913964,2626273.50046525
35.7527315641727,7694639.5569278,2635447.92408686
35.8071178512599,7695123.78139833,2666535.3936807
35.832093615405,7694917.8375558,2698260.06420836
35.8570693795501,7694712.68685858,2730027.32550913
35.8824336962552,7694508.31375814,2762291.48242102
35.8964776512664,7694393.98573855,2780154.93956348
35.9105216062776,7694429.76169258,2776610.4165292
35.9211997458118,7694471.4455423,2768175.83579047
35.931877885346,7694515.20140809,2759779.96930456
35.9625418991639,7694645.78872393,2735669.61785502
36.100996813219,7696507.8934951,2621387.20617147
36.1130391949054,7696681.52812946,2622730.51776939
36.1250815765919,7696860.58016337,2624175.05370498
36.1501981444433,7697244.35853145,2627187.55355888
36.2044458800542,7698018.14449722,2636145.72072325
36.2252887062711,7698119.05099032,2650197.92594468
36.2461315324881,7698221.12795904,2664289.86491329
36.3027513532807,7698560.13378068,2697147.87887552
36.3085073399781,7698714.17731793,2689796.48175458
36.3142633266755,7698856.50200806,2682254.53788319
36.3248175347844,7699106.22529852,2668442.09062612
36.3570154082032,7699886.45455033,2626312.87430765
36.3930901129974,7700759.13619287,2579109.238979
36.4138841700639,7701274.95579972,2568051.83233394
36.4346782271304,7701818.85004939,2565281.6519128
36.4554722841969,7702361.43255577,2562484.28983086
36.4904825653516,7703271.96248614,2557773.23271934
36.5254928465063,7703913.67253211,2574648.18605034
36.5533116661577,7704352.86557168,2594587.89010353
36.581130485809,7704791.66390488,2614512.52403998
36.634822518046,7705536.68889041,2635233.31331402
36.6885145502829,7706218.04314571,2646232.4393931
36.721472961412,7706810.26022121,2637215.77061287
36.7544313725411,7707483.01700052,2619600.16189408
36.7873897836703,7708156.24805758,2602001.55952381
36.8416158767098,7709270.84952744,2594401.69991063
36.8958419697494,7710393.35481154,2593357.28218087
36.9083318871677,7710403.54429811,2608382.77168297
36.9208218045861,7710318.06450361,2631421.65986235
36.9333117220044,7710230.8356598,2654415.76027106
36.9673863336926,7709987.1051845,2717147.49749722
36.9871885331327,7709846.75957794,2753604.71418567
36.9971646542044,7709775.91641383,2771971.16758584
37.0071407752762,7709869.18576474,2768866.48989441
37.017116896348,7709979.67609832,2756646.48005497
37.0270930174197,7710093.65342813,2744491.87650004
37.0514453227179,7710379.03040052,2714820.75604736
37.1045209629701,7711026.67610029,2653314.05399624
37.1227362212961,7711369.30572191,2643908.86986814
37.1409514796222,7711714.95474318,2634554.0361702
37.1870714744176,7712597.31778164,2610871.12879787
37.1966994874578,7712780.81516202,2605926.29019863
37.206327500498,7712633.99780985,2622794.43884648
37.2185615514915,7712297.09573121,2659628.59311028
37.2276051501485,7712045.45621758,2686792.78541614
37.2495719146409,7711426.8341863,2752775.2005009
37.2725426598296,7710783.02715454,2821775.27463119
37.2955134050183,7710138.8359895,2890774.81467263
37.3003139087849,7710031.97756496,2903268.8472532
37.3009903473079,7710100.19933036,2901489.58455174
37.3016667858309,7710112.22545404,2898939.04818741
37.3025764775178,7710136.9209542,2895707.45714298
37.3044207791415,7710187.40395112,2889099.1624893
37.3097400902487,7710331.73428177,2870053.55264846
37.3338134953251,7710988.01689352,2783858.97246289
37.3646163846811,7711826.98313615,2673568.79442132
37.3954192740372,7712666.1227121,2563278.8112773
37.4066323948234,7712883.95865698,2549417.08911017
37.4178455156096,7713125.46190108,2554717.37884632
37.4256972177426,7713290.07863602,2558344.96082081
37.4436632221073,7713658.50309445,2566649.89944066
37.4790443915417,7714390.81636956,2583008.0773788
37.4971123224234,7714764.48782991,2591361.34045163
37.5088536782343,7715144.58886554,2583915.22647457
37.5205950340452,7715548.98800124,2572007.69950663
37.5323363898562,7715954.73906616,2560127.74954077
37.5704835228562,7717276.91143021,2521529.5473005
37.5913195796427,7717998.26095326,2500446.48910683
37.6121556364291,7718536.73550563,2503114.63601681
37.6329916932155,7718984.38517942,2523247.36266593
37.6476911794837,7719298.58986041,2537410.23750146
37.6882138178123,7720158.55190782,2576451.2256278
37.7213265716142,7721460.41902198,2545554.05829328
37.7336135121793,7722042.94309064,2520915.96253891
37.7459004527444,7722629.1347709,2496355.93870636
37.7741903321091,7723987.42777266,2439806.56316667
37.7895150503406,7724721.16976854,2409172.3597166
37.7975899668341,7725108.01783785,2393030.86666833
37.8056648833276,7725297.77892284,2399435.11441365
37.813739799821,7725467.61643382,2416235.75465679
37.8218147163145,7725632.26707405,2432942.66058297
37.840064130039,7725996.43618246,2470708.02438141
37.8710108500294,7726619.91372554,2534751.48370763
37.9019575700197,7727270.74797749,2593172.50253424
37.9059904318346,7727421.10463411,2590058.83221523
37.9100232936494,7727550.87378551,2586667.68644054
37.9164670841116,7727748.45846047,2581284.36702992
37.9349766893136,7728336.17216128,2565824.48339935
37.9823765056474,7729836.93972195,2526230.43827034
38.0297763219811,7731303.35189903,2512832.13765178
38.0662970894577,7732438.82685551,2514619.31156383
38.1028178569343,7733507.36411125,2520356.67241616
38.1133601370798,7733605.14584291,2535765.13047708
38.1239024172253,7733707.94862203,2551286.3147481
38.1456701511248,7733931.21480116,2583331.38806728
38.1738459456783,7734214.16108767,2624806.73690125
38.2020217402318,7734532.65811514,2661282.91554069
38.2067642861264,7734668.58282686,2656596.55934853
38.2115068320209,7734788.98528124,2651685.54305158
38.2198113443226,7734989.07576207,2643110.89337257
38.2444026112439,7735601.00930882,2617726.63865118
38.2939886144801,7736831.86933826,2566538.28226959
38.3160454471231,7737288.04336195,2565643.38177186
38.3381022797661,7737731.16988626,2573199.40075509
38.3601591124091,7738173.26438931,2580729.76146706
38.3880781645381,7738730.24674764,2590260.29395079
38.4159972166672,7738810.50830795,2625007.56066944
38.4349459074745,7738643.83912025,2661643.69259908
38.4538945982818,7738475.74800505,2698231.92080059
38.5036179230635,7738040.52330072,2786789.73226066
38.5093888068443,7738017.26609118,2786131.3380981
38.5151596906251,7737981.62695571,2785294.49062039
38.5260758882567,7737902.84306016,2783725.59426277
38.5593632057353,7737681.02295361,2778952.35881907
38.5944788008748,7737445.5259526,2773914.90030307
38.6173720382269,7737529.27178109,2758137.00413403
38.6402652755791,7737679.6278425,2738262.57662378
38.6631585129312,7737830.24441051,2718399.66178644
38.7552315889274,7738246.49658988,2698236.04056058
38.7846012823044,7738347.33247057,2704619.04597321
38.8139709756813,7738181.83216956,2724086.80536102
38.83460326495,7737877.31563286,2748151.33425579
38.8552355542186,7737571.79932164,2772180.57867368
38.8912003396509,7737035.07284924,2814064.00832993
38.9271651250831,7736373.29223819,2832786.46880178
38.9534248369305,7735849.75008121,2840866.4430859
38.9796845487779,7735326.68652813,2848958.97304377
39.0786069560869,7733140.72513129,2868634.30400036
39.0984699400965,7732693.55528823,2872020.99042929
39.109308239575,7732670.42758352,2859144.91211571
39.1201465390535,7732670.6868987,2843619.53102312
39.1337652632404,7732672.20003736,2824134.9072328
39.1788582041635,7732681.29637394,2759620.37581219
39.2035212049997,7732687.87843247,2728780.74020493
39.2190047420682,7732719.83398441,2726394.25443457
39.2344882791367,7732755.42204878,2724075.09698417
39.2708657594302,7732848.02338822,2718629.86876001
39.2948306234649,7732906.7132728,2715040.59966985
39.3187954874996,7732652.76287645,2733454.15570111
39.3356829201752,7732423.58105784,2750835.35124495
39.3525703528509,7732193.84595463,2768199.43340072
39.3815418252155,7731797.62335311,2797987.56520668
39.3965108111151,7731593.39189724,2813378.9488842
39.4114797970148,7731573.5512794,2806662.79066054
39.4224224887831,7731579.41245636,2796586.22062148
39.4333651805515,7731586.99307883,2786543.38973585
39.4663953681346,7731614.6865463,2756229.60149589
39.4901622922216,7731633.27568065,2734415.997779
39.5139292163087,7731389.96378349,2740391.0473029
39.5298334699416,7731131.77678907,2757886.27863403
39.5457377235745,7730871.12843746,2775322.25470657
39.5849712425192,7730219.9648356,2818330.60133951
39.6024173584339,7730020.25717964,2829969.62831929
39.608314454456,7730125.41425129,2817981.75222735
39.6142115504781,7730218.68685136,2805800.98423292
39.6250479505598,7730377.58027651,2783431.75154109
39.6575019123283,7730873.1235346,2716449.81467086
39.6836862528645,7731271.67897337,2662406.11684366
39.6975763725724,7731483.25429727,2633737.48462872
39.7068499724531,7731617.56944665,2627542.90570601
39.7161235723338,7731780.74739439,2626283.35797221
39.7253971722145,7731941.47975885,2624984.77607866
39.7528693516058,7732413.02904431,2621139.92395585
39.8801584794127,7733118.53100611,2712808.68841238
39.9281282607232,7733238.6438163,2727901.06322524
39.9468927341182,7733311.52035244,2721504.19257367
39.9656572075133,7733386.34879189,2715151.93822505
39.9988048246237,7733523.92331456,2703933.51033773
40.0187532122839,7733519.41691016,2708742.59941267
40.038701599944,7733508.76681884,2714358.94636293
40.073772303417,7733508.61928925,2724237.11936838
40.1405782646816,7733000.67458783,2762738.94993504
40.2073842259461,7732177.93345543,2808833.82613589
40.2331524211681,7731844.05672716,2810241.53946579
40.25892061639,7731508.32302142,2811606.27414062
40.3039078132501,7730936.46254998,2812590.47923487
40.3488950101101,7730569.08817622,2798821.58534537
40.3806417272601,7730309.68404186,2789090.13396172
40.4059219035667,7729990.65804356,2789317.06111365
40.4312020798733,7729344.42650756,2816077.49611822
40.4564822561799,7728698.94122783,2842863.77338725
40.4833186064278,7728016.50937645,2871301.30243381
40.4966771194761,7727676.08363951,2885456.19405031
40.5100356325245,7727552.01971672,2877282.29574959
40.5201298153031,7727487.23908691,2865204.40683089
40.5302239980816,7727424.61239522,2853168.49365793
40.558831341243,7727252.63021924,2819058.30173084
40.5827660022716,7727106.90319027,2790517.84753578
40.5962807806864,7727024.82421599,2774402.76809846
40.6097955591013,7726735.98472676,2781002.26199396
40.6233103375161,7726403.91442919,2796668.93152752
40.6368251159309,7726069.73412881,2812289.02516804
40.6729958368167,7725168.73337316,2854092.13292276
40.7397965618695,7723153.73079311,2906753.65891581
40.8065972869223,7720817.06244121,2942764.58220158
40.8536630114113,7718761.99106565,2969181.2945885
40.8839250270118,7717427.37026729,2986167.03250629
40.8988150024229,7716774.57772299,2994525.68337433
40.9065634504564,7716681.74669384,2982244.74778734
40.9143118984899,7716603.19735534,2966572.87926151
40.9220603465234,7716527.01608459,2950937.31526042
40.9458500865625,7716297.44937722,2902930.55489051
40.9752018329046,7716011.99537989,2843697.67494481
40.991213174373,7715856.50715872,2811386.600174
40.9994347665486,7715776.64736073,2794795.30781842
41.0039774927145,7715567.20592513,2800781.94437149
41.0085202188803,7715383.25912793,2809501.86688009
41.0130629450462,7715193.63305907,2818159.0964346
41.0251762212275,7714684.53998896,2841254.12915718
41.071454756541,7712747.353236,2929493.2426327
41.0933503517124,7711830.36828166,2971240.8413467
41.1152459468838,7711055.88912174,2977502.89759214
41.1322696038039,7710470.35812219,2969962.61617737
41.145705533212,7710009.91894805,2964049.54853558
41.1830211723062,7708737.65101496,2947632.40991232
41.2612279196071,7706741.50417911,2900757.09514018
41.339434666908,7705181.31350426,2860505.34200462
41.3814509902996,7704480.48900626,2844270.46280523
41.4234673136912,7703620.41524084,2846024.09907323
41.4654836370828,7702651.88666896,2862213.83084445
41.496835139517,7701928.82575953,2874278.26096546
41.5160797787831,7701664.80738599,2865203.08824455
41.5353244180491,7701425.48984427,2852732.49112842
41.5545690573152,7701186.57813876,2840273.17490694
41.6323206704114,7700542.22119127,2790826.6855887
41.745931681326,7700649.69289372,2723509.26416796
41.8042470373921,7700982.83956824,2694807.35968521
41.8216875895193,7701008.99000385,2699565.192913
41.8391281416464,7701037.93749995,2704385.56528202
41.8811921491051,7701116.34648156,2716015.42498272
41.9003236682068,7701166.72463874,2720705.70599476
41.9063818682824,7701329.2793223,2711117.36675169
41.912440068358,7701487.79896178,2701327.62194289
41.9234677072541,7701763.52518097,2683523.29286812
41.9571771675869,7702626.63406026,2629108.73369701
42.0002312588064,7703721.82661375,2560313.16211031
42.0029104412842,7703702.74615218,2563879.88716615
42.0055896237621,7703714.56161659,2567839.42866646
42.0093083480248,7703735.62229078,2573271.2932599
42.0184374692492,7703771.50060516,2586612.90726637
42.0543551838488,7703919.62321431,2639108.6425772
42.0994633194982,7704104.72867955,2705035.78564481
42.1047609254489,7704208.0008126,2702108.4394586
42.1100585313996,7704292.32037502,2697655.62440105
42.1177833863264,7704419.29639549,2691207.65910181
42.1406059800363,7704798.80427763,2672153.86813758
42.1731615787263,7705337.56458652,2644972.71115931
42.1918514794121,7705647.06462054,2629368.46010469
42.210541380098,7705628.70087275,2641765.09935947
42.2248158346753,7705464.14300181,2668332.87147113
42.2351322922006,7705342.65578745,2687473.13214488
42.2609333808372,7705031.27632364,2735341.52658105
42.2799147646976,7704804.37419419,2770558.91488975
42.298896148558,7704577.1416622,2805775.82596031
42.3031977768105,7704724.92599196,2798205.12732013
42.3074994050631,7704868.27394757,2784333.49835713
42.3118010333157,7705019.23015556,2770575.11613313
42.3212127147643,7705354.98182457,2740455.83305028
42.3533052767335,7706488.52012612,2637747.9563614
42.3953925253221,7707976.49328105,2503055.06773684
42.4074220960942,7708035.35573171,2508413.02693618
42.4148143000202,7708005.81679518,2529373.35528487
42.4222065039461,7707966.62497889,2550159.2210775
42.436071496708,7707880.68973279,2589157.20934132
42.4823938410907,7707613.25381799,2719455.97963995
42.5209655023337,7706835.34083213,2803646.52344725
42.5464976331327,7705986.95964691,2845631.84810432
42.5720297639316,7705141.09445836,2887654.07650669
42.5869107436461,7704650.79198782,2912148.37035636
42.6017917233605,7704258.686308,2928552.58684148
42.6043891055464,7704323.75540472,2921142.23507952
42.6069864877323,7704360.86453858,2913372.35314149
42.6106888095656,7704409.13534177,2902354.84327061
42.6196005425179,7704540.3981986,2875834.02992684
42.6537050635594,7705035.7728564,2774333.60402363
42.6950379301334,7705637.09381591,2651321.68340634
42.7076787236909,7705500.72365103,2652920.2436223
42.7156221183192,7705352.04739643,2670694.92408706
42.7235655129475,7705195.1063185,2688316.88928613
42.7389904768814,7704878.30315415,2722543.26459699
42.790777105122,7703833.03599773,2837462.88300269
42.8163738209658,7703130.6602678,2869715.22062451
42.8419705368095,7702309.49106981,2887807.83848142
42.8612571773871,7701686.87628762,2901464.45305202
42.8852420492214,7700915.67543489,2918451.00241921
42.8979536120712,7700506.18039078,2927452.89593501
42.9063138822824,7700404.45078348,2920292.07825354
42.9146741524937,7700327.69876002,2908513.4460321
42.9230344227049,7700253.17287062,2896775.61854082
42.9477801450881,7700037.35566873,2862031.23569787
43.0070189225118,7699593.48064573,2783591.16395822
43.0292248070773,7699647.36996088,2767453.90663179
43.0514306916428,7699703.66722622,2751355.63272536
43.1123977599729,7699872.60448885,2715302.45357236
43.1554990240653,7700026.16370141,2712510.04444628
43.1889489438748,7700145.65322898,2710355.73840562
43.2362410573068,7700117.18051182,2722228.46495709
43.2835331707389,7700032.15650353,2738718.00063992
43.3308252841709,7700785.09605011,2689690.08432673
43.3484007515096,7701215.78373635,2658255.52791685
43.3659762188484,7701648.44233417,2626873.50616103
43.3911363759153,7702272.9109938,2581950.41852107
43.4162965329823,7702938.53282141,2561532.33242227
43.4401409281192,7703620.18653673,2555134.40183694
43.4639853232561,7704300.10187817,2548699.63278667
43.4979036971253,7705263.44927656,2539544.40180598
43.510064276943,7705484.50087109,2546954.46145602
43.5222248567606,7705692.21184614,2556756.16932894
43.5385141151574,7705969.47441909,2569865.91979048
43.5968356586646,7706958.81740779,2616803.53127995
43.6135646900974,7706831.37705189,2645460.54321559
43.6302937215302,7706618.77026534,2677838.6411689
43.647022752963,7706405.77117927,2710201.35234489
43.6717335828937,7706089.54427595,2758004.39613566
43.6964444128243,7705774.04639361,2805807.95031406
43.7058422138695,7705935.86345981,2797611.31919129
43.7152400149147,7706185.62084359,2772283.48791576
43.7221652517203,7706374.30469217,2753713.6471654
43.7377052117381,7706806.55997436,2712038.81319555
43.796917909371,7708439.30865203,2553235.10547799
43.8056292234996,7708576.78175568,2549595.34418262
43.8143405376282,7708704.91316964,2557543.29473046
43.8230518517568,7708834.98970881,2565399.13113544
43.8427699149097,7709120.89619868,2583186.09826694
43.8714111692903,7709541.49734905,2609025.1819415
43.900052423671,7709964.96710419,2634716.80954386
43.9033619905439,7710127.26791068,2628608.75288842
43.9066715574168,7710265.61661367,2622146.01880042
43.9114908716115,7710458.63184567,2612784.79952045
43.9242747845845,7710990.42807834,2587952.67491058
43.9760324423003,7713136.08798753,2487409.74027883
43.9946524402561,7713908.30122512,2451239.36186408
44.0072783925025,7714255.00337231,2450789.31453576
44.019904344749,7714540.63525922,2468895.77068201
44.0288892362396,7714740.41992295,2481707.70120332
44.0504056558209,7715211.02664464,2512392.12158426
44.086759590337,7716011.32578109,2564238.23411106
44.1231135248531,7716958.62249894,2573723.5854784
44.1447773482629,7717562.81375287,2564649.2185474
44.1664411716727,7718162.92542106,2555620.26627842
44.1909543598024,7718846.19505635,2545405.48375874
44.2154675479321,7719257.58907551,2559092.45783115
44.2399019693185,7719541.33520449,2587027.49768527
44.2643363907049,7719822.31347475,2614922.63743589
44.3318519943432,7720053.51462498,2691106.31509693
44.3647074091895,7719872.27877903,2727692.45085641
44.3975628240358,7719686.55429067,2764273.0718821
44.4057524297262,7719794.7316634,2758801.29879718
44.4139420354166,7719927.37648189,2746633.65855153
44.422131641107,7720063.16506189,2734524.89511557
44.4437827263746,7720428.22912942,2702509.43724816
44.4720037054922,7720900.74457059,2660776.66781328
44.5002246846097,7721360.88122751,2619655.21869945
44.5032858959473,7721334.44672171,2623282.95543381
44.5063471072848,7721326.17128794,2627250.24242325
44.5108328497108,7721320.90955307,2633012.12434433
44.5226176081982,7721289.27601593,2648151.12706603
44.5701834307959,7721168.75317852,2709261.43319566
44.6029566320242,7721096.44821062,2747143.83014993
44.6133957808921,7721104.93125945,2745589.4175189
44.6238349297601,7721107.27278,2743928.33858847
44.6458897611806,7721101.37221392,2740419.38442713
44.7265313810145,7721187.81830009,2725832.53328466
44.8071730008485,7721359.64926638,2715492.61232932
44.8227592693517,7721192.94410475,2729089.3845736
44.838345537855,7721029.18176208,2742763.43444611
44.8735958660926,7720668.90024116,2773692.9936965
44.9537437859397,7719376.66182409,2825838.26922468
44.9818946716801,7718839.36592722,2840988.34305531
44.9968113817717,7718554.87354532,2849019.7001726
45.0117280918633,7718550.05984957,2834488.17364261
45.0222618343815,7718581.8383859,2819657.38226678
45.0327955768997,7718615.13995052,2804857.78390721
45.0657353250272,7718723.77215577,2758578.38804803
45.1021811541742,7718781.92218261,2713835.57319282
45.1066104990791,7718661.81031752,2720603.49361088
45.1110398439839,7718561.05690699,2727656.28199062
45.1182008173741,7718410.22791731,2739028.11676965
45.138274386472,7717965.42875351,2770896.94637573
45.1642113868346,7717393.1130347,2812077.5201127
45.1901483871972,7716820.3861469,2853257.59689734
45.2150434109024,7716942.0564244,2828908.31717842
45.2235722268404,7717099.55107272,2805791.08170799
45.2321010427784,7717263.83438853,2782803.39064591
45.2494375548425,7717609.23553018,2736072.84841381
45.2737004740886,7718085.27900751,2670666.95486189
45.2979633933347,7718562.11062317,2605262.28990394
45.3037655519224,7718513.98197817,2607099.17656244
45.3095677105101,7718445.06649872,2619436.17222207
45.3153698690977,7718375.22164159,2631647.58632117
45.3278299347814,7718216.73172792,2657884.79875626
45.3705820122336,7717687.1836368,2747914.43380057
45.3882398727578,7717467.91887759,2785098.63931281
45.3968907903973,7717360.59441009,2803315.99260589
45.4055417080369,7717469.43271157,2798715.03908017
45.4167973653487,7717686.55068413,2774879.58043317
45.4280530226605,7717904.58353925,2751150.31007894
45.4516519022918,7718373.13522895,2701399.62437809
45.4780468762435,7718891.81781802,2645750.30176614
45.4934050596113,7719193.99009914,2613370.7941732
45.508763242979,7719301.22588139,2609761.38622401
45.5208102071844,7719327.31525498,2624621.80332133
45.529478752884,7719342.39799188,2635239.95599844
45.5500649145908,7719370.04956608,2660458.0692549
45.5926031121743,7719433.77889012,2712570.97457742
45.6194591816156,7719332.16941474,2731367.73107693
45.6463152510569,7719163.63102028,2744667.02846457
45.6731713204982,7718995.73167207,2757979.34969399
45.7392841244852,7717938.42751705,2810783.68726749
45.8053969284723,7716491.87253359,2869469.38311982
45.8152031114111,7716356.09588247,2864978.48204437
45.8250092943499,7716214.04386844,2860373.38399909
45.8453750951222,7715907.65273961,2850809.05211753
45.9164341586362,7714857.723553,2824753.47543076
45.9684540693802,7714105.8378452,2823561.02440312
46.0204739801241,7713284.60700314,2826945.43176649
46.072493890868,7712362.44647165,2837461.39686118
46.1025167243786,7711778.94553404,2845880.76687302
46.1201864948389,7711115.9670874,2866107.40533648
46.1378562652991,7710454.93766447,2886401.34782172
46.1791898074082,7708918.35822699,2933880.04449465
46.2245411807261,7707189.60030686,2960865.24009397
46.254077998108,7706023.888323,2964370.91763271
46.2836148154899,7704859.61889106,2967908.94049158
46.2977990213485,7704302.90260179,2969610.30318383
46.3062791947809,7704231.99155946,2955639.83704579
46.3147593682133,7704220.57877571,2935968.28894063
46.3232395416457,7704211.53656863,2916345.71872208
46.3468226605709,7704192.02224965,2861774.71168139
46.3758588340285,7704165.17999571,2794582.79443466
46.3922537802017,7704150.28317571,2756644.08319005
46.3994666505941,7704143.71174364,2739953.12679341
46.4039246799843,7704045.42908092,2742187.16971513
46.4083827093746,7703976.76040501,2746610.40959293
46.414012330566,7703884.15718758,2752131.17842439
46.4292626970844,7703628.56286003,2767094.50976867
46.4917265648598,7702590.78955046,2828387.96767203
46.5195878110663,7702291.46786116,2827514.04567283
46.5474490572729,7702038.31317526,2814440.18706324
46.5694119128719,7701839.45081684,2804155.78312202
46.5923326833274,7701634.24743581,2793425.04051805
46.6152534537828,7701139.51173377,2806186.99805077
46.6381742242383,7700524.8364685,2831089.10307207
46.6564085544172,7700034.98407572,2850872.15074762
46.7121046825558,7698385.96071283,2906884.58237577
46.7678008106945,7696191.82841816,2946893.01204409
46.787742420906,7695406.22153251,2961215.9601303
46.7979599840741,7695003.34462996,2968553.96614642
46.8050406190306,7694927.47531164,2959804.74786268
46.8121212539871,7694892.44930246,2944907.99213737
46.8192018889435,7694860.76117193,2930074.17321486
46.8377735462786,7694783.65751914,2891163.28600313
46.8703770293513,7694643.72843991,2822849.26939763
46.8920935059794,7694550.92571535,2777347.43258927
46.9138099826074,7694159.20185157,2776877.47071004
46.9266807063887,7693853.92314494,2792355.38903099
46.93955143017,7693549.97497653,2807748.92264788
46.9682273299143,7692862.76442579,2842042.93536659
47.0026166955643,7692035.01690398,2880693.47442186
47.0154742714522,7691683.34319924,2883830.38079082
47.0283318473402,7691327.25728457,2886893.89273844
47.0583874135071,7690485.9627098,2894051.52536069
47.1757002487828,7688574.77999253,2823285.44343125
47.1927022346801,7688400.89297427,2805094.68236584
47.2097042205775,7687730.55606299,2823262.33241178
47.2180909087021,7687255.97625078,2846253.7140622
47.2264775968267,7686775.49628062,2869123.0156875
47.2439262878288,7685765.15892427,2916705.82023338
47.274521730082,7684001.87683373,3000146.8503575
47.2885196723889,7683194.74196973,3038321.83047946
47.2966752895223,7682724.54110782,3060563.78187537
47.3048309066558,7682584.22728439,3054736.34617112
47.3129865237892,7682557.0515476,3028107.01119559
47.3187214263067,7682544.15847395,3009505.85589124
47.3306989676713,7682527.54395683,2970650.67023014
47.3712895822611,7682454.80629368,2838962.0861333
47.3867387309411,7682427.64358729,2788840.90201501
47.3968042518087,7682409.82677198,2756185.5180112
47.4068697726763,7682150.39742831,2756816.20652598
47.4169352935439,7681860.81037794,2773948.32835743
47.4243885334846,7681641.73118696,2786547.6575557
47.4415104110041,7681129.99452198,2815494.43978584
47.5085818209126,7678998.8099075,2922526.37631459
47.5291777622569,7678046.48649507,2942019.53005361
47.5497737036012,7677091.44724176,2961472.99783458
47.5845960721618,7675471.78797624,2994359.04023622
47.5977880182427,7674859.06218498,3006818.53921288
47.6065694938298,7674599.83436716,3001852.24800072
47.6153509694169,7674361.29720025,2992048.22674718
47.624132445004,7674124.96330538,2982284.30095321
47.6502365168104,7673427.26143551,2953259.38547836
47.7043253147658,7671937.80623343,2899963.50664833
47.7124984480587,7671639.7439461,2903780.99239055
47.7206715813515,7671349.11457188,2907724.31874972
47.7374912552702,7670761.82975131,2915836.75009085
47.793848112192,7668778.06044031,2943005.58657452
48.0756323968005,7661282.59426931,2824026.28093736
48.0927854876938,7661146.00988194,2797398.30102379
48.1099385785872,7660575.52153818,2808449.32160803
48.1187514796327,7660164.51015911,2828755.68671277
48.1275643806783,7659747.43213641,2848941.3545205
48.1459736865591,7658865.65645723,2891109.53014242
48.174785110787,7657492.91387344,2957110.7579346
48.1930380781502,7656622.76328955,2998923.78099334
48.2112910455133,7655973.13395511,3004900.01216707
48.2248516814353,7655543.3842853,2992334.64370426
48.2384123173573,7655117.83288364,2979856.02794442
48.2684610483944,7654185.18041931,2952210.79383517
48.3448933036738,7652131.38071663,2903810.75680038
48.377419486179,7651362.01408884,2889832.55830065
48.3967250744494,7650904.90151129,2881527.90945067
48.4095024182922,7650422.86154795,2889364.72545265
48.422279762135,7649899.0137026,2902055.51132116
48.4350571059779,7649373.97282173,2914719.71661956
48.4770167829849,7647645.70618678,2956306.33542577
48.4921032655154,7647024.90595106,2971259.5395566
48.5011792911481,7646702.80796911,2976789.3500471
48.5071137358283,7646684.01352109,2964742.69766559
48.5130481805085,7646652.80003392,2952496.56991203
48.5239902793819,7646583.00319027,2929928.90765106
48.5561585073122,7646396.87342505,2863597.81905816
48.5845328325927,7646231.37480802,2805087.70771882
48.5974568645018,7646156.12148669,2778437.49005178
48.6052974161648,7645970.67928636,2779183.9291378
48.6131379678278,7645772.62411501,2788733.59717555
48.6209785194908,7645570.10313016,2798203.48423936
48.6399556541055,7645072.95987312,2821128.31007494
48.6847482104374,7643906.49210125,2875244.04487911
48.7295407667692,7642645.59601928,2899848.28003874
48.7743333231011,7641317.03501358,2909000.74778237
48.7962151955814,7640668.25754586,2913481.0557171
48.8102034381483,7640475.3410527,2902155.06369965
48.8241916807153,7640344.56503538,2885301.35898653
48.8381799232822,7640214.90881556,2868475.01091114
48.8833549195902,7639800.44291787,2814136.12658911
48.933928904576,7638835.54973847,2822367.19025945
48.9531866260098,7638390.18568252,2838596.08682387
48.9724443474436,7637942.94572712,2854779.36072787
49.0234614000302,7636286.03095495,2904087.84296379
49.0744784526168,7634086.22592703,2961059.43045234
49.0998648305975,7632991.79236956,2989404.41695832
49.1067013800192,7632801.46952731,2984859.20486
49.1135379294408,7632594.30437645,2979849.19985841
49.1250781816452,7632247.24401081,2971414.24125455
49.1655272663571,7631033.87643858,2941849.81131168
49.1930488104304,7630207.5050143,2921733.28386611
49.2205703545037,7630084.32815194,2875208.23166406
49.2405136265943,7630156.6347339,2834855.00710504
49.2604568986848,7630229.39941188,2794523.45662465
49.2827561737322,7630312.74908242,2749428.61472103
49.2958551937093,7630361.09325492,2722938.55495946
49.3089542136864,7630253.85022914,2722020.92893588
49.3220532336635,7630122.80107527,2733535.81776786
49.3351522536405,7629988.39537871,2744984.39528262
49.3671761090075,7629652.25617508,2772972.01235008
49.390556686534,7629409.02073429,2793407.72153051
49.4139372640605,7629363.05681461,2790738.7363673
49.4373178415871,7629418.39663324,2771998.6879168
49.4544254482646,7629460.20214272,2758320.30102604
49.5042680795839,7629569.24331852,2722832.66336075
49.5193413083918,7629545.91438553,2726214.67540675
49.5344145371996,7629526.43224054,2729671.46852277
49.5693842218092,7629489.94026604,2737693.94947374
49.7148270973396,7629015.92548402,2761456.54887241
49.7738372763464,7628841.11679466,2757885.58542028
49.8328474553533,7628555.0733353,2762901.11923387
49.8918576343602,7628186.42834539,2774837.16533473
49.9508678133671,7627859.55307699,2774065.99834391
49.9962374643168,7627611.36625301,2771884.36113739
50.042000574739,7627222.82506337,2780019.66656097
50.0877636851611,7626817.5498363,2789106.43456645
50.1262281339481,7626762.62245539,2775192.30707106
50.164692582735,7626816.58408516,2751049.19535034
50.203157031522,7626846.96376728,2730259.83574787
50.2162345959822,7626766.6892218,2735927.75716178
50.2293121604423,7626690.50750692,2741675.94016765
50.2593282188605,7626524.35269359,2754870.87350548
50.3804523496084,7624611.25735819,2846080.38080477
50.4023511930478,7624193.13141186,2861989.87509167
50.4106785192092,7624147.8636145,2855027.41629593
50.4190058453706,7624095.49439871,2847941.88089902
50.4363114065648,7623976.65661044,2833220.40674321
50.4956902963697,7623583.98497725,2782719.54183545
50.5313137031385,7623929.67793491,2742408.09836334
50.5669371099073,7624363.39492215,2700680.01506964
50.5842948231342,7624561.20651113,2680343.56976172
50.6016525363611,7624667.93963867,2667150.95315325
50.6043218610816,7624526.60446706,2675444.35519517
50.6069911858021,7624414.23727463,2684127.44587035
50.6107256130896,7624261.23260964,2696212.21849593
50.6198569767015,7623872.313221,2725766.79564186
50.6556606792576,7622353.87481095,2841654.19759856
50.6891556101546,7620932.69190277,2950067.87848526
50.6964779491471,7620622.04219761,2973768.28746822
50.699895353489,7620477.0550265,2984829.4846911
50.7010662510766,7620541.51264264,2982732.05644047
50.7022371486641,7620542.95156551,2979089.69795441
50.7034080462516,7620551.76970204,2975609.1833357
50.7055819587818,7620569.260761,2969095.4552725
50.7114320977017,7620616.78993492,2951578.81615036
50.7364000959159,7620822.55577063,2876820.49144024
50.7680181120922,7621082.35035315,2782149.86995331
50.7996361282684,7621342.31997917,2687479.4974488
50.802047178853,7621228.64509818,2690655.53523729
50.8044582294375,7621162.45758428,2696540.1730659
50.8068692800221,7621085.32080486,2702307.53487627
50.8118775651698,7620925.00949271,2714317.28492211
50.82919745819,7620377.15415462,2755848.08071009
50.8608170731422,7619375.21107145,2831666.03775781
50.8924366880943,7618373.56162361,2907484.35249121
50.9000514565128,7618137.35459897,2925532.08340761
50.9011036026926,7618178.70089705,2924025.17615121
50.9021557488723,7618171.22663895,2921892.56929579
50.9035018677464,7618172.03188477,2919317.56396959
50.9061383698907,7618174.69021487,2914233.03724823
50.9139619509548,7618180.58571951,2899153.04619034
50.9492275215295,7618210.55035549,2831180.67654924
50.9804760519477,7618236.61664466,2770950.30248032
50.9969343859774,7618250.41720048,2739227.57999836
51.0080601364766,7618267.45256962,2731457.1913111
51.0191858869759,7618316.10620232,2729214.02479746
51.0303116374751,7618362.55740079,2726935.21537203
51.0641969668812,7618499.73609728,2719995.15836416
51.095536672154,7618628.08793654,2713577.76790261
51.1156585908762,7618541.7112052,2722398.27621298
51.1357805095983,7618417.63142898,2735047.06059779
51.1559024283204,7618293.07377394,2747683.06002282
51.1843340396263,7618115.81619324,2765536.564686
51.1985604409404,7618027.42497774,2774470.23402989
51.2127868422546,7618218.18465195,2760019.38102851
51.223355652412,7618403.38706688,2743446.88105287
51.2339244625694,7618590.64665904,2726914.6271435
51.2648310813435,7619142.97403263,2678568.1006983
51.2900179693853,7619591.57447985,2639167.55342137
51.3152048574271,7620019.71715588,2623532.13595075
51.3403917454688,7620467.00307956,2623883.78697168
51.3588286960418,7620792.9587341,2624109.76396909
51.3895126616369,7621332.02815557,2624483.65727287
51.4201966272319,7621472.95121847,2649439.34386425
51.450880592827,7621424.89182602,2687423.37810747
51.4747817044394,7621386.89602517,2716989.30439596
51.5537668408548,7621143.69339434,2756082.00289199
51.5815624315556,7621031.5976212,2760072.02740205
51.5982882361843,7620964.69586391,2762486.20238558
51.6087523327452,7621116.42236435,2751379.08814697
51.6192164293061,7621288.6884332,2737581.9806487
51.6327045604235,7621512.10206291,2719823.30697053
51.6776818406538,7622260.77851973,2660605.64159475
51.6921946780119,7622501.87568028,2641497.43741973
51.7005487656237,7622617.53541028,2632261.24055928
51.7054758228725,7622515.79397096,2641977.94977004
51.7104028801214,7622434.65177215,2652005.20877659
51.718326669132,7622317.02572125,2668100.75916289
51.7405333381771,7621964.71139148,2713200.72930853
51.7679638133687,7621531.62841129,2768912.3266154
51.7953942885603,7621098.20469566,2824623.52870406
51.8071710184606,7621118.95944523,2823885.90586802
51.8189477483609,7621206.27228364,2806469.50279253
51.8276601885348,7621274.46310316,2793657.64487546
51.8485776364614,7621445.70971602,2762897.27129908
51.8763727663521,7621669.20027786,2722019.95328862
51.8945529601052,7621815.66642444,2695283.35591717
51.9127331538583,7621719.07863551,2700564.53665485
51.9272497993866,7621591.66312114,2716131.08344279
51.941766444915,7621461.63282562,2731642.94357177
51.9792150799515,7621119.4644685,2771657.16995074
52.0346883098976,7620817.92609379,2782641.72586564
52.0674143802776,7620694.19688909,2771843.1318443
52.1001404506577,7620575.13365198,2760990.76161428
52.116124043922,7620765.71660725,2745537.04634193
52.1321076371864,7620953.81901062,2730017.90915093
52.170901239544,7621402.38820125,2692348.78494942
52.2290182477302,7622413.4660277,2641421.00222146
52.2871352559164,7623768.91777008,2596070.24582545
52.302384505134,7624066.88296523,2589125.20264562
52.3123608602581,7624085.92353921,2602445.08663195
52.3223372153821,7624110.92819365,2615874.61728825
52.3435636958458,7624173.59664623,2644444.746642
52.3693031898911,7624244.5849451,2679086.11122456
52.3950426839364,7624316.09588965,2713728.3151757
52.4065991363786,7624618.35850499,2705112.56043861
52.4181555888208,7625049.98486474,2677365.58744027
52.4263704886646,7625360.64069549,2657723.60961764
52.4455144800366,7626092.41083901,2611946.76098192
52.4697867561791,7627016.01726517,2553904.93204979
52.4940590323215,7627940.07476277,2495863.58311827
52.5018712312247,7628164.41880707,2484614.36299364
52.5096834301278,7628253.36169534,2498254.71985546
52.5174956290309,7628349.56924955,2511995.01184881
52.5350776284316,7628573.44169791,2542910.76633675
52.5946442425655,7629320.79398809,2647646.45450641
52.6134826444475,7629819.08765293,2641578.19006303
52.6323210463294,7630376.21916821,2619379.18500912
52.6460303194447,7630783.60833219,2603267.27982044
52.6835419444075,7631904.31565358,2559183.37982968
52.7030411431604,7632400.74123807,2544615.15371448
52.7102899321774,7632429.99027884,2556211.32500403
52.7175387211944,7632468.20946489,2567956.43224815
52.7319496836576,7632554.17753845,2591295.26475373
52.7817664352266,7632834.97226154,2671967.27126289
52.8349573866075,7633416.65441859,2684931.13434375
52.8539490307966,7633660.47334544,2675736.61167836
52.8729406749857,7633906.64313986,2666592.52796064
52.9042948441269,7634392.81568186,2648629.85778192
52.9356490132681,7635335.65502822,2612393.93903544
52.9582196861601,7636013.92242486,2586284.32467958
52.9890094330185,7636936.51224229,2550664.8909259
53.019799179877,7637831.66295459,2539432.77575287
53.0513090604959,7638731.47675926,2542068.13742585
53.0828189411148,7639639.2538797,2544675.96666361
53.1778775114913,7642441.04560157,2541064.85390721
53.200208873495,7643098.16026425,2539909.59090483
53.2077403737571,7643158.47025505,2550023.40717535
53.2152718740191,7643227.02289463,2560292.25719482
53.2300205350333,7643372.02067786,2580390.75864968
53.2810065885035,7643855.9901048,2649863.80168015
53.3318389480314,7644808.48941495,2646150.94129207
53.3487658799268,7645201.04939104,2630196.88451028
53.3656928118223,7645596.54478325,2614305.06420765
53.407334013105,7646607.07885093,2579688.98237863
53.4489752143877,7647774.25218967,2566208.85740516
53.4798220432263,7648639.57743922,2556239.64599155
53.5511129813905,7650673.63902249,2547075.10895578
53.5837226589005,7651611.58655131,2545413.9907506
53.6053435397976,7652131.07257582,2550900.90637621
53.6269644206947,7652368.86084898,2576880.48703953
53.6485853015919,7652607.4296095,2602880.45145684
53.6894177268813,7653060.40103252,2651984.17560869
53.7302501521708,7653319.62155182,2677886.42242436
53.7615794698798,7653456.6206634,2691424.31076796
53.7929087875888,7653594.17099732,2704974.640689
53.8121316653422,7653904.61564216,2694392.03851498
53.8313545430957,7654315.29436732,2672399.40759986
53.8505774208491,7654728.88875351,2650448.10126817
53.9043999622814,7655846.78059203,2596764.49067508
53.9143258625201,7655955.74460871,2602953.9638607
53.9242517627588,7656072.46549086,2609281.74505577
53.9437776963693,7656313.821012,2621725.5297977
54.013934991149,7657100.45627196,2663838.60452442
54.0840922859287,7657399.06649472,2695347.15815731
54.1542495807084,7657476.61208817,2722192.90519468
54.2055256134654,7657492.56312493,2737611.77524004
54.2365751617367,7657587.01056694,2730914.03906179
54.2676247100081,7657680.29467814,2724181.95153704
54.3552534600191,7657211.97288164,2761665.47287328
54.3988667896723,7656780.78437056,2796927.96659256
54.4113980914668,7656710.26812745,2795228.45876435
54.4239293932613,7656633.37137175,2792216.05522561
54.4432735419361,7656515.53919704,2787578.89578102
54.5201431425683,7656117.38522507,2769497.23877429
54.6011570405481,7655932.57443018,2750914.17869772
54.6249450443882,7656142.86361578,2733902.37255954
54.6487330482284,7656352.02591039,2716844.36816634
54.6845719568233,7656662.16753925,2691141.50949358
54.7204108654183,7656747.84220294,2693475.33377927
54.7488871671077,7656703.408465,2712467.69417361
54.7691780541475,7656670.69869685,2725971.9335451
54.7923837988975,7656630.47655626,2741413.6552425
54.8155895436475,7657281.45941826,2702014.52211308
54.8276543813395,7657762.92244713,2667171.22706497
54.8397192190315,7658248.2523615,2632413.39609679
54.8670108839898,7659355.14451152,2553787.75574318
54.8863238181813,7660135.70221829,2498146.49509408
54.8969043320478,7660563.58046094,2467664.0282373
54.9074848459143,7660922.3237589,2460939.76065599
54.9180653597808,7661305.63531589,2464672.96903654
54.9286458736472,7661684.81330771,2468334.76260783
54.9544909136729,7662604.02680814,2477282.89178559
55.067589650095,7666279.72404593,2518455.93484703
55.2113006069299,7670216.45827374,2558199.7614764
55.2774787301769,7671856.62008902,2566815.45025719
55.3436568534238,7673843.10324708,2545384.50776707
55.4098349766707,7675898.23785302,2520398.73212475
55.4287133776972,7676327.65642604,2533096.87046388
55.4475917787236,7676759.70893205,2545856.69215779
55.493685914878,7677822.7523515,2577013.83835705
55.5289274124485,7678127.30056338,2615061.10378962
55.564168910019,7678325.37335644,2656287.97235231
55.5909085156806,7678475.71368745,2687565.21622116
55.6176481213423,7678779.78306181,2689360.04542397
55.644387727004,7679133.89241627,2675604.51614495
55.6640436136624,7679395.24850486,2665521.14881255
55.6904893718364,7679749.9531365,2651956.96651539
55.7169351300103,7679851.64434072,2662413.16951505
55.7461330539727,7679834.78626847,2689202.71531236
55.7753309779351,7679816.85305803,2715958.00724336
55.8588329870168,7679167.05636612,2775918.68628578
55.8929747470188,7678797.46477757,2797572.72497103
55.9107270626384,7678853.20264919,2787747.79333274
55.928479378258,7679034.32634424,2763627.72442117
55.9420875179424,7679174.77612609,2745180.36629588
55.9797486990198,7679569.77828788,2694129.51753363
56.0459074715514,7680522.40467341,2648162.49052891
56.0855765716062,7681174.09010655,2632284.44989084
56.1252456716611,7681847.61472951,2624721.91041526
56.2241502551418,7683748.08479516,2606980.40074664
56.3230548386226,7686408.22310682,2552890.94316548
56.3816989225692,7688363.85647724,2516186.59792473
56.4403430065158,7690357.74631603,2502721.28327383
56.4989870904624,7692358.74357624,2499911.40500402
56.5135678426973,7692672.90550067,2512251.74031491
56.5281485949322,7692973.99750246,2525682.11250329
56.5517258880664,7693482.16653298,2547395.52846562
56.5909754530844,7694312.72419326,2583535.79535699
56.6302250181023,7695096.58599071,2595730.91076661
56.6581403994392,7695635.34554326,2599220.98017113
56.6860557807761,7696174.52004893,2602722.44043194
56.7241516964372,7697358.9487021,2573153.04561217
56.7497453405845,7698316.31338209,2539733.78285245
56.7753389847318,7699272.0934956,2506350.18559975
56.789525255772,7699804.28286241,2487846.99407706
56.797655567245,7700108.3595589,2477242.21343815
56.805785878718,7700117.6473336,2491055.93055442
56.813916190191,7700071.30340746,2515600.67689676
56.8220465016639,7700019.86736969,2540049.02397145
56.8404893284078,7699894.95462113,2595514.44077548
56.8655777339583,7699730.0157755,2670968.52971369
56.8906661395089,7699564.49917939,2746421.78738431
56.9139078003859,7700014.83936199,2738356.75566582
56.9210456780671,7700233.04218973,2719258.52425572
56.9281835557483,7700461.65642147,2700337.82196364
56.9416229251611,7700904.77435352,2664703.43055086
56.9848324113553,7702309.79727971,2550123.18463
57.0260717226342,7703196.3559712,2538934.7757473
57.037951583223,7703399.32840691,2552486.87128145
57.0498314438118,7703598.73488741,2565935.48296616
57.0752038198365,7704014.06488112,2594659.71007707
57.1315157072396,7704043.02081492,2680966.00216357
57.1708167485374,7703574.62077842,2753726.32690223
57.1865897566559,7703386.70308663,2782919.95860312
57.1969215047987,7703262.84321843,2802041.53133986
57.2072532529416,7703470.8640005,2789145.21095673
57.2175850010845,7703749.69379194,2761769.34774902
57.2255330467084,7703968.0870015,2740786.76700491
57.2443794869561,7704494.08927688,2691030.2523275
57.2693324570966,7705185.97351189,2625149.05974436
57.294285427237,7705878.35985657,2559268.44648645
57.2997995698042,7706031.36425767,2544710.06112655
57.3020576335751,7706010.9139762,2546606.84281266
57.3043156973461,7706028.8056047,2549868.98244457
57.3070644935268,7706055.39705668,2553742.81391875
57.312899731499,7706095.93239876,2561983.3592179
57.3343078562232,7706251.71361853,2592217.52996608
57.4037040876579,7706687.8670745,2689274.9951472
57.4492488319064,7706199.55796487,2741912.19262601
57.494793576155,7705709.36848135,2794530.86584374
57.5077892699477,7705847.15733548,2784746.71085082
57.5207849637405,7706111.38030664,2757592.36832204
57.530237829873,7706306.47100513,2737907.92034026
57.5533109003038,7706790.72005615,2689861.41862872
57.5990597116384,7707744.89969602,2594592.09310709
57.6089413923873,7707988.14634852,2588596.06385691
57.6188230731361,7708255.77610971,2584353.15731353
57.6326757702268,7708629.14253822,2578382.78556335
57.6806985688977,7709919.9695454,2557685.77480599
57.7275456528173,7710554.17685145,2590709.94409839
57.7446334957397,7710641.98378679,2616574.65597781
57.7617213386621,7710727.41296502,2642381.05607949
57.7891614545081,7710858.7870285,2683819.66880807
57.816601570354,7711228.87302808,2686262.52447895
57.8336346277113,7711522.86339172,2671589.59518539
57.8506676850686,7711819.85729088,2656983.40421988
57.8914969246252,7712540.64106901,2621974.76133144
57.9323011263292,7713622.53138017,2588612.96833825
57.9731053280331,7714800.54217909,2555687.17272756
57.9893625894951,7715273.52449116,2542570.57401478
57.9979622562033,7715522.23117604,2535631.30200186
58.0065619229115,7715463.26562853,2551921.32673723
58.0129842297016,7715385.40705104,2569965.10266792
58.0194065364916,7715303.31114559,2587937.61225041
58.0359195210084,7715086.49435208,2634156.4937156
58.1015340270431,7714270.11272456,2811478.7095651
58.1030364167791,7714322.89783829,2809908.16348269
58.1045388065151,7714328.65432995,2807793.7497647
58.1064442142817,7714341.51946889,2805228.66074574
58.1102962518844,7714373.88164339,2800017.09043161
58.1228987963354,7714475.36610695,2782968.48223225
58.1821042252893,7714956.27397629,2702879.66427679
58.2392844201288,7716041.07886902,2635507.72768735
58.2964646149684,7717416.24886341,2572732.65486077
58.3052801490546,7717347.71531432,2584049.55623693
58.3140956831407,7717165.0634431,2610417.91060256
58.3209807718874,7717018.14014578,2630919.10622018
58.3367533249696,7716673.10028923,2677890.67469087
58.3985722044744,7715334.68040057,2861997.21189928
58.403892771828,7715424.52188694,2857186.95220705
58.4092133391816,7715506.43284505,2843770.04527348
58.4145339065352,7715596.21876693,2830474.92503035
58.4262781707191,7715802.28153761,2801115.35763037
58.4651877001044,7716471.4427151,2703836.77556127
58.4888863348328,7716879.81168357,2644588.32296237
58.5125849695611,7717382.50824089,2608236.69393351
58.5293414371913,7717833.01520515,2597226.21854294
58.5420732645414,7718172.68907144,2588813.15234298
58.5765424909449,7719085.73758643,2566034.79143569
58.5930817083448,7719525.04355242,2555105.93396814
58.6096209257446,7719686.84335881,2567455.21479733
58.6261601431445,7719696.53515184,2597170.67952843
58.6381138684843,7719701.5317293,2618595.4012218
58.6693586520011,7719707.43023475,2674594.10105609
58.6900892324061,7719713.09146675,2711749.77744158
58.6999166570337,7719715.64081783,2729363.40117323
58.7058466322745,7719765.46402673,2727933.9354147
58.7117766075152,7719799.65188556,2726084.72383966
58.7217851382755,7719841.61617618,2722982.71104804
58.7505811419954,7719986.8368968,2714070.23730527
58.8868035158104,7720018.68537098,2740334.58459507
58.9415631716569,7719376.50733515,2778820.87204462
58.9963228275034,7718572.38376846,2821207.3007616
59.0099020766719,7718500.90005394,2817126.91359635
59.0234813258405,7718454.5812173,2807349.03522992
59.037060575009,7718409.60504452,2797600.31354333
59.0801122885454,7718271.68911087,2766694.40688813
59.0935602161699,7718227.98683181,2757039.66831638
59.0999636573525,7718207.28743461,2752442.63688189
59.1025704060957,7718058.73037653,2758568.08544176
59.105177154839,7717939.5837048,2765239.40797506
59.1086959057024,7717784.81463262,2774176.94505735
59.1168914176004,7717407.30002454,2794997.7482548
59.147890824179,7715986.72963153,2873758.51403603
59.19555884751,7713801.06150772,2994867.99027565
59.2075345718369,7713900.41633552,2970627.54039076
59.2144957172344,7714096.95481356,2936728.25751097
59.2214568626319,7714304.61560146,2903036.90330046
59.233853644465,7714689.79588728,2843029.78170424
59.2706064816578,7715809.26016019,2665110.2145199
59.2961574358627,7716588.64593456,2541420.2663562
59.30063896253,7716646.90997587,2525338.12306103
59.3016063018253,7716551.20393754,2529176.23315523
59.3025736411206,7716520.99304536,2533784.3622252
59.3037480179638,7716471.43912429,2539193.87055766
59.3059936254356,7716376.73689258,2549592.34017288
59.3124222204096,7716106.94704358,2579347.32847513
59.3414090154518,7714886.98373233,2713514.12570252
59.3912547439328,7712790.07313258,2944228.35709884
59.3972461727275,7712538.01315425,2971960.04527944
59.4032376015221,7712500.50902606,2977257.05435844
59.4076213014362,7712487.92587663,2965654.91556091
59.4110042797408,7712489.59287279,2956893.43606431
59.4168846338169,7712500.41621751,2941636.24396743
59.4350981332759,7712516.79297658,2894372.25795557
59.469190400443,7712550.29715157,2805906.04145291
59.5032826676101,7712587.71680113,2725128.4521174
59.5105150897075,7712604.23517449,2723308.68673229
59.5177475118049,7712632.7741884,2721666.31055451
59.5312622249825,7712699.04675967,2718588.14084912
59.5742948486471,7712890.00753988,2708775.09447546
59.6279269607903,7713021.80615018,2709531.2529913
59.6815590729335,7713065.45884802,2722379.11718972
59.7241965347665,7713602.20579656,2694172.67114248
59.7442027183363,7714016.71276746,2666973.97692175
59.7642089019061,7714433.09800022,2639825.20387248
59.8167379843641,7715744.54660191,2575508.46143533
59.8560750413782,7717076.68387125,2538610.47500393
59.9137974616527,7719157.96642214,2487420.85832262
59.9715198819272,7721654.24037353,2445729.72053717
60.0413808653092,7724734.01437235,2419612.64981882
60.0729804146516,7726152.02885152,2415452.89560334
60.0943816246194,7727111.88033932,2412624.27983725
60.1092530351335,7727502.15663562,2429872.23800637
60.1241244456476,7727782.98366371,2459281.88771047
60.1389958561617,7728053.32766477,2488633.32166495
60.177147891697,7728739.71036189,2563933.16010847
60.3586917704081,7730146.66457003,2679174.07299127
60.4229265420053,7730925.84604668,2652310.94983568
60.4871613136025,7731856.36609427,2636762.33878864
60.5195564542446,7732704.53341675,2607313.45535002
60.5519515948867,7733782.35900325,2563408.30737436
60.576363906326,7734595.06396396,2530344.46958826
60.5925493970188,7735135.70972845,2508424.12198658
60.6087348877116,7735488.91570647,2509304.61673175
60.6206027155309,7735676.46266119,2524781.46255479
60.6297295996591,7735817.43978553,2536615.44194999
60.6522693546865,7736157.95187973,2565843.3110349
60.7127454391971,7736965.67680674,2635830.69921423
60.7732215237077,7737325.15207103,2673999.31091682
60.7954884667515,7737457.54046302,2688048.46183541
60.8108339325104,7737668.33434798,2683733.23597278
60.8261793982692,7737909.22752542,2673334.08317338
60.8415248640281,7738151.29871638,2662962.32374155
60.8909615845408,7738935.73600315,2629550.0859115
60.9660378549041,7740693.29800897,2582986.44542234
61.0008708546274,7741520.80674119,2563748.24809669
61.005525072406,7741490.35070248,2571970.96484645
61.0101792901845,7741476.92756915,2580458.74551905
61.0179992131009,7741466.5134114,2594689.7731014
61.0408867576094,7741414.10903203,2636335.57167188
61.0673263049999,7741355.6399023,2684446.72762988
61.0937658523904,7741296.79838867,2732557.49445806
61.1007379930631,7741323.29470065,2741981.22867548
61.1035563777478,7741460.96339828,2734370.33409047
61.1063747624326,7741567.7970995,2726367.10615481
61.1103187935649,7741710.81921311,2715227.03712179
61.1199648476396,7742078.61509174,2687979.1821025
61.1573418513682,7743496.14169268,2582391.34891725
61.1859105169925,7744580.27766788,2501687.24210778
61.2031631549417,7745257.02483149,2459093.71531664
61.2150473714484,7745826.19830506,2448996.59058351
61.226931587955,7746400.54292413,2438980.39480365
61.2543924340714,7747736.54818952,2415833.67851467
61.2801301714614,7748985.3022975,2394137.68483633
61.2939716406337,7749657.12353499,2382470.15916612
61.3078131098059,7750042.53224454,2395929.16878879
61.3188599140203,7750227.67387966,2422854.84019743
61.3271522677327,7750363.11445987,2442988.55665951
61.3469200643514,7750677.87113139,2490989.54569962
61.3729985379249,7751097.50790976,2554315.94383448
61.3990770114983,7751516.6742357,2617641.88188845
61.404994552952,7751696.93523498,2616438.79880836
61.4109120944057,7751850.19719023,2611868.46276522
61.4168296358594,7752007.59025341,2607349.20453726
61.4339476273793,7752467.07385577,2594268.90024383
61.5055935500683,7754490.27033387,2535617.57677742
61.5271042734474,7755478.71867589,2504153.82694803
61.5486149968265,7756466.19809663,2472639.00697942
61.5809429934111,7757944.71306929,2425274.28592214
61.5934977651538,7758519.93275643,2406880.51414759
61.6010739080715,7758819.18700381,2399709.6158464
61.6061032159278,7758870.0310161,2411364.82255891
61.6111325237842,7758937.38879931,2423262.51504574
61.6199398030161,7759067.3609741,2444069.25875813
61.6469384130814,7759444.07220587,2507848.52772444
61.6779506180574,7759878.67648137,2581110.92268257
61.6925349341007,7760082.90228107,2615564.37094987
61.7015412081256,7760241.38889918,2632133.80571336
61.7105474821506,7760483.18663028,2624979.40560474
61.7169370022368,7760647.7925692,2619794.83294297
61.7307793580167,7760994.78645629,2608571.12830157
61.7799055086142,7762241.66783637,2568745.11965072
61.8439613172974,7763938.51931046,2546350.9195235
61.881943529564,7764971.91525732,2541163.59949218
61.9199257418305,7765775.2578947,2554266.6788277
61.9482815014261,7766236.11998286,2576643.70608433
61.9707161594184,7766600.02397354,2594323.97658234
62.0435028618748,7766745.29033809,2686001.20114507
62.0718482014459,7766537.5384797,2730790.94738311
62.1001935410169,7766335.30114301,2774842.79238029
62.1017289132207,7766410.39300798,2771962.36526373
62.1032642854245,7766442.07527127,2768562.22318594
62.1052385631989,7766487.1839149,2764301.58261259
62.1092977735404,7766587.12371872,2755516.9973337
62.1228848924771,7766916.74593455,2726114.28319013
62.1874668564236,7768487.87434798,2586361.79062827
62.196416137685,7768705.44081856,2566995.78456281
62.2053654189465,7768699.14174379,2570838.44039679
62.214314700208,7768627.87017707,2591263.64793591
62.2210736274886,7768569.26743329,2606592.02280021
62.2362848251515,7768428.1929493,2641096.25695851
62.2950396218824,7767898.34969305,2774378.79013925
62.3107996219856,7767961.46884003,2774788.91099241
62.3265596220888,7768063.02105947,2758289.54948521
62.3379307019781,7768138.62837126,2746437.85682943
62.3671130408923,7768340.58829551,2716025.19535494
62.3999134924455,7768564.4240032,2681839.69496541
62.4104759709556,7768631.22042503,2681340.99428654
62.4210384494656,7768704.05867523,2681039.43343315
62.4426771654058,7768865.67188153,2680420.27657797
62.4875574209323,7769190.2020294,2679129.47204195
62.5324376764589,7769161.42616623,2701776.6803396
62.5773179319854,7769006.62790628,2733742.26107189
62.622198187512,7768618.59726391,2765152.23861468
62.6764815516003,7767846.19807968,2802450.39803948
62.7307649156885,7767260.43591353,2807522.31674448
62.7586684280961,7767022.28737854,2797306.35200531
62.7865719405036,7766785.31246068,2787122.17464757
62.8262728933271,7766259.64819991,2793771.84049912
62.8659738461506,7765647.75780594,2811396.15906327
62.888361918982,7765302.59655743,2821325.94779182
62.9004902692841,7765135.50467052,2825332.85778567
62.9047030154982,7765246.83979044,2815353.07805785
62.9089157617124,7765338.60658472,2805072.88139472
62.9156038661071,7765471.37672149,2788784.2537125
62.934003322886,7765860.01784821,2743982.85264523
63.0115251978235,7767886.99111975,2552226.20798783
63.089047072761,7772192.93051519,2343285.69917883
63.0992888968067,7772762.00394741,2315680.99147166
63.1055907643477,7773112.26934057,2311331.80322905
63.1118926318888,7773492.94629593,2308915.75458642
63.1206008532971,7774015.29694917,2305535.06573182
63.146741772011,7775578.83062449,2295391.34516859
63.2774463655806,7783326.49185751,2279690.67376585
63.344098138934,7787312.67232737,2275683.17802378
63.4107499122874,7791326.45979025,2268808.48162169
63.4809459415889,7795494.24735465,2271752.43808188
63.5511419708905,7799754.8553571,2264478.19068367
63.621338000192,7804050.55912747,2255428.72156978
63.8012504841889,7815025.18749985,2257877.90332774
63.8176057305243,7816104.57568289,2250023.86637736
63.8339609768597,7817181.33173848,2242107.62906834
63.8744986827214,7819841.82178351,2222487.64366842
63.8957253345462,7821236.61666659,2212214.82101444
63.9169519863711,7822417.4903656,2226459.39314286
63.9381786381959,7823534.13456653,2251315.43232691
63.9594052900208,7824649.55816804,2276137.21186405
63.9901454364937,7826261.22000685,2312083.27882097
64.0208855829665,7827889.19183416,2324508.80913283
64.0512272798253,7829481.36400393,2323840.41678863
64.0815689766841,7831074.58264694,2323200.45958252
64.1369367870141,7834187.26904901,2305051.05874114
64.1923045973441,7837391.81147481,2278330.30667482
64.2174408102729,7838663.86316171,2288926.80522077
64.2425770232016,7839876.03862096,2309811.58933363
64.2677132361304,7841087.34166475,2330668.92139825
64.3460354592222,7845048.02239942,2341743.73515968
64.3810850819086,7846868.17268476,2329625.01670177
64.416134704595,7848700.52479489,2321716.79267316
64.4511843272814,7850552.35849269,2318796.33412107
64.4862339499677,7852403.73897929,2315866.07932357
64.5611890501391,7856353.02039131,2314450.10490996
64.6010338224634,7858447.45057656,2314311.35075299
64.6139098450123,7858998.47295302,2324792.39739875
64.6267858675612,7859548.74171343,2335360.23998678
64.6557282888537,7860796.27951682,2359112.07492678
64.7811250268467,7866242.89239463,2390666.17204698
64.8190862845026,7867849.02788012,2392884.16698108
64.8570475421584,7869417.004627,2399672.53412194
64.8950087998143,7870984.90617402,2406453.68092917
64.9396623783535,7872880.72046221,2402826.6181078
64.9843159568926,7874791.55646125,2397704.18754712
65.0538148707064,7877708.82658319,2397599.62159621
65.1233137845202,7880617.22138448,2399258.79100342
65.2415490615185,7885500.89086197,2404858.37598643
65.2969244446526,7887726.38524832,2411527.98153522
65.3254828226697,7889056.63184978,2396810.41095905
65.3540412006867,7890435.40726897,2375964.39382324
65.3825995787038,7891814.46008188,2355131.96388669
65.3984922206135,7892583.07957739,2343539.19332117
65.4084115412765,7892968.01812496,2348919.22063545
65.4183308619395,7893354.99311684,2356785.67492034
65.4314002718129,7893863.37054969,2367123.97139848
65.4748897060447,7895550.54358052,2401526.62462826
65.5364717474482,7898013.12390852,2416121.01366269
65.5755210966001,7899591.92156306,2410318.66704572
65.614570445752,7901130.56184891,2409697.07664755
65.6536197949039,7902609.37794893,2417873.42664303
65.6926691440558,7904087.91199765,2426040.03192684
65.7356736363985,7905765.75831055,2423333.21375344
65.7786781287413,7907450.65982579,2418175.02173098
65.8360001940624,7909630.11453173,2420400.56293501
65.9030294766024,7912156.21718261,2427877.62469715
65.9264308712811,7913134.82576315,2419446.04809414
65.9498322659598,7914112.09508105,2410972.72350093
65.9933453069378,7915923.17622101,2395214.80608167
66.0205194170042,7916968.01751378,2399296.44548512
66.0476935270705,7917994.00972393,2408011.2512417
66.0748676371369,7919019.75130538,2416715.30116623
66.1391612019596,7921531.68818058,2417643.27480589
66.2034547667824,7924089.67407519,2406421.66065857
66.2677483316051,7926648.47348398,2405682.89523665
66.3176718472347,7928599.81451415,2408029.23009499
66.3675953628644,7930489.96810874,2415750.98802563
66.4358487252115,7933048.16268589,2422681.42207722
66.5229158670231,7936328.31009273,2421907.59812832
66.5867618533891,7938830.9937073,2410192.66356286
66.6472145034754,7941150.4201782,2411141.65958237
66.7076671535618,7943438.4598682,2416756.11502919
66.7681198036482,7945595.76702101,2428689.73446541
66.8285724537345,7947840.9159814,2428632.86752246
66.8725112887624,7949534.65066285,2418753.83995685
66.9164501237902,7951213.33489058,2411221.26350028
66.945099866386,7952220.90159659,2419883.97348225
66.9737496089818,7953229.3082048,2428579.35661931
67.056157066755,7956254.80793188,2426729.67416739
67.1005357934701,7957912.46164659,2418652.20636425
67.1265344224074,7959089.3481759,2401306.97298986
67.1525330513448,7960265.41693605,2383916.50224597
67.1812022297516,7961556.96928358,2364737.51082507
67.1977402034103,7962303.57406439,2353674.6649652
67.214278177069,7962818.7785417,2367816.16164336
67.2308161507277,7963263.3906082,2394175.38479603
67.2473541243864,7963706.25688326,2420484.05686334
67.2905496884929,7964854.30123049,2489198.16477247
67.2997555457283,7965099.80829787,2503843.41025225
67.3053616088582,7965319.58370523,2500574.17781551
67.3109676719881,7965525.71284938,2496458.73905977
67.3197497075595,7965825.51298347,2490041.42729399
67.344454984645,7966703.8452891,2471997.34474858
67.4047099255364,7968847.42984739,2430665.47649726
67.4269663604976,7969672.89842348,2427118.70280746
67.4492227954589,7970500.00134099,2423612.84130301
67.5098633474757,7972750.37224883,2416094.85711571
67.5705038994924,7974929.91856143,2422289.3282637
67.617873659737,7976593.68578976,2428401.63908077
67.679928632663,7978690.46414583,2439179.88745986
67.7451513077166,7980969.33272045,2436265.17524061
67.8103739827702,7983273.81914549,2429378.86067515
67.8805380621208,7985659.56956502,2435816.30740129
67.9507021414714,7988077.44835227,2435642.70642557
68.0401565676357,7991251.3350616,2426337.53081259
68.1104666878775,7993779.90647778,2418803.36624318
68.1542964001165,7995211.55742449,2432747.99103164
68.1981261123554,7996643.33293375,2446713.79343188
68.2357420328231,7997888.89357752,2446141.4829692
68.2733579532907,7999137.21566701,2444874.03674422
68.3447743128248,8001557.06889743,2437884.24047798
68.4765672002338,8005995.73088757,2438056.17176079
68.5602282485273,8008778.60582851,2440384.73164219
68.6438892968207,8011539.61074182,2440850.52897502
68.7632448724199,8015598.40623866,2429720.70478257
68.8345488890418,8017920.61577781,2436340.98384714
68.9058529056636,8020108.33477633,2459742.92657524
68.925520117768,8020808.03581622,2451136.79639157
68.9451873298724,8021505.56678438,2442469.29369524
68.99289805962,8023186.59367312,2421438.62637545
69.0327567998396,8024557.90545383,2420626.50362427
69.0726155400592,8025927.3989271,2423520.99448674
69.1124742802788,8027217.03439793,2431765.06166908
69.1523330204984,8028333.04191574,2451918.63997666
69.1876898658609,8029343.7326706,2469795.82851497
69.2230467112234,8030502.92391626,2463375.85819733
69.2682983094581,8032072.19340925,2438264.80824811
69.300511026336,8033178.6168979,2420890.39070806
69.3103339566198,8033471.93104723,2424813.88087112
69.3201568869037,8033761.19041658,2428834.34147868
69.3417711077763,8034410.23564626,2437677.27579836
69.4018619306998,8036208.19659863,2461682.79032466
69.439747094066,8037283.41812821,2465424.28599339
69.4776322574322,8038367.16667849,2469142.43865641
69.5449443728992,8040439.62167489,2458534.96476609
69.6122564883661,8042558.56489538,2444517.92356863
69.6698516767525,8044288.88793795,2452769.40326749
69.7274468651389,8046077.25925864,2452391.29236875
69.7850420535253,8047919.39398331,2442413.66935181
69.8426372419118,8049672.94098882,2446770.42297303
69.9002324302982,8051400.11656694,2456165.58204249
69.9578276186846,8053147.1999961,2454140.31905582
69.9992600399718,8054404.08683839,2452672.08102037
70.0067081451605,8054404.44106173,2468370.71522356
70.0141562503492,8054408.06361252,2486158.59271588
70.0239983414428,8054410.49193592,2509628.62660164
70.0541166099132,8054411.93922945,2581452.24075138
70.0876015886213,8054415.94126145,2661305.77973828
70.1210865673294,8053183.48575919,2771731.81265934
70.1474447450165,8051664.82101057,2873080.5768049
70.1738029227037,8050142.50164541,2974393.78069918
70.1862055803581,8049422.68594151,3022063.19455881
70.1986082380126,8048705.28605425,3069734.27692883
70.203836867626,8048695.74699174,3061833.79207143
70.2090654972394,8048672.37570044,3042363.98745167
70.2142941268528,8048659.09500437,3023058.68516796
70.2247080818259,8048647.18143971,2984596.41505489
70.2556313734922,8048589.74183252,2870370.35051709
70.2794516919055,8048547.30542439,2782384.22203391
70.2936610220076,8048521.69277327,2729898.27380732
70.2994382965492,8048511.28660098,2708558.38318618
70.3031183489969,8048429.76599394,2708001.93223309
70.3067984014445,8048398.0370546,2710472.97775657
70.3104784538921,8048358.75885025,2712863.19550193
70.3193722299476,8048259.3875549,2718655.46532774
70.3521146819654,8047904.45723648,2739984.10969105
70.3853893118932,8047542.39353198,2761657.85897276
70.4186639418211,8047454.68205993,2759822.27280594
70.4418560912035,8047301.9069305,2745370.55173663
70.465048240586,8047248.56795521,2730997.07935951
70.4991108706563,8047175.94006127,2709892.72594189
70.5125381851357,8047114.54604842,2711017.87274135
70.5259654996152,8047051.36248453,2712902.69820629
70.5502795689441,8046959.711608,2716317.36719935
70.5827880919709,8046824.39403509,2720874.97449895
70.6018566099486,8046652.54411719,2726257.08542416
70.6134771144238,8046367.4698156,2745153.75977315
70.625097618899,8046039.8981448,2764139.5790144
70.6498262065807,8045358.77632077,2804544.8521227
70.6748729856,8044662.60820998,2845465.38295097
70.6999197646193,8043967.18758927,2886387.49519749
70.701400465882,8044038.52990441,2882626.82374974
70.7028811671448,8044057.61117315,2877791.94231408
70.7043618684076,8044078.330647,2873075.92128801
70.707283182826,8044127.20181766,2863736.79257639
70.7157587005289,8044266.69785783,2836646.43409371
70.7524157079613,8044875.28558709,2719484.29763519
70.7998083698197,8045661.03652881,2568007.88513158
70.8022610367668,8045640.14029591,2568448.60096272
70.8047137037139,8045658.67588305,2570150.7477092
70.8077722837915,8045692.89327518,2572185.3149129
70.8144202230772,8045743.25281718,2576618.69705938
70.8384650410227,8045935.6540577,2592659.73885525
70.9003019017222,8046430.66524863,2633710.4766108
70.9180417857574,8046574.54039014,2633754.55739547
70.9357816697926,8046719.16874418,2633734.38615353
70.9779977628929,8047051.03423114,2633680.27211289
70.9960404844841,8047194.94329359,2633659.0643824
71.0083879374226,8047508.17030685,2618021.68553846
71.020735390361,8047892.43258047,2594619.13007131
71.0330828432994,8048278.14423527,2571259.88565237
71.0678923251444,8049373.3836948,2505407.20859848
71.0877462437534,8049996.30526701,2467846.17574359
71.0982467897871,8050325.99776288,2447980.87959265
71.1052236859299,8050465.00155473,2448605.3977675
71.1122005820726,8050619.84891971,2454359.30853163
71.1191774782154,8050771.41109517,2460057.95489316
71.1385353484897,8051185.09144101,2475875.07226599
71.2215568052536,8052673.0873614,2548679.87608991
71.3045782620175,8053357.04759529,2630782.99328998
71.3077181256268,8053489.78411074,2624535.98717489
71.310857989236,8053595.07435531,2617918.9485616
71.3153898776966,8053734.52966282,2608421.33409529
71.3270565037979,8054119.42834859,2583972.01033425
71.3722543471402,8055600.32595517,2489243.49309302
71.3883002208186,8056126.56821501,2455614.01848235
71.397323654442,8056422.39019071,2436702.28891709
71.4063470880655,8056531.5928011,2442434.82305766
71.4153705216889,8056627.77564637,2459338.1712234
71.4243939553123,8056719.72954174,2476153.22316759
71.4451904852403,8056920.2008606,2514911.15277968
71.4731200815692,8057195.80772419,2566966.00939432
71.5010496778982,8057486.00107895,2616133.61946529
71.5052248790872,8057600.48100466,2612558.71132303
71.5094000802762,8057694.13050261,2608690.93200109
71.516106910344,8057828.50289261,2602511.83398603
71.5350687936389,8058237.03994186,2585049.60175777
71.5732587751646,8059054.73518785,2549874.63866878
71.5930679765727,8059479.26504239,2531629.7157051
71.6128771779807,8059725.96350218,2537450.58771374
71.6398996375016,8059977.66238274,2563611.39226389
71.6589569853789,8060154.69838834,2582031.62924235
71.689439037166,8060432.52506306,2611490.15695223
71.7199210889531,8060797.31576869,2616300.55110718
71.7581438905842,8061282.14475365,2605614.5460056
71.785647418444,8061631.06191439,2597943.31394639
71.8217426159018,8061788.99663062,2615777.06985614
71.8468041670732,8061777.1665546,2641176.7230069
71.8718657182446,8061764.66781113,2666542.1116322
71.9435916831592,8062124.79319294,2666219.75199896
72.0153176480738,8062539.08339084,2640815.31666391
72.0444632930205,8062463.85207239,2664181.7444782
72.0736089379672,8062389.26416992,2687584.82572131
72.1532012919917,8061752.44170454,2740972.62291003
72.2643565283113,8059726.24750805,2826318.44482201
72.2891630595657,8059132.34485349,2848320.46892551
72.3139695908201,8058761.76212094,2844680.71275053
72.3335797251627,8058567.39003463,2825669.48908493
72.348035569998,8058425.19551829,2811695.54957647
72.3875821266291,8058045.59932185,2773475.36893486
72.4488304803965,8058030.10923159,2719342.47814995
72.4840581641956,8058101.36405862,2688954.90123355
72.5192858479948,8058001.02581854,2687196.93056749
72.5442519915735,8057844.51066594,2703030.90210198
72.5622116586603,8057731.11926948,2714388.5021219
72.6140873406968,8057178.09573303,2753246.16551359
72.6550222247904,8056290.98798125,2796859.26326044
72.6833140238439,8055677.6707583,2827002.52078467
72.6978146002716,8055363.57178036,2842452.31555979
72.707173423563,8055269.11440969,2838868.78841823
72.7165322468544,8055178.97531629,2830821.34363657
72.7258910701457,8055090.52080778,2822808.14124185
72.7548481248204,8054823.06828753,2798014.88248673
72.8853112462299,8053871.51831271,2740052.51453269
72.930067610524,8053157.0918521,2766632.53988745
72.9613180306498,8052521.80187877,2797870.55697941
72.9925684507757,8051886.29612269,2829083.60067149
73.0211271432021,8051194.43038655,2844372.9554129
73.0496858356285,8050455.44993294,2854896.42449303
73.0782445280549,8049716.62819229,2865429.03595561
73.095333523393,8049275.73861197,2871732.5932244
73.112422518731,8049174.3714045,2851399.21217252
73.1256505015959,8049169.20274266,2827592.76424476
73.1388784844607,8049165.27988536,2803827.03856193
73.1759103436429,8049162.68398056,2737298.21870392
73.2017166449548,8049213.71874251,2689741.12798463
73.2191575455217,8049764.45114827,2646170.58303174
73.2365984460886,8050315.43487836,2602546.08619332
73.2808376480485,8051702.34644725,2491887.12907154
73.294913637658,8052145.06182737,2456679.08142811
73.3089896272676,8052374.54205034,2457744.84277065
73.3186035769842,8052489.26671613,2473153.98387498
73.3282175267009,8052606.80082881,2488454.83414369
73.3488050666517,8052844.58956267,2521223.75098577
73.3806786483656,8053221.59785564,2571960.77966409
73.3974845710568,8053419.85939939,2598712.07288846
73.4083495266335,8053570.39484368,2602533.63669991
73.4192144822102,8053701.99882913,2602013.71303385
73.4300794377868,8053835.06656087,2601522.3286355
73.4653964415361,8054273.14875425,2599925.1020173
73.551166300627,8055415.41908928,2592359.89201742
73.6003490545614,8056095.257365,2586761.46382973
73.6188905396674,8056241.74607101,2594195.57627117
73.6374320247733,8056398.31619158,2601681.56359244
73.6853121602132,8056812.76372281,2621018.11731238
73.7929493524257,8057035.72035936,2679714.06535192
73.8570440145628,8056817.28669749,2704881.00126266
73.8915857137049,8056686.19296705,2717687.62214193
73.9261274128469,8056044.35999611,2754977.44171988
73.9514350434957,8055470.28684036,2788199.70157067
73.9767426741445,8054896.34504497,2821409.36544413
73.9915724416431,8054558.42892794,2840868.39967683
73.9995560512398,8054377.07564211,2851344.56516034
74.0041993787516,8054430.81644974,2843372.04209221
74.0088427062634,8054458.17505916,2833429.3390798
74.0148186042765,8054498.88262215,2820694.5530227
74.0311555379437,8054617.28969973,2785874.54228345
74.098015099516,8055089.57774525,2643364.91276657
74.1070990743147,8055104.91608376,2640633.62751691
74.1161830491135,8055142.73637836,2642954.80730491
74.1252670239122,8055178.23134815,2645234.87734691
74.1519311061014,8055275.69596468,2651928.69725257
74.2715313374751,8054553.45683386,2748054.70389441
74.2906866807335,8054316.54172206,2770625.82140878
74.3004242003613,8054223.39366766,2779913.04735304
74.3015319199997,8054315.35144976,2775896.28863077
74.3026396396381,8054351.12475378,2771209.7987537
74.3040195128384,8054404.39538552,2765530.8154605
74.306685415567,8054511.45328151,2754516.35623459
74.3144895500022,8054821.14018593,2722280.14671262
74.3491000401944,8056199.87583339,2579319.0278962
74.3917227473222,8057896.75850614,2403261.88734065
74.3975706580977,8058129.61773896,2379106.58608195
74.4034185688732,8058157.53999957,2378619.98242998
74.4092664796487,8058186.16216905,2396738.8136327
74.4137145298589,8058199.3377462,2410353.77628333
74.4221818296941,8058211.49949,2436294.19716003
74.4505598357427,8058275.17247066,2523236.09882241
74.5924498659859,8055877.36368092,2866511.43092714
74.6154607861238,8056116.21948784,2823243.14148238
74.6232067023597,8056297.30346237,2793216.97986391
74.6309526185956,8056485.58199197,2763337.83741594
74.646186562563,8056872.72115683,2704570.48658379
74.6958555408963,8058110.69599568,2512950.49686699
74.7065016071192,8058105.23928076,2511808.39888547
74.7133038674706,8058077.2781914,2528363.28568272
74.720106127822,8058039.58403961,2544734.23967516
74.7328633968372,8057951.46119761,2575449.02910809
74.7741115110168,8057692.93320907,2674769.91396757
74.8020292471878,8057492.95723779,2739067.42214353
74.8114630913474,8057317.9600122,2748130.91234236
74.820896935507,8057135.57400559,2757077.47159099
74.8404923880853,8056741.46986351,2775660.05431836
74.8859461049081,8055842.06300719,2818774.30308211
74.9313998217308,8055053.09907175,2825515.34105831
74.9675614724114,8054449.00888307,2817740.01197821
74.9955872950304,8053980.71607282,2811728.59654611
75.0267706277052,8053707.35443136,2793902.80308196
75.05795396038,8053469.2331879,2774184.39330145
75.1030032558801,8053099.24114885,2749241.15851679
75.1158292246568,8052892.1606603,2756277.85839714
75.1286551934336,8052688.73139771,2763407.715636
75.15641256785,8052263.36670267,2778843.12818316
75.190286469454,8051737.16991661,2797674.38745373
75.224160371058,8051374.4195952,2792547.70487172
75.2580342726619,8051061.2075985,2777600.29446956
75.2919081742659,8050747.97355162,2762668.76205022
75.3141407979845,8050363.15114823,2770813.20373016
75.336373421703,8049889.30947952,2789512.67592622
75.3586060454216,8049417.80699397,2808182.72120077
75.3784947811956,8048992.31220471,2824881.83580293
75.3983835169696,8048568.84254289,2841582.27727072
75.4037234498046,8048678.0421278,2830084.41069597
75.4090633826397,8048812.9635597,2810760.24294022
75.4144033154748,8048953.5673238,2791541.81678786
75.4267918977862,8049289.84325396,2746944.35424444
75.4690633984623,8050421.07706474,2594762.89021773
75.4867003096727,8050893.89448914,2531269.25724542
75.495449700635,8051128.28501972,2499770.92321305
75.5006645796718,8051230.25662389,2484584.56226448
75.5022338384199,8051189.80456205,2487565.65286657
75.503803097168,8051193.5690056,2491028.64479168
75.5058773701915,8051195.41956307,2495499.44729857
75.5103299444456,8051189.77419748,2505121.18406234
75.5259702771531,8051176.68845845,2538917.96065096
75.602107998475,8051095.592306,2699885.0236514
75.6096443123539,8051056.2832963,2703568.06965866
75.6171806262328,8051006.28401624,2707082.63650195
75.6314494756724,8050893.89741542,2713742.61914012
75.676972302129,8050561.21560533,2735004.88422998
75.7351360806121,8050434.94127933,2724893.54844786
75.7716905345855,8050465.14352784,2703010.1498282
75.8082449885588,8050482.77875677,2686748.58007029
75.8447994425321,8050470.86979395,2689929.44330286
75.8813538965054,8050458.96880955,2693122.62937568
75.9342485253656,8050177.74910406,2713703.23804604
75.9871431542257,8049757.89552529,2743073.52082892
76.016440925826,8049730.7796187,2736530.98357481
76.0457386974262,8049833.02108941,2711773.53079777
76.0663599769131,8049905.39484248,2694375.5766421
76.0919927082507,8049999.82068459,2672753.90791947
76.1176254395883,8049800.15607914,2685463.14711919
76.1432581709259,8049500.40712356,2714164.9518216
76.162015975622,8049280.70244887,2735141.10307749
76.1819037857619,8049043.64283247,2757377.31091168
76.2017915959018,8048879.67947942,2773078.76928728
76.2063762979028,8049008.06477385,2761464.57120763
76.2109609999037,8049116.81838079,2749544.83999695
76.2182958407712,8049271.43041612,2730503.68865507
76.2383026898902,8049724.46643906,2678579.18324899
76.264250978671,8050308.35481836,2611230.25935785
76.2901992674518,8050892.91620323,2543881.99996146
76.3157126126555,8050996.00005552,2550112.31898353
76.324274832908,8050971.03120186,2567829.8548854
76.3328370531605,8050939.25328032,2585411.67376384
76.3501154744999,8050859.48864983,2620895.86692586
76.3782289012175,8050740.88960311,2678637.60617949
76.3938009431179,8050674.50399824,2710619.79768839
76.4093729850182,8050733.59702196,2716789.43871039
76.4249450269186,8050816.40865098,2705203.18615536
76.4361748844021,8050878.10472968,2696902.78277654
76.4646660441548,8051045.11610878,2675848.80346446
76.4869237542488,8051172.60514293,2659399.15805095
76.498482382263,8051239.05751914,2650857.05004331
76.505832197086,8051127.68316439,2658881.13683709
76.513182011909,8051008.8460663,2670797.80253649
76.520531826732,8050887.6950309,2682673.50541873
76.5427350061818,8050515.74985204,2718552.02041387
76.5733200439803,8050006.67740834,2767977.30494539
76.5942657965541,8049657.65087116,2801824.95188476
76.6089029115627,8049539.02373817,2804483.11991183
76.6235400265714,8049451.50727902,2793040.64150278
76.6349525559179,8049385.0442813,2784169.15851501
76.6648504787748,8049220.71180335,2760932.99543321
76.6892861209229,8049083.53379093,2741939.93184288
76.713721763071,8048646.67264801,2746292.74638909
76.7381574052191,8048282.13706312,2769446.60685232
76.7553311544193,8047957.09714989,2785658.07844573
76.8019097274227,8047109.04442536,2825116.13644137
76.807296731951,8047134.69347208,2817628.90069151
76.8126837364794,8047146.17960559,2809906.71134548
76.8222488457935,8047147.75772074,2796212.59168463
76.849478004764,8047180.53319589,2757244.66586701
76.9000212337096,8047235.42490966,2684972.88248614
76.9019290643801,8047157.06131272,2687949.31929086
76.9038368950506,8047114.20626148,2691363.12667667
76.9064153280847,8047058.13301304,2695890.10951799
76.9121262554031,8046919.89746135,2705931.11599005
76.9333053309876,8046415.61467914,2743172.48404192
76.9616865706375,8045738.08179189,2793076.36888049
76.9900678102874,8045060.92637938,2842980.70996572
77.0175435965609,8044985.51065641,2822711.59911468
77.0274788517638,8045044.29362091,2800951.96128405
77.0374141069666,8045107.69756651,2779297.10865226
77.0587094293204,8045258.11729954,2732883.42342171
77.0852001531795,8045437.61344439,2675140.70791341
77.0979155713686,8045524.28698186,2647425.2937336
77.1056326927545,8045496.3755697,2646258.08884678
77.1133498141404,8045485.43005728,2651416.1906898
77.1210669355262,8045471.1582558,2656514.6377144
77.1416168956615,8045425.14119384,2670094.69036213
77.178455861276,8045348.4297122,2694442.68719538
77.1977200895037,8045307.8920962,2707174.41577181
77.2097261398929,8045390.6333771,2701819.92817236
77.2217321902821,8045480.1110036,2693131.76470628
77.2363714990988,8045590.16284944,2682561.7697167
77.2851772688368,8045962.59917108,2647324.13949417
77.3621839194074,8047261.83369388,2580796.17930494
77.3975017700772,8047945.54534255,2549079.40696503
77.4076683731801,8048022.10472482,2553555.80381129
77.4178349762829,8048100.77562927,2562787.70340793
77.4280015793858,8048177.81531579,2571985.98700467
77.4596650395258,8048411.7893017,2600634.33884616
77.5474518193879,8048829.81789451,2655462.97058142
77.6044162814361,8048938.09539603,2677294.23043437
77.6613807434842,8048776.43455205,2698282.35054983
77.7613372515757,8047188.09871003,2804360.02928628
77.7859656994777,8046595.26949597,2841327.07841677
77.7981591092638,8046301.65522696,2859615.28525427
77.8057169255587,8046237.00411979,2856354.69491815
77.8132747418537,8046171.53646854,2847929.65267865
77.8208325581486,8046108.84514065,2839554.93438025
77.8420413581226,8045940.22371738,2816051.84031715
77.8727663665532,8045691.63640994,2781999.63816895
77.9034913749837,8045373.65758867,2756001.31412563
77.9108671346456,8045169.58624369,2764887.12657896
77.9182428943076,8044973.73988708,2773929.26472453
77.9325500496626,8044610.77036867,2791463.66583957
77.9783381325105,8043424.72810815,2847565.2809255
78.0039395625034,8042826.45344995,2870569.7585101
78.0133306404812,8042721.08226643,2861962.05274548
78.022721718459,8042610.59009755,2853246.85213312
78.0426390055899,8042361.46912058,2834761.259237
78.0832489358166,8041866.00177852,2797079.71196938
78.1238588660433,8041242.11384164,2789208.28935512
78.1508098446155,8040788.58613798,2798101.28721552
78.1777608231876,8040334.19932716,2806959.96962983
78.253936064999,8039313.09509393,2796067.35063195
78.310038141531,8038511.34662439,2788590.15291639
78.3363875745162,8037875.80480068,2810125.54212822
78.3627370075015,8037240.70746118,2831700.26488244
78.400330661801,8036341.76276459,2862214.58660597
78.4130406895022,8036047.74766785,2862113.97502831
78.4257507172034,8035749.89608711,2861930.85350501
78.4544225000491,8035064.48043801,2861511.67866755
78.4840089717124,8034362.66492904,2861083.98952138
78.4996708024517,8033990.7268163,2860856.75766266
78.5051566095695,8034032.8029974,2850250.89722482
78.5106424166873,8034062.91811764,2838701.97321859
78.519338517758,8034113.80732357,2820429.71291528
78.546696765676,8034279.50915604,2762943.33620875
78.5753352942734,8034450.6872892,2702765.07845303
78.5924929864362,8034553.49180476,2666711.86446581
78.6096506785989,8034425.3670129,2664248.88715502
78.6220161309218,8034263.73162747,2682018.81225057
78.630703042669,8034146.94361866,2694424.52140733
78.6510131356109,8033862.01475519,2723427.53774748
78.6867692231874,8033368.35040843,2774492.08201444
78.722525310764,8032784.0029896,2800856.87174881
78.7568706023557,8032142.16922283,2811998.31589598
78.7912158939474,8031503.52349015,2823165.68087567
78.8196860858301,8031607.3252636,2782620.18042871
78.8381557696136,8031828.29413128,2741549.30049391
78.856625453397,8032050.38623564,2700530.06242157
78.8829815232303,8032374.8490695,2642000.27020274
78.8932540428607,8032499.83617652,2619186.56137865
78.8988313830374,8032567.83992755,2606800.44030825
78.9044087232142,8032377.86661425,2617873.04584457
78.9084252956905,8032250.46496072,2631018.58354408
78.9124418681668,8032115.01656845,2644055.44606833
78.9213327482195,8031808.47578372,2672931.3077284
78.9523274351488,8030753.73006665,2773601.04100785
78.9783967239758,8029865.26528779,2858271.69238614
78.9932587325122,8029358.96048982,2906542.37712998
78.9996371464276,8029141.65885027,2927258.97322237
79.0035991157925,8029066.73524282,2927507.45990893
79.0075610851575,8028948.18660335,2925970.43411602
79.0125542348382,8028805.80738598,2924101.73385924
79.0258555324174,8028432.93775953,2919115.89510265
79.0778366085619,8026963.75153701,2899623.47856057
79.1646908925248,8025026.58177931,2857228.46268677
79.2515451764877,8023014.29859918,2854702.83829346
79.2926672838934,8021989.98345473,2867652.34561518
79.333789391299,8020575.36293332,2894979.72013068
79.3656543904401,8019416.628591,2918622.80104228
79.4082538964295,8017856.96732167,2945092.48554345
79.450853402419,8016233.75329038,2949986.10154321
79.4837804788799,8014979.26609863,2953757.48942437
79.4977391917175,8014445.70122188,2955354.27173507
79.5067773338215,8014322.02530559,2942490.10719254
79.5158154759255,8014242.7349521,2924613.55730008
79.5248536180294,8014165.11490182,2906776.52883223
79.5516572893636,8013941.66841957,2853879.19219978
79.5993140373839,8013540.05136696,2759824.36170938
79.6034491712661,8013371.52871734,2764378.57815245
79.6075843051483,8013229.17073377,2772066.98164457
79.6117194390305,8013081.0049684,2779685.34091152
79.6223360053015,8012695.74698342,2799257.02866766
79.662196484309,8011259.64627025,2872745.49387478
79.6869945793985,8010365.38276749,2918463.23405084
79.7008423827519,8009876.82942694,2942078.50565584
79.7061034858179,8009746.35737758,2939715.75895194
79.7113645888839,8009601.48051508,2937138.27419556
79.7210145363091,8009318.95460554,2932425.66847412
79.7484710530887,8008540.58004586,2919033.92967407
79.7838707510809,8007534.07292533,2901763.56236085
79.8192704490731,8006249.95872501,2910450.24633558
79.8447705614015,8005180.85813067,2932648.55526518
79.863514469244,8004394.42065419,2948935.50073075
79.8981937219651,8002933.51160516,2979061.96447019
79.919240621175,8001984.18684563,2985086.83829547
79.9402875203848,8001021.28905069,2989883.30865508
79.9738750634908,7999484.56734434,2997540.87485114
80.0443034605431,7995936.70069414,3023131.5668613
80.1147318575954,7992250.41840888,3045246.54451588
80.1691448206429,7989529.20663604,3035440.79950499
80.1916368070245,7988404.82099551,3031384.93244753
80.214128793406,7987737.82062433,3002522.80224793
80.2413015914806,7987208.33792869,2949423.06363056
80.2684743895552,7986684.89829189,2896367.53118746
80.2948288008172,7986182.86532548,2844915.32780432
80.3012768048055,7985958.01272339,2838936.9558184
80.3077248087939,7985442.29459997,2861348.72652178
80.3123516340097,7985082.62318107,2877590.64563036
80.3211548766265,7984411.72164459,2908479.20988645
80.3492169314712,7982250.45810004,3006930.2498807
80.4855861268478,7974970.21440715,3001398.12489862
80.4935425699139,7974636.43905713,2984089.99070487
80.50149901298,7974298.28814556,2970457.83806406
80.5094554560461,7973931.48159823,2972657.7682168
80.5174118991122,7973571.50551041,2974959.18892732
80.5350203365202,7972787.02101519,2980052.3813304
80.5950106948147,7970096.89410007,2997389.91996215
80.6117431372178,7969574.83397737,2985636.22155544
80.628475579621,7969127.26448807,2966552.40062343
80.6452080220241,7968680.42252547,2947496.84962357
80.6969108208893,7967306.40369837,2888620.91542005
80.7085571226023,7966886.54774355,2890660.77830023
80.7202034243153,7966455.77602849,2898561.05717109
80.7318497260283,7966023.48947788,2906426.77489271
80.7669912944587,7964712.5664132,2930158.34724703
80.7972005545419,7963587.64979163,2950561.213292
80.8132750385186,7963124.29034584,2944837.55960252
80.8293495224953,7962673.57159714,2935427.6291935
80.845424006472,7962223.30853799,2926032.00976377
80.9058061797835,7960623.89122553,2888433.48306775
80.9444557582674,7960124.01398109,2850413.99489841
80.9831053367514,7959624.70176048,2812372.39761381
81.0351443576127,7959084.12083419,2785878.01205368
81.0871833784741,7958624.12522598,2771417.53944822
81.1286303533366,7958090.74704421,2778637.89647202
81.1700773281991,7957493.2356866,2794379.23729317
81.1930062424511,7957162.78066318,2803081.85779629
81.2159351567031,7957111.25721027,2787569.47025917
81.2388640709551,7957159.07270954,2761125.68261854
81.2617929852071,7957207.51180403,2734712.07283413
81.2830015754933,7957255.84974877,2710282.63800976
81.295088443721,7957282.27343488,2696359.4257873
81.3071753119487,7956973.0340521,2709819.15122756
81.3192621801764,7956509.51547259,2742988.06700943
81.3277864090938,7956179.73107036,2766301.8711214
81.3476723895219,7955399.07157646,2820688.60374488
81.3709260127807,7954491.46664974,2884289.05287727
81.3941796360395,7953583.23201373,2947888.60168772
81.4016505199053,7953360.10211146,2961424.5057299
81.4091214037712,7953272.02066525,2949289.25630164
81.4150552680925,7953194.99161695,2939544.40129383
81.4281033193797,7953014.01231739,2918121.00564857
81.4729373763747,7952410.06925868,2844520.72420627
81.4938294052689,7952127.92924119,2810223.20196455
81.5147214341631,7951712.83310199,2807173.18357468
81.5312769911221,7951368.99260174,2815475.69088277
81.5478325480812,7951023.60575143,2823735.6352629
81.5928438090998,7950075.98934026,2846187.42436442
81.6226979713755,7949550.75955496,2843718.08865073
81.6525521336512,7949046.23050486,2835643.04270866
81.6824062959268,7948541.77860357,2827578.23479175
81.735653315499,7947433.01822585,2836229.80402836
81.7889003350711,7946230.0482524,2856381.65116716
81.8224660692592,7945603.11404126,2852574.8975847
81.8560318034474,7945028.3815215,2840457.74705612
81.8895975376356,7944453.81888986,2828355.18208718
81.9371397222823,7944102.41503929,2793805.70042354
81.984681906929,7943874.19162028,2754305.29636602
82.0322240915757,7943174.90630288,2771952.09509051
82.0558244687738,7942732.87863034,2794397.27187049
82.0794248459719,7942290.09571731,2816806.44431034
82.0978134579507,7941941.09296363,2834263.93347772
82.107766260598,7941919.8731736,2826769.06411989
82.1177190632453,7941914.38741868,2814128.32738825
82.1276718658926,7941910.75012835,2801525.04845824
82.1574276059909,7941906.10044167,2763845.55726078
82.1817662812359,7941900.31587545,2733023.85667025
82.1958116081741,7941897.23184044,2715237.75010356
82.2098569351124,7941678.30195291,2722508.23774487
82.2239022620506,7941409.35678794,2740933.56830407
82.2379475889889,7941138.36556964,2759304.97057112
82.2741675733298,7940430.28737636,2806677.37432154
82.2916716593307,7940089.8617378,2829572.95428926
82.2999306469624,7939929.02955969,2840375.36471164
82.3049336365278,7939946.84570609,2834631.76161038
82.3099366260931,7939937.52525885,2828405.7239299
82.3178555286654,7939927.36939246,2818588.20846825
82.342556366841,7939900.61496391,2787963.19921122
82.3830777861543,7939853.49316038,2737720.83348527
82.3961955062722,7939838.40053329,2721456.41605796
82.40931322639,7939607.44382967,2729216.20029993
82.4224309465079,7939329.86526959,2747297.31405827
82.4355486666258,7939050.16098065,2765324.57088439
82.4696039845843,7938315.01695865,2812122.69965471
82.4953061273781,7937762.73117771,2847444.42612519
82.5105211704459,7937490.98437367,2851630.50664473
82.5257362135137,7937215.68017887,2848031.42332583
82.5409512565816,7936941.76988971,2844466.46834312
82.5860764055394,7936136.30763618,2833897.38821223
82.6308440379549,7935983.84158946,2787158.50198111
82.6756116703704,7936107.66050518,2723821.00307394
82.6928631040285,7936155.11448748,2699420.13395616
82.7101145376866,7936016.69012411,2700044.48813306
82.7273659713447,7935797.92520005,2718960.73223178
82.7396594407259,7935640.27587784,2732389.95595698
82.7716240624736,7935221.12568026,2767302.51122327
82.7898953138956,7934983.4593594,2787260.30616954
82.7999845141174,7934852.02532163,2798280.48084162
82.8037093525068,7934921.09805193,2792296.86937259
82.8074341908961,7934966.47807479,2785925.62753401
82.8130183025001,7935019.83691087,2776414.78895925
82.8280246095214,7935190.75375553,2750864.71638977
82.8870128352874,7935853.03132204,2650418.98471389
82.8996011274151,7935994.64784084,2628983.85140711
82.9072448249717,7936060.03117094,2628321.85676048
82.9148885225283,7936134.57373464,2628552.13118389
82.927206897721,7936279.11246969,2628909.87933338
82.9636316534151,7936671.7742123,2629952.69262119
83.1370384473914,7938809.05074489,2615734.56886925
83.2627183377632,7940461.41634853,2614176.67110113
83.2929409248775,7940843.01202312,2616636.15736516
83.3231635119919,7940908.83059286,2639309.2754561
83.3462505727406,7940894.25530106,2661452.40878911
83.3693376334893,7940879.55558222,2683583.06618118
83.4591709741592,7940580.86895378,2730217.12803428
83.521347358852,7940164.08766948,2749956.02279291
83.5835237435448,7939527.73785513,2773032.07879454
83.6367963327002,7938475.10792331,2812370.69766623
83.6900689218556,7937201.94165648,2860575.23908984
83.7130319859574,7936894.55464481,2855281.51736813
83.7286696167056,7936778.85201399,2837758.85314287
83.7443072474538,7936665.39370056,2820297.9123533
83.782901179912,7936395.89980942,2777209.87780384
83.8499800401333,7936623.1458322,2708477.97593855
83.8850125299581,7936861.50057716,2673692.02510388
83.9200450197829,7937053.32305728,2662179.82379907
83.9550775096078,7937216.75979814,2668369.37349616
83.9798832988892,7937332.0075266,2672729.67274492
84.0048289396439,7937334.92922189,2683293.89876531
84.0297745803986,7936911.5097401,2720026.3627715
84.0479132598472,7936604.05366256,2746765.05276319
84.1011542971993,7935724.42740614,2822633.99577929
84.1066096398503,7935719.07177145,2818430.90919522
84.1120649825013,7935697.97091188,2813983.45440512
84.1216298812672,7935643.39139467,2806203.54703359
84.1487664878551,7935515.39581873,2784146.18642052
84.1857079942812,7935338.19827489,2754115.09747881
84.2226495007073,7935069.12761051,2747890.5178494
84.2550499101972,7934801.40028846,2755832.05169843
84.2874503196871,7934533.0605987,2763747.47664718
84.3501006708444,7934020.58056473,2766276.15871251
84.4127510220017,7933424.6273684,2771223.94735831
84.4754013731589,7932508.91046133,2798456.24260171
84.5249205957475,7931741.33472478,2812430.45407805
84.574439818336,7930921.03684849,2818849.64881092
84.6239590409245,7930217.9855113,2814859.47132648
84.663106508176,7929750.82213232,2802798.9478729
84.7022539754276,7929321.17273032,2789035.62240283
84.7186083406157,7929386.07158029,2771482.43177828
84.7349627058038,7929449.49220072,2753867.66968719
84.7748853386454,7929593.59359472,2710862.8107778
84.8491409993035,7929875.2453656,2682315.95205354
84.8822619801979,7930012.21300171,2681420.29502576
84.9050723056288,7930037.87017069,2685198.32859537
84.9278826310597,7929849.19456907,2704684.3371749
84.9506929564906,7929660.96571628,2724190.60215069
84.9845987219703,7929384.16875339,2753187.2414423
85.01850448745,7929230.50384447,2758993.65167112
85.0440415534484,7929169.10062907,2748551.37569185
85.0632964900685,7929123.69858026,2740707.18228317
85.0904789646042,7929063.78381152,2729637.14320568
85.1176614391399,7928738.16599554,2742534.54637291
85.1544646290182,7928135.88020938,2777885.81335208
85.1803902948424,7927711.51733228,2802768.99490238
85.1954078128576,7927463.3554514,2817180.23218061
85.2104253308728,7927453.86996918,2807262.19120947
85.2254428488881,7927510.47641197,2786153.40611857
85.2404603669033,7927568.86744547,2765094.78175456
85.2798137217715,7927730.85361467,2709914.87132159
85.2991999254774,7927808.91584771,2682730.51369426
85.3060449846624,7927782.39457635,2683929.26199869
85.3128900438475,7927771.92539152,2686814.48131342
85.3228628693098,7927754.15081189,2690985.00440161
85.3545472460963,7927692.53749512,2704236.14933008
85.3993994931652,7927607.86223243,2722996.06811231
85.40443447528,7927754.88162309,2713749.46093871
85.4094694573947,7927891.2103709,2702584.23536602
85.4164281853327,7928083.75277988,2687205.81182635
85.436285670349,7928639.25267611,2643317.11212068
85.4617382445916,7929347.94406088,2587060.34644831
85.4871908188343,7930057.13286883,2530804.0999574
85.4983021293349,7930366.71928491,2506245.45525935
85.504027319279,7930315.47404729,2513506.4587839
85.5097525092232,7930256.73749821,2530169.23588214
85.5154776991673,7930191.13129674,2546712.01131141
85.5281412721666,7930036.15668072,2583316.4546507
85.5725917560892,7929508.58602332,2711808.29237468
85.5880472490462,7929324.53587713,2756484.36946848
85.5972379997464,7929215.24413015,2783051.57429932
85.6064287504465,7929263.76438611,2783614.69993238
85.6156195011467,7929310.09650227,2772184.40118188
85.6248102518468,7929361.12913152,2760846.23381225
85.645581615768,7929487.86788888,2735220.74078439
85.7224664078267,7930325.08074724,2639215.65286574
85.7927077001264,7931945.33472552,2548962.75010201
85.8361217184697,7933673.44296614,2480172.73193167
85.879535736813,7935546.25819964,2408705.69037238
85.9361609867023,7935914.59704198,2526347.72197848
85.943307807145,7935837.61412123,2556561.85522705
85.9504546275878,7935752.00856633,2586611.46811997
85.9642606326752,7935571.66954284,2644670.47260787
85.9820742668606,7935348.40334396,2719587.8750039
85.9998879010459,7935123.96799042,2794503.56290031
86.0012738781675,7935176.88721459,2794514.55089308
86.002659855289,7935169.96524628,2793241.22536376
86.0040458324106,7935166.83024344,2792094.69907912
86.0067794358941,7935166.14521548,2789793.75801296
86.0147030559787,7935162.73224508,2783131.5230735
86.049411812955,7935152.34101291,2753951.69289891
86.0900316487794,7935139.30172962,2719801.3453932
86.1143283749492,7934982.97902914,2720370.40768565
86.1386251011189,7934754.19483798,2735920.00034952
86.1569371498436,7934580.95452728,2747609.35404601
86.1740426902071,7934415.67629467,2758525.80435457
86.1911482305707,7934252.23036199,2769443.36523777
86.1983726447935,7934183.16447256,2774054.26763491
86.2025927773427,7934463.23390191,2755823.333077
86.206812909892,7934795.31848813,2722489.44527126
86.2101226950941,7935065.77385449,2696538.39605138
86.215908741763,7935548.27954823,2651140.23699528
86.2342423583984,7937057.07303672,2507289.14006018
86.2550932195806,7938775.27152527,2343688.59235877
86.2759440807628,7940492.95285867,2180087.63852659
86.2984824128111,7942349.7616884,2003246.50460095
86.3022164858346,7942479.07992429,1996674.27226513
86.3059505588581,7942694.05375248,2008249.53254058
86.3086816791294,7942837.05594074,2016476.04946217
86.3130504956686,7943058.92822903,2029688.12080409
86.3261692185675,7943743.22811037,2069348.70989046
86.3855383179855,7946832.17349555,2248833.10584439
86.3964540830308,7947400.34340065,2281833.73508649
86.4073698480762,7948035.75815424,2290056.01818793
86.4182856131215,7948641.77010849,2285644.55246543
86.4292013781669,7949251.90874196,2281315.0025632
86.454670233795,7950685.77688691,2271209.29089248
86.5677829870593,7956856.64025425,2268015.91168121
86.630772558235,7960223.94626011,2275752.30785505
86.6937621294107,7963573.60584784,2277015.91458914
86.7567517005864,7967013.0466348,2268041.16779597
86.8197412717621,7970413.57277944,2264682.41054906
86.8693403028336,7973010.32034086,2274713.13247591
86.9026948801414,7974727.8095124,2283550.41477208
86.9230864439251,7975563.95531679,2303618.67942028
86.9434780077089,7976401.60670335,2323743.72052846
86.9943416592912,7978501.06416526,2373945.10981328
87.0117459821287,7979280.36880239,2375358.97571914
87.0291503049662,7980065.68256297,2368897.76480338
87.0465546278037,7980852.17876116,2362467.44881713
87.1002170611519,7983280.2081247,2342790.52900815
87.1153545139097,7983904.56388158,2347562.02621595
87.1304919666674,7984529.76098043,2352404.02794775
87.1665642792109,7986030.46774243,2363942.9777505
87.1959395037474,7987249.2549618,2373337.9802915
87.2146560891242,7988139.41910629,2365994.42302833
87.2333726745009,7989048.60521711,2354806.51683434
87.2520892598776,7989958.20846978,2343632.34771097
87.2890512844544,7991756.70632568,2321565.78462313
87.3097782315358,7992740.16616459,2310280.48037096
87.317596992644,7993057.2097805,2316618.67842498
87.3254157537522,7993365.36392004,2323094.40098397
87.3412908637935,7994004.95227747,2336231.99084913
87.4003641411901,7996362.70643887,2385113.33648375
87.4188304707392,7997071.74519272,2388541.73344062
87.4372968002882,7997778.6258172,2391474.30527456
87.4734123226167,7999143.30218905,2397209.12436433
87.5282818113197,8001345.61495377,2391615.66153437
87.5831513000227,8003661.34963335,2370271.22549631
87.6234520259488,8005071.57512737,2386796.80391399
87.6435628399201,8005677.70295978,2408034.71598535
87.6636736538914,8006282.2773092,2429226.60114725
87.6882317767192,8007015.3546773,2455103.15597111
87.6998976703278,8007364.84880379,2467396.0114824
87.706917128698,8007653.44188547,2462454.60918907
87.7139365870682,8007931.7660918,2457121.11776182
87.7261690634384,8008396.81741119,2447842.26189385
87.7649083615158,8009900.01918455,2418466.17313479
87.7901662835467,8010878.70490555,2399311.62663933
87.8154242055775,8011682.12828869,2404450.38606901
87.8367314615535,8012292.58741355,2422179.37264225
87.8580387175295,8012901.76000541,2439865.80825946
87.8907143605326,8013830.11006078,2466986.45736397
87.9233900035356,8014917.53162704,2467333.25859911
87.946153324257,8015728.18326567,2454538.95935916
87.9689166449784,8016540.05885429,2441783.80460061
88.0082791141756,8017949.91233364,2419730.2236598
88.034082710293,8018789.24799814,2419038.55978093
88.0598863064104,8019610.2769203,2423326.01618996
88.0856899025279,8020431.06267361,2427601.38065677
88.1883724144458,8023693.41083859,2444612.3832339
88.2610972671503,8026073.61372543,2441643.08015858
88.3338221198548,8028446.64257409,2437698.10227909
88.4357911661288,8031739.2103014,2441921.78883199
88.5377602124028,8034957.42301467,2447021.44441136
88.6397292586768,8037951.54084281,2465015.80866811
88.6981429987053,8039582.02588699,2475815.04316106
88.7326418669338,8040629.34252709,2469507.74894895
88.7671407351623,8041682.566009,2462438.12208314
88.8311982241919,8043701.86562843,2448654.23783866
88.902696257058,8046034.04621418,2434023.34247151
88.924869589937,8046665.4376166,2441565.61627826
88.9470429228161,8047298.11432744,2449156.00245268
89.0045270855935,8048952.56632737,2467641.46901115
89.0301715689504,8049728.49015338,2464240.50232774
89.0558160523073,8050503.38685676,2460801.09299733
89.1263124917929,8052700.12381012,2448310.74532853
89.1968089312786,8055022.62737163,2430686.19466532
89.2192038684253,8055650.01476504,2438506.55811227
89.241598805572,8056267.07247275,2448654.3249523
89.2718467443725,8057100.46124046,2462352.47138985
89.333466741459,8058922.28746464,2465330.54997537
89.3743374106741,8060188.23859514,2453247.13847424
89.4152080798893,8061421.53473086,2447264.37602382
89.4473191066923,8062337.29041643,2453918.25170282
89.4962508743413,8063737.29601449,2464054.73773779
89.5233201079877,8064635.92012966,2454461.80013267
89.5503893416341,8065547.56447972,2442336.70350522
89.5859153684655,8066743.91580764,2426429.69443857
89.6389776407633,8068351.20275589,2434573.44052353
89.6920399130611,8069904.51361646,2454389.71976309
89.7451021853589,8071394.81455689,2462571.70484429
89.7981644576567,8072870.84750868,2468666.968122
89.8417771977394,8074177.42866107,2460836.18231104
89.885389937822,8075491.96549949,2452411.63351404
89.9439172117291,8077181.03960679,2454111.56003273
90.0024444856363,8078854.59861084,2460182.15254702
90.0609717595434,8080392.17358981,2466061.85608722
90.1420765329749,8082526.15439115,2474212.50085709
90.1867167410336,8083699.51714271,2478697.33645609
90.2313569490923,8085081.25712284,2458512.07269931
90.275997157151,8086768.16372278,2426170.54781292
90.3114996802054,8087886.28113603,2406596.11672869
90.3390028651351,8088802.84292282,2409497.88098934
90.3665060500647,8089719.49699164,2412420.3198902
90.4568045162608,8091900.5520229,2483997.22233505
90.4984531746856,8092701.38674657,2533998.67437445
90.5074154173212,8093003.1870828,2528351.64455957
90.5163776599568,8093314.38801763,2515690.06492683
90.5253399025924,8093628.24828658,2503084.47692567
90.5493177676685,8094476.38195364,2469356.47201118
90.5868719716109,8095799.65217063,2416528.91627476
90.6244261755533,8096666.26783026,2430675.61439829
90.6385503225953,8096922.46808933,2449804.6080388
90.6526744696372,8097176.2243345,2468865.26391435
90.6864783840026,8097771.72999211,2514481.96801004
90.7041356255397,8098085.26350507,2538311.3569051
90.7217928670769,8098520.03724039,2537306.78491891
90.7394501086141,8098976.48086938,2523503.39314525
90.7535210695095,8099341.39871651,2512541.88325913
90.793146868289,8100377.63312873,2481676.41364852
90.824292090276,8101197.00606048,2474850.27288311
90.8554373122629,8102029.15202702,2473060.03872733
90.8865825342499,8102861.28286098,2471261.02196364
90.9465272114322,8104671.23946417,2452201.78620419
91.0064718886144,8106505.40880851,2431883.84173462
91.0368664965449,8107301.33910145,2435433.96009016
91.0672611044754,8108097.63863423,2439013.72326018
91.1564324953156,8110442.12552228,2449522.1505571
91.6022894495161,8121971.9755058,2483143.31478846
91.6406642246403,8123004.9444378,2475355.55787476
91.6790389997644,8124037.67834484,2467544.74892319
91.7346537769352,8125314.9298555,2479771.86817099
91.7902685541061,8126503.81522018,2506408.07092398
91.8322156810646,8127485.47933765,2503658.28202633
91.8629355537359,8128217.45445147,2496505.02653865
91.8936554264073,8128949.31687862,2489360.28983007
91.9506379038273,8130584.40806799,2463877.17101419
92.0076203812472,8132227.52778191,2442183.79409938
92.0306624639526,8132835.0643924,2447492.65913603
92.053704546658,8133443.4034027,2452837.27999636
92.1183718622443,8135058.58148322,2471925.43995682
92.1830391778306,8136422.88622531,2501387.02427502
92.2370490305967,8137662.56060193,2501084.77004966
92.2910588833629,8138936.68723565,2489246.13423456
92.345068736129,8140239.55448107,2484447.52792211
92.3990785888952,8141550.18455064,2481066.1213547
92.4862577746827,8143645.12690726,2482148.84280185
92.5734369604703,8145804.39261844,2476449.4416383
92.6606161462579,8147887.95641613,2481214.68239906
92.7477953320455,8149943.54331835,2484074.35941865
92.8993478787651,8153587.23702247,2479567.34602903
92.9962374772154,8155854.93826821,2484295.18794898
93.0931270756658,8158145.30202991,2481988.10388765
93.1900166741161,8160359.98163137,2487763.05615019
93.2869062725664,8162569.43611425,2487914.70262874
93.3837958710168,8164789.72597303,2485651.83682896
93.5630542908687,8168835.82405401,2491412.98663786
93.6335225556589,8170466.38054274,2486728.72180148
93.7039908204491,8172189.17885619,2470066.02568279
93.725430962433,8172620.79262565,2478004.78836997
93.7468711044168,8173053.76292263,2485995.14239565
93.8013321854433,8174165.94995128,2505738.01164217
93.8298905735528,8174765.11255534,2504352.42762675
93.8584489616624,8175363.64355616,2502931.47580854
93.9372068586391,8177096.30288233,2492893.95559373
94.0159647556158,8178899.33359365,2481673.90279859
94.0947226525925,8180595.78917203,2493005.14671589
94.1567061131578,8181989.65202006,2488548.15767037
94.2015104836816,8182999.28112771,2484779.98928042
94.2564870287242,8184133.28255973,2493219.63240739
94.3114635737668,8185334.49097972,2494675.76334546
94.3530421811987,8186412.61243036,2475525.17320766
94.3946207886307,8187491.09927024,2456361.60366949
94.4149219614878,8187866.11758551,2465378.47892534
94.4352231343449,8188207.3301685,2481245.00642032
94.4555243072021,8188548.16894949,2497090.2100821
94.4888072073387,8189103.10881948,2523065.8597819
94.5220901074754,8189756.56173224,2525211.70469983
94.5600476775937,8190545.43783601,2511656.39506102
94.598005247712,8191332.44873058,2498125.88475114
94.6372002454808,8192176.7311381,2494590.74046183
94.6763952432496,8193016.57379236,2491642.12313556
94.7556570835121,8194700.51467971,2492388.85667668
94.8596601251878,8196785.9458762,2502527.05969157
94.9636631668634,8198851.06874089,2503627.52965949
94.999520780532,8199572.45301763,2501129.32040898
95.0104173225684,8199168.77877918,2542916.00484565
95.0178796841003,8198760.71684981,2586066.87170436
95.0253420456323,8198346.79183326,2629077.39213876
95.0403513861549,8197497.05645665,2715592.05448172
95.0908668736491,8194662.0699523,3006778.88029258
95.0970488185068,8194314.61845071,3042412.87789163
95.099828392004,8194158.56043222,3058435.0923533
95.1008545223534,8194194.73566635,3059038.20510288
95.1018806527028,8194155.30259032,3057396.04576491
95.1029067830522,8194118.69876464,3055923.56475027
95.1048590841082,8194052.30290422,3053063.92377411
95.1100375433042,8193876.29968572,3045491.69918317
95.1313901413541,8193155.29835867,3014271.77695251
95.1711274124108,8191811.5641891,2956168.88418476
95.1936386629415,8191050.59504325,2923253.835308
95.2161499134721,8190955.01465538,2865917.67547272
95.2386611640027,8191102.4040258,2798675.70388084
95.2611724145333,8191249.51260519,2731459.76877353
95.2985854684064,8191499.5760128,2619753.11815793
95.3201043222602,8192171.49144243,2568906.7576586
95.3416231761141,8192879.65982464,2519078.73985246
95.377657926255,8194095.90870927,2435644.41888829
95.3966751619186,8194730.43139525,2391607.57205304
95.4081214976212,8195113.52555502,2381359.52982362
95.4195678333238,8195533.22054887,2378160.47628663
95.4310141690264,8195950.93170851,2374918.44102554
95.4635501618701,8197130.07492864,2365703.54806438
95.6220814372386,8202962.29393787,2348420.49021422
95.780612712607,8208245.14733546,2392130.79786996
95.9111338786827,8211623.41646125,2455201.3666745
96.0416550447584,8214498.79871193,2480134.32770462
96.1721762108341,8217397.80053463,2478369.8854792
96.2106987087641,8218165.27785889,2485809.93687745
96.2492212066941,8218739.35213547,2509278.97404749
96.3057450688962,8219625.09733355,2536822.14247081
96.3194411712404,8219930.14917329,2528703.09461039
96.3331372735845,8220232.64398384,2520505.73295257
96.364199987833,8220903.93952182,2501910.47208582
96.3914659289179,8221498.2219981,2485591.30922748
96.4187318700028,8221917.47827051,2494025.08802481
96.4459978110878,8222280.12731906,2514003.94406634
96.4732637521727,8222642.61716278,2533957.22709011
96.5561424835075,8223835.105458,2545875.86328949
96.5880438146205,8224306.18704553,2541454.24809576
96.6199451457335,8224997.46321433,2521733.67882217
96.6685943722115,8226216.05200328,2477397.20176247
96.691855248933,8226800.49744271,2456205.38168051
96.7151161256545,8227249.75347413,2458993.19640183
96.7468057039067,8227800.30546346,2480854.17334302
96.7691782317397,8228188.99542734,2496264.31030501
96.8373938221408,8229222.42441957,2530057.3172655
96.9056094125419,8230088.33262175,2554343.90990068
96.9530261056272,8230376.46053733,2582616.63814371
97.0004427987125,8230656.52873878,2611041.44680104
97.0298429746976,8230503.00561142,2637689.08920316
97.0592431506827,8230344.83539046,2664362.35950125
97.0968685350599,8230147.42060875,2698501.90997164
97.1067207335805,8229757.01456731,2723379.40402156
97.1165729321012,8229245.64477225,2756179.87722667
97.1264251306219,8228732.83654663,2788925.31459659
97.1524917789045,8227365.79674179,2875560.67135879
97.1870955655581,8225556.06058743,2990574.32182219
97.2216993522118,8224526.42855725,2985080.26170694
97.2305814463234,8224341.30882903,2964823.62134132
97.239463540435,8224163.24341066,2944722.14555269
97.2562995452596,8223847.80609211,2906624.61843761
97.2799767640582,8223390.18737316,2853035.27718221
97.2942757552963,8223114.9401487,2820673.83435159
97.3085747465343,8222614.36955033,2820022.23067764
97.3182020705396,8222233.42755251,2834495.80515886
97.3278293945448,8221848.05207666,2848861.03126525
97.3483183702656,8221011.03812567,2879429.84047933
97.3735692166011,8219988.22168818,2917110.19684609
97.3988200629366,8218964.25310521,2954788.34957169
97.4046130486915,8218891.28369702,2948021.36284477
97.4104060344463,8218809.50232014,2936740.63181026
97.4161990202011,8218731.64123746,2925521.52370462
97.4318782710033,8218529.25084462,2895151.18778124
97.4902124392632,8217763.09099295,2782149.71643583
97.5231844652951,8217572.21651757,2743615.47158842
97.556156491327,8217504.292778,2715988.46873218
97.589128517359,8217436.29584236,2688343.66992817
97.6297005943087,8217276.64737173,2683904.80366108
97.6702726712585,8217107.95313375,2690472.07022998
97.7108447482083,8216826.54810955,2703374.60077491
97.7425393350861,8216380.00680617,2727210.72639884
97.7850209281141,8215781.09411661,2759162.59563811
97.8255059414641,8215212.4220728,2771299.4020277
97.865990954814,8214623.31616121,2772512.72318374
97.906475968164,8214119.27062756,2767737.69798268
97.9283231938756,8214067.15666997,2748001.64708238
97.9501704195873,8214014.82645002,2728228.0703023
97.978831526043,8213939.44599444,2702282.51677668
97.9937523258132,8213901.90108239,2688776.7271208
98.0086731255835,8213602.97856933,2699713.27151082
98.0235939253537,8213176.55158815,2728990.51704721
98.0342940515703,8212869.27907314,2749927.76781192
98.0608824086974,8212093.33881694,2801947.32633588
98.0808284237819,8211514.67640805,2840973.74123848
98.1007744388665,8210962.98845347,2876861.51921366
98.1026186215419,8211003.24166174,2873290.25579047
98.1044628042172,8211000.84254143,2869224.24024989
98.1068604352329,8210994.75749231,2864033.10106473
98.1118695256003,8210998.31977221,2853174.03585656
98.1291940638721,8211001.2711594,2815610.65066327
98.1630094059227,8211010.13293109,2742294.94369876
98.1968247479732,8211018.41413208,2668978.51891896
98.2074514622247,8210779.08047154,2676339.77016559
98.2180781764761,8210507.12818144,2697475.38005831
98.2264470578828,8210290.25372112,2714050.07187723
98.2466000681887,8209755.5214917,2753961.99094053
98.2745861858501,8209019.66172607,2809390.9258608
98.3025723035115,8208314.18339363,2858141.38435081
98.308982118848,8208221.95494925,2854174.74137628
98.3153919341845,8208118.07256755,2850007.58392453
98.3270255299413,8207907.81510093,2842451.72861718
98.3610878958482,8207322.94424506,2820347.70899191
98.4556822076489,8205806.07530527,2786350.2435551
98.4942107342759,8205226.78613261,2780362.35414643
98.5327392609029,8204578.81508371,2784247.22370441
98.57126778753,8203922.01278896,2789918.56416962
98.6281824177152,8202873.66987144,2799856.11251273
98.7166454006557,8201053.83724871,2819292.21955535
98.8051083835963,8198937.26007357,2844177.71557687
98.8643240503177,8197449.27644313,2849778.99559139
98.9032732382225,8196487.52920743,2852017.62462884
98.9422224261273,8195703.27199452,2838424.60179349
98.9695836934039,8195152.8408903,2828859.42407327
99.0563569298116,8193243.31076579,2828998.78448529
99.1023073402437,8192183.45627104,2838172.99801953
99.1482577506759,8190918.61871048,2853412.63524485
99.1942081611081,8189653.0991016,2868659.06421168
99.2139107852698,8189322.47556056,2856666.87213478
99.2336134094315,8189057.26001447,2836698.40294838
99.2533160335932,8188792.35419499,2816754.77720054
99.2794934179726,8188444.68437706,2790260.34485958
99.294887028891,8188239.01555599,2774679.30545244
99.3102806398094,8187771.49820271,2785713.28967424
99.3256742507279,8187219.99630629,2810538.2337858
99.3376851597369,8186788.60440272,2829862.65562815
99.3695279558447,8185634.21078051,2881087.79502768
99.3885162706664,8184948.13125612,2911636.01557643
99.3975974704127,8184619.78780008,2926245.38045818
99.4066786701591,8184524.70860564,2916682.18996594
99.4138703414456,8184468.09237335,2901666.04102484
99.4210620127321,8184415.24933421,2886724.81252908
99.4387773102991,8184296.03602345,2849917.97132109
99.5033749698258,8183842.76581479,2722592.38787302
99.5096106689279,8183783.82153653,2722276.35524745
99.51584636803,8183736.62779186,2722148.85469536
99.5274742995197,8183667.95818467,2721900.50055154
99.5627886101111,8183430.90738862,2721131.16987258
99.5917540702463,8183238.50896343,2720502.7764686
99.6207195303815,8182632.85465744,2749196.83842321
99.6431814013364,8182052.51958046,2780711.35041374
99.6656432722914,8181472.17021238,2812201.76929224
99.6926461620726,8180770.26206393,2850055.15700435
99.7085479676927,8180583.46138615,2846871.41945674
99.7191485373072,8180536.38987069,2829527.34740166
99.7297491069216,8180493.22176736,2812284.39556481
99.7527487650145,8180415.50892355,2774877.07105433
99.7820888494078,8180308.07618173,2727151.224934
99.796774344895,8180254.89282787,2703264.13297055
99.8114598403822,8180106.41054257,2703285.21375367
99.8218868181878,8180005.21640031,2708337.41862424
99.8323137959934,8179902.59966595,2713356.51279765
99.8640975802281,8179582.66714103,2728654.82082448
100.010645883393,8177275.2657836,2802629.06744069
100.050953893617,8176123.03844044,2837223.27274827
100.091261903842,8174969.77234369,2871838.57526219
100.111655212195,8174596.95905475,2866479.89617326
100.132048520548,8174333.21378254,2843446.47782957
100.146679131905,8174144.72627288,2826961.52097496
100.186235880503,8173645.74204475,2782401.37229843
100.220509695337,8173219.62477155,2765173.86336735
100.254783510171,8172824.08802249,2762558.12691897
100.280638387192,8172525.60391066,2760566.19882637
100.337280832171,8171676.60809828,2772584.67143508
100.39392327715,8170738.29995896,2793209.07728739
100.419359414871,8170541.90861053,2779824.30607541
100.444795552592,8170399.53442749,2759130.60282058
100.470231690313,8170257.08526715,2738452.59380575
100.497125896353,8170109.31549826,2716591.50872221
100.510032832798,8169846.07400245,2726507.92045026
100.522939769244,8169557.26410078,2742616.99019289
100.535846705689,8169267.40290933,2758693.86486037
100.574743161551,8168386.24322899,2807140.23253663
100.63456559913,8167094.68703546,2835818.2362272
100.657817552653,8166594.49447414,2833783.51255962
100.681069506176,8166095.51005624,2831788.08887675
100.7450640615,8165041.09041302,2808448.31722219
100.809058616824,8163998.50965259,2789240.22414624
100.824454367359,8163592.06791382,2801753.47084157
100.839850117895,8163187.17967428,2814330.11762271
100.876375587824,8162240.1982383,2844175.5007964
100.901548718661,8161596.52325389,2862805.7122945
100.911057969115,8161419.79722301,2858624.43840882
100.920567219569,8161238.19055271,2854337.62795551
100.940906600761,8160833.83301528,2845165.67568422
100.982274663605,8160024.62367934,2826520.72464475
101.02364272645,8158914.15798445,2838238.89940188
101.056239025845,8157885.41491923,2865690.18310364
101.079087153631,8157164.32943498,2884908.54620146
101.098492624196,8156547.98907517,2901226.61839114
101.110457259077,8156239.25977594,2898700.97839773
101.122421893959,8155925.46977771,2894193.08582262
101.139121922494,8155488.09469561,2887916.56973333
101.199904540401,8153901.26841001,2865074.79210229
101.207737558542,8153891.40020871,2851893.09873567
101.215570576682,8153878.7831611,2838435.85589542
101.230530592212,8153834.5676545,2812736.98817552
101.277716609503,8153722.82488989,2731696.23910181
101.326033786602,8153834.11916281,2674501.25222581
101.357556959367,8154054.60545868,2651790.10319892
101.389080132132,8154274.00579439,2629047.63627513
101.42483875761,8154367.19401326,2631853.04894955
101.460597383088,8154415.68416876,2647463.04635849
101.488658112603,8154453.90654661,2659697.57417532
101.526204646809,8153956.35995259,2704203.77264738
101.563751181014,8153239.28627471,2761099.07215383
101.593532124624,8152670.99674073,2806213.78597744
101.607769215429,8152603.89055337,2803758.36286654
101.617585069544,8152623.2778169,2787640.5837557
101.62740092366,8152646.8843343,2771626.21700385
101.648730507268,8152713.43675643,2736829.31079277
101.673874462954,8152784.3413432,2695804.17784879
101.69901841864,8152856.25534639,2654780.77072684
101.704715382141,8152729.03639,2660897.74503575
101.710412345641,8152618.485015,2670750.9268348
101.716109309142,8152503.97835414,2680548.2727694
101.732168679492,8152174.39456517,2708173.04957849
101.795907627359,8150877.77649682,2817821.19358067
101.810146043332,8150579.42419424,2826901.54964222
101.824384459304,8150250.2701203,2829469.23937021
101.838622875276,8149922.27984064,2832066.96683932
101.882398951968,8148921.2714665,2840057.84293579
101.939086898384,8148113.19826568,2809096.24389962
101.977995806955,8147698.78790034,2774929.9680454
102.016904715526,8147404.43583838,2746315.77406366
102.055813624097,8147279.72187486,2725034.97872956
102.094722532668,8147154.44687383,2703741.69928555
102.106213106878,8146745.21695256,2722692.12858996
102.114025639906,8146318.51528509,2750988.43877921
102.121838172935,8145886.3458583,2779145.62888082
102.137657016301,8144994.23358579,2836161.24567799
102.190137424673,8142058.5814514,3025330.50072331
102.196760036472,8141687.58119564,3049201.50037511
102.199830494773,8141515.75882637,3060269.06677276
102.200943953638,8141567.89864276,3058632.38240443
102.202057412502,8141554.09594386,3054869.27509385
102.203170871366,8141542.99050379,3051272.50236382
102.205254574386,8141526.47768932,3044487.17407882
102.210756632647,8141482.59457357,3026581.9446843
102.233617208572,8141305.1618613,2952190.85983916
102.260584789353,8141094.53349884,2864433.39753187
102.287552370133,8140884.25874285,2776676.40211526
102.300259622888,8140776.05425932,2736570.43423671
102.301491216824,8140685.46701206,2738073.48931457
102.30272281076,8140655.03895601,2740247.38508054
102.304229405109,8140610.22886722,2742755.01789119
102.307121630089,8140517.81622842,2747607.89989838
102.315648664022,8140250.07554856,2761910.16436863
102.353283261329,8139062.50843481,2825029.94054742
102.384768505366,8138069.76844569,2877837.0999528
102.402214168385,8137557.30076065,2901576.36685212
102.408831725406,8137446.55585755,2895993.24886505
102.415449282426,8137326.51887543,2890249.02127137
102.42831907193,8137075.26164604,2879083.11572855
102.467831775759,8136329.33460204,2844818.70342452
102.498417832679,8135750.17791474,2818292.74832036
102.516917781473,8135423.41232613,2814701.09990563
102.535417730267,8135107.33844042,2812364.04624313
102.564676886256,8134607.4994162,2808663.16856823
102.587649923948,8134214.0417738,2805756.73962222
102.600950668961,8133920.07740454,2806009.69262277
102.60882590132,8133575.09911664,2821420.65305972
102.616701133679,8133202.68779876,2836993.27110589
102.631388927433,8132529.32410506,2866035.13047691
102.677229587745,8130399.00965118,2956656.80740543
102.691027367452,8129758.71467682,2983934.64205042
102.698444748879,8129414.25177906,2998598.35673984
102.705862130307,8129292.56950045,2989951.13744856
102.711153098042,8129203.77302371,2978865.82863075
102.716444065777,8129119.82946844,2967853.90508186
102.730132969367,8128911.00982739,2939356.53513942
102.778685504847,8128156.79533727,2838270.56345693
102.835290056806,8127281.40377625,2791799.26780788
102.854394149842,8127004.54290033,2790862.39536917
102.873498242878,8126725.9166458,2789873.43571338
102.921699576969,8126017.01351715,2788097.97380018
103.004061068125,8124746.94592522,2791909.3976098
103.013209129244,8124434.21732271,2803634.62541449
103.022357190363,8124125.80767559,2815474.11889817
103.041491610063,8123496.91164929,2840239.21842419
103.075787502327,8122357.59985781,2884618.6605698
103.091938002573,8121821.75161133,2905518.74471892
103.102285355026,8121547.3970945,2912607.47619247
103.11263270748,8121443.85870566,2896566.05510298
103.122980059933,8121336.53431841,2880446.41419641
103.147009130044,8121074.25765865,2843008.91488236
103.192286718422,8120589.59243986,2772473.62150315
103.22189085558,8120897.48418452,2712551.25434592
103.251494992737,8121420.59842468,2647653.16657946
103.281099129894,8121943.34021292,2582764.45016077
103.293450025754,8122162.52024138,2555693.3666487
103.300739481509,8122264.16482608,2542479.82426338
103.305293459272,8122217.10709027,2550050.36742607
103.309847437034,8122191.46980372,2557932.51031196
103.317102762604,8122170.41178553,2570457.76254409
103.337410862729,8122078.52058471,2605507.50771185
103.373009803614,8121922.32825868,2666953.02890616
103.393506241028,8121831.9619393,2702330.44563139
103.414002678441,8121782.59373891,2712265.94099199
103.434499115855,8121718.440322,2710028.34322824
103.454995553269,8121655.30474679,2707828.4758069
103.484279902994,8121571.21794127,2704689.45064629
103.500557356297,8121507.38495125,2703964.71267851
103.506583014442,8121325.37095921,2714421.18903859
103.512608672587,8121153.15559783,2725065.86707141
103.523969526961,8120846.49528381,2745123.17556822
103.55873313418,8119881.42786813,2806483.61183159
103.583808579918,8119187.02726383,2850745.96720911
103.59721636117,8118815.46781147,2874412.66365107
103.610624142422,8118537.90350309,2874760.88665865
103.620025853781,8118336.76523367,2870456.79855318
103.629427565139,8118137.26995595,2866186.31825271
103.658163798619,8117534.28963369,2853134.61875231
103.685349906784,8116961.39122606,2840784.62195677
103.700909908831,8116664.57442803,2832094.31493244
103.709907837975,8116764.30104148,2811751.44351547
103.71890576712,8116858.1144693,2791251.97821197
103.735964375085,8117015.76253407,2752387.59638378
103.791054329752,8117552.78651312,2626893.98964004
103.799472866066,8117634.24676324,2607716.1805766
103.804621254723,8117617.90309169,2608989.16461297
103.809769643381,8117632.24339953,2612150.28162115
103.816802240046,8117647.1787313,2616415.3725755
103.836703967309,8117682.34017393,2628489.78428404
103.878444135306,8117762.08786726,2653816.68508484
103.903825902271,8117713.93063332,2673517.40752504
103.920925891124,8117331.52042558,2703328.22314855
103.938025879976,8116949.89754256,2733192.72571897
103.981014571381,8116002.06428094,2808277.53633288
104.000220745172,8115579.84368252,2841286.60370865
104.00551665685,8115541.14210271,2837728.91993414
104.010812568527,8115474.37296649,2833892.47890072
104.019751975609,8115367.62908072,2827447.95551792
104.046361854839,8115053.50574069,2808266.36004204
104.097003112705,8114451.30228136,2771756.89586461
104.108684497483,8114162.20867644,2778645.40922394
104.120365882261,8113848.25228895,2791140.77074239
104.132047267038,8113533.07838524,2803603.30304569
104.167788079192,8112561.74435852,2841731.91054828
104.191023260527,8111931.96320729,2866521.16718257
104.214258441862,8111636.89602107,2854768.3881269
104.229297472667,8111546.79976931,2831843.862747
104.244336503471,8111458.85481176,2808988.75550982
104.27972219763,8111265.27762346,2755219.85070375
104.292689146378,8111192.20269528,2735514.13307537
104.299800696936,8111152.47422698,2724707.53112789
104.302485404052,8111014.32546141,2729736.57119596
104.305170111169,8110917.07716977,2736047.49861545
104.308501227908,8110787.10870914,2743791.01450787
104.316427306649,8110473.27514392,2762232.65367819
104.346702308051,8109286.38753027,2832677.56157528
104.372097329234,8108289.6522684,2891766.39680477
104.397492350418,8107293.21670697,2950855.58123858
104.407830842316,8107064.73336508,2947752.33464129
104.418169334215,8106838.34396639,2935329.7336373
104.428507826113,8106614.76200913,2922969.54081966
104.454228353048,8106069.62624546,2892222.9009809
104.494937623232,8105200.13566637,2843552.74286354
104.511325352865,8104614.66960935,2851283.88482197
104.527713082498,8103964.88371515,2871718.94061577
104.540784073822,8103445.60299932,2887978.49811225
104.576628743953,8102012.0567326,2932560.05654721
104.592749304759,8101368.90372397,2952611.4005022
104.608869865565,8100942.22106868,2949478.82919831
104.621224478012,8100702.30171149,2931969.78397298
104.630695652485,8100520.66429353,2918611.66364789
104.653976112585,8100085.86330626,2885782.33953664
104.694616627076,8099319.45667317,2828467.08328248
104.711871420777,8098842.20639239,2829436.75667238
104.729126214478,8098333.50867783,2842317.09522263
104.746381008179,8097823.56840991,2855153.03541201
104.792209426976,8096458.91622775,2889237.68328543
104.816768457837,8095905.53922438,2884286.98656072
104.841327488698,8095409.58030117,2868263.65020787
104.865886519559,8094913.98088893,2852267.41840986
104.939165225834,8094041.27614447,2787818.38502425
105.012443932109,8093812.56656602,2711958.18991738
105.085722638384,8094244.70823579,2652267.64113674
105.159001344659,8095399.85859413,2583341.60542325
105.183791132526,8095856.24930022,2559260.94626075
105.196009195207,8096071.46142339,2547391.0129518
105.208227257889,8096050.14561263,2559495.81158546
105.220445320571,8095961.41534288,2583847.51287028
105.232663383252,8095870.24631547,2608130.54199081
105.262254722493,8095637.92264452,2666940.56910357
105.284078636817,8095469.91750234,2710316.13027833
105.296316235951,8095375.36204875,2734637.99976861
105.308553835085,8095418.38821391,2734406.06006372
105.32079143422,8095470.33668368,2723021.45832552
105.333029033354,8095524.76890218,2711698.98758485
105.363417868785,8095671.01342372,2683585.6807538
105.386334427198,8095778.00414698,2662382.42273846
105.398341027676,8095834.4023834,2651274.0730634
105.406036739598,8095736.49031236,2657664.60981631
105.413732451519,8095634.37523874,2668153.16215922
105.421428163441,8095530.05630408,2678601.35819938
105.444655672162,8095208.89482008,2710138.9362399
105.478476557959,8094744.82323896,2756062.43033008
105.494126885246,8094529.77789357,2777312.69653981
105.509777212533,8094490.98014998,2774713.56233045
105.526452500659,8094510.78458092,2756070.86002326
105.543127788785,8094532.45186364,2737490.95532624
105.583315286302,8094597.19725181,2692720.42961078
105.595411530157,8094615.02788354,2679242.87345834
105.607507774013,8094327.45481367,2692526.21152166
105.618523852386,8093958.44037028,2720300.08816124
105.62953993076,8093585.95016242,2747976.56425745
105.653573446442,8092758.58806816,2808354.80805917
105.678401889076,8091910.04051379,2870734.93917452
105.692316956058,8091433.96553265,2905694.83479293
105.699137608436,8091200.66277564,2922830.93051722
105.703112116746,8091241.82305468,2916957.50180507
105.707086625056,8091252.81361116,2905773.08086819
105.711061133366,8091271.94170142,2894698.53850771
105.719817031835,8091321.58695889,2870284.91669865
105.749205000378,8091473.44775637,2788335.97038705
105.778454418104,8091626.35744187,2706775.57978637
105.792316538198,8091698.61062192,2668121.57496005
105.799979430734,8091738.56513915,2646753.90400671
105.801786807145,8091684.97659161,2647866.5431134
105.803594183557,8091676.25140939,2649567.05715311
105.805919225856,8091666.07877116,2651653.57000122
105.810822722326,8091630.43309826,2656072.99597313
105.828048315766,8091513.47103481,2671600.64652537
105.910552203031,8090898.82825011,2740185.78613586
105.940988157278,8090545.11251478,2750897.21464057
105.971424111526,8090190.89740817,2761583.04586876
105.998549657171,8089871.25221252,2771103.18590539
106.007657907496,8089900.46895456,2762846.03616102
106.01676615782,8089936.26149401,2752191.02820914
106.029010502345,8089985.65636761,2737894.22124049
106.069084704572,8090153.16179947,2691103.38420106
106.127007463349,8090641.71572071,2634937.64684838
106.184930222127,8091432.82995256,2592049.61175239
106.229836939669,8091410.43751865,2627051.01981224
106.251164115808,8091268.49235327,2660305.7717045
106.272491291946,8091125.63071878,2693510.75344428
106.302915466481,8090900.14462528,2737645.70084369
106.314968961472,8090752.36617752,2742980.88536001
106.327022456462,8090600.56225925,2748238.80597895
106.354949055015,8090235.96638268,2760416.8584504
106.463504134302,8087722.74005368,2856097.140958
106.544099176296,8085383.28896994,2894456.80932051
106.571070839266,8084613.99378396,2890988.1782616
106.598042502235,8083845.77311941,2887559.00244171
106.608734505603,8083858.48493808,2866696.11765388
106.619426508971,8083910.81024854,2841106.43873554
106.630118512338,8083964.3724204,2815548.23967313
106.663132612353,8084136.41160853,2736632.74569479
106.695711676686,8084303.81150763,2658755.06013086
106.706572043398,8083999.56324979,2668771.10158024
106.713703692374,8083722.82821555,2691707.76439168
106.720835341349,8083438.21756377,2714480.09028526
106.734626749174,8082870.42709823,2758524.94219208
106.778948662179,8081070.923306,2900087.3436594
106.790104371806,8080617.25459941,2935717.29040485
106.801260081432,8080245.82904011,2963325.26192459
106.802392029945,8080299.85819954,2960008.38499536
106.803523978459,8080300.61730939,2956087.66603108
106.804978952412,8080309.82890822,2951194.11795283
106.807831873567,8080332.57784854,2941561.99083176
106.816320746883,8080395.99561922,2912906.19578493
106.853814591744,8080681.59833009,2786343.20924457
106.889651032844,8080953.73076836,2665373.90988486
106.896824319757,8081008.26206213,2641159.87412843
106.903997606671,8080849.44439979,2640228.68770183
106.909649803578,8080697.83590856,2655370.5784578
106.914154852517,8080568.8424944,2667281.92235706
106.922923334139,8080304.45861624,2690484.00431322
106.951907716855,8079453.23732397,2767186.72088307
106.975637422317,8078754.75796048,2829982.21631915
106.999367127779,8078056.64547366,2892778.07820071
107.004247211239,8078034.56551754,2889386.15798027
107.0091272947,8077976.85373053,2882980.22593247
107.014007378161,8077924.51779927,2876635.02832354
107.027326326589,8077787.57696276,2859309.25818364
107.077395165894,8077261.84562958,2794170.46580289
107.143238476127,8077515.74698489,2694392.43320944
107.177447830237,8077902.8483551,2638677.05595354
107.192989875106,8078078.52646646,2613367.13406315
107.208531919974,8078095.30460474,2611272.70609403
107.22040132633,8078059.04721996,2624844.52410521
107.229526070972,8078028.39401618,2635209.32959744
107.251875700149,8077942.30960245,2660595.41815132
107.295401498657,8077782.52257287,2710038.79136519
107.315679198121,8077771.42720834,2711783.86773683
107.335956897585,8077758.83590193,2707056.18347807
107.356234597049,8077746.69763911,2702347.97256468
107.38164983406,8077734.49762012,2696448.80696402
107.396011166746,8077726.75797252,2693114.75934407
107.410372499433,8077378.26770119,2714162.86919041
107.424733832119,8076933.85674592,2745035.4517297
107.439095164805,8076488.20604267,2775862.45028841
107.477813759913,8075277.33855848,2858968.58689481
107.493468558143,8074789.25615772,2892572.04009139
107.509123356374,8074429.03752356,2900582.04664245
107.524778154605,8074097.13406603,2889540.60674926
107.535820726139,8073864.92552891,2881808.78203788
107.563339736855,8073297.69337023,2862548.42393649
107.605118290067,8072414.10433063,2837748.06562608
107.629548794648,8071840.73078541,2841998.68240309
107.653979299228,8071268.30733371,2846294.73455662
107.692812948903,8070366.96084373,2853131.34519586
107.718563787238,8069933.117449,2843598.54244715
107.744314625572,8069552.44143858,2828479.21695819
107.770065463907,8069171.83389026,2813372.51045556
107.791450768221,8068857.51902601,2800828.26729502
107.812836072534,8068269.55387581,2812600.91184575
107.834221376848,8067538.09016703,2841041.63255358
107.849830225528,8067003.54107598,2861763.97182395
107.893323392874,8065504.76849058,2919496.33307468
107.91302772356,8064976.07531534,2920219.49673099
107.932732054247,8064486.97719738,2907484.02923012
107.948114091419,8064105.97441765,2897575.62871504
107.991883796854,8063030.60935877,2869389.58188612
108.025378740008,8062166.64036754,2866236.1546405
108.058873683161,8061301.33342569,2869096.69218726
108.092368626315,8060436.1277132,2871948.51198773
108.120146780142,8059896.06148319,2860989.90808254
108.147924933969,8059415.05763981,2844862.88852666
108.175703087795,8058934.04467985,2828746.36854372
108.193244925688,8058631.6524364,2818569.9284802
108.210786763581,8058033.77764335,2832274.13322717
108.226453024794,8057373.57947091,2858352.82524899
108.242119286008,8056711.78672641,2884372.72041411
108.280956707657,8055059.62472031,2948869.87184122
108.303380788486,8054150.82857071,2978568.09704073
108.311901276428,8053880.82669724,2973515.74453275
108.320421764371,8053604.69981725,2968346.29353822
108.338173372273,8053013.93353921,2957574.35043671
108.396772460363,8051085.14757602,2922032.41755846
108.452761878924,8049560.50522162,2899022.68034852
108.508751297486,8047990.45208975,2884301.10484581
108.534413475962,8047113.47561812,2896464.07990902
108.560075654439,8046236.85764597,2908661.24809635
108.598685116996,8044924.59373635,2927018.82022933
108.620791061941,8044234.60166809,2924056.8940607
108.642897006885,8043542.37181746,2920170.63421518
108.680445285271,8042366.29299228,2913570.51393716
108.727198100984,8041384.00733828,2878636.32637098
108.759121955829,8040935.51405145,2841481.25389319
108.791045810675,8040487.19441179,2804352.99405776
108.814093571786,8040089.92680148,2797915.26778279
108.837141332898,8039672.65368268,2804765.79194392
108.855226853011,8039344.50283494,2810112.65594306
108.909337081233,8038225.55755656,2831760.89155477
108.946055005601,8037055.43675734,2864992.65205014
108.982772929969,8035884.88185789,2898243.62143863
109.042738898309,8033672.17702005,2933939.91972471
109.083029138066,8032095.69755896,2952826.00906118
109.096877345275,8031553.74417599,2959318.70811766
109.110725552484,8031322.4771961,2941929.06858148
109.120667709291,8031198.22318061,2924167.7715071
109.130609866099,8031075.44666997,2906443.16586442
109.160112834475,8030718.0958652,2853847.56061467
109.204312236446,8030231.29055216,2778749.69030334
109.220729597888,8030236.25768085,2763628.94164926
109.237146959331,8030244.29149906,2748564.55551017
109.278005537188,8030275.31141267,2711079.53671889
109.45205621131,8032274.13454103,2589174.51284958
109.580549069294,8032515.6484746,2709376.05606621
109.594374755681,8032427.77016791,2733740.78227461
109.608200442067,8032679.57416913,2721396.59554406
109.61701249527,8032927.41138333,2696733.33176928
109.625824548473,8033181.4392144,2672206.3971588
109.643524549824,8033707.80085847,2622938.72043244
109.673849316928,8034597.52064951,2538523.29816379
109.689400466194,8035054.47246621,2495234.28822015
109.696961517068,8035276.5653084,2474186.88654442
109.704522567941,8035288.68069339,2476858.32980395
109.712083618815,8035267.35179998,2496779.14788467
109.717836105488,8035245.36625061,2511814.41667194
109.730213234377,8035185.50960353,2544176.0611872
109.77505138277,8034988.99502508,2661417.60405313
109.795305588259,8034899.4970836,2714377.08188021
109.807556769148,8034879.88568921,2726734.97622331
109.819807950037,8034825.57876773,2726243.18242289
109.832059130926,8034774.43066542,2725822.60815382
109.861432081205,8034663.27296397,2724817.31044031
109.979971643821,8033856.29591226,2747726.66987387
110.005866904319,8033748.98617684,2747056.13032723
110.031762164817,8033955.05668254,2716744.05400979
110.052054173521,8034116.27133812,2692967.73550586
110.083511726367,8034361.81382905,2656104.76325482
110.101969086939,8034490.45716838,2637572.22971996
110.113298555463,8034504.51994494,2642344.10721611
110.124628023987,8034523.65693723,2647223.26379744
110.148481805975,8034578.99889268,2657497.88616207
110.185417866803,8034655.309442,2673401.59662983
110.222353927632,8034217.58465963,2715117.66892742
110.25928998846,8033464.02017793,2773953.5233439
110.285736259003,8032924.65396047,2816060.81204754
110.295739800353,8032718.47152952,2831986.31106675
110.305743341703,8032769.91938334,2824022.60125948
110.315746883054,8032922.01399258,2797235.07571609
110.323001959306,8033036.05932265,2777900.66469087
110.339299737009,8033304.97210302,2734467.01236643
110.401379620199,8034245.08675385,2577023.24833795
110.402384613022,8034160.27454317,2579551.25826669
110.403389605846,8034142.22815873,2582877.13859753
110.404394598669,8034113.9966769,2586040.62331936
110.406386325006,8034058.53608983,2592369.42229297
110.411976969028,8033902.12249386,2610119.53287323
110.436705320923,8033206.33757856,2688630.9396955
110.466618609519,8032365.72042175,2783605.31803174
110.496531898116,8031524.81144346,2878579.31860861
110.505058305516,8031569.41416088,2874918.45800776
110.51091993546,8031641.1609943,2856793.75555776
110.516781565404,8031722.98600288,2838859.08809811
110.527867980322,8031894.64365905,2804926.39427211
110.561146959823,8032384.90126798,2703053.25810185
110.600140650342,8032957.91893195,2584358.74933399
110.601272036197,8032896.10446936,2585746.40175379
110.602403422052,8032895.41625773,2587831.19536266
110.603788686585,8032884.95436755,2590220.96002
110.60646308868,8032860.82005719,2594879.81960903
110.61433190999,8032793.3629696,2608578.87951447
110.649594960238,8032485.85926339,2669967.12361408
110.684299357455,8032184.03266957,2730383.63130008
110.719003754671,8031758.26079698,2767649.92055758
110.745379965459,8031330.69435869,2781164.1927775
110.76527459163,8031009.1733135,2791385.28579685
110.825412854619,8029777.22095996,2827169.0617609
110.885551117607,8028180.96265839,2869696.19873476
110.895843153319,8027907.92525624,2876973.98819936
110.906135189031,8027948.78820414,2860699.45465019
110.916427224743,8028126.44572102,2827498.89060793
110.924125891316,8028262.44687587,2802748.22499216
110.941904315122,8028588.60673433,2745592.12339793
110.969290034149,8029083.46408051,2657544.79567922
110.996675753176,8029579.10246745,2569498.3966343
111.007149073579,8029622.18127314,2565946.89878282
111.017622393983,8029673.34998414,2577282.08579864
111.025701766519,8029709.1887894,2585949.27175058
111.044904179786,8029783.43691607,2606550.74619609
111.092232052034,8029976.82844104,2657331.60331377
111.123234181182,8029555.87883644,2704145.82438245
111.15423631033,8028957.26434832,2755592.16933186
111.185238439477,8028358.92422611,2807030.36408868
111.195306307623,8028163.75501572,2823734.22567279
111.199912635845,8028074.76456471,2831376.89145729
111.201093447236,8028146.37486254,2828705.79028765
111.202274258628,8028167.03835166,2824933.91847857
111.203745837601,8028198.02954481,2820384.5076248
111.206598176769,8028263.97059861,2811527.29419065
111.21506131993,8028455.30959629,2785252.98729068
111.252683942308,8029311.27973761,2668455.06716246
111.288558723391,8030126.68582834,2557082.40662028
111.296166814037,8030299.66766381,2533463.2795749
111.300968486439,8030335.1388469,2524217.21972897
111.30577015884,8030213.41981265,2539176.47515386
111.309351089049,8030138.40641676,2550534.9855235
111.315519420734,8030020.28598033,2570069.50059157
111.334903476992,8029625.97098245,2631453.71593464
111.362732286505,8029062.81463052,2719582.53323761
111.390561096018,8028499.13842419,2807710.83096308
111.41822900472,8028229.0035313,2821213.38613232
111.428294241741,8028151.40375615,2811776.84658758
111.438359478763,8028078.64839758,2802441.79983971
111.460068203048,8027935.93353196,2782309.96502633
111.49350157616,8027707.13527296,2751298.48504846
111.511487344113,8027433.77892672,2754584.37792204
111.529473112066,8027094.59077871,2769558.77487709
111.547458880018,8026759.42918104,2784491.96500088
111.596502651436,8025836.27969692,2825205.99853921
111.607354597176,8025802.81452149,2818038.80026866
111.618206542916,8025811.885628,2802712.76125236
111.629058488656,8025823.00107184,2787438.39015068
111.658197425539,8025861.57650661,2746426.27562886
111.781509456213,8026243.04021006,2669374.55212427
111.796283780547,8026307.82643706,2666126.93157318
111.811058104881,8026154.69315341,2679510.34001465
111.825832429215,8025950.62703461,2698763.52991707
111.84060675355,8025745.76848566,2717990.08283731
111.888095468061,8025081.24834966,2779786.90614812
111.919876595932,8024594.62638825,2799821.95084713
111.951657723803,8024039.31104456,2806826.21940116
111.976593674752,8023609.82263785,2812343.47993358
112.057745524297,8022231.88417829,2816915.95232458
112.109971437815,8021255.65194377,2822209.91274536
112.162197351333,8019915.87778858,2852596.01384994
112.200433897089,8018941.20557379,2874537.24745041
112.213808162017,8018632.81172572,2872509.35865283
112.227182426945,8018325.6755463,2870411.17582468
112.258663492018,8017590.35721814,2865466.29819478
112.290996513877,8016839.92127307,2860391.92264876
112.313586391057,8015990.01328657,2878525.72252037
112.336176268236,8014955.10370327,2911422.83092724
112.353315156083,8014169.46934549,2936350.55974859
112.403078264453,8011943.02844665,3000658.36230014
112.408017643968,8011828.85023045,2995036.852088
112.412957023483,8011690.78673484,2989170.39256108
112.421547934099,8011456.35287267,2978997.94416692
112.44749838744,8010751.34987116,2948271.73168118
112.492029120634,8009537.99661545,2895541.33463876
112.510886456672,8008777.23150661,2899698.76400076
112.523890974875,8008166.08244325,2916405.915823
112.536895493078,8007552.21417736,2933039.51099686
112.567561738626,8006092.41682441,2972257.19251256
112.591603491652,8004951.69919651,3003006.98564909
112.615645244678,8003898.36486233,3009639.06198272
112.647676270469,8002519.26201434,3000789.34486311
112.670342859529,8001543.50379631,2994548.45818108
112.739273579798,7999205.70138724,2947586.97857936
112.808204300068,7997146.32976788,2897843.70171796
112.815484500848,7996786.94575166,2907042.46140257
112.822764701627,7996435.08894726,2916387.51231923
112.837211650671,7995752.69144227,2934928.72699785
112.882958230635,7993569.38330684,2993623.48114153
112.898843313476,7992812.06309097,3014005.88620408
112.908631593469,7992387.31422725,3014016.80240594
112.918419873462,7991949.52167426,3012142.8300231
112.932178493362,7991335.41492397,3009529.31661412
112.979584053362,7989224.51112159,3000526.80888379
113.057678093991,7985682.61989303,3000341.94167053
113.091459177148,7984142.76529154,3002525.14403564
113.113181876158,7983473.43602769,2983948.87039889
113.134904575167,7982983.81488189,2952055.15800453
113.151954150291,7982600.01582973,2927053.19959778
113.202010398018,7981437.03776652,2859137.98296819
113.206985112254,7981202.55115026,2865245.12463207
113.21195982649,7980995.02191779,2871632.42351779
113.220269936823,7980642.17097401,2882268.1264656
113.244984202256,7979589.76553247,2913897.97325212
113.278174741628,7978179.34464186,2956379.47718437
113.292146603316,7977585.37677531,2974262.0959812
113.299834178961,7977258.58960581,2984101.47732716
113.302735809966,7977265.90384047,2978540.87369383
113.30563744097,7977236.12737576,2971924.55533055
113.30936842306,7977206.34846576,2963493.67671613
113.3187135352,7977136.16419122,2942364.04487237
113.354735562457,7976854.94767551,2860910.8179019
113.393164960458,7976556.12771555,2774015.38833169
113.401730975429,7976409.94736039,2761903.60591609
113.4102969904,7976053.56217337,2779773.81072537
113.416405341921,7975806.1592735,2792630.92458316
113.429445602175,7975290.76554087,2820073.29195204
113.473467247025,7973531.80088634,2912703.16922158
113.489115350764,7972907.15198276,2945630.43483691
113.497792485257,7972560.64218322,2963889.00863878
113.506469619751,7972416.48694033,2958409.4246176
113.513201946779,7972311.93360091,2947328.51919971
113.519934273806,7972211.74231158,2936322.88045865
113.536726791428,7971970.69323065,2908867.78930283
113.597809646367,7971080.38388246,2808989.44678216
113.609257717791,7970826.86408463,2809537.38195041
113.620705789215,7970582.01420127,2814978.63133349
113.63215386064,7970335.62621558,2820389.49079591
113.667979206451,7969558.65495389,2837320.50804135
113.691053682856,7969059.65680489,2848226.99964146
113.714128159261,7968847.50937259,2834408.69946709
113.733712341578,7968792.65269576,2809025.25259791
113.753296523896,7968739.03923149,2783688.18111228
113.787410253561,7968652.80907633,2739558.40474392
113.821523983226,7968287.58549191,2740319.69946911
113.838548382223,7968051.7790108,2754075.67260851
113.85557278122,7967811.65824901,2767776.78060246
113.898948523023,7967189.8462656,2802679.37828983
113.921117637993,7966796.0314237,2809192.01551882
113.943286752962,7966399.02995027,2815083.03977176
113.985719837116,7965619.0622136,2826350.11326147
114.038966188513,7964698.82906408,2827224.8184585
114.092212539909,7963790.93648621,2823173.93596512
114.145458891305,7963017.2842529,2813739.88234569
114.198705242702,7962273.47235419,2803371.13134443
114.231731817236,7962045.43474284,2786535.76710285
114.264758391771,7961838.02467136,2769246.89797314
114.29573308838,7961633.62143815,2753027.4883766
114.310646820026,7961282.17642612,2766273.09428444
114.325560551672,7960858.51323186,2788339.72833945
114.340474283317,7960433.58582094,2810366.77116467
114.382685097522,7959223.11797174,2872706.66492959
114.575801326639,7956089.88637364,2741104.05392329
114.588778305394,7956111.97074715,2714272.094869
114.60175528415,7956080.80935638,2694043.40399091
114.607706057798,7955920.0781003,2704254.07192939
114.613656831446,7955774.30340136,2714703.30916722
114.624048632629,7955538.22024841,2732934.65392356
114.654390994882,7954820.94983175,2786153.04768308
114.679340142224,7954233.01950622,2829914.56934575
114.695205762771,7953858.85927991,2857743.01756079
114.711071383318,7953676.9950302,2855611.80053022
114.726937003865,7953532.35458085,2839962.90574183
114.739331468647,7953420.929833,2827781.71575196
114.77270799926,7953129.60767183,2794984.8124571
114.79086622231,7952969.36846887,2777140.45914052
114.8018175023,7952804.33190548,2771597.92908162
114.809207686464,7952501.04490998,2786099.94649632
114.816597870629,7952205.77930813,2800748.46715931
114.831313210692,7951632.70552129,2829911.50542759
114.879226732078,7949745.08254225,2924853.08953971
114.894884765914,7949128.91442681,2955880.76002682
114.910542799749,7948895.63560883,2944409.39970201
114.921057297304,7948813.69880101,2922252.02908411
114.931571794858,7948735.93258145,2900190.5298185
114.954570280956,7948579.14517631,2851938.63488438
114.98253571613,7948381.79567276,2793260.15782158
114.995839464045,7948288.36008443,2765346.34535833
115.009143211961,7948088.64977421,2761534.25589209
115.022446959876,7947887.60085882,2769233.69220135
115.035750707791,7947684.01727027,2776874.22469411
115.069296609839,7947160.91664241,2796136.52290965
115.092248650236,7946805.58849241,2809318.16985446
115.115200690633,7946694.08692921,2798363.38898043
115.138152731029,7946679.66108058,2774758.27520287
115.156399764532,7946668.81710793,2756019.90357379
115.17909292181,7946659.16754864,2732718.76169789
115.201786079089,7946566.11374271,2715960.28780869
115.205084606519,7946402.11017963,2724538.58796873
115.208383133948,7946262.27342615,2733458.13933576
115.213302691127,7946065.51279288,2746714.49527072
115.226348729385,7945519.49069481,2781864.43331479
115.277575394182,7943384.69131803,2919894.41303648
115.293410180875,7942724.43389853,2962560.66014481
115.309244967568,7942325.56198117,2967298.48321507
115.317639507818,7942159.96638722,2954850.68161009
115.326034048069,7942000.90874306,2942531.72632595
115.343285070607,7941688.6636745,2917216.14878743
115.40021494624,7940633.06752318,2834262.00653425
115.40386606973,7940459.10798229,2838930.39342026
115.407517193221,7940319.09148387,2843947.24994284
115.41298441932,7940100.52297135,2851408.38966598
115.428620725574,7939473.48633935,2872752.20790206
115.491326046869,7936967.85408843,2958354.81762735
115.521699417783,7935756.70536018,2971100.05278954
115.552072788696,7934524.30874739,2972114.23407321
115.58244615961,7933292.28120157,2973149.9466685
115.676726187098,7929379.97315449,2979594.21828459
115.729522908757,7927565.05703258,2958061.91701634
115.764969346708,7926539.38509715,2929908.84350118
115.800415784659,7925508.74527396,2902493.58351642
115.806921765049,7925206.52860055,2908404.12853953
115.813427745439,7924914.94272708,2914501.14235693
115.825602795893,7924385.76955837,2925903.19026347
115.862141479865,7922773.74402793,2960105.11068765
115.890332767451,7921531.49908478,2986495.82708806
115.918524055037,7920411.55918299,2989158.39588873
115.952616196533,7919106.47081212,2977072.59577448
115.977876796892,7918139.65436182,2968136.23921577
116.032308782662,7915888.36189106,2970268.97212508
116.086740768432,7913531.11221055,2987209.07178733
116.127339743012,7911825.30314741,2988487.85947136
116.181332380354,7909581.22301242,2982756.47206937
116.235325017697,7906308.07473877,3038930.62401396
116.256551728838,7904820.35803774,3074050.52233458
116.277778439979,7903332.00592501,3109132.10364953
116.335474082781,7900741.58871095,3063166.1039151
116.346945223855,7900385.99158499,3036141.88068301
116.358416364929,7900035.40564349,3009232.19409246
116.382068034774,7899327.78836505,2953755.85113262
116.394608438827,7898948.84020618,2924337.48373999
116.407148842879,7898418.79282355,2918225.69881266
116.419689246931,7897847.09784727,2930563.01115377
116.428730474844,7897431.89168609,2939386.22241099
116.450297891903,7896430.80770956,2960429.33369477
116.501610762006,7894044.46890004,3009773.15057783
116.531769497034,7892384.70046224,3025498.73074565
116.561928232063,7890723.25272897,3041188.76166715
116.598510392566,7888702.41590184,3060213.78944507
116.60695551314,7888443.78464721,3050031.16726817
116.615400633715,7888202.74625261,3036393.10612879
116.62555101231,7887914.97709729,3020038.43850375
116.655745263134,7887065.24888075,2971389.79464156
116.686333823778,7886202.10348004,2922103.6836979
116.716922384422,7885377.33486446,2896437.78898407
116.740632045633,7884790.43339404,2891642.08831424
116.758427510824,7884348.6791004,2888010.91430944
116.810626991587,7883045.43026244,2879455.03567347
116.86282647235,7881748.98849098,2879195.29323778
116.915025953112,7880335.71368188,2886030.28316128
116.954087841394,7879075.98154511,2904404.91472511
116.991915323771,7877846.2746064,2922192.39323014
117.015862752571,7877234.10231148,2916672.22149105
117.039810181371,7876686.59528841,2902369.271647
117.063757610171,7876139.66966124,2888089.53042641
117.14108932508,7874701.84599931,2845694.90876033
117.188802944025,7873992.57071421,2821575.56733519
117.221835479885,7873914.4204796,2788628.36293285
117.254868015745,7874037.78156792,2747189.34099743
117.287900551605,7874161.17359918,2705766.17931742
117.318138598892,7873843.26861199,2717224.1986211
117.330183695695,7873627.1693014,2735227.91669047
117.342228792498,7873407.48948295,2753150.91884281
117.370242906299,7872885.74558295,2794833.47418424
117.390005698098,7872520.79991376,2824241.54510689
117.402466474393,7872335.05962986,2837192.87578973
117.414927250687,7872272.27910974,2826771.31047411
117.424458121758,7872221.10468499,2818737.76463798
117.448125768449,7872084.73699103,2798785.99770561
117.476565385082,7871925.12381842,2774814.54602815
117.493142886614,7871831.78438404,2760841.13126339
117.509720388146,7871367.56039175,2776141.37281772
117.520958081407,7870918.33726366,2801067.56372776
117.532195774668,7870465.46528079,2825902.73499383
117.557423897582,7869437.0390387,2881654.16736508
117.592548361426,7868011.60308999,2959280.77157704
117.600837769323,7867711.05868276,2974324.3912577
117.604228159737,7867702.71840602,2968303.58151719
117.607618550152,7867661.15166661,2961939.56283704
117.612629670287,7867606.76206703,2952585.49452954
117.627503235499,7867449.24514326,2924815.00116528
117.689908167624,7866779.87949221,2808292.16730582
117.725540086599,7866883.84515721,2755664.86611558
117.761172005574,7867192.14867405,2708634.71509895
117.796803924549,7867499.93558164,2661595.39103286
117.806814361087,7867242.78474029,2676566.45235716
117.816824797626,7866893.22193778,2705627.66698785
117.824710011779,7866614.4150187,2728440.96847772
117.843492634016,7865940.65076366,2782784.44127473
117.868143673902,7865061.57914565,2854110.1311486
117.892794713788,7864181.90140628,2925435.01387347
117.900638131037,7863927.83955905,2945403.58512071
117.902637374066,7863942.12013476,2942653.32797693
117.904636617095,7863917.75671011,2939456.13903576
117.907320587865,7863883.69128964,2935247.15232976
117.9131588153,7863822.95126436,2926081.88725856
117.934462824028,7863593.73616349,2892631.42321328
117.977187916478,7863136.22982433,2825549.35759986
118.002084290032,7862880.20168968,2788774.81598063
118.017003933805,7862811.92883796,2782077.19443566
118.031923577578,7862748.11998153,2775461.342693
118.065448880201,7862616.77214969,2760600.72565659
118.098306999634,7862483.51302652,2746032.04121043
118.110538307929,7862335.67894175,2751085.52629187
118.122769616223,7862183.77974927,2757965.26443267
118.140552447264,7861962.18125243,2767951.68207727
118.207725529487,7861150.75564098,2799643.69737842
118.227539170276,7860974.63793112,2795267.98292064
118.247352811066,7860796.90732305,2790847.0463732
118.299703270632,7860318.58819771,2779160.04593178
118.306966525944,7860097.23345256,2787998.44207543
118.314229781255,7859876.55743098,2797464.67213552
118.326873409654,7859512.08126025,2813933.08281878
118.364770238634,7858392.04578656,2863277.86951739
118.40236162018,7857363.38312997,2904388.48407395
118.406637563869,7857397.22972395,2895918.81897219
118.410913507557,7857401.88172412,2887130.49616339
118.41755667725,7857414.62965382,2873518.79813277
118.438122466762,7857458.42167793,2831376.51997735
118.468051201997,7857519.26653069,2770045.9331554
118.497979937232,7857580.54911441,2708715.89235561
118.505403578864,7857498.00391601,2708788.18849849
118.512827220495,7857425.09232164,2715120.22924591
118.520250862127,7857348.55445933,2721390.42067905
118.539985649682,7857138.24450913,2738063.02834497
118.577793385325,7856740.75928589,2770007.95798218
118.597201553791,7856536.35332783,2786405.99787563
118.609596422607,7856503.92497025,2783351.0764447
118.621991291423,7856479.7740928,2776108.06278566
118.634386160239,7856456.74883718,2768888.83014455
118.676700576015,7856382.63608604,2744244.41499727
118.888272654895,7856073.85280296,2739929.24747581
118.904249190356,7856130.7204029,2736510.08758381
118.920225725817,7856450.99490508,2709898.59713066
118.936202261278,7856770.38260729,2683267.01960154
118.990825978944,7857858.09098037,2592211.99752281
118.99877962718,7858016.81245708,2578954.12213332
119.003676911398,7857930.55920446,2586148.29568346
119.008574195615,7857846.20442887,2599222.96285917
119.013471479832,7857755.81248693,2612204.42806043
119.025268180363,7857531.60437664,2643488.24382926
119.068326502001,7856725.31387242,2757680.10519431
119.085268907024,7856407.50016876,2802611.16409115
119.096923069009,7856189.03720785,2833518.04586726
119.104961929311,7856200.60659479,2834402.12859512
119.113000789614,7856231.26613535,2821619.61861524
119.121039649916,7856267.74773328,2808954.04589768
119.138209125441,7856357.67866245,2781899.46137146
119.197791684327,7856652.06822145,2688001.28393267
119.21947722003,7857353.07242186,2640677.18111041
119.241162755732,7858116.98082737,2591775.60581414
119.273989178721,7859273.64018087,2517756.7425815
119.289589345171,7859824.04518692,2482581.84351964
119.297822961813,7860114.20586258,2464016.38541583
119.306056578455,7860221.21452891,2469376.094203
119.312640555236,7860305.00949433,2481152.95062352
119.319224532016,7860383.58923563,2492843.60626664
119.33518168822,7860566.27000504,2521186.67227107
119.397195083724,7861289.35720913,2631339.77603086
119.407950113335,7861482.8402934,2633270.94842675
119.418705142945,7861665.92851981,2628741.1220729
119.429460172556,7861851.29882865,2624254.36331255
119.460359459794,7862390.14341009,2611363.24365314
119.550605680787,7863871.77825495,2600453.22819264
119.596686969981,7864601.28472997,2605662.98045685
119.627195640454,7864886.45175375,2619894.50852473
119.657704310927,7865140.46477218,2635487.18820332
119.688047900903,7865414.27659139,2651000.41108664
119.718391490879,7866034.98079576,2632312.11768774
119.738236130151,7866568.28755351,2605239.96469686
119.758080769424,7867103.33274499,2578219.50396055
119.781026799276,7867727.31588365,2546978.49441028
119.794733319687,7868098.39660705,2528316.12269047
119.808439840099,7868169.66922971,2539591.77782139
119.819393314695,7868132.51419154,2564234.08470662
119.830346789291,7868091.00207728,2588776.08629632
119.854284624484,7867988.41868286,2642411.56264645
119.889368781348,7867845.02644206,2721025.77693749
119.899108051261,7867804.98256351,2742848.52863229
119.905128309498,7867837.09682321,2743129.573138
119.911148567736,7867843.15133852,2740715.24944313
119.918916319665,7867854.88651606,2737651.13692774
119.940899133799,7867894.19322635,2728976.45904939
119.991718702024,7867979.58887813,2708919.09030633
120.024655178145,7867971.75503189,2709561.40919054
120.057591654266,7867950.67029591,2714882.89876283
120.090528130387,7867929.46071601,2720196.23469076
120.115359241637,7867565.39351694,2743580.65777498
120.140190352887,7867009.32953773,2779216.80184101
120.165021464137,7866452.66986365,2814820.89834159
120.198040893521,7865708.28591117,2862162.41815642
120.20672810095,7865605.65616503,2860654.17479732
120.215415308379,7865498.90841647,2854716.00098209
120.224102515808,7865394.34623505,2848815.59472868
120.250568798626,7865081.21261979,2830838.7372025
120.367549581841,7864527.74918189,2741137.82096772
120.390995000901,7864550.64659995,2721649.58617464
120.41444041996,7864334.18514828,2727252.20033477
120.435083281563,7864063.83191326,2746337.90282027
120.455726143165,7863791.94974548,2765377.79064348
120.488342446974,7863356.33692261,2795457.29863105
120.520958750784,7862136.07814851,2853566.91339336
120.552582102561,7860546.40004039,2925314.00915377
120.584205454339,7858956.76015422,2997031.52280812
120.594691155087,7858427.12786736,3020809.4790773
120.601292511241,7858163.14138438,3030355.73170798
120.607893867396,7858080.60279552,3016312.30008084
120.612902161061,7858008.64814266,3005519.56693067
120.623074422992,7857850.90337003,2983608.48391516
120.656328233132,7857354.50664723,2911992.99453213
120.699199061976,7856712.69460565,2819663.90947921
120.703458291147,7856525.12728512,2822877.4660568
120.707717520318,7856360.8291253,2829569.75163081
120.71197674949,7856190.86849587,2836190.70644001
120.722930348341,7855749.35907498,2853229.99672057
120.763875147318,7854108.45265888,2916928.84822526
120.787037268083,7853179.53296506,2952961.81477828
120.799761008194,7852669.37176268,2972756.12331434
120.804672106589,7852540.56554761,2970576.36362395
120.809583204985,7852389.28658701,2967615.53624229
120.817407203784,7852152.43427867,2962936.49804724
120.841896760862,7851415.76504239,2948289.32285108
120.9,7849663.68176627,2913534.14410189
