0,4104039.62397836,1956116.60325445
6.24502016464887e-06,4236697.08782188,1972649.78506753
1.81783734098918e-05,4468092.3143244,2002086.50139367
3.01117266551348e-05,4673156.40590439,2028994.4894979
4.20450799003778e-05,4854905.20740818,2053667.93278869
5.39784331456207e-05,5016006.30539223,2076346.35535542
6.8754500433741e-05,5190429.6741804,2101955.68736385
8.35305677218613e-05,5340692.77183436,2125117.3478672
9.83066350099816e-05,5470161.24341088,2146085.64686393
0.000113082702298102,5581728.57955505,2165075.03822105
0.000131734218546241,5700884.69610453,2186506.05304333
0.000150385734794381,5799662.6969591,2205399.15794584
0.00016903725104252,5881565.35672932,2222033.5772325
0.000191900601328826,5963202.21610494,2239707.05521157
0.000214763951615132,6028112.6020575,2254758.76341861
0.000237627301901438,6079739.64593847,2267541.96965337
0.000266671019146033,6130457.5327752,2281002.85264131
0.000295714736390629,6168391.78438641,2291855.90578607
0.000331049150445801,6201965.19919922,2302223.25856604
0.000366383564500973,6225560.33742624,2310116.1355523
0.000411119215050589,6245724.25791938,2317432.34950163
0.000455854865600206,6258632.15131958,2322539.65220562
0.000515918688913708,6269046.79016926,2327039.12631271
0.000588476494685562,6275614.20415747,2330183.17837819
0.00067664334642841,6279245.04574249,2332123.39312337
0.000788810204560765,6280982.64648711,2333166.85254677
0.000900977062693121,6281531.16146676,2333536.98004837
0.00101314392082548,6281705.77203968,2333662.80748434
0.00112531077895783,6281761.81071973,2333701.73276604
0.00126407515948142,6281782.35880319,2333710.50013474
0.001402839540005,6281787.33629476,2333705.65849005
0.00154160392052859,6281788.64935776,2333697.32475652
0.00168036830105218,6281789.09128773,2333688.10510428
0.00184713784586929,6281789.36481547,2333676.74922819
0.00201390739068641,6281789.57736806,2333665.32567352
0.00218067693550352,6281789.77978573,2333653.8903808
0.00234744648032064,6281789.98050568,2333642.45306373
0.00255548356841494,6281790.23052923,2333628.18510992
0.00276352065650925,6281790.48049352,2333613.91708327
0.00297155774460355,6281790.730453,2333599.64905059
0.0032271971583794,6281791.03760686,2333582.11625546
0.00348283657215525,6281791.34476068,2333564.58346029
0.0037384759859311,6281791.6519145,2333547.05066512
0.00406784665502922,6281792.04765731,2333524.46107929
0.00439721732412734,6281792.44340011,2333501.87149347
0.0048058480654101,6281792.93437485,2333473.84592815
0.00521447880669286,6281793.42534958,2333445.82036283
0.0057489258158243,6281794.06749407,2333409.16580397
0.00628337282495574,6281794.70963856,2333372.51124509
0.00704173014776023,6281795.62081398,2333320.50000234
0.00800147111359501,6281796.77395426,2333254.67704677
0.00930549289870309,6281798.34075207,2333165.24190638
0.0112700735363883,6281800.70121926,2333030.50294179
0.0148700108641724,6281805.02658712,2332783.60453566
0.025999951296777,6281818.39934398,2332020.26775981
0.0711944574829661,6281872.7010849,2328920.6439256
0.116388963669155,6281910.50754862,2327702.07547183
0.161583469855344,6281921.88384925,2330194.87443619
0.206777976041534,6281943.33612338,2331871.92220472
0.251972482227723,6282045.11843794,2326595.66633031
0.297166988413912,6282149.42143261,2321334.47937431
0.342361494600101,6282137.30921918,2327303.78474528
0.375081275400492,6282113.27917963,2332823.02320508
0.422033961065769,6282097.84762889,2336930.83791312
0.468986646731045,6282094.63519431,2335282.62791918
0.515939332396322,6282107.94454846,2333143.13461776
0.585999250860622,6282198.67950262,2327760.4885026
0.656059169324922,6282493.20970904,2314581.0690627
0.726119087789222,6282947.99996402,2298173.01776205
0.796179006253522,6283607.41047637,2280958.3286768
0.839863563291112,6284403.22644169,2255449.94393773
0.883548120328703,6285307.04698902,2225581.44854721
0.900143528380809,6285650.54001795,2214237.45147284
0.916738936432916,6286500.80895102,2175139.719363
0.927084356594912,6287226.8826615,2138084.67501075
0.937429776756908,6287958.39983286,2101126.62283814
0.958941068242899,6289478.41060181,2024272.10239295
0.985605501311081,6291362.6368013,1929006.64292446
0.99824619281877,6292255.88008304,1883844.56069245
1.0049102103599,6292726.78709881,1860035.6652431
1.01157422790103,6293139.35930909,1853961.53108621
1.01823824544216,6293584.36439808,1856811.56199808
1.02490226298329,6294017.11248927,1859548.01094915
1.03993079273374,6294999.67141471,1865747.32883666
1.10155577348664,6299027.91487923,1891164.71963423
1.12873523264725,6300825.33978105,1891794.37928827
1.15591469180786,6302622.02834831,1889693.15305189
1.18309415096847,6304420.40371152,1887603.39523375
1.30017726119152,6312390.9669218,1865842.64452359
1.3479787623813,6315627.03335577,1866721.16620765
1.39578026357108,6318858.00136555,1869832.82933892
1.45546772471281,6322965.23542024,1863985.29908421
1.51515518585454,6327084.05660562,1856574.19732957
1.55825762616566,6330003.49130158,1860712.08347594
1.60136006647679,6332924.0454461,1864867.42857812
1.74028362114621,6342344.01085928,1861730.42776057
1.79807191614384,6346367.10784705,1849413.86595878
1.83241162965482,6348631.50921524,1856218.59888897
1.86675134316579,6350829.32822157,1871706.47614896
1.90109105667677,6353026.03523426,1887176.78106158
1.93754956243285,6355331.52060204,1893678.7332218
1.97400806818892,6357623.15098792,1896396.42992936
2.010466573945,6359914.28749408,1899130.01114645
2.05057119305095,6362505.29498762,1893008.59758739
2.0906758121569,6365097.43840121,1886497.18143439
2.17370942906926,6370534.38338912,1876128.31974576
2.28592977468121,6378091.34731858,1855858.97380803
2.34372374713629,6381908.31513261,1859286.04913976
2.38334150120229,6384457.70828336,1871376.7944476
2.42295925526828,6386991.25449396,1881663.56579663
2.46257700933427,6389471.52813985,1886586.28664503
2.51973153664434,6393080.18133907,1890595.82859968
2.55315292252951,6395301.52412923,1879404.18801948
2.58657430841468,6397522.75614114,1868179.28704604
2.61289585704759,6399272.05913404,1859339.52482289
2.6288071391824,6400272.11917968,1863112.36141101
2.64471842131722,6401272.79058256,1867642.78842071
2.67121924749045,6402939.52573509,1875178.56577024
2.80372337835662,6410984.19489133,1909801.94426209
2.84023042711434,6413229.08186585,1906731.92789311
2.87673747587205,6415500.58336453,1898782.51279208
2.91324452462977,6417766.88951136,1890851.91521527
2.95510228936152,6420365.98902994,1889784.305945
2.99696005409327,6422966.4264364,1889091.40411935
3.05169949552158,6426513.17284755,1875851.4800606
3.10643893694989,6430130.00777369,1856473.91105692
3.13885014905507,6432225.42016246,1856519.07895954
3.17126136116024,6434308.5132737,1860789.00319729
3.20367257326542,6436394.69355862,1865042.53600667
3.27792579078643,6440984.48891553,1881322.98518345
3.35217900830743,6445548.12030296,1889149.42387451
3.40934466487536,6449064.76001485,1887189.90507245
3.4665103214433,6452544.3110389,1889466.6144397
3.52367597801123,6456043.8419768,1889654.23352655
3.55866166472722,6458304.03170203,1877398.53084054
3.59364735144322,6460565.62111915,1865114.22069064
3.62060503864342,6462286.48638918,1857950.83837192
3.63629187457857,6463196.78843824,1866390.28444658
3.65197871051372,6464108.45883129,1874898.66756543
3.6874052034626,6466167.6355314,1894108.52736621
3.71535860170335,6467792.21056255,1909266.40292427
3.7312817156777,6468766.64055834,1906955.43829244
3.74720482965205,6469743.77795203,1902340.79480825
3.76690690338382,6470950.29431649,1896648.28824338
3.81200144267562,6473715.54621032,1883615.20445805
3.84064465795665,6475427.04752802,1884978.86823428
3.86928787323768,6477129.54261409,1888968.48542302
3.89793108851871,6478835.28119268,1892947.81127306
3.96840763368293,6483084.51318649,1890039.2175617
4.03888417884715,6487355.72707021,1884264.30028129
4.10791912269736,6491519.860996,1885164.54757024
4.15304639240058,6494111.62256216,1896026.47415635
4.19817366210379,6496646.20802404,1910711.03836531
4.24330093180701,6499204.11233442,1917205.39927263
4.28842820151022,6501745.37347662,1915948.19108983
4.33355547121344,6504290.23396264,1915085.55030409
4.41220122527821,6508716.95738999,1915162.90905048
4.47194274771175,6512159.8169058,1906887.87589493
4.53168427014529,6515586.30050893,1901779.62978822
4.57210447368883,6517798.75325023,1912803.46020179
4.61252467723237,6520004.86966685,1923849.8132549
4.64982892344481,6522056.78704878,1924500.42245421
4.68713316965724,6524125.94112417,1921832.25185469
4.72443741586968,6526175.97080724,1919793.77103433
4.76151060944774,6528136.2633942,1926604.68780684
4.79858380302579,6530096.42536834,1933436.92281995
4.86363418629952,6533618.54803574,1930694.98646686
4.92868456957324,6537176.65248883,1920858.11592919
4.96748774435657,6539222.46930291,1926518.24487724
5.00629091913991,6541275.17166143,1932199.66703267
5.12550154793132,6547417.82327135,1946907.89769251
5.16805277094244,6549645.54803559,1942796.85367664
5.21060399395356,6551869.85264209,1938664.64301863
5.34489695607583,6558894.97098251,1935408.92269036
5.39837715490604,6561586.39442041,1946422.34044288
5.45185735373624,6564192.70345582,1958147.91963892
5.50379308460977,6566649.05415163,1970212.48075438
5.55572881548329,6569262.22660029,1962760.04679152
5.59179740222904,6571129.36957369,1948117.00037748
5.62786598897479,6572994.0424262,1934734.77336931
5.64092965572155,6573629.43437814,1938157.68578227
5.65399332246831,6574265.31930589,1941641.98017002
5.68458788569606,6575755.42305537,1949796.94603697
5.78714846450733,6580743.82167402,1961144.91579878
5.8897090433186,6585709.61194108,1960610.52307682
5.96572096735967,6589370.80223284,1961422.56273816
6.08645683187889,6595141.2455587,1964044.60870135
6.17261719543018,6599180.52218365,1969260.14419497
6.22615214195073,6601656.14091203,1974988.45331173
6.25633531481311,6603139.8870136,1967945.1424593
6.28651848767549,6604623.87696583,1960188.77493163
6.33882163784339,6607152.1073203,1951227.0231486
6.38011434230864,6609089.42183217,1959526.79230808
6.41203703463157,6610577.43889157,1965958.52177351
6.48011729358489,6613761.39530557,1968079.62645522
6.54819755253821,6616994.84171153,1962424.59208945
6.59750695229332,6619429.42385777,1950560.88245255
6.67017988208036,6623076.2552972,1937053.60914972
6.71480407175069,6625346.45735092,1930754.03735843
6.75942826142103,6627476.89625821,1940333.80819567
6.80405245109136,6629527.97683398,1958234.83179753
6.829903210872,6630718.13144501,1968596.60536371
6.84544895685677,6631477.09872572,1965590.00797993
6.86099470284153,6632235.26540693,1961801.67348214
6.88663730287971,6633482.34420009,1955561.41539919
7.0008045242683,6639021.54256928,1945028.52332445
7.08717888065657,6643204.05395179,1945209.62886403
7.17355323704484,6647253.9366941,1955190.33388799
7.23607513988422,6650092.27353245,1969261.69708946
7.2768605005064,6651936.30574424,1969527.16102247
7.31764586112858,6653779.13980204,1969773.80960959
7.37429432130409,6656478.06072959,1957332.40785205
7.43094278147961,6659233.90425882,1940078.27278901
7.44979548969646,6660099.31486662,1942417.40534016
7.46864819791332,6660970.68088858,1945809.33869499
7.49813658404914,6662338.23041337,1951106.72710301
7.63442828262206,6668665.12721744,1954813.38384984
7.66662685406478,6670089.79439977,1960426.50897602
7.6988254255075,6671515.78633603,1966064.1743875
7.79649855555185,6676088.32723778,1950145.72638123
7.83492477864299,6677943.13527794,1936516.11890869
7.84710841396893,6678480.54307868,1940221.84523965
7.85929204929487,6679022.17710305,1944051.23789644
7.88541506284407,6680185.3253552,1952255.46633642
8.00894912024578,6685729.9665767,1962992.34484443
8.1324831776475,6691464.37881905,1945472.31489414
8.15629066508044,6692506.66471968,1950679.89860576
8.18009815251338,6693542.06825515,1957017.81974305
8.21650823028065,6695131.24901169,1966704.19629477
8.27152842423618,6697670.37603131,1959189.44691305
8.32654861819171,6700287.39750521,1939381.56308401
8.36601213899234,6702165.69507586,1934595.38252088
8.40547565979297,6704042.86918907,1933259.73351889
8.4449391805936,6705923.54332315,1932627.13687979
8.50301329134928,6708656.6924569,1935893.74467906
8.57483134803785,6711919.00237875,1945583.36442955
8.64664940472641,6715164.73521059,1955583.06765358
8.6701648715316,6716290.40033509,1947352.75873596
8.69368033833679,6717423.98222858,1939087.09720489
8.73273342073361,6719305.4667024,1925361.13087397
8.75762712677552,6720466.76244,1926273.31522518
8.78252083281742,6721618.13094891,1929860.44159323
8.80741453885932,6722779.83617554,1933437.71691079
8.92116349625811,6727773.96729472,1962267.77280573
8.98035402526065,6730313.35671214,1967690.80571498
9.03954455426318,6732846.6955054,1967826.66903266
9.09873508326571,6735441.83332095,1961654.77314753
9.14595806041763,6737489.17551465,1958493.47156358
9.19318103756955,6739480.61488311,1967676.53736746
9.22773082812583,6740888.99988609,1974411.31347625
9.29544438884197,6743485.63368383,1994821.23409041
9.3321127314582,6744864.50672803,2006749.16816993
9.35738558421259,6745876.10714913,2003973.68025333
9.38265843696699,6746921.80415354,1996081.05408679
9.40793128972138,6747960.88212254,1988202.85453167
9.49757163657941,6751647.24946283,1976861.99681456
9.56923348820551,6754630.70450558,1972597.91052012
9.6408953398316,6757683.09678526,1963651.91597267
9.65285340272364,6758114.8120639,1968945.03803851
9.66481146561568,6758558.23848356,1974361.53831479
9.691442749787,6759547.94778717,1986418.72611528
9.82080279779542,6764460.41681507,1999375.07360481
9.86957199340389,6766226.19678748,2005326.93728863
9.91834118901236,6767917.67845247,2020762.97523503
9.94327489682154,6768783.87297932,2028488.63566004
9.95848758940305,6769360.08216869,2024426.72655951
9.97370028198455,6769933.57675317,2020304.21044714
10.0088782369909,6771257.39308798,2010774.81126192
10.0828996945992,6774024.54750404,2002581.00358189
10.1569211522075,6776812.87398762,2000811.31851735
10.2119508011009,6779026.56661372,1986064.35223449
10.2422531096699,6780241.95349692,1977937.04595712
10.2602701726066,6780898.10833688,1982703.53791965
10.2782872355434,6781549.68466888,1988578.30217437
10.3057168828391,6782548.7817254,1997514.2333461
10.4223012958764,6786848.73116557,2003677.07185971
10.5388857089137,6791296.41586518,1990013.03750955
10.5851573889213,6793001.28762665,1994937.91335009
10.6314290689289,6794693.35223229,2001537.11751537
10.6947835683709,6797021.91861669,2003074.2662237
10.758138067813,6799346.7297706,2002569.81045739
10.843634947737,6802461.38727349,2003170.26988494
10.9086073270831,6804898.51847945,1996381.80000096
10.9492885082612,6806416.42652303,1992737.05690143
10.9758450057882,6807341.68074956,1999007.07733535
11.0024015033153,6808264.87366719,2005306.27903035
11.0412965774603,6809618.14085453,2014531.7322482
11.0659274465436,6810539.64640175,2010338.99863185
11.090558315627,6811482.2994418,2003031.11774003
11.1151891847103,6812409.52154354,1995732.09880168
11.2115137319997,6816009.7213345,1990394.94611252
11.3078382792891,6819538.88671568,1996365.07050903
11.3781248992675,6822137.16116122,1994596.98307944
11.4299247508206,6824092.26967263,1987317.57534139
11.4817246023736,6826033.43713811,1985673.6322481
11.5832142695502,6829780.57786327,1990620.89072432
11.6598740242179,6832559.80709141,1996432.15667898
11.7722152467946,6836628.24488929,1994714.61331715
11.85811818857,6839709.13520414,1996737.92531167
11.9087722589378,6841385.84615375,2009982.82343179
11.9594263293055,6843074.3361427,2019905.17082801
12.0100803996733,6844801.26698252,2015106.56659423
12.0495509340456,6846146.37277459,2011357.12356321
12.1173102037309,6848463.71017715,2009765.0009747
12.1850694734163,6850922.69523405,1996198.32811798
12.2366743342559,6852890.20757684,1977256.15703245
12.2718562187643,6854126.05168387,1980686.29320865
12.3070381032727,6855302.65734128,1995533.45685385
12.3330903144808,6856173.07341907,2006510.79127442
12.421877203349,6858969.14871456,2028677.06242849
12.4851071760812,6860977.42187802,2030325.44367814
12.5329798710692,6862524.68743809,2024151.5727649
12.5808525660572,6864137.38281484,2015710.6295795
12.6412592782475,6866227.18302705,2003140.75056862
12.6798456834745,6867492.15155086,2005847.177477
12.7184320887015,6868744.04968096,2012767.11790601
12.7570184939285,6870004.47493817,2018023.70820922
12.7956048991555,6871318.8986345,2012110.13349112
12.8249689220493,6872318.41073384,2007595.48296254
12.9298425481581,6876239.65142701,1969851.17980772
12.9533409770984,6877146.63047051,1959960.51380052
12.9612419727246,6877388.0485661,1964631.91639066
12.9691429683508,6877639.46731801,1969414.64386925
12.9848239542284,6878141.66772135,1978895.35840862
13.0469947674292,6880125.70891318,2016484.35153486
13.0655473865456,6880762.13701769,2016084.56775921
13.084100005662,6881426.70464631,2009931.6574093
13.1026526247784,6882084.0135054,2003800.67972003
13.1618863400773,6884151.45125723,1987665.19075601
13.1976944243659,6885393.60354654,1991520.52769966
13.2335025086545,6886615.97173454,1995400.44028732
13.3413644747173,6890118.63255112,2013253.0438177
13.44922644078,6893264.19668757,2042613.32470069
13.4687832921996,6893915.357693,2036831.18201937
13.4883401436191,6894592.21719707,2026131.27961397
13.5078969950386,6895270.03396237,2015449.55079096
13.5403902360342,6896397.06031375,1997701.64868895
13.5728834770298,6897427.77697465,1997335.2377547
13.5977914625624,6898172.91952973,2008152.57513533
13.6165037055155,6898731.45542431,2016255.20181149
13.6528254516647,6899814.32037059,2031983.56076802
13.6749356971309,6900482.17364464,2032395.18736866
13.6970459425971,6901149.95649922,2031747.52357878
13.7314303702673,6902179.43002861,2030745.3356271
13.8796757388079,6906638.40804675,2029074.53094807
13.9368807793921,6908297.72182528,2035402.11909092
13.9940858199762,6910227.08298759,2012915.01322803
14.0327422303928,6911614.61014897,1987827.56558485
14.0529286774801,6912339.61816582,1974736.32575266
14.0659789380138,6912759.7234701,1976229.55624283
14.0790291985476,6913168.01351213,1980962.89293797
14.0920794590814,6913593.91345078,1985677.33218367
14.1354140794721,6914975.62988869,2001333.24148467
14.2486552050203,6918312.59353842,2033482.38620837
14.2859722910352,6919410.4565884,2033903.48039686
14.3232893770502,6920519.08934905,2031538.57057275
14.3606064630651,6921610.66419633,2029259.68918227
14.4613401116214,6924603.68829978,2026326.29137267
14.4843448773512,6925210.33540626,2033092.40551055
14.507349643081,6925818.40138716,2039889.70236836
14.5511159614367,6926977.00919583,2052820.96926643
14.5786694022087,6927756.87897196,2050582.28365561
14.6062228429806,6928547.11404844,2044796.94935881
14.6337762837526,6929338.10041615,2039020.69320213
14.7421722921575,6932516.94572831,2026744.8173752
14.792434258034,6933830.53499168,2040418.14787404
14.8426962239105,6935048.97335998,2063204.25032472
14.882519174499,6936130.64172138,2061660.14598088
14.91412801576,6937043.71626807,2048297.47153733
14.9370543753128,6937706.97224655,2038625.11444151
15.0113702879245,6939666.79277709,2045207.21995377
15.0637776520807,6941001.43414225,2060264.75117638
15.0842243714292,6941547.72219928,2057858.30282476
15.1046710907777,6942092.06347262,2055417.13991971
15.1606079362445,6943578.72598196,2048739.80131867
15.2691109099373,6946480.77979348,2046384.36225767
15.3264144373323,6947917.79794193,2055204.23565605
15.3837179647273,6949381.50055694,2058303.2539875
15.4254649798661,6950471.01501473,2054126.70497088
15.4672119950049,6951560.03001483,2050345.12630494
15.539915778544,6953484.78394063,2047642.00532073
15.612619562083,6955440.69488383,2043119.92565418
15.7494387836144,6959242.80350951,2031328.35339402
15.7908153727807,6960366.19976597,2033479.65704901
15.8321919619471,6961453.37498403,2038297.10273306
15.8480716742309,6961886.46691081,2040145.86001034
15.8639513865147,6962259.23284524,2045454.90156352
15.8654661841049,6962201.20700482,2050906.99903342
15.8669809816952,6962172.85520984,2056779.50201216
15.8688733244529,6962131.92588202,2064024.60676732
15.8728407517996,6962044.55837318,2079239.31773095
15.8866462963969,6961742.03891203,2132177.03889931
15.9556740193834,6960227.76366518,2396865.46767839
15.9632792618343,6960060.97796567,2426028.00564732
15.9680748326753,6959905.36795143,2434257.61919987
15.9728704035162,6959705.98105875,2440296.20625663
15.9788660968271,6959461.68928046,2447899.7610943
15.9949956389908,6958806.42140767,2468348.16263326
16.0631666031709,6956032.34950097,2554769.37811947
16.0710881969928,6955727.49971873,2555634.10053854
16.0790097908147,6955409.91313513,2555238.31605342
16.0907662507536,6954940.49818405,2554673.4682544
16.130404125063,6953359.57384128,2552768.49645909
16.2069180945504,6950232.43543594,2555850.36603939
16.2834320640377,6947150.44030504,2556114.5117992
16.3410470113026,6945085.07594507,2534642.44381919
16.3986619585675,6943110.66304925,2519255.8576021
16.4699475557759,6940742.73984768,2507675.96408659
16.4900361509387,6939963.57593538,2515106.59578958
16.5101247461015,6939186.72592741,2522585.80316394
16.5603004925862,6937250.36001674,2541269.26781395
16.5938038797959,6936048.32120983,2538284.25300444
16.6273072670055,6934862.65939866,2531343.63603674
16.6608106542152,6933677.36190143,2524410.64152916
16.7277387499928,6931555.64537261,2507035.02955784
16.7657157024464,6930369.35453392,2496931.03976301
16.788906282206,6929559.36246182,2501255.31678679
16.8120968619656,6928741.92327992,2507386.89235564
16.8439671224055,6927618.13974744,2515805.93833423
16.9134652882768,6925268.15690717,2516618.75471618
16.9829634541481,6922988.0218964,2507203.50650403
17.0384175028456,6921252.65844051,2501030.79339412
17.1408950519442,6917969.00435732,2502003.56896815
17.2433726010428,6914470.69843939,2516326.67342884
17.3079720756958,6912387.4004113,2510430.88067571
17.3725715503489,6910426.93597594,2491372.55033165
17.3859052687411,6909925.13658727,2497326.0491673
17.3992389871333,6909427.50458126,2503357.48302755
17.4286829613019,6908333.23168436,2516676.33208252
17.5469072309472,6904515.01431703,2499513.69511815
17.5875183149841,6903342.78822734,2484324.9115898
17.628129399021,6902230.06657741,2478913.94439043
17.668740483058,6901116.89187187,2473495.22715697
17.6947101183177,6900244.01635661,2483081.49112139
17.7206797535774,6899345.76125944,2495318.16503241
17.752349872213,6898249.9353943,2510232.34801076
17.8023840536918,6896652.59533309,2512287.88423437
17.8360294030427,6895637.27459023,2502495.03945773
17.8696747523936,6894623.09159454,2492725.2996819
17.8956742979235,6893760.28221298,2496372.68937113
17.9216738434534,6892886.44236311,2502331.15862096
17.9548682371931,6891770.38244968,2509930.75876759
18.0146278036598,6889890.27271195,2506477.97568937
18.0743873701266,6888069.76409843,2494228.4786548
18.1094836017961,6886950.95834896,2497244.51290704
18.1445798334656,6885832.25430518,2500472.24139413
18.2277604615764,6883216.06971773,2501661.89604617
18.3244620155319,6880122.18018551,2504335.34851323
18.4211635694873,6877058.08508708,2503316.60597321
18.5178651234428,6874110.66870985,2495216.75731633
18.5798474693454,6872231.37274795,2494243.26233118
18.6418298152479,6870212.16533681,2503553.85595241
18.6860958796741,6868799.12513325,2507436.40685221
18.7303619441003,6867526.64078088,2496651.93349992
18.7639841454481,6866559.54323882,2488447.61348315
18.8162333443181,6864906.18825909,2494146.21425878
18.8684825431881,6863199.40678688,2507380.64417609
18.9207317420582,6861610.06586386,2503097.1649994
18.958830809038,6860471.70724467,2496310.01366673
18.9969298760177,6859266.8777987,2496377.35430423
19.0241350054709,6858348.51764093,2503356.08972282
19.0513401349241,6857429.29488662,2510316.848935
19.1458331373826,6854062.46143505,2528956.13581134
19.2368833666154,6850927.66573679,2523736.87300662
19.3279335958483,6847875.64732207,2516441.57147927
19.4230906506102,6844598.40590886,2522258.61455287
19.4866250411713,6842380.8889047,2526246.66945632
19.5266462457274,6841093.69115994,2518999.43167415
19.5666674502836,6839807.68160845,2511732.83399582
19.6387371188145,6837437.40486651,2511724.39087993
19.7108067873454,6835035.20343203,2515774.58500566
19.7828764558763,6832602.02309228,2519014.62011071
19.8725183603115,6829681.63246974,2512526.93141761
19.9621602647467,6826824.92418322,2507804.60240203
20.074105526643,6823161.85161795,2513573.16473403
20.1427861713377,6820979.17921441,2509716.63193544
20.2114668160324,6818774.98644675,2507859.9429109
20.2801474607271,6816482.26321054,2516311.44532679
20.3469157993981,6814306.28856744,2514414.1569219
20.4136841380692,6812145.83702448,2511539.52508996
20.6062448947741,6806031.64624575,2506335.74862897
20.6594075117748,6804253.50629551,2513751.46184569
20.6940598467329,6803103.66991205,2518120.04649739
20.7158375552723,6802484.75844289,2511294.77299706
20.7376152638117,6801866.68861856,2504430.29256649
20.7951199825479,6800219.84064331,2487683.31877319
20.8130903965909,6799607.706471,2493733.80679148
20.831060810634,6798998.80116091,2499843.75713282
20.8736078611941,6797560.53642471,2514311.16949151
20.943175166118,6795350.17463976,2512767.80459645
21.0127424710418,6793240.34912812,2500731.29718028
21.0670037460019,6791705.30329296,2491475.19418853
21.1587503420124,6789042.75653223,2490881.29185606
21.2504969380229,6786121.49653819,2507733.7304888
21.2956301702968,6784607.73741312,2519676.65364515
21.3076255826612,6784336.00778903,2512337.46183756
21.3196209950256,6784071.84893055,2503505.58056853
21.3367689100871,6783695.25333484,2490895.20328293
21.4009063073248,6782281.57586643,2446904.58351122
21.4122613553145,6782012.84767681,2447766.69983844
21.4236164033043,6781748.66012432,2448698.66785159
21.4499397217847,6781139.10021691,2450856.99340621
21.5587656096303,6778721.36202474,2448074.24249745
21.6675914974759,6776137.17256813,2459436.35846274
21.7523499392656,6774075.84706861,2463271.58368307
21.8189341780691,6772478.54683556,2460320.14014643
21.8855184168727,6770883.99955201,2460222.58362418
22.0329921358597,6767452.28495084,2455573.80023967
22.097260277844,6765972.23968292,2454989.42095926
22.137423968479,6765198.37954975,2445045.82270304
22.177587659114,6764444.75897481,2434091.22481786
22.2441708150715,6762945.73053077,2442772.44040765
22.3262859725176,6760973.72139328,2461890.34023111
22.4427086760863,6758283.72900522,2455280.93430029
22.6021026343368,6754492.72200827,2465126.70919315
22.6352738886607,6753708.8719393,2463620.61001356
22.6684451429847,6752925.08545075,2461710.04507349
22.7388998819601,6751435.66256294,2448422.47153708
22.7951377957081,6750390.20460606,2430244.49270765
22.8291108289066,6749674.27747223,2432197.51412655
22.8630838621051,6748930.96939394,2439543.33469268
22.8970568953036,6748187.07399706,2446878.20622187
22.9705405509838,6746546.59905638,2450754.66271466
23.0440242066639,6744864.95437247,2454309.51735255
23.1950380695459,6741454.77519496,2450803.32931918
23.4025494273572,6737087.66809629,2446429.48087742
23.4943036794745,6735013.03186246,2453331.66120489
23.5459377796999,6734019.92108198,2443406.83609805
23.5975718799253,6733093.19754215,2427907.1720304
23.6301136595244,6732347.01869558,2433781.21901739
23.6626554391234,6731522.63359811,2449511.71998678
23.6951972187225,6730693.36653103,2465217.92392817
23.7386378169072,6729719.81175838,2464506.94227055
23.7820784150919,6728804.61397354,2452427.55935547
23.8152028055371,6728102.59125375,2444646.8765703
23.8483271959823,6727372.19803662,2446710.59826064
23.8814515864275,6726642.94908311,2448793.82277706
23.9919673578477,6724181.07590211,2452682.34995473
24.1520800588885,6720184.65411909,2474045.94496204
24.2222516475421,6718274.70486907,2484611.35212468
24.265237847093,6717220.51562769,2476517.26569654
24.3082240466439,6716165.22090048,2468402.1002761
24.3436681386287,6715229.14355928,2471178.68627937
24.3791122306135,6714284.03031766,2475846.3599541
24.4275171612079,6713056.01411573,2476835.07319118
24.464648604953,6712245.65258822,2465648.46947003
24.5095461004168,6711265.48773182,2452116.13876132
24.5465425435407,6710382.2297994,2454927.38261439
24.5835389866646,6709490.53190365,2460216.22537115
24.6295686097705,6708357.60227193,2466449.32698047
24.7161577512178,6706106.93139301,2476570.85019686
24.7577658278399,6705101.99457231,2472055.59727579
24.799373904462,6704096.04601597,2467518.05328573
24.9308785157381,6700963.98675644,2463139.50850443
25.0018846088211,6699175.85085872,2470324.33344511
25.072890701904,6697453.42394375,2468115.86213404
25.1438967949869,6695719.18680507,2466607.99961777
25.2149028880698,6693934.94866709,2471617.4531626
25.2711109097654,6692607.4239716,2466831.49631181
25.3273189314609,6691280.21306494,2462188.45903896
25.4245337607555,6688968.50163229,2463892.50985983
25.5217485900502,6686712.1043701,2460362.06417619
25.6189634193448,6684525.43385174,2455908.08320597
25.7015391034658,6682628.62270891,2458655.39544906
25.7841147875868,6680841.48182037,2452509.70586395
25.8172521249939,6680141.68532114,2448825.26397463
25.8320245296548,6680164.05664107,2426995.5393841
25.8467969343157,6680373.24225397,2391770.79040704
25.8577627936107,6680530.85870635,2365670.58534165
25.8863023933941,6680942.78231558,2297740.15655816
25.9098089119328,6681281.41451199,2241788.94162685
25.9208793645964,6681440.93266872,2215438.6305904
25.93194981726,6682064.40312749,2169018.72247843
25.9430202699237,6682843.98472213,2114230.61937631
25.9540907225873,6683626.2177758,2059498.70217929
25.9819158427344,6685593.84667182,1921927.2531541
26.0241655334711,6688577.08313881,1713859.28599636
26.0250450627651,6688600.74152204,1713286.25015447
26.0259245920591,6688668.31891934,1713448.436604
26.026804121353,6688727.7071399,1713457.39947334
26.028605258966,6688854.37995573,1713532.9066738
26.033977349266,6689230.59295674,1713742.36015807
26.0599773862884,6691051.14556669,1714760.37791516
26.1899775714003,6700116.09722206,1719375.25650387
26.3203603338141,6709071.56969784,1728242.33029493
26.3802035813348,6713013.76851329,1741877.51796544
26.4218481067727,6715754.36299689,1751772.04598318
26.4466000313226,6717438.23708154,1746639.42273158
26.4713519558725,6719127.36875781,1739827.40015621
26.5062060518774,6721498.64105702,1730248.44281177
26.580673742455,6726519.72789218,1728632.62808754
26.6551414330327,6731512.34916055,1732230.02935922
26.7296091236103,6736492.91683891,1733220.64297848
26.8040768141879,6741539.24185198,1722075.85524341
26.8563710299064,6745059.38964601,1720166.46897741
26.9282902441446,6749886.50395683,1723752.45033202
27.0002094583827,6754583.66642536,1735521.88891981
27.056028519552,6758235.8945641,1738427.04870545
27.1118475807212,6761889.06537187,1735916.02075503
27.1676666418904,6765546.99639506,1733557.3218045
27.4462310895024,6783527.4182645,1744499.5607847
27.4836761716064,6785946.1003163,1739530.39897038
27.5211212537104,6788360.6989412,1734536.8847127
27.5616220418744,6790923.36456587,1737726.43300877
27.6021228300385,6793477.28670292,1742411.67318448
27.6619734539723,6797280.13423171,1742744.74837061
27.7426777181392,6802401.56238098,1738362.4801997
27.8233819823061,6807476.24417858,1740937.46695952
27.9040862464729,6812553.77626031,1739376.02641884
27.9847905106398,6817663.97830865,1733103.34874418
28.1051348780679,6825174.72436114,1742616.28015482
28.1755415537083,6829482.17991959,1748019.70194054
28.2459482293488,6833787.41090861,1749756.01636073
28.3163549049892,6838049.66488797,1751202.43695215
28.3878566506111,6842438.65525137,1744314.60570915
28.4350900800003,6845321.91498555,1740615.88331064
28.4823235093894,6848127.86832142,1750840.83792168
28.5170014812402,6850183.28062193,1758365.05453277
28.5801396894806,6853943.7772748,1757893.17411371
28.6432778977209,6857691.85398444,1755816.10179409
28.8491688615277,6869826.46831529,1754495.3860337
28.9098322025641,6873365.14774947,1758540.53940844
28.9704955436004,6876873.63794528,1762171.62476512
29.1497070592045,6887249.61284978,1756477.56131231
29.2884574348494,6895381.9525854,1746852.23976052
29.4272078104943,6903279.2419199,1769220.98521293
29.4513285555327,6904690.81249992,1763824.69852218
29.475449300571,6906113.05362603,1756192.13590616
29.5064830886993,6907928.45948364,1746387.57583248
29.5727543939579,6911736.26107545,1746238.25406937
29.6390256992164,6915483.14397859,1759018.85254932
29.6867666676476,6918081.05954714,1771400.68632874
29.7345076360788,6920676.95870217,1782363.46664747
29.7531234026346,6921729.44129898,1776571.20226624
29.7717391691905,6922787.61603084,1770725.4265328
29.8186935142181,6925453.69087909,1755984.37622387
29.8598569374356,6927728.52834849,1757566.161979
29.901020360653,6929980.76901282,1766184.56620419
29.9421837838705,6932235.90663986,1773206.87480024
29.983347207088,6934443.88902795,1775378.89138073
30.0453926423626,6937824.52051743,1774792.33475392
30.1074380776373,6941291.15646938,1760137.54627028
30.169483512912,6944689.35077554,1760273.93870073
30.2315289481867,6948047.27555669,1770881.27282507
30.2650924239543,6949878.42274202,1768802.20949144
30.2986558997219,6951709.70455521,1766336.75016114
30.3709484051552,6955580.96828758,1770218.62190744
30.4432409105886,6959383.46143734,1781996.13852313
30.5155334160219,6963095.56343353,1790781.35196899
30.606381877906,6967800.68367077,1788803.36700164
30.6763047687996,6971542.95399634,1772310.72311354
30.7462276596932,6975333.78389186,1754435.4232086
30.7884590756926,6977550.38477754,1763380.20159241
30.8306904916919,6979768.14584606,1772348.17571637
30.8658914946119,6981631.64314483,1770903.0628929
30.901092497532,6983496.79417592,1768495.73630799
30.9389841631001,6985478.270893,1768102.25408775
30.9768758286681,6987344.44519,1782316.06538739
31.0043583343276,6988698.80610826,1792643.40425196
31.0987258278743,6993358.65624969,1802269.29246296
31.193093321421,6998004.61111313,1800928.00844818
31.2629412471381,7001421.72660164,1801271.40172037
31.3577645690863,7006080.78313962,1799347.83694876
31.4525878910345,7010802.53253413,1788403.25744574
31.5474112129827,7015489.80832997,1790115.20887823
31.642234534931,7020113.5113532,1795476.29121474
31.7370578568792,7024724.2938162,1794772.51399277
31.8318811788274,7029266.13444907,1800215.75861235
31.9267045007756,7033797.09211018,1799694.5802936
31.9912009523171,7036791.47209544,1807934.08058678
32.0556974038585,7039815.9869534,1809855.17766806
32.1009308339472,7042005.24241673,1797320.5598745
32.2038931666414,7046896.03214291,1796247.53532728
32.272043767073,7050104.22844417,1799987.12740377
32.3401943675046,7053309.32566821,1798329.21256144
32.4083449679362,7056492.78484027,1799280.4658624
32.4764955683679,7059640.64410403,1802387.47799269
32.5550075844388,7063275.68375253,1803322.42431536
32.6335196005098,7067001.32527983,1787647.34599987
32.6604744169223,7068225.54605177,1791827.89605743
32.6874292333349,7069431.68305886,1798523.56659001
32.7213015626723,7070968.01377014,1806923.87582847
32.7812592637156,7073723.85640046,1804677.99475986
32.8412169647589,7076494.02419083,1795743.30750606
32.8798168372073,7078237.19623695,1799398.505913
32.9184167096556,7079981.43204778,1803076.26614296
33.0412353531949,7085554.4061474,1800668.92454465
33.1320655460239,7089691.43825183,1796943.44332618
33.193611447305,7092423.83050246,1803354.16530863
33.255157348586,7095135.07434059,1810482.1850276
33.384035028669,7100664.76163203,1822919.13147771
33.5129127087521,7106172.78788221,1818158.84951285
33.5766341385262,7108955.83489554,1809415.60498668
33.6403555683003,7111758.59150058,1803570.22026831
33.7040769980744,7114519.42610132,1806684.51921554
33.7514701389512,7116568.28317676,1809039.28797413
33.9643007587996,7125743.60125546,1804193.16798765
34.0151941554438,7127895.78227093,1810317.86409118
34.066087552088,7130044.9225991,1814871.6639629
34.13232715071,7132806.4452158,1818280.86221968
34.2161631288356,7136362.27351576,1809203.88515684
34.2752082698097,7138845.03044443,1808599.23537107
34.3342534107837,7141301.62705007,1814470.30273117
34.3932985517578,7143719.10505454,1817766.48520608
34.4691284491788,7146840.8116145,1819423.93693093
34.5449583465998,7149956.79351635,1817369.51904111
34.5894359718132,7151715.52500188,1823819.72455481
34.6339135970267,7153477.8319847,1830285.93537027
34.6832272641017,7155462.48105184,1827837.24010422
34.7325409311767,7157451.23411126,1822876.52537653
34.7943889198962,7159965.13715239,1819334.94674815
34.8765492214318,7163296.0502298,1815212.17480773
35.1010138810255,7172288.67848919,1822799.09503745
35.1905239078086,7175840.54607226,1820541.49531675
35.2800339345916,7179355.22318771,1821432.56395231
35.3436101793389,7181779.45500054,1834298.4557989
35.3851823813943,7183365.97280839,1834040.69849421
35.4267545834497,7184953.47003764,1833228.39003105
35.5085782737102,7188122.31255504,1825540.04070314
35.5904019639707,7191268.61468648,1824699.01897969
35.6476001663879,7193445.94524146,1829386.23747707
35.704798368805,7195503.15092306,1842167.20079044
35.7484870960684,7197078.99077926,1851540.79997561
35.7803078735087,7198230.21097838,1850094.8493107
35.812128650949,7199383.60484016,1848624.23044188
35.9109735214067,7202902.76964995,1853087.32558045
36.0009279095592,7206118.14385553,1849167.14940646
36.0908822977116,7209418.88633442,1838433.84361003
36.1444903606919,7211395.71727996,1833094.49840761
36.1779679914625,7212571.47244027,1839589.27420035
36.2114456222332,7213731.67178807,1847279.29315637
36.2477479845517,7215001.98842449,1855613.992619
36.2694077221279,7215800.69782923,1850576.42079943
36.2910674597042,7216598.12747095,1845371.20959865
36.340520893608,7218412.68424113,1833489.15860511
36.3823253939869,7219887.54232273,1837692.63640029
36.4241298943659,7221353.6581677,1845062.76317903
36.4659343947448,7222826.08478681,1848493.98773503
36.5077388951237,7224300.8708143,1846606.46337601
36.5495433955027,7225775.73315145,1844752.00683283
36.698117269135,7231001.34014231,1843291.08265456
36.8091691517345,7234880.42229608,1844483.69036565
36.9098043078727,7238406.42051364,1840191.957756
37.0104394640109,7241879.87133657,1846018.74279356
37.1110746201491,7245352.27028362,1844008.90412196
37.2117097762873,7248788.30817491,1845744.97370052
37.2914767844504,7251486.15002312,1848861.15225728
37.3883462809452,7254761.79324508,1846674.16961813
37.48521577744,7258008.53130795,1848368.73623615
37.5529984203256,7260251.64322584,1852243.39997585
37.5938225999182,7261667.76065464,1844113.74891236
37.6346467795108,7263081.32595826,1835960.90749439
37.6972015345823,7265182.34906153,1838902.53746106
37.7597562896537,7267262.4612419,1846549.18847457
37.8223110447251,7269315.32430188,1849137.91223505
37.8848657997965,7271337.79776371,1852818.924933
37.966883399438,7273985.2185186,1855639.70208308
38.0489009990794,7276701.02319348,1843802.90346554
38.0982466683831,7278297.07223427,1846772.78464599
38.1475923376869,7279888.43319562,1850444.12057077
38.2383539161872,7282797.22346229,1852820.26239231
38.3291154946876,7285797.15768668,1840446.69971174
38.3932633373668,7287854.17679162,1844241.02273151
38.4574111800461,7289875.41744143,1855303.768546
38.5215590227253,7291885.10578427,1855717.76638107
38.5689789530258,7293376.52809787,1854947.51232134
38.6309516116447,7295344.23985559,1851164.80456513
38.7433703898631,7298856.25640332,1853595.09029865
38.8557891680815,7302316.47952945,1857621.83221299
38.9682079463,7305752.71141482,1857865.56011274
39.0806267245184,7309160.69852285,1859181.91693171
39.1527684873123,7311313.55692892,1864688.95016293
39.1980887016296,7312695.59668472,1859080.02834365
39.243408915947,7314088.02080142,1853195.20872026
39.3494844424012,7317353.89521648,1848522.31926794
39.4322820667311,7319896.45161617,1848188.87679724
39.5393594074686,7323049.18072684,1862673.59835205
39.5951434804761,7324689.49407208,1863155.27686099
39.6509275534835,7326332.52273617,1860031.86010994
39.706711626491,7327929.48390809,1864309.28551748
39.7624956994985,7329515.51585663,1869156.57421784
39.8754359130144,7332663.23687771,1875537.08856907
39.9883761265303,7335852.15669054,1869221.84063492
40.0692875020675,7338121.76209911,1868603.45313708
40.1467901443707,7340276.85053212,1872641.10878822
40.2242927866739,7342500.36194867,1863110.96388846
40.2612893521289,7343555.76254648,1859259.21568064
40.2982859175839,7344538.06778669,1868436.18603015
40.3254724680491,7345260.49875226,1875197.09568963
40.4177966896057,7347688.81062535,1885783.2281386
40.5435166235599,7351041.89612887,1878099.05819125
40.6106732440058,7352808.13358326,1880414.53566426
40.6778298644516,7354582.18193978,1881873.57552299
40.7449864848975,7356391.30673705,1874807.9799783
40.8206842109763,7358398.5124567,1876091.09157625
40.8531342556591,7359252.51121229,1877474.24946918
40.8686526830171,7359485.3745379,1895976.85713594
40.884171110375,7359654.96496439,1922972.58773375
40.899689537733,7359823.00811667,1949929.58777953
40.9422951123476,7360279.7394853,2023941.15819355
40.9880073892194,7360443.10085093,2084622.68490421
41.0337196660911,7360421.23337698,2135367.51896893
41.0535788706737,7360411.99027078,2157418.85851395
41.0734380752564,7360455.21150659,2159845.31584106
41.093297279839,7360497.31008219,2154647.6097108
41.1131564844216,7360540.56835955,2149476.46017744
41.1732982755286,7360638.6049034,2140774.36721942
41.2157863304791,7360632.52282434,2150500.62931822
41.2582743854296,7360626.60700046,2160234.85230113
41.2783469366131,7360665.05293341,2156815.88564939
41.2984194877966,7360704.02056889,2153050.06917028
41.3405209238151,7360776.3823662,2145151.84745842
41.3983686523203,7360767.64784849,2152058.75486405
41.4562163808255,7360712.58699253,2167392.1015329
41.4756689426047,7360755.7175892,2162975.69446572
41.4951215043839,7360806.30704719,2156150.79796849
41.519849748576,7360871.04780213,2147485.8678184
41.6189452647606,7360998.35054213,2145870.2781014
41.681899465224,7361023.99889794,2155224.72825985
41.7448536656874,7361034.72110786,2156919.06743634
41.8078078661508,7361164.87751028,2145937.99309416
41.8707620666142,7361353.74101111,2131824.16805992
41.9589614442617,7361678.1160871,2121934.56520829
41.9878202246448,7361722.14632341,2127720.02630806
42.0166790050279,7361754.97543876,2134611.32887893
42.0630216011106,7361819.43159041,2145837.86727318
42.1165191937515,7361673.05013721,2167083.99996883
42.1700167863925,7361554.80737138,2182712.82843038
42.1955903754498,7361570.44324114,2174826.7671164
42.2211639645071,7361584.82320657,2166906.86223956
42.25973390367,7361603.01598861,2154960.78197398
42.28327246511,7361565.84556474,2158202.83453689
42.30681102655,7361526.48335752,2163214.26208793
42.3395075810826,7361471.22927135,2170168.89153287
42.3940873027538,7361513.28434298,2162863.51196834
42.4486670244249,7361645.59228593,2141104.54424244
42.4871492969031,7361640.86802623,2143733.91246868
42.5256315693812,7361585.32526954,2158449.87596007
42.5545445906774,7361543.11679137,2169490.88743566
42.5808890144294,7361589.98782273,2165144.17210402
42.6072334381814,7361682.61247104,2152542.10254538
42.6335778619334,7361771.65713675,2139960.60685029
42.7185376757493,7362104.90990326,2121527.81329547
42.7591335398422,7362264.43352545,2118667.62543859
42.784825094523,7362265.72103433,2127936.07760708
42.8105166492039,7362242.89446778,2140578.72920073
42.8362082038848,7362219.79404265,2153212.61686204
42.8667009759561,7362199.64823758,2166728.81717484
42.8778930932351,7362239.80734076,2162466.91843618
42.8890852105141,7362276.05433543,2158128.48678283
42.9141414946052,7362349.91795894,2148418.96860559
42.9683010906313,7362499.43142468,2130134.4874086
42.9833820536329,7362472.04770779,2136641.41060914
42.9984630166345,7362447.74229395,2143216.30444672
43.0327380024574,7362399.93499008,2158158.59823476
43.0599374713039,7362359.70828503,2170015.14534129
43.0871369401504,7362434.58936184,2162367.43654016
43.1064417950317,7362502.43614804,2152855.01352712
43.125746649913,7362570.83938948,2143356.98772002
43.161168286643,7362697.93285604,2125929.71606971
43.1823903526919,7362725.89180795,2127483.87992422
43.2036124187409,7362749.54157058,2132698.80319207
43.2248344847898,7362772.70372846,2137901.86535427
43.3080509711405,7362829.03955907,2151312.62242332
43.3643707520671,7362842.84831359,2155719.57777869
43.4206905329936,7362918.57985541,2150082.27576363
43.4614448276302,7362977.14833734,2145633.3271738
43.5213081833073,7363025.63811347,2147896.78636322
43.5811715389843,7363120.66102616,2146105.33082728
43.6410348946614,7363354.03035424,2128155.10566791
43.7008982503385,7363655.76728046,2112314.50819758
43.7975851668823,7364298.48904154,2092841.93485542
43.8502538291863,7364687.74322852,2086306.42484202
43.9029224914902,7364925.44683083,2099739.10137367
43.9815486372601,7365096.78491286,2134386.29134546
44.0396894196323,7365078.40987921,2151927.89929259
44.0730875314889,7365093.63872864,2158510.75579877
44.0929164685936,7365204.6600289,2147435.92684264
44.1127454056982,7365313.61964048,2136309.91041939
44.1612321021313,7365573.47824901,2109103.00707653
44.1921582776134,7365682.47079555,2109119.48615539
44.2230844530956,7365779.89946009,2116157.56085359
44.2540106285777,7365876.80663538,2123180.60519408
44.36367446981,7365969.13653328,2151142.10124656
44.4261372840243,7365972.51164593,2155453.06713442
44.4886000982385,7366012.81717547,2153682.14378627
44.536507343191,7366115.27291633,2143728.37280608
44.5709377135706,7366187.2135079,2136575.54069361
44.5840142872874,7366157.98825279,2141563.21017501
44.5970908610043,7366131.3028449,2146651.59271677
44.6271709707781,7366077.02666098,2158354.48658338
44.6697311422502,7365996.41669632,2174911.21721925
44.6824423921792,7366034.20720472,2170195.72041816
44.6951536421082,7366077.70878393,2164297.82756251
44.7146413194562,7366125.39272295,2155263.38529433
44.7808199934577,7366289.07828295,2131428.58881265
44.809004185109,7366298.59020984,2138061.17695695
44.8371883767603,7366309.30989382,2144727.14923517
44.9143498424756,7366384.82836981,2149337.1030945
44.9915113081908,7366503.51832608,2142559.93547113
45.050101216084,7366634.1328912,2137233.79477236
45.1210317759554,7366671.18954187,2146780.24177655
45.1919623358268,7366672.09677028,2157949.26460994
45.2628928956982,7366712.77674736,2152363.09595495
45.3338234555696,7366685.76908977,2157878.6344351
45.3885826231543,7366660.59217597,2161911.2162381
45.4618025177099,7366629.27443182,2160474.61374762
45.51059908115,7366425.38110607,2178206.84380937
45.5593956445901,7366155.31599759,2202254.68597077
45.6081922080302,7366107.74308111,2189795.82720655
45.6468545021236,7366139.20918148,2166145.21764361
45.6745157331896,7366162.15060524,2149240.50722418
45.7012440277942,7366248.25872974,2142418.00212592
45.7279723223988,7366335.80320482,2135808.54506399
45.7649510873904,7366462.56000582,2126665.35762964
45.801929852382,7366429.15513117,2138607.89807473
45.8305657563904,7366366.34610068,2154064.88334668
45.8592016603988,7366303.10850366,2169507.63980358
45.9049069592142,7366254.53317784,2174110.14282934
45.9506122580296,7366226.85005337,2166906.03423777
45.9850850627431,7366205.73078103,2162862.19661653
46.0195578674567,7366191.52412597,2162720.44225564
46.0828400282377,7366174.35540519,2160428.44897052
46.1216356279985,7366295.04157647,2146716.89639034
46.1604312277593,7366415.13406795,2132982.61574503
46.2093202665858,7366456.80205822,2136915.63281923
46.2582093054122,7366455.18043669,2151878.9043237
46.2958807255349,7366476.03147411,2155895.23044788
46.3335521456576,7366509.71345678,2152319.52931012
46.3712235657803,7366543.89889274,2148757.58187893
46.428490289529,7366515.88264359,2155814.53489965
46.4857570132777,7366502.53127494,2161234.36620666
46.5223904615277,7366585.49673987,2150980.60972413
46.5590239097776,7366667.85870515,2140704.67414936
46.6158100041897,7366723.44260522,2141629.42481236
46.6725960986019,7366752.35084913,2151107.69883502
46.729382193014,7366700.9828924,2159025.40757811
46.811802261428,7366661.50339228,2163570.82293897
46.8702937961813,7366649.53884611,2159587.34781542
46.9287853309346,7366586.15556345,2163814.11232947
46.9872768656879,7366540.68746716,2166572.97252733
47.0236504439005,7366622.54848461,2154543.93866335
47.0600240221131,7366703.78175572,2142491.21364229
47.1072843980445,7366663.61751239,2148491.24517323
47.1386152020734,7366573.89856046,2164088.04451322
47.1699460061023,7366483.26176349,2179659.07349632
47.2099085288805,7366437.33609938,2178989.8418365
47.2498710516588,7366409.72487843,2170338.70599811
47.289833574437,7366370.36520666,2164604.3186126
47.3297960972152,7366294.86127823,2169212.26424307
47.3697586199935,7366219.58015331,2173827.7297258
47.4334224552052,7366200.05266604,2165941.32706684
47.497086290417,7366175.08277912,2159350.01065264
47.5607501256288,7366076.90305502,2168869.32567705
47.6244139608406,7366039.23130379,2166605.8986808
47.7052262437798,7365980.18777488,2162986.43684288
47.7860385267189,7365816.86888721,2176846.33516842
47.8147822537255,7365797.68264171,2173258.69362566
47.843525980732,7365777.50511184,2169643.81696976
47.8833814502902,7365746.7749049,2164630.257987
47.9071836165997,7365650.55464088,2171642.25792148
47.9309857829092,7365552.63958857,2178967.15042798
47.9811184202464,7365355.93837472,2194396.06105726
47.999546960906,7365352.00626474,2189616.4190991
48.0179755015656,7365357.85839575,2181930.42908366
48.0364040422252,7365364.16734301,2174255.46562009
48.0780958188675,7365379.80913008,2156892.22900323
48.1054734614997,7365358.09696077,2156521.32911987
48.1328511041318,7365333.32679841,2159966.49501758
48.160228746764,7365308.21842791,2163402.41416242
48.2746602630122,7365203.72682186,2166425.32112278
48.325289329849,7365343.56908907,2148564.7405239
48.3759183966858,7365532.01910537,2125492.77820957
48.4027536644274,7365520.87629076,2130161.99750481
48.4295889321689,7365473.68885887,2145236.30391181
48.4509112589561,7365431.46886512,2157192.246715
48.4875194649149,7365362.6568717,2176402.66871032
48.4992870705698,7365383.73863355,2172791.57598897
48.5110546762247,7365400.73438862,2169100.28592385
48.5368749342892,7365430.26831954,2161003.53469611
48.6453335935524,7365563.6044384,2145174.66092103
48.7257458063206,7365784.13832827,2134499.75936538
48.8582978060315,7366161.24883418,2132021.630454
48.9152659857065,7366329.97255895,2133282.77988033
48.9722341653814,7366544.72970453,2122731.81286604
49.015124988552,7366540.24991633,2135182.68495794
49.0580158117226,7366441.88093817,2160904.48170009
49.0892046437673,7366373.53236679,2179386.81122184
49.0976724233887,7366396.92076064,2175879.24812874
49.1061402030102,7366417.28685292,2172261.4406421
49.1233605864777,7366450.12308362,2164911.47704602
49.1876506581893,7366586.69394266,2137475.95198527
49.2055022388852,7366567.32945172,2141309.54694334
49.223353819581,7366547.73003437,2146981.91841524
49.2476900294989,7366520.08195068,2154705.01164585
49.338315410192,7366396.86322656,2170299.53800001
49.3826294026454,7366325.0141297,2172244.65764085
49.4269433950987,7366394.98516519,2159268.55337487
49.4592967694777,7366466.70236312,2147208.97093308
49.4873227146642,7366528.88559622,2136766.45801891
49.504477195603,7366491.88177864,2141857.9478643
49.5216316765419,7366444.91861479,2150224.40418282
49.5387861574807,7366397.37210177,2158577.34363425
49.6041973698045,7366217.19751783,2184001.15483277
49.6516103645701,7366087.4317891,2183887.50359496
49.6887271865296,7365985.59166892,2183788.19920579
49.8296686861198,7365782.34443931,2169630.88995384
49.8891020606642,7365758.21364502,2161694.25583612
49.9253402748444,7365681.07195247,2167051.8834028
49.9615784890247,7365590.34943809,2173677.20626942
50.0174523461391,7365492.07241083,2177698.36106463
50.0607158187517,7365425.36145904,2174571.35845712
50.1039792913642,7365378.26457492,2170422.07310623
50.1623957143735,7365396.23656886,2160122.53123963
50.2430650585425,7365363.87595707,2159759.12119067
50.3522388998611,7365314.5090821,2161855.63390431
50.4614127411796,7365335.44325492,2155289.77160017
50.5705865824982,7365185.48861762,2172059.05421922
50.6264808472257,7365136.14116677,2172476.85784512
50.6823751119533,7365115.87725555,2162266.85802295
50.7259922150247,7365042.79722379,2165555.77489743
50.7696093180961,7364949.62055062,2173495.84858774
50.8132264211675,7364807.53415655,2182839.47966265
50.8660515669709,7364547.43240396,2196810.04168613
50.8953642400943,7364403.10447173,2204560.83756086
50.8982165005457,7364216.22542528,2214953.84869648
50.9010687609971,7364035.75788235,2228912.75149617
50.9039210214486,7363848.2873092,2242767.83916591
50.9097775651823,7363461.49673732,2271239.99369641
50.9304954027171,7362100.36623866,2371960.27073095
50.9556187364344,7360448.71855006,2494097.06373128
50.9807420701517,7358797.27512058,2616234.05513265
50.9906009141341,7358149.24160367,2664162.8333241
50.9960223970534,7357794.58709043,2690420.27070834
50.9967602885829,7357790.91353578,2691082.096701
50.9974981801124,7357733.8325341,2691048.4805243
50.9984660863455,7357668.93997861,2691182.36667351
51.0003803435997,7357540.25179934,2691396.32314568
51.0058235744052,7357173.37191425,2692016.91580321
51.0301878134439,7355533.95559005,2694794.81371458
51.1125161955616,7350055.93789605,2701096.04071808
51.1948445776792,7344532.13853806,2693855.52673309
51.2443976589361,7341226.86374564,2700159.49671958
51.2939507401929,7337860.20415119,2706929.7490259
51.3165307318477,7336488.73782898,2697206.58260648
51.3391107235025,7335131.22120847,2685390.83149215
51.3691309872532,7333326.58316497,2669688.69220869
51.4319917424016,7329494.64509574,2658017.0247679
51.47379216046,7326925.81373383,2662359.31633592
51.5155925785184,7324357.31363073,2664934.99834899
51.5573929965768,7321788.14926599,2665066.75125847
51.6121158160185,7318450.52690471,2663603.98649224
51.6668386354602,7315183.09144798,2657380.79477016
51.7588042659286,7309749.12325618,2650218.76892583
51.8046079886022,7307031.45677046,2649380.73354266
51.8504117112758,7304158.69098691,2661851.18810467
51.8847025830909,7302008.1643817,2671199.04314753
51.933168018775,7299172.91590585,2662100.7645142
51.9816334544591,7296420.38090471,2642574.75390195
52.020366456774,7294195.21410426,2636663.33037513
52.0590994590889,7291957.91443201,2639627.10886954
52.0978324614038,7289720.08145424,2642575.90865341
52.1941107291296,7284011.95366188,2653226.76263594
52.2903889968554,7278327.56690227,2652670.99740443
52.3596007387015,7274488.61136229,2635950.1832784
52.4096741767163,7271782.06071938,2621202.20103122
52.4698477386774,7268774.27315715,2601240.66674191
52.5558401829299,7264110.90591371,2615765.11804
52.6215540438264,7260367.56302591,2639463.40687588
52.687267904723,7256558.20024006,2646025.37732522
52.7593565566596,7252487.48556803,2640210.62503972
52.8314452085962,7248443.85547644,2634846.40630698
52.9035338605328,7244396.83331014,2635858.25353995
52.9756225124695,7240455.19860503,2629050.68956485
53.0321176494436,7237289.00118697,2631534.96113278
53.0886127864178,7234051.26970901,2642047.37970501
53.145107923392,7231039.58663872,2630112.07265802
53.1888437887783,7228768.09587708,2614290.52764715
53.2325796541645,7226669.15962977,2596529.35607576
53.4197973857311,7217386.88329797,2609981.11923666
53.4397520505651,7216330.00301656,2611979.19320749
53.4597067153992,7215270.78431272,2613929.17964929
53.5101382146438,7212589.47298099,2618380.62761136
53.6011159628221,7207783.00055493,2616814.47450935
53.6728305717549,7204100.48937419,2609850.91017065
53.7445451806878,7200283.19846063,2615839.63961776
53.7992375063323,7197273.03734564,2630387.13278298
53.8331207200518,7195504.48725674,2626684.87899564
53.8670039337712,7193762.93634162,2618458.34040607
53.9008871474907,7192021.64948479,2610239.95427258
53.9530400527818,7189325.35463489,2609460.71190887
54.0051929580728,7186628.49498137,2610904.97517709
54.0452372132367,7184368.10156572,2623632.98268907
54.0852814684006,7182090.29701361,2637620.54935617
54.1477934289439,7178570.24792534,2644363.87970327
54.2266703351709,7174137.011872,2641956.63691086
54.3055472413979,7169662.96769478,2645781.19829127
54.3844241476248,7165306.47568475,2638719.29048587
54.4419827768517,7162209.4467067,2631022.9201818
54.5184158530805,7158174.12048805,2620416.674146
54.5555719682134,7156136.10003714,2625966.68486101
54.5927280833463,7154098.82533776,2631537.48407709
54.6747073614888,7149635.96914917,2633022.12983395
54.7566866396313,7145126.61504852,2635670.23624784
54.8409692903687,7140539.50257253,2634367.48985078
54.9252519411062,7136119.65009646,2619624.22820339
54.9572703767424,7134354.0620929,2626094.3705735
54.9892888123787,7132589.37686643,2632587.99093119
55.0537408343494,7129219.14463488,2626664.91903815
55.1181928563202,7125959.20417188,2608229.26235542
55.1371587700302,7124946.33878629,2611696.94312105
55.1561246837401,7123935.61702755,2615208.94442585
55.206184094635,7121272.82028274,2624482.37213571
55.2740610620803,7117671.42718816,2626092.69007387
55.3419380295256,7114125.45897339,2622351.94510411
55.4098149969708,7110671.34714425,2612970.19553551
55.4776919644161,7107158.22135489,2615812.55452938
55.5275755314274,7104572.72571001,2618549.85147538
55.7248279296665,7094515.74539814,2609471.15906299
55.9674598629738,7083625.71473063,2551900.94501813
56.0066845920108,7082016.65255009,2548899.52789805
56.0459093210477,7080383.56696985,2549266.22021437
56.1240819103817,7077097.82140725,2555264.34507694
56.1478790377679,7075915.71787119,2567401.43241628
56.1716761651541,7074734.99900475,2579578.49570774
56.2161524419298,7072531.8941169,2602340.34405713
56.2435227200959,7071215.70421182,2603727.42265425
56.2708929982619,7069904.65718748,2600794.65228521
56.298263276428,7068594.09497016,2597872.17837776
56.4104915575145,7063502.24095662,2576925.30458491
56.4808658757122,7060394.56482253,2571928.23304969
56.55124019391,7057331.14889746,2568134.38593701
56.6646541799237,7052415.26529239,2566694.18460963
56.7427250405742,7048985.43037902,2571455.20110969
56.8207959012248,7045708.9156585,2558748.6531995
56.867016735772,7043691.42353485,2562848.72287071
56.9132375703193,7041664.71065212,2568789.8209852
56.9779106410775,7038962.33399273,2562116.97418097
57.0279209690735,7036897.97745739,2553787.85161199
57.0779312970695,7035056.95475946,2539114.14320404
57.1279416250656,7033216.21598198,2524418.72110182
57.144220704048,7032531.47606158,2529454.13647798
57.1604997830305,7031842.81211132,2535248.84450061
57.1890589476303,7030646.07474561,2545416.61791984
57.2884283026907,7026601.29848698,2551289.6239173
57.3877976577511,7022452.90531858,2557525.17971156
57.4375252758587,7020340.09082212,2565052.39311209
57.4707103464041,7019038.89273075,2556913.74927674
57.5038954169495,7017736.63595656,2548750.52457846
57.6067096975507,7013578.27481828,2550019.03053281
57.6798481660415,7010687.24121259,2546828.88800911
57.7529866345323,7007883.60592422,2537558.40519105
57.8261251030231,7005190.61436304,2527589.21838924
57.8754625577623,7003245.90811953,2535106.27830227
57.9248000125014,7001282.82324256,2544974.35126129
57.9627219239351,6999889.566706,2539496.03731128
58.0006438353687,6998527.8117921,2529754.71984994
58.0385657468024,6997147.3561736,2522350.88155096
58.0646093329384,6996109.41248623,2529050.57698527
58.0906529190744,6995072.87816488,2535780.40533817
58.1325332709032,6993408.26055337,2546604.56194993
58.1572445144657,6992517.39115477,2541527.89362269
58.1819557580282,6991631.94275616,2535113.69116851
58.2195647356244,6990284.62200426,2525357.06981437
58.2837660433724,6987832.52494062,2531338.63823994
58.3479673511204,6985341.36239024,2541780.78082708
58.4431336108529,6981658.72308881,2541121.2996807
58.5382998705855,6977943.3871725,2543660.64124655
58.6334661303181,6974351.25050665,2535674.60302324
58.6749266379084,6972673.17639825,2542751.67092952
58.7163871454988,6970986.32750818,2550543.84608513
58.7693478241842,6969022.24448832,2542982.00594686
58.8223085028696,6967162.20626074,2524122.34397052
58.8636536796589,6965575.95374953,2526989.5939829
58.90810661263,6963794.00990044,2541806.6755787
58.9525595456011,6962029.70189516,2550847.38651856
58.9865326806971,6960702.5327576,2548608.12871146
59.0329082366395,6958891.19217728,2545558.14599534
59.1003772246168,6956179.0743638,2550274.91374312
59.1678462125941,6953395.66017279,2557677.83986554
59.2353152005713,6950526.58033378,2567460.55532752
59.2634794975804,6949439.20051509,2561333.72427628
59.2916437945895,6948369.39216657,2553104.98825864
59.3295873830272,6946928.41558199,2542025.61503668
59.3660199684668,6945451.8549105,2544742.52996559
59.4024525539064,6943944.7792766,2552902.07314306
59.438885139346,6942437.26247689,2561051.83146823
59.4835764840618,6940606.07846549,2560364.16095799
59.5282678287777,6938775.40687073,2559379.2368816
59.6314689726606,6934706.03984348,2548830.60371301
59.7002317009769,6931977.14515498,2549937.44023922
59.7689944292932,6929281.73158244,2549242.63730984
59.8377571576094,6926640.93029827,2543460.07447432
59.9065198859257,6923932.16050999,2547521.12780125
59.9582722764392,6921890.04291585,2550165.61787307
60.0409776934139,6918620.23463543,2550877.23496557
60.4545047782872,6902699.5188429,2545516.90350269
60.5407209941267,6899522.59696788,2535496.58253214
60.5880972844123,6897646.42792948,2543020.19398281
60.635473574698,6895756.61372534,2552217.66988007
60.6657916320141,6894831.20772752,2536738.2703461
60.6961096893302,6894062.55470837,2507884.7153005
60.718659414475,6893491.80472652,2486446.64564059
60.7914946314717,6891486.39299568,2469533.11429019
60.8153788040147,6890802.93863322,2475032.37966145
60.8392629765576,6890117.67105339,2480498.65491482
60.8612139476399,6889942.53343555,2451894.97337307
60.8749867167285,6889995.07452329,2419575.41227631
60.8887594858172,6890051.22844146,2387330.85591869
60.9202291232118,6890183.86316599,2313653.64756899
61.0120086046687,6892271.70742126,2107338.23111104
61.0338695319879,6892944.91444962,2059088.89714241
61.0459797564575,6893321.71395524,2032360.1332883
61.058089980927,6893660.16247544,2026611.92504449
61.0672856322459,6893933.29335914,2027869.71400128
61.0764812835648,6894203.27566924,2029080.60886916
61.101914321617,6894947.96889783,2032435.12812393
61.2290795118777,6898571.53895798,2047305.54965816
61.3572635551467,6902004.57382041,2061432.37826951
61.4854475984156,6905564.59790018,2048050.08233093
61.5767351191306,6908283.61807538,2030868.56769527
61.6680226398456,6911004.79482813,2028934.50134055
61.7354975151187,6912846.05580447,2047297.12675971
61.7877595396027,6914439.58210667,2036664.30790385
61.8400215640868,6916094.22521505,2015413.07059351
61.8817003505844,6917346.95661173,2016249.76038111
61.923379137082,6918583.21586371,2023548.10550009
61.9650579235796,6919812.82012417,2029085.88333103
62.0067367100773,6921027.3132418,2030740.9620855
62.099861903293,6923661.66965743,2038766.09652539
62.1590602755189,6925320.75222731,2043944.84170633
62.1984758779465,6926497.91537221,2034826.10346586
62.2378914803741,6927682.57829198,2025686.44290774
62.310904362744,6929859.18445455,2022905.88200015
62.383917245114,6932017.41262168,2024746.04802981
62.4569301274839,6934153.0791932,2027410.52853297
62.5378033329354,6936562.9466784,2022642.71125489
62.5912822944619,6938035.47108375,2031948.9729803
62.6447612559884,6939464.54464149,2046264.92850811
62.676391074974,6940404.49574711,2040415.09687112
62.7080208939597,6941374.84698999,2028534.82876188
62.7396507129454,6942345.8558006,2016668.0399694
62.784181984503,6943556.43451921,2024631.42617796
62.8287132560606,6944703.91059011,2044493.29432443
62.863002914845,6945626.74837966,2052589.92786893
62.8874792937074,6946342.13897263,2043777.48490643
62.9119556725699,6947078.15267636,2034958.34597656
63.0109441611425,6949843.98657423,2033624.39139037
63.0803200470377,6951805.67412143,2035699.70523796
63.1315990048972,6953376.42236043,2016945.72037423
63.1547367209508,6954085.48014196,2008490.54340097
63.1687265246084,6954434.71583412,2014501.68179163
63.1827163282661,6954779.40440327,2021731.11217468
63.2043049100549,6955322.72728004,2032876.22714332
63.2428507399829,6956283.44740564,2052774.50228411
63.2813965699109,6957329.73338949,2051383.08815242
63.3199423998389,6958472.25864811,2038790.93107485
63.3502619613072,6959295.31692003,2028893.60241647
63.3739989908259,6959892.98842618,2033279.53351313
63.3977360203446,6960473.67949415,2041649.06736523
63.4214730498633,6961053.75237687,2050006.51568484
63.5181478243182,6963440.73027074,2060053.2395549
63.6008222786329,6965509.4900079,2056419.14534649
63.6834967329477,6967582.21936024,2054672.97888105
63.7661711872624,6969605.20593413,2058371.59132814
63.8301733523899,6971084.72578512,2068347.424466
63.8941755175175,6972683.81613253,2061233.56304645
63.958177682645,6974373.60540321,2040842.59587629
64.0056440818704,6975743.60962736,2029282.75727062
64.0531104810957,6977116.15733814,2017793.74289978
64.0856723756226,6977963.3813912,2024387.00222686
64.1182342701494,6978795.27101156,2034259.77745231
64.1507961646763,6979626.58731193,2044125.61290121
64.2284246672245,6981372.40105376,2067933.97347892
64.3060531697728,6983168.46424314,2070141.09510632
64.3836816723211,6985024.86714226,2060109.24324194
64.4613101748694,6986904.44124211,2056406.70670554
64.5000573279056,6987747.68754742,2064941.01315573
64.5388044809417,6988589.40273731,2073501.83841033
64.6576772970927,6991053.00989986,2088797.3809224
64.7765501132438,6993499.38488653,2087414.24625317
64.864672636185,6995376.61710453,2080521.10394087
64.9527951591262,6997323.60421318,2073241.96968074
65.0290072190437,6998942.32093673,2078035.36408856
65.1052192789612,7000691.2501968,2068181.84862359
65.1531150892628,7001856.20751181,2053724.64298336
65.1808387598908,7002400.33023317,2061792.31831976
65.2085624305188,7002876.53707706,2079169.30651724
65.2362861011468,7003355.55294467,2096523.10703161
65.2710113961381,7003985.33536782,2111565.70626886
65.3057366911295,7004716.33291069,2099846.58019746
65.3303545755455,7005233.48722085,2091516.85773179
65.4111809663273,7006942.55130207,2078277.61351288
65.4920073571091,7008684.99113898,2074536.89769251
65.5728337478909,7010439.51223563,2071673.93871763
65.6242230779069,7011444.27487754,2082348.35310681
65.6756124079228,7012468.95539484,2089269.54172359
65.7270017379388,7013557.22923987,2081587.08745526
65.7783910679548,7014642.82830054,2075877.41949627
65.8297803979707,7015731.61714067,2075846.02180995
65.9130664234423,7017343.43176297,2087963.20294442
65.965420359179,7018294.83311581,2101512.67127321
65.9837689066238,7018679.29018673,2097386.94535011
66.0021174540686,7019063.3138916,2092915.26902302
66.0406614983131,7019863.61960149,2083524.6519317
66.1024345114671,7021091.7013924,2081796.6787562
66.1642075246211,7022283.46173631,2090068.3976175
66.182605809572,7022736.46212566,2081857.38505058
66.2010040945229,7023207.80724745,2071637.12764045
66.2261877625339,7023834.92012865,2057656.40141983
66.2574662772748,7024624.37006973,2040294.25880901
66.2887447920158,7025281.98557606,2045866.22366529
66.3200233067567,7025897.25330916,2061704.74316296
66.3513018214976,7026511.45292004,2077520.33034969
66.3943933308985,7027466.82357296,2076481.89562171
66.4374848402994,7028477.61371488,2060794.32243225
66.4685088514662,7029205.43377091,2049649.74158883
66.5120867085405,7030271.28558693,2045301.41686428
66.5556645656147,7031336.97622002,2040977.84681552
66.6402478208897,7033515.62232407,2029044.1343991
66.7248310761647,7035596.99424733,2034820.43767046
66.8094143314397,7037635.73277906,2041901.70918644
66.9092117881492,7039908.95057076,2051957.30956882
66.9663103663117,7041105.80493271,2068271.76174983
66.9870886414166,7041596.1752976,2064568.98159449
67.0078669165216,7042100.49951199,2058699.40310397
67.0358376417312,7042759.99505951,2050806.00416252
67.1400938135188,7045243.71896413,2041023.00950169
67.2443499853064,7047618.56646651,2050555.36148018
67.348606157094,7049962.42163618,2052319.19094412
67.4303818080018,7051752.84531896,2055928.45866211
67.4861233995789,7052896.58559288,2064485.99695411
67.5418649911559,7053856.70465886,2086955.06177031
67.5771741774907,7054476.39923557,2098273.43942749
67.6124833638254,7055149.67345313,2092433.53568234
67.6379100785326,7055633.52027509,2088207.48149925
67.7225537840867,7057422.63783824,2066233.53471418
67.8335660192736,7059870.65672736,2052019.40383222
67.878163135102,7060829.54992427,2055350.28589989
67.9227602509304,7061631.58749563,2071201.52620015
67.9565717726954,7062240.15977596,2083233.51088126
68.0113671418251,7063304.42005665,2082643.06326801
68.0661625109548,7064395.92864631,2072572.19066797
68.1209578800844,7065458.83270914,2073336.63677041
68.1641539518665,7066288.67594925,2075388.37206647
68.230230973181,7067601.95117493,2072979.39600485
68.2963079944955,7068863.53235058,2074885.115
68.3623850158099,7070016.99748314,2088269.01431573
68.4201834919657,7071064.33762068,2088897.77536734
68.4779819681215,7072103.22758325,2086618.00781482
68.5504869562523,7073346.99694982,2091782.65595069
68.6229919443831,7074789.07606661,2075246.6505617
68.7140895747869,7076803.28145506,2046740.85397281
68.7703403660731,7078114.46095865,2036512.70868725
68.8265911573594,7079404.90459734,2036340.76143819
68.8706953602089,7080411.80287174,2037286.44218787
68.9086854389821,7081107.12899823,2053770.36476045
68.9466755177553,7081760.11378103,2074063.86011214
68.9846655965286,7082415.09373872,2090799.58420086
69.0226556753018,7083068.62336842,2090682.74819893
69.0518843992226,7083570.62228729,2090576.30519045
69.1195972376296,7084924.87984213,2073404.66858056
69.1873100760367,7086369.66879297,2049842.86595293
69.218598077052,7086993.71131423,2053331.51292667
69.2498860780674,7087626.90323826,2056851.15822455
69.3416434029698,7089270.95398739,2079771.18157966
69.4334007278721,7090921.43267656,2082270.78141737
69.5041792982081,7092184.02472166,2077960.23738828
69.574957868544,7093390.0164683,2088824.48818993
69.6137330108947,7094137.12095517,2081312.5331215
69.6525081532454,7094903.02495366,2071735.05978743
69.6839079971701,7095490.81508381,2066007.80753764
69.7036878962317,7095774.60909899,2075017.55929226
69.7234677952933,7096060.79855714,2084077.6074385
69.7739558809342,7096795.8258206,2107202.56565161
69.8085966268798,7097351.12681129,2106079.92455211
69.8432373728254,7097912.35834899,2100522.28117522
69.877878118771,7098473.97226626,2094973.30067996
70.0295603881572,7100826.28886888,2104700.84929672
70.1812426575434,7103316.4036695,2076920.71418849
70.1971058307999,7103603.65253344,2075818.6441564
70.2129690040564,7103893.64220482,2075070.92903463
70.2457259679946,7104499.76807503,2073523.1410238
70.2950642203561,7105353.63116271,2076506.13750622
70.3444024727176,7106048.60474551,2096059.79446796
70.3937407250791,7106766.5651227,2109595.58718353
70.4311996459904,7107362.86020283,2103299.19957234
70.4686585669016,7107958.52864445,2096988.54558386
70.6079297838247,7110182.95517675,2094145.82750979
70.6680644339075,7110964.89707582,2114377.12186555
70.7281990839903,7111753.34982911,2119405.598367
70.788333734073,7112525.7629207,2120045.5202024
70.8246589491253,7112859.76355336,2132424.34232073
70.8609841641776,7113194.84194929,2144831.5173909
70.9146148990831,7113820.70194677,2142117.58534023
70.951114617612,7114306.90824148,2128521.24243945
70.9876143361409,7114787.43662122,2115581.21190385
71.0105702045064,7115090.59521043,2116122.50167806
71.0335260728719,7115389.16793068,2116697.31578965
71.0993536418692,7116310.39739581,2112477.65995124
71.1496793038794,7117190.98503496,2091517.88524648
71.1805385098983,7117730.70795054,2078657.74610527
71.2009307072775,7118012.88864643,2082348.60643427
71.2213229046566,7118279.41156681,2090650.09527591
71.2417151020358,7118545.16249373,2098935.51159408
71.280137093775,7119044.6271426,2114546.56428031
71.305519916711,7119431.41246101,2112659.48536034
71.330902739647,7119829.92991788,2106128.45989588
71.356285562583,7120229.04437258,2099610.23076934
71.4564720379578,7121845.55517354,2087456.04044447
71.5566585133326,7123441.17624844,2088928.54514748
71.6568449887074,7125070.11124611,2085491.27834358
71.7570314640822,7126677.56439071,2086692.16181335
71.857217939457,7128074.49693629,2105824.92034387
71.9250813016008,7129065.21840726,2104605.18599315
71.9929446637445,7130135.11210767,2087990.30223016
72.0262295531893,7130640.73677262,2089565.06314921
72.0595144426341,7131147.59836756,2091165.28439079
72.1637670240527,7132706.77221255,2095037.10140756
72.3993564221275,7136187.85834161,2096589.07428612
72.6349458202022,7139878.86456569,2083116.18842085
72.6526929086229,7140241.42857355,2070487.60384673
72.6704399970436,7140601.11123483,2057798.82851787
72.7001754024785,7141193.04014669,2042376.48513863
72.7299108079134,7141788.26763047,2042591.79882698
72.7699931740466,7142590.95013528,2042888.50268096
72.8331696895953,7143638.29645175,2063464.17580535
72.8963462051439,7144558.50549193,2094320.82546199
72.9207283253888,7144889.76259984,2096898.96965261
72.9451104456337,7145219.13523878,2099442.81964169
73.0150932356094,7146195.31417422,2101412.79979883
73.0704043863568,7147027.78303249,2093132.32784191
73.1945537346923,7148885.23009216,2089356.22939601
73.2194590589462,7149368.5605062,2078982.35480176
73.2443643832001,7149852.71188953,2068373.57707277
73.3003901417388,7150914.69175194,2048542.25992008
73.3186928101756,7151201.78453296,2054474.11452182
73.3369954786124,7151491.47592652,2060458.62653971
73.3830983739642,7152226.12998404,2075532.01265013
73.456135956011,7153315.11417903,2086109.57960791
73.5291735380578,7154431.22916937,2086398.79891265
73.581800417373,7155268.73374712,2079907.10612257
73.6344272966883,7156149.3018709,2073930.66656949
73.7923733261543,7158924.07485583,2057757.1268115
73.8523279259186,7159955.3510083,2061595.66152555
73.912282525683,7160955.06276655,2067387.50200845
73.9722371254473,7161885.6939289,2076490.07722286
74.0827336626177,7163273.66173615,2109261.19307416
74.1198780868399,7163866.29385643,2100564.70051097
74.1570225110621,7164548.97447846,2076772.1381686
74.1835579799857,7165037.44651884,2059794.9596507
74.2186911003324,7165547.23976921,2062404.21226857
74.2424826160127,7165842.81842243,2076248.129167
74.2662741316929,7166136.77131105,2090056.13440074
74.2968352432909,7166511.93768484,2107792.78066197
74.3152597403597,7166753.16755293,2107634.52229792
74.3336842374284,7166993.94791007,2106668.37156962
74.3654453020701,7167396.43873975,2105006.68047914
74.4958515740417,7169140.31503119,2095490.0570339
74.5394272419458,7169662.58530325,2102302.34753401
74.58300290985,7170169.08694213,2109946.18654911
74.6353909266259,7170860.34477481,2106166.36649954
74.6877789434019,7171573.92538965,2096613.71438319
74.7401669601778,7172178.32450875,2104145.11552543
74.7806595880962,7172623.83994851,2114039.6406649
74.8211522160147,7173033.32539513,2122590.61431443
74.8888755758001,7173647.43716005,2134814.0734415
74.934021878502,7174173.83387959,2125127.18231628
74.9791681812038,7174745.5151233,2109519.22611831
75.0243144839057,7175268.06432641,2106289.93807105
75.0694607866076,7175759.04701527,2113804.22247855
75.1055412605243,7176153.96198617,2119265.90359399
75.1653018672849,7176764.28604719,2122132.41976681
75.2250624740455,7177387.05456181,2123166.13692796
75.284823080806,7178018.3971768,2121458.79035538
75.3632738801493,7178741.26588467,2130487.62484847
75.4417246794925,7179442.70293295,2136011.13274692
75.4900245705461,7179875.57726288,2135358.49681077
75.5383244615996,7180489.62525706,2118633.56098127
75.5866243526532,7181157.99741093,2096530.66094418
75.6349242437067,7181704.85046989,2099623.12253279
75.6832241347603,7182201.77941458,2115805.41049606
75.7192107252618,7182614.99911286,2118866.65019901
75.745247647965,7182941.49170638,2113004.13509411
75.7712845706683,7183268.99044858,2107163.66538025
75.857905784932,7184398.70177635,2096148.36995674
75.8881679175683,7184792.80496804,2094011.42790611
75.905070557371,7185076.78441094,2088420.45275498
75.9116408070517,7185317.0899441,2073852.71970284
75.9182110567323,7185548.96585156,2059138.99826474
75.9310763740702,7185996.01764384,2030343.62981083
75.9770927895702,7187607.92433903,1927350.22966072
76.0052896081787,7188596.55006408,1866638.46311254
76.0125403380123,7188857.3372906,1863890.66637672
76.0197910678458,7189130.20766553,1861323.58221095
76.0328785968015,7189631.047993,1856671.28000514
76.0810022828244,7191456.66640299,1839566.25943726
76.1434372132007,7193797.77797654,1833408.44479058
76.2058721435769,7196127.81350413,1836705.74740825
76.2683070739532,7198419.02883995,1840390.3511352
76.3981363069451,7203108.6578948,1848463.80583538
76.787505120821,7217442.29512236,1820967.18142298
76.8596063089568,7220117.73527487,1822598.39369048
76.9317074970926,7222712.87490621,1835444.96172602
76.9849612674073,7224550.40651041,1847933.02667995
77.0457690763113,7226710.37352747,1846534.49018592
77.1065768852153,7228895.06665856,1836145.33820106
77.1483990864042,7230379.34440057,1837081.84747823
77.1902212875931,7231863.9888296,1838121.12064498
77.3118593052249,7236152.37352387,1839604.47792866
77.4993566238276,7242773.96700501,1835581.47821947
77.5514929320991,7244505.04147151,1845848.08004788
77.6036292403706,7246229.81153943,1858647.15687457
77.6413982750861,7247514.40008083,1855415.11977817
77.6791673098017,7248808.4527226,1850496.53654085
77.7335235263129,7250633.70366432,1847973.28586623
77.787879742824,7252453.36002388,1850647.19346464
77.8422359593352,7254348.3440594,1843234.11693465
77.9288613561356,7257366.72087087,1830997.87844075
77.9890932534554,7259368.46773146,1845732.38095858
78.0493251507753,7261337.55389878,1853087.30382276
78.1375676244951,7264235.78202916,1854570.19806374
78.2027652684453,7266398.22972976,1849625.54980787
78.3086682268954,7269979.16706534,1837542.97343832
78.3779581795412,7272306.99669007,1838669.35244292
78.4472481321869,7274591.38244369,1843696.48763388
78.5335184757382,7277361.83782483,1854206.51189407
78.6197888192895,7280057.41714452,1863647.93711788
78.7060591628408,7282776.46213917,1859566.12256351
78.7696960318375,7284760.86024748,1860341.19736158
78.8504345469313,7287276.53732346,1860926.19149726
78.9569287316911,7290647.2560078,1852889.56092933
79.0398707083115,7293324.35048637,1843747.51492896
79.1228126849319,7295964.9027111,1848004.11689682
79.2057546615523,7298559.44478116,1851351.54665506
79.2778760983389,7300731.10050303,1862366.21723606
79.3221656026297,7302038.03983136,1870519.87460955
79.3399544293716,7302613.89230295,1865841.24314078
79.3577432561135,7303180.82256399,1861116.70811875
79.4044849323603,7304665.36640381,1848704.4026778
79.4794824848805,7306943.56408196,1854473.93984919
79.5544800374007,7309222.98258927,1859816.90683976
79.6294775899209,7311543.97797832,1849984.21464402
79.7044751424411,7313843.05882506,1851449.8322384
79.7587719513682,7315457.43289971,1856714.4841574
79.8601142683089,7318451.83400615,1863839.69833186
79.9400742034001,7320845.59878776,1857280.28068497
80.0200341384912,7323273.55208543,1851596.69869793
80.0646041766958,7324557.76527929,1857852.99680167
80.1091742149004,7325826.53016564,1865891.34192158
80.1729012121187,7327707.62356156,1863506.87193016
80.236628209337,7329591.21210263,1856741.2742076
80.3003552065554,7331473.35775457,1855975.84528219
80.3640822037737,7333286.71649899,1862970.04236571
80.4452853991423,7335555.37831976,1873649.71129698
80.526488594511,7337876.56077173,1864254.84308299
80.5534505851749,7338586.75508259,1870457.73526384
80.5804125758388,7339292.5280895,1877256.64924182
80.6322131780004,7340665.03371452,1888691.79143115
80.6652620847098,7341571.18915419,1884230.01747578
80.6983109914191,7342476.26495748,1879740.47545608
80.7973021065668,7345155.20139781,1877773.33766863
80.8962932217145,7347801.47358156,1880583.39946335
80.9952843368621,7350472.34054015,1875368.8785297
81.0780753428223,7352674.50701488,1879193.32255144
81.1608663487824,7354837.53019947,1884405.94117765
81.2436573547425,7357025.1693993,1879333.97188332
81.3264483607027,7359235.57155278,1875636.12778003
81.4061604652062,7361432.58053769,1865205.61331278
81.4858725697096,7363603.06106728,1864948.82400847
81.5655846742131,7365725.29714025,1871091.41495901
81.6452967787166,7367809.72867479,1877108.09418496
81.744262989966,7370430.99181323,1871372.28809448
81.8432292012153,7373068.92511891,1867783.42285356
81.9421954124647,7375630.1350148,1875672.18827258
82.0411616237141,7378115.84794934,1883511.50415483
82.1401278349634,7380635.1029402,1878190.76769049
82.2169472734604,7382654.57621119,1868618.3490064
82.2937667119575,7384582.26388089,1876646.66321544
82.34766007505,7385913.41940228,1883571.48183013
82.4348925200032,7388028.24215692,1888456.23154941
82.4673566761542,7388872.43335771,1881228.39372129
82.4998208323051,7389715.75573032,1873975.27191323
82.5999892238929,7392297.63132107,1867434.60298419
82.7001576154807,7394786.25249812,1877547.00867655
82.8003260070686,7397245.74741102,1880043.88564735
82.9004943986564,7399695.03481787,1879609.72648774
83.0006627902442,7402116.7785638,1880869.5149532
83.096806880637,7404492.77576229,1873864.16103374
83.1929509710298,7406868.96989734,1873384.04142538
83.2890950614225,7409168.09891517,1880726.60906685
83.3852391518153,7411431.81736473,1884250.42655361
83.516496506015,7414526.80569064,1881728.37498201
83.6477538602147,7417677.08655276,1874567.87593621
83.7790112144143,7420741.56076708,1882341.69462405
83.880365675337,7423079.17624623,1883713.13914055
83.9817201362596,7425397.67572133,1883369.3545223
84.1436041703037,7428973.05666025,1895784.17715569
84.267540530775,7431702.61605632,1889999.68751388
84.334641289327,7433275.64327676,1873357.61105877
84.3596449220048,7433837.41501546,1875520.97553474
84.3846485546826,7434399.6666312,1877841.62790841
84.4469864956385,7435791.93057224,1884409.61049433
84.5409183018389,7437780.37395886,1898265.87928248
84.5736822099785,7438514.04772486,1893034.78859992
84.606446118118,7439246.86596029,1887777.87553062
84.7059911131569,7441467.8909149,1882069.58049804
84.8055361081958,7443655.13087982,1885199.89179417
84.8893180192242,7445569.35775191,1875985.57107612
84.9362972007204,7446667.62217856,1866463.41599152
84.9525273937386,7446991.48748756,1872250.89321712
84.9687575867569,7447314.01236438,1878517.34237619
85.0002772305067,7447952.4018796,1890681.58730913
85.0467460668795,7448903.69123041,1903129.32757687
85.0932149032522,7449904.7766718,1894727.05400948
85.1299955129175,7450696.8741955,1888065.01545513
85.1934072853467,7452059.57924137,1886072.504007
85.2568190577759,7453392.42326754,1888957.78439154
85.3202308302051,7454654.02799326,1900001.22159693
85.3774254849567,7455884.87626997,1893156.49941272
85.4346201397084,7457137.50880738,1879263.04984507
85.4686122189412,7457842.8002925,1882462.60518519
85.502604298174,7458538.96312809,1886974.54847256
85.5552967266969,7459615.20956087,1894400.80898136
85.6531492077557,7461529.97469567,1904635.37891362
85.7086320454948,7462684.77020834,1894175.60047843
85.7641148832338,7463821.01569771,1890069.02882676
85.8195977209728,7464944.31655636,1893205.39878485
85.8750805587118,7466040.48407706,1897188.15690063
86.0527439089388,7469668.84165506,1883377.89092178
86.0868045523287,7470354.42380089,1886523.03250964
86.1208651957187,7471040.82210835,1889695.61075731
86.1870180913757,7472439.49219279,1883557.21770797
86.2531709870327,7473827.2430842,1878149.50179744
86.3193238826897,7475117.27065862,1892765.86759395
86.3854767783467,7476406.02739263,1897366.51173393
86.4516296740037,7477683.82042664,1898958.98560598
86.5223726835079,7478962.45996523,1908701.21736551
86.5931156930121,7480308.56042598,1903788.0935238
86.6638587025162,7481658.46129713,1898254.06521353
86.7346017120204,7482990.17276003,1901223.43478405
86.8236432411014,7484657.96398668,1901652.35851072
86.9126847701823,7486366.67865633,1895902.93105334
87.0017262992633,7488035.51126298,1898753.0323203
87.0907678283442,7489662.49792437,1904265.21929347
87.1493385517169,7490735.57958064,1904698.26250852
87.2079092750895,7491892.0576544,1892305.24941792
87.2540097066683,7492784.88309104,1886678.61495055
87.3001101382472,7493639.30135631,1892912.3379744
87.3583203815018,7494711.34091582,1899380.99179202
87.4303576673963,7496009.43930388,1902880.59087422
87.5237417343708,7497636.33257066,1910153.74493615
87.6171258013454,7499330.13551112,1901717.26250206
87.6851679351817,7500525.62902723,1903701.78226677
87.7777739008294,7502138.77561625,1908454.61545
87.8703798664771,7503773.6630308,1904481.78408678
88.0432089577761,7506803.33492855,1901441.04433758
88.2160380490751,7509786.11519443,1910515.78345504
88.2747777374772,7510832.57023194,1905686.53098732
88.3335174258792,7511939.63883196,1887703.29531368
88.3772568036373,7512682.45728602,1893470.96053423
88.4103337975143,7513230.57882752,1902473.808564
88.4434107913914,7513778.51661427,1911467.9697128
88.4813590764097,7514412.61294874,1911104.27362083
88.519307361428,7515048.976467,1910242.01070891
88.5958985216068,7516321.01804285,1909253.54456812
88.8683018715953,7520862.4157262,1904461.796462
88.9190830324995,7521671.65236947,1910938.95613714
88.9698641934036,7522482.85627247,1914321.62091989
89.0206453543078,7523290.89023778,1914148.63749374
89.0714265152119,7524115.73737775,1911965.59734647
89.1419145019838,7525280.74564383,1906113.47225978
89.1915847336856,7526023.99419519,1914483.25927965
89.2412549653874,7526750.98042047,1924312.67522733
89.2807705602998,7527413.11457256,1917596.16179772
89.3202861552121,7528071.94065751,1908348.39210188
89.3702859836899,7528881.86799965,1904317.45378959
89.4100926298639,7529512.31607088,1908203.31530263
89.4498992760379,7530155.0439013,1911380.12398334
89.4922930646495,7530863.8137975,1905252.53179707
89.534686853261,7531581.8041491,1899107.44183891
89.6010407210166,7532633.82582171,1905032.25986867
89.6673945887723,7533674.15097381,1911608.35567988
89.7552157374964,7535055.12007803,1911263.69816102
89.8364587995656,7536331.50913741,1908563.74717596
89.8917443774858,7537127.0615516,1917139.46046715
89.947029955406,7537904.55935606,1928499.81971545
89.9740268538967,7538307.96719349,1925940.93772372
90.0010237523873,7538712.6532593,1923045.8327662
90.0608006311535,7539614.80354651,1915972.38852618
90.1562203644197,7541142.22342786,1903000.8556048
90.19193371725,7541669.30630137,1908403.73066776
90.2276470700802,7542196.94314234,1913828.28988842
90.3407207071765,7543756.16685136,1929489.08709664
90.3900604000212,7544482.69488056,1925055.0897983
90.439400092866,7545206.92962271,1918341.70221914
90.5043782722502,7546201.42857629,1911574.52241971
90.5938735723253,7547531.30116241,1912540.24592945
90.6633738016913,7548564.09547046,1916581.88155378
90.7254106580686,7549552.59881154,1902595.30798185
90.7874475144458,7550543.9401227,1896238.45178331
90.8217602770377,7551107.90191117,1895526.49947271
90.8438644046044,7551465.77736659,1895064.5671185
90.8659685321712,7551587.20165455,1920651.2016388
90.8827092257233,7551628.54136564,1947850.18779174
90.8994499192754,7551668.77412716,1975016.72068033
90.9483484856621,7551780.9883755,2054368.86093709
90.9759601785374,7551545.46933835,2089082.96889857
91.0035718714126,7551291.43205701,2123110.86498435
91.054395648822,7550807.18321986,2181900.85781269
91.0672837156271,7550682.56694405,2183185.02310442
91.0801717824322,7550553.43126837,2184377.3047217
91.1073975269591,7550269.55058419,2186896.56474968
91.2186458955789,7548931.70207617,2210286.51663634
91.2872080490903,7548094.28920651,2214351.68198697
91.3557702026017,7547303.17526765,2204259.09706865
91.4063779949806,7546701.55224996,2206278.28483114
91.4455604171863,7546236.02266929,2207853.31302798
91.5324173351117,7545126.3107501,2216424.82141584
91.6192742530371,7544062.96497273,2213736.8288959
91.7061311709625,7543048.7969968,2207971.35444316
91.7929880888879,7542010.46416915,2209664.89133976
91.8600486249845,7541166.73760405,2217175.7931292
91.927109161081,7540306.6566016,2219207.85488176
91.9941696971775,7539521.80920453,2212959.20215788
92.0788312570164,7538625.26699013,2198814.30829498
92.1634928168553,7537810.92464961,2188866.01957391
92.2454803144349,7537022.98270222,2189062.96310698
92.3274678120145,7536254.20735796,2187488.06789528
92.4415327449096,7535293.03467278,2176750.01837687
92.5555976778046,7534431.93212324,2168434.75413882
92.5796056798724,7534144.93952478,2178779.07541422
92.6036136819401,7533849.0916368,2189922.88075866
92.6453245219659,7533353.77154419,2209285.20555884
92.6748543711446,7533103.92166018,2205338.61360071
92.7043842203233,7532905.01591211,2189608.27260577
92.7273582366323,7532750.8170364,2177390.65953223
92.8021004019493,7532198.31092704,2166066.3866282
92.8768425672663,7531657.13366624,2168992.09516939
92.9515847325833,7531217.70821195,2155005.25663123
92.9993570068531,7530906.00604555,2156596.60202167
93.047129281123,7530591.43296354,2160159.02621537
93.0921358313181,7530152.81730783,2175001.50216483
93.1371423815132,7529667.61501788,2194021.35792393
93.1640872519176,7529405.59773878,2201268.96676979
93.1817428748778,7529324.66726491,2190676.96884458
93.1993984978381,7529241.84662206,2180034.74688728
93.2437605825336,7529026.05879176,2153293.14443956
93.2816128560724,7528752.57952659,2151713.5851908
93.3080177700567,7528528.81860648,2161933.34823872
93.334422684041,7528304.0617993,2172123.57230784
93.4122115263012,7527616.57588826,2184538.28829746
93.4900003685615,7526899.205876,2188545.00289526
93.5677892108218,7526178.46992578,2190511.13139449
93.5981025373349,7525987.55188536,2180943.75274532
93.6284158638479,7525796.0613373,2171351.5544844
93.7206552878537,7525101.04001592,2171741.22117083
93.7767248349944,7524704.93811315,2173159.37432499
93.8327943821351,7524487.75501988,2148552.11980135
93.8624476284999,7524363.0434826,2136019.68687251
93.8717783518247,7524263.5853096,2142043.2930383
93.8811090751495,7524163.33811114,2148179.31747761
93.9001448470853,7523969.8409352,2160691.73287728
93.9727815811554,7523219.0694966,2201875.70384383
93.9942178256446,7523003.54813847,2201562.86484059
94.0156540701338,7522786.7263421,2201214.86715479
94.0750172640915,7522191.47229297,2199400.3782945
94.1620539543009,7521384.11045448,2191802.91019227
94.2249794342607,7520745.19669455,2197235.36070374
94.2879049142205,7520105.3958546,2201970.46557473
94.3840800736513,7519055.92934091,2207660.12253503
94.4730028132951,7518045.12931167,2213702.38098055
94.5324769323873,7517435.89472073,2206820.51912194
94.5919510514795,7516777.91981047,2207467.31084288
94.6380817725944,7516229.16127917,2215107.15980441
94.6842124937092,7515667.8503614,2221068.92422842
94.7303432148241,7515085.31714826,2224438.3739641
94.7746304212994,7514551.64965973,2224814.58773151
94.8189176277747,7514114.33480575,2213260.21595967
94.86320483425,7513676.90116915,2201696.07995583
94.896019022143,7513285.40292005,2206890.46981274
94.928833210036,7512890.53360714,2213946.11106675
94.9742021913893,7512345.1467463,2223043.58054128
95.0454495019509,7511390.54219564,2231817.59988181
95.1166968125126,7510515.03742359,2228270.27010976
95.1879441230742,7509678.59707035,2221248.94189621
95.3083482898135,7508294.41935359,2217308.62975869
95.4287524565529,7506899.04635245,2220787.41309657
95.5223683837731,7505790.29521752,2223138.46496458
95.6159843109934,7504774.06588254,2213966.42292189
95.6873857407494,7504036.42986975,2207596.48983052
95.7587871705055,7503247.15943231,2214638.36726229
95.8301886002616,7502535.16283825,2208718.70840669
95.884637534118,7501997.88489745,2203624.14880635
95.9829678022136,7501061.75874056,2202233.94233938
96.1034817379904,7499929.89511506,2201012.50138638
96.2239956737672,7498726.03321897,2207415.71735888
96.344509609544,7497514.9595643,2207816.20883112
96.4148898823143,7496966.20188205,2192639.51625935
96.4852701550846,7496498.77895771,2173777.89542282
96.5395925860724,7496090.14200212,2179749.75885738
96.5939150170602,7495714.85740863,2180674.1561094
96.648237448048,7495387.54373302,2172752.73037811
96.7025598790357,7495051.59206312,2169763.28145881
96.7568823100235,7494711.63176813,2171268.38552279
96.8112047410113,7494420.94616219,2167024.20886502
96.8909694139216,7494070.48381856,2154302.07935062
96.9707340868319,7493900.68419221,2131281.18837635
96.9897485734398,7493767.31419773,2138575.83255202
97.0087630600477,7493618.23341812,2149713.78568589
97.0277775466556,7493468.66920949,2160837.93713171
97.0642529781322,7493179.97971225,2182176.95351739
97.1007284096088,7492961.00732581,2182592.4905686
97.1372038410854,7492758.28338253,2174110.1809099
97.173679272562,7492555.92256135,2165643.18173549
97.3012471009314,7491914.78108627,2162162.00179313
97.3485369151311,7491551.67312228,2176282.31113017
97.37669562758,7491341.2375542,2184699.43029551
97.3933940959974,7491282.83793188,2178836.15572267
97.4100925644149,7491223.34183118,2172699.92391824
97.4444798413168,7491089.1532894,2160063.5085821
97.5137461010821,7490796.76499667,2150710.24321676
97.5830123608474,7490509.5308944,2153205.72241765
97.6065119213395,7490506.54149606,2143044.92442979
97.6300114818316,7490502.23629577,2132845.41830451
97.6671194026979,7490491.02951378,2116737.9864618
97.7042273235641,7490369.13712503,2122690.43449968
97.7413352444303,7490213.06303278,2137956.42263959
97.7784431652966,7490057.42110578,2153099.37664925
97.8132057232613,7489852.77423538,2158894.46736686
97.847968281226,7489649.49051097,2164667.6466065
97.9573351560801,7488926.48564026,2177947.25804576
98.0233868768834,7488587.56662698,2168965.62700834
98.0894385976866,7488300.0874391,2155438.96379838
98.1998902973655,7487689.40599792,2166591.84670961
98.2811252458486,7487059.74689795,2189380.78019294
98.2913546306392,7487042.21455188,2183904.3926949
98.3015840154299,7487020.67979384,2178343.1015449
98.3242629598303,7486963.99547625,2166017.10969704
98.366438026225,7486865.29339288,2143097.78254014
98.4086130926197,7486695.54441201,2141504.64682757
98.4603686846472,7486457.68023863,2153552.78082644
98.4980637467855,7486327.01972198,2154541.00997468
98.5268132941202,7486257.22997941,2147995.89271947
98.555562841455,7486188.07193567,2141468.64971172
98.624824128429,7485963.83412587,2141522.56060975
98.694085415403,7485661.73578357,2153722.30257003
98.7430442999799,7485298.02734429,2172114.11639879
98.7920031845568,7484934.12891635,2187076.14810171
98.8409620691338,7484558.35012143,2188538.79984679
98.8899209537107,7484218.99742822,2186314.94936816
98.9388798382876,7484060.90065073,2164892.38317195
98.9738217398038,7483947.95252525,2149590.27237647
98.9997574645338,7483779.8563668,2153668.52813128
99.0256931892639,7483562.56708191,2166404.32079856
99.0516289139939,7483352.62148874,2179118.87940618
99.1352849372973,7482706.9531072,2192419.44308521
99.1819401465514,7482340.17954946,2190488.2211873
99.2101393799977,7482244.08735331,2178851.18487848
99.238338613444,7482153.89602623,2166764.42657383
99.2954319284793,7481930.15796975,2149686.26871405
99.335781255835,7481705.55425891,2158634.67997576
99.3666486677526,7481533.96764446,2165493.93521573
99.4761471914134,7480723.56741407,2190309.45211032
99.5128792315845,7480542.25577065,2182045.62107007
99.5496112717555,7480386.55208609,2169169.1777794
99.5863433119265,7480227.36096922,2157103.6075298
99.603868427302,7480104.92195649,2161492.56126041
99.6213935426774,7479984.70878857,2165935.55046406
99.6646937367035,7479695.28379277,2176914.26296708
99.7528775671793,7479098.1033423,2182748.60906922
99.8410613976552,7478427.99615519,2189920.50717754
99.9292452281311,7477731.24840762,2194535.67759152
100.042040856552,7476863.86236177,2192257.35519228
100.154836484972,7475911.94897684,2200192.8404618
100.236181545631,7475230.23482841,2201651.92732478
100.317526606289,7474498.01641255,2204430.89783975
100.398871666948,7473692.30757562,2215718.28662054
100.461366410946,7473150.47497041,2207268.8387593
100.523861154944,7472567.36871414,2207391.79021115
100.586355898942,7471959.30567351,2213953.49888168
100.604765778684,7471873.43986361,2205548.02083794
100.623175658427,7471798.77218028,2196051.74379164
100.652837165457,7471657.61004711,2180753.38770683
100.692526763804,7471457.84403324,2164543.18370163
100.70709194179,7471324.41602243,2170788.18288719
100.721657119776,7471193.5975632,2177093.14153295
100.756835090198,7470885.36282633,2192320.89071969
100.795605564037,7470554.51330986,2205010.41720324
100.834376037876,7470258.69880534,2200760.19714184
100.873146511714,7469962.46144836,2196493.62097275
100.882592076666,7469889.20275229,2195453.68720457
100.887793506735,7469849.34808127,2194881.20246792
100.892994936805,7469509.02502191,2215070.9766896
100.89689753662,7469238.91262593,2235655.02401901
100.900800136435,7468961.38176735,2256124.56732095
100.90894596252,7468377.20755444,2298870.12747938
100.937130471812,7466366.85500284,2446771.42552832
101.078053018273,7456437.35735366,2715788.66230823
101.084916210758,7455936.56301507,2715335.63469053
101.091779403242,7455452.52467631,2715168.88821256
101.10363031247,7454613.42132131,2715514.82346716
101.134261989976,7452438.8063893,2716407.37249104
101.267645944683,7442868.23772062,2726208.56798798
101.352327994245,7436873.51053174,2720144.82057411
101.437010043807,7430979.99572512,2711219.96974125
101.521692093368,7425164.19385079,2705128.5808156
101.60637414293,7419427.39317936,2699109.37312537
101.753242578387,7409769.82565186,2684009.81636497
101.900111013844,7400114.69019874,2688721.20295172
101.916039845624,7399160.31092766,2681899.96931352
101.931968677404,7398204.23283872,2675029.26917347
101.9719713946,7395795.73220318,2657769.52046484
102.036604019228,7391816.42405704,2654122.77333503
102.101236643857,7387789.5301815,2663742.1000088
102.149389770109,7384731.0702514,2668545.55547234
102.210940411176,7380850.96745073,2671324.27342702
102.272491052242,7377058.2755081,2663557.18351182
102.334041693308,7373190.61117186,2665756.75892064
102.421339429469,7367693.90530374,2671535.15716937
102.508637165629,7362357.1385244,2658814.38933805
102.570274349517,7358759.11464583,2645576.77441168
102.631911533404,7354956.81424758,2653482.18997289
102.67887670872,7351942.81408999,2672818.62351629
102.713727112713,7349727.25871732,2680132.51732892
102.739234849867,7348116.05098329,2678320.15093709
102.764742587021,7346505.65407987,2676527.47422261
102.851447460309,7341326.82976842,2654259.48845177
102.959499181289,7334951.30033433,2646672.87913828
103.022894025545,7331102.62884737,2657093.18013489
103.086288869801,7327174.27977228,2666352.61622313
103.142099494858,7323889.39665832,2656414.05397902
103.197910119915,7320668.23295081,2639927.54290333
103.234166326269,7318578.96706128,2638798.14275679
103.270422532623,7316492.92076173,2638595.75677187
103.333188048375,7312949.39198474,2633989.47542597
103.395953564127,7309467.76275081,2625300.45019145
103.458719079879,7305937.30321484,2628102.39303018
103.504967399135,7303326.34953875,2631443.76246006
103.572447943315,7299292.01523153,2648131.01613707
103.620235819643,7296486.32021631,2652646.41063582
103.654256428118,7294544.01174141,2646516.68786711
103.688277036592,7292602.10955199,2640397.35553744
103.753334514018,7288797.58262777,2644028.09974768
103.818391991443,7284987.86326062,2649473.44997364
103.920624794301,7279105.32221975,2642102.56161708
104.001264632349,7274462.64907931,2642756.85147355
104.028757307166,7272729.17602996,2652886.50502073
104.056249981983,7270968.7892134,2665142.61528825
104.093270485417,7268598.20562415,2681640.22483715
104.135011190411,7266264.84758011,2665280.43792091
104.176751895405,7264063.73495243,2633342.01606508
104.206067679974,7262518.13175635,2610925.7775194
104.216109040952,7261933.78256763,2613305.86280449
104.22615040193,7261354.80236391,2616862.19199573
104.241611295245,7260462.20443632,2622322.12435089
104.298950110789,7257149.36537812,2642570.19327994
104.381314587098,7252066.26289655,2668258.92475644
104.463679063408,7247130.03653237,2664556.96095869
104.546043539717,7242281.73037944,2654420.09650442
104.657267202305,7235776.81469478,2652452.7523869
104.716423121426,7232311.10341275,2652428.17948231
104.775579040547,7228665.60035653,2666062.39685825
104.818737027766,7226054.85363942,2671258.60451286
104.861895014985,7223650.77081046,2654463.39430823
104.892546532177,7221943.00888635,2642520.74401134
104.941943475874,7219059.44438137,2643350.72808227
104.991340419572,7216120.26888394,2656313.60663332
105.029141652554,7213886.23018914,2660842.66372699
105.066942885536,7211665.99319198,2658777.19893467
105.104744118518,7209446.21731024,2656723.43228411
105.166929362569,7205971.79263024,2644795.59057498
105.209882308478,7203594.70394587,2635641.50973321
105.235134446421,7202076.67916512,2642139.93020392
105.260386584365,7200553.53806281,2650387.97802044
105.296065248168,7198401.29065147,2662036.02030909
105.347776805994,7195498.66496143,2654186.94723025
105.39948836382,7192700.19024691,2633046.75817631
105.437783019921,7190572.57913889,2630092.70584738
105.476077676023,7188417.65668981,2635919.31968978
105.514372332125,7186262.18133975,2641731.11544256
105.651640257724,7178376.2265865,2649242.2108819
105.760881125195,7172409.34104116,2631032.69458585
105.823757154044,7169071.94153152,2620242.87815748
105.847232552636,7167721.72185079,2627871.57393505
105.870707951228,7166372.87397783,2635534.6403653
105.911181056091,7164050.78559352,2648749.54086613
105.937707507201,7162619.78860798,2645441.69574669
105.96423395831,7161212.5531761,2637883.44509325
105.990760409419,7159805.71718947,2630335.47214939
106.065790799642,7155775.42885618,2625456.01068138
106.140821189864,7151698.68003075,2631250.252416
106.199336311941,7148456.67758184,2636997.29103426
106.289749000986,7143586.73808094,2630228.23104395
106.38016169003,7138680.77194164,2631310.26661561
106.470574379075,7133988.41386617,2618773.89578015
106.560987068119,7129565.67553649,2597370.01521987
106.643553851619,7125621.21952714,2589956.19350962
106.726120635119,7121708.97947515,2587612.81029063
106.768782516051,7119577.89671358,2594882.8948538
106.811444396984,7117450.06876416,2602172.27135448
106.86153234784,7115178.48320718,2589849.56029317
106.911620298697,7112982.48601704,2569672.83729101
106.961708249553,7110658.37013278,2572607.03537483
106.999708256023,7108866.22910912,2581311.20791272
107.037708262494,7107075.17024877,2587403.31939721
107.075708268964,7105284.39866944,2587574.59431037
107.160068225017,7101385.93551426,2582404.0366771
107.225973127117,7098436.66823705,2571913.66584227
107.247865721572,7097364.96941951,2577726.08373051
107.269758316027,7096289.10757726,2584045.1891697
107.312989147903,7094174.50843802,2596527.89162984
107.359594507472,7092169.71447901,2582679.02649928
107.406199867041,7090273.48195893,2556930.09254646
107.427947749858,7089388.82486293,2544921.62028146
107.440896206146,7088801.37797682,2548546.92612641
107.453844662434,7088218.06459552,2552305.0657606
107.481242450232,7086991.1728325,2560258.140888
107.585088653836,7082326.89720643,2574492.63237779
107.634205713064,7080126.80012306,2574314.77404256
107.683322772291,7078013.3894722,2568126.53491389
107.732439831519,7075894.27352103,2562566.43132277
107.780440785263,7073730.99209329,2569091.86668414
107.828441739008,7071568.43983434,2575637.30711698
107.982665035211,7064667.28813152,2571976.67989618
108.083784695152,7060345.85180393,2561491.37658277
108.184904355093,7056303.22402744,2543403.79968769
108.286024015034,7052417.95582289,2532836.07503471
108.343820747106,7050124.00374218,2539485.61015553
108.401617479178,7047591.56428948,2558931.07329304
108.45941421125,7045054.3478286,2570558.7450946
108.502194414843,7043164.15611879,2571694.90117327
108.544974618436,7041314.27791192,2570116.95490048
108.58775482203,7039572.64551235,2560551.91661756
108.647241233687,7037120.26674153,2551887.13095332
108.706727645345,7034559.8644373,2561253.09011081
108.766214057003,7032083.19490883,2560596.11649957
108.825700468661,7029674.95015609,2550756.5199514
108.885186880318,7027222.97760957,2552035.38419939
108.944673291976,7024774.13318376,2554530.2888225
109.033561048265,7021201.37643236,2548186.4894057
109.122448804554,7017605.14451405,2549667.26202338
109.193503829436,7014761.45113684,2548136.83976374
109.284925654912,7010901.49011678,2560465.1012867
109.350968937143,7007963.80909091,2577175.27798241
109.417012219374,7005004.72793208,2578954.59546171
109.483055501605,7002006.1514384,2582268.76381341
109.544994872332,6999190.32534456,2584717.98232474
109.585954653551,6997464.21271019,2575455.41397181
109.62691443477,6995737.36303507,2566173.0474062
109.682207307189,6993258.42728859,2572206.50419651
109.737500179607,6990735.76864196,2584666.43447034
109.771569028905,6989253.80943509,2581302.12145459
109.805637878202,6987779.17161914,2576206.88381688
109.854343746414,6985678.54891119,2570277.84194108
109.914835957767,6983099.98855743,2567903.60971294
110.01078571429,6978912.31831793,2573242.50118335
110.106735470813,6974944.48084641,2560079.05580269
110.202685227336,6970821.97676339,2568291.48074408
110.298634983859,6966698.48165261,2570901.42405297
110.365422034449,6963933.78083014,2560558.69028987
110.432209085038,6961220.30982789,2555983.09409571
110.517285071987,6957706.38493609,2559173.94047235
110.602361058936,6954223.53389315,2558266.88429712
110.712175153468,6949557.08699816,2568863.68078995
110.781999259544,6946655.36290866,2566707.21532005
110.828515428403,6944821.1617787,2554039.14959746
110.849,6944013.71719332,2548467.47591407
