0,0.973100450448445
5.73571672104084e-06,0.972392597874774
1.70341291653169e-05,0.971097676243608
2.83325416095929e-05,0.969924189146793
3.96309540538689e-05,0.968860296497975
5.09293664981449e-05,0.967895426053121
6.48892046971209e-05,0.966825835252735
7.88490428960968e-05,0.965877241834396
9.28088810950728e-05,0.965035760061331
0.000106768719294049,0.964289177728573
0.000124265132496759,0.963470869031305
0.00014176154569947,0.962766441304795
0.00015925795890218,0.962160073935738
0.000180496197335739,0.961536130464484
0.000201734435769297,0.961016215243237
0.000222972674202856,0.960583122415389
0.000249539834020223,0.960141603664447
0.00027610699383759,0.959790716883451
0.000302674153654958,0.959512041761381
0.00033748915104072,0.959231603638094
0.000372304148426481,0.959024748835506
0.000415931728128977,0.958840280414578
0.000459559307831474,0.958714781965795
0.000515120132566648,0.958611115057311
0.000570680957301822,0.958548033059526
0.000646585673344513,0.958499542181846
0.000739570883046768,0.958471570236576
0.000860358036153945,0.958457627957164
0.000981145189261121,0.958453265676267
0.0011019323423683,0.958451938561246
0.00122271949547548,0.958451565655562
0.00134350664858265,0.958451491142859
0.00149304472907513,0.958451518550117
0.0016425828095676,0.958451582678306
0.00179212089006008,0.958451654934327
0.00194165897055255,0.958451728982498
0.00212395339563516,0.958451819744246
0.00230624782071777,0.958451910611384
0.00248854224580038,0.958452001493092
0.00267083667088299,0.958452092376801
0.00290294608381815,0.958452208096334
0.0031350554967533,0.958452323815885
0.00336716490968846,0.958452439535408
0.00365920717682308,0.95845258513477
0.00395124944395771,0.958452730734085
0.00430494592018153,0.95845290707139
0.00465864239640535,0.958453083408627
0.00510501477776806,0.958453305949827
0.00555138715913077,0.958453528490917
0.00614965214185424,0.958453826758622
0.00687212177838261,0.958454186948856
0.00778419889421417,0.958454641668279
0.00900473336097316,0.958455250169546
0.0107982267785313,0.958456144319812
0.0139226815526374,0.958457702019727
0.0220976194417132,0.958461777617624
0.0556941777716528,0.958478526727418
0.0975139439699824,0.95849937454584
0.139333710168312,0.958478094713355
0.181153476366641,0.958453108903899
0.222973242564971,0.958375210233714
0.264793008763301,0.958243772879385
0.30661277496163,0.958139104902128
0.333549083060118,0.958213169425107
0.360485391158606,0.958287459092164
0.416881044497905,0.958401480133959
0.473276697837204,0.958386213239527
0.529672351176504,0.958375503973766
0.600748091598759,0.958368301256598
0.671823832021014,0.958387485123453
0.742899572443269,0.95843144447401
0.829710137892818,0.958439711751246
0.897776421966932,0.958303872363599
0.922858897343221,0.958394639770326
0.94794137271951,0.958543808525553
0.973023848095799,0.958692758143143
1.06751289991084,0.958539916112406
1.16200195172588,0.958982854907637
1.18142727967636,0.959213754598817
1.20085260762684,0.959443996338754
1.21913775120918,0.959356105177813
1.23742289479153,0.959144249015022
1.25181905412638,0.958977781261011
1.29342035310715,0.958496375046104
1.32709727756214,0.958514765813083
1.34720340308486,0.958693760379319
1.36730952860759,0.958872070731117
1.39713946256243,0.959136486359136
1.42696939651726,0.959140006382052
1.4567993304721,0.959012414856317
1.47962832373766,0.958914418005979
1.51459578731329,0.958815552613277
1.54956325088892,0.958903562020547
1.58453071446455,0.958991107113862
1.6074290948154,0.959048568393316
1.62126935750242,0.958966010274198
1.63510962018944,0.958877332537143
1.66022168603729,0.958716429666994
1.70045798246932,0.958458538559778
1.72105418345852,0.958529853959981
1.74165038444773,0.958722258371941
1.75807020089639,0.958875250952303
1.80769977144347,0.959337373079057
1.817370580365,0.959304072709071
1.82704138928653,0.959265224543745
1.84392795961552,0.959197487691263
1.90292281886868,0.958960833732716
1.9315232576713,0.958976669776674
1.96012369647392,0.959028722905069
1.98872413527655,0.959080675652262
2.03445311220112,0.958927501794537
2.06540606273435,0.958694488885258
2.09635901326758,0.958461659638608
2.12938701365261,0.958537934641665
2.15127329136511,0.95872458084442
2.17315956907761,0.95891069520933
2.19869743076912,0.959127762181628
2.22423529246062,0.959119716406719
2.24438524854054,0.958968149328365
2.25957652199524,0.958854432994453
2.30252502268752,0.958532771177214
2.3251426552718,0.958577287108133
2.34776028785608,0.958753664446089
2.36526913863172,0.958889809781343
2.41856215684987,0.959337517834571
2.45533663638858,0.959787759204976
2.49211111592729,0.960237662967992
2.50556266919787,0.960402122464824
2.51901422246844,0.960333167490478
2.53246577573902,0.960098329178062
2.54232455454179,0.959926475271986
2.56326383692618,0.959561692584329
2.60538270431077,0.958827038143261
2.62312781290933,0.95876584983388
2.6408729215079,0.958857884202699
2.65402838600874,0.958925619347545
2.69015949391624,0.959111619616778
2.7551515071658,0.959281319062334
2.82014352041536,0.959339387300283
2.86928758315634,0.95925086301695
2.90650642766833,0.959183659431522
2.97577845202383,0.959177313534215
3.04505047637933,0.959112117413748
3.11432250073483,0.958955513154518
3.12461804660578,0.959025745820804
3.13491359247673,0.959103799913048
3.1529000171778,0.959240038253571
3.21624260705116,0.959690639455627
3.22167319738307,0.959607064796351
3.22710378771498,0.959520962799799
3.23641938433619,0.959373509368184
3.26495149057047,0.958921618747946
3.29005379826364,0.958523674847779
3.3151561059568,0.958130126909936
3.31701771810952,0.958154585710498
3.31887933026224,0.95818329244194
3.32138915521983,0.958221118662407
3.32705577454432,0.958306688982157
3.34929268105597,0.958642308017967
3.38382541546738,0.959163013056739
3.41835814987879,0.959633412108254
3.42392757004427,0.959599841693898
3.42949699020974,0.959564488390558
3.43999086612177,0.959498095587495
3.47438648278996,0.959280440093492
3.5250119998198,0.95892121427155
3.57563751684964,0.95838011858945
3.61492715633635,0.957960299263669
3.62057516053427,0.958036762250623
3.62622316473219,0.958150438950309
3.63187116893012,0.958263509175394
3.64781049185044,0.958582548593406
3.71452580514878,0.959915519698454
3.72229737357356,0.95990659420651
3.73006894199833,0.959854902460374
3.73784051042311,0.959803672490152
3.76051461198826,0.959654112764315
3.86837830358448,0.959050442498633
3.90531235103084,0.958883207824531
3.94224639847719,0.958925474151476
3.97918044592355,0.959066496689933
4.01611449336991,0.959207281916146
4.02588811857299,0.959133909658618
4.03566174377607,0.95904782381505
4.05080695425849,0.958914517350069
4.09946011918993,0.958486113374156
4.11978296358445,0.958382635966947
4.1265707791051,0.958510077704632
4.13335859462575,0.958638844650192
4.14640005335142,0.958885992601079
4.19074587592704,0.959725334623358
4.20655244208248,0.960024137548884
4.2153899041277,0.960191113154584
4.22422736617292,0.960124649530881
4.23306482821813,0.959952629665633
4.24190229026335,0.95978144522964
4.2623727265972,0.959384603571286
4.29039641116292,0.958840763539279
4.31842009572865,0.958307514559435
4.32264464641535,0.958337532577648
4.32686919710204,0.958370695850763
4.33344324542965,0.958421910208715
4.3522299049296,0.958568209111794
4.40443325737584,0.958974507026951
4.45663660982209,0.959141987975992
4.50883996226833,0.95921663873564
4.54276911518616,0.959121525228683
4.57669826810399,0.958964115431672
4.61062742102183,0.958806784607528
4.63535322147985,0.958852847574583
4.66007902193787,0.958983350271667
4.68480482239589,0.959113567427436
4.70977866613961,0.959245050527829
4.73475250988334,0.959143935120598
4.75972635362706,0.958877447124469
4.77773690492391,0.958685016109552
4.81652718580395,0.958271055862176
4.82939093920442,0.958267613635747
4.84225469260489,0.958316448671941
4.85511844600537,0.95836497245628
4.89649224543473,0.958521019698948
4.9640955267352,0.958522456911761
5.03169880803568,0.958408554862413
5.09930208933616,0.95845601619267
5.15163395781452,0.958644040012053
5.20396582629288,0.958940281449075
5.25629769477124,0.958900384134559
5.3086295632496,0.958696290353789
5.34575259294543,0.95862844544017
5.40525592445275,0.958590129483555
5.46475925596008,0.958226484386968
5.51075645483597,0.957836977417072
5.52423173943616,0.957751131466981
5.53202099268205,0.957866881589961
5.53981024592794,0.95798448443011
5.55411150726625,0.9582002074938
5.60190720090489,0.958920348053553
5.62070209356291,0.959203222805989
5.62990771879216,0.959147850769081
5.63911334402141,0.959022698682349
5.64831896925066,0.958898101847235
5.67281413453222,0.958566348237162
5.72142399728095,0.957907263447057
5.73238935021099,0.957904966845995
5.74335470314102,0.957950814571803
5.75432005607106,0.95799631680049
5.78878574977002,0.958139328643849
5.81682292549172,0.958255638642957
5.84486010121342,0.958636677469353
5.8653818175925,0.958983093946403
5.88590353397158,0.959329342813733
5.91122901037228,0.959756279858761
5.92372559550389,0.959966801850218
5.93060381273476,0.959926200235353
5.93748202996564,0.959845326388889
5.94436024719652,0.959764946343899
5.96417666094384,0.959533215854012
6.0061962338633,0.959041447880444
6.04821580678275,0.958772579083603
6.08081462822472,0.958707167923298
6.10535320009326,0.958657463832396
6.18442095532171,0.958253236968424
6.24192242314691,0.958011677857242
6.28232252176912,0.958049024388516
6.33657801740206,0.958087677541235
6.41045040293814,0.95807435858277
6.42943598182086,0.95812774655958
6.44252308444188,0.958346520800036
6.4556101870629,0.958565612815967
6.48764404919776,0.959101426231672
6.51147667212198,0.959499645290654
6.52267921130377,0.959686709144332
6.53388175048557,0.959646238794434
6.54808053305835,0.959403622914487
6.55804374645288,0.959234018857366
6.58269845686385,0.958814002198337
6.69788781887469,0.9582553406949
6.7195490352087,0.958316914370648
6.7412102515427,0.95840505851315
6.82478070408463,0.958813782791773
6.83805260854324,0.958698399811844
6.85132451300185,0.958521950750652
6.86459641746045,0.958345784722151
6.90535093380518,0.957804384697925
6.9202721555941,0.957606000583092
6.92810672781929,0.957501802559605
6.93304287565874,0.957566186465536
6.93797902349819,0.957664755628074
6.94291517133765,0.957762674519368
6.95647999753977,0.958031764905241
7.01136978557306,0.959119037251232
7.06126057976494,0.959087342412795
7.07499408666642,0.958908632354942
7.0887275935679,0.958730790302238
7.11917840614532,0.958336193961365
7.14912437555469,0.958456049233629
7.16683857770962,0.958700763562773
7.18455277986455,0.958944669309136
7.22677981056993,0.959525574117831
7.23646854986707,0.959498464573176
7.24615728916422,0.959386064838158
7.25584602846137,0.959274284902739
7.28078835066791,0.958986346405701
7.31584281227247,0.958581353686602
7.35089727387703,0.958450915457635
7.37488903971003,0.958491480423306
7.39888080554304,0.958531647635486
7.46785832493633,0.958455303871981
7.52016656959202,0.958269390842267
7.56071608469847,0.958228567895382
7.60126559980492,0.958226024559299
7.62762701656236,0.958224326981795
7.64419856555047,0.958351549498012
7.66077011453858,0.9585131428668
7.6773416635267,0.958674518606051
7.71938727524852,0.959083710140994
7.76143288697033,0.9592070822663
7.79290108058541,0.959216449678688
7.82436927420048,0.959226009900718
7.85076411270851,0.959088922802611
7.87715895121654,0.958891209889039
7.90355378972457,0.958693579056126
7.92884715974832,0.958504117807568
7.94346146504393,0.958545031408114
7.95807577033954,0.958629578391112
7.97269007563515,0.95871387849444
8.02404923204819,0.95901002109133
8.05068672756273,0.958930516739477
8.07732422307726,0.958749262175464
8.1039617185918,0.958568213937823
8.13693487058076,0.958408928350314
8.1501286321163,0.958495150282347
8.16332239365183,0.958581745825163
8.19586006082606,0.958795209354667
8.34507760857988,0.959014065287326
8.35699894060387,0.958876273207466
8.36892027262786,0.958737519533603
8.39577000161743,0.958424895709179
8.41853234392592,0.958159707778757
8.43069694909975,0.958017922175786
8.43906951131122,0.958057929700342
8.4474420735227,0.958154615339475
8.45581463573417,0.958250764052046
8.47934577541946,0.958520930628435
8.52455626306906,0.959039568400234
8.54916650391936,0.959124217980407
8.57377674476967,0.95908261235427
8.59320489538174,0.95905009172459
8.63594735719218,0.958970496021743
8.6638414306364,0.9588074395393
8.69173550408062,0.958643989144439
8.77326793813178,0.958211333746289
8.81420476498762,0.958018734675573
8.84027708746381,0.957949913043825
8.86634940994,0.958096809074464
8.88687511582607,0.958212694042783
8.93255773284346,0.958470509995662
8.96010992791391,0.958748442460917
8.98766212298436,0.959038718932477
9.03206533853125,0.959506160351917
9.04486952503017,0.959508858374311
9.05767371152909,0.959469917360099
9.07047789802801,0.959431225726333
9.11461274186885,0.95929781652497
9.21265726714085,0.958860434460613
9.2687546717748,0.958357760336642
9.32485207640875,0.957687925389742
9.33568347871764,0.957558518237135
9.33952025749032,0.957617492454883
9.343357036263,0.957690251161362
9.34850192242479,0.957787248985109
9.36170507769166,0.958036051786687
9.41710887768489,0.959078647210197
9.47123564401564,0.959222967983549
9.48766371123205,0.959110547716293
9.50409177844846,0.958998802636509
9.54357017771843,0.958757629615259
9.5830485769884,0.958656268993407
9.62252697625837,0.958554949604715
9.67639811619134,0.958211814600786
9.73026925612431,0.957784728506193
9.75489563357287,0.957810450368754
9.77952201102143,0.957940018879893
9.80414838846999,0.958069245251845
9.88088720138432,0.958368812028819
9.92271424546468,0.958487361497568
9.96454128954504,0.958416351385813
10.0202752053184,0.958158151950478
10.0601490562414,0.958007621409078
10.1123564082615,0.957850649820487
10.1407771644304,0.957773728855563
10.1505304875064,0.957853027431144
10.1602838105824,0.957933408732427
10.1810396850705,0.958104364163858
10.2161629038256,0.958393478734321
10.2351690575465,0.958549852000793
10.2541752112673,0.958476818963047
10.2688145693089,0.958358553378464
10.2834539273504,0.958240274007432
10.3307082299281,0.95785826265143
10.3560257013316,0.957879435373944
10.3813431727351,0.958059182353731
10.3998486774162,0.958190191967382
10.4360417509134,0.958446307566226
10.4589457357724,0.958479411426135
10.4818497206315,0.958475659458406
10.5047537054905,0.95847202800407
10.6023228992769,0.958481117059309
10.6538411630811,0.958550027033662
10.7053594268852,0.958808189309221
10.7568776906893,0.958997133059746
10.7954505772925,0.959009748800089
10.8318873427215,0.959021680244729
10.8683241081505,0.958711135996852
10.9047608735794,0.958256092696218
10.9319368298181,0.957916619975011
10.9598215040133,0.957979258291505
10.9767117241702,0.958184903605928
10.993601944327,0.958389726112955
11.033768475914,0.95887644930991
11.0548565493689,0.958910955759907
11.0759446228239,0.9587683241168
11.0908994410857,0.958667577911035
11.1330629542344,0.95838340602936
11.1549585864922,0.958465590907921
11.1699493487194,0.958656504370998
11.1849401109466,0.958846683090719
11.2221923128247,0.959318952368168
11.2388510644989,0.959529992876277
11.2555098161731,0.959465643892286
11.2721685678472,0.959273068648926
11.2852849720109,0.959121835578253
11.3221033288663,0.95869702956558
11.3405154415977,0.958484440466555
11.3530187879732,0.958475225297744
11.3655221343488,0.958521195196285
11.3780254807243,0.958566829193509
11.4174353479096,0.958710652454556
11.5189203896552,0.959019389865023
11.6204054314008,0.958997994943974
11.6936458452212,0.958247792561856
11.7225112817348,0.957819213857366
11.7387047840986,0.95757879305476
11.7548982864624,0.957606142956361
11.7665794752373,0.957790673918374
11.775198886915,0.95792602389609
11.7960001652425,0.958252551540966
11.8267144633972,0.958734280143686
11.8414705132048,0.958965534799333
11.8562265630124,0.95896395654043
11.87098261282,0.958854526375178
11.8857386626276,0.95874560952524
11.9248700450857,0.958456633446003
11.9800375177611,0.958251224160639
12.0352049904366,0.958182805704863
12.0770233539519,0.958215792622163
12.1188417174673,0.958282713485084
12.1474996186783,0.958332762028137
12.1586063057455,0.958445424537166
12.1697129928128,0.958558939739085
12.195024196012,0.958817484566897
12.2350357598071,0.959225868061557
12.2460910442898,0.959338641480565
12.2528317586734,0.959279468807682
12.259572473057,0.959197030623555
12.2685442947838,0.959087611413313
12.2927800317989,0.958792002188785
12.3388741038311,0.95822923902901
12.3698275560054,0.95799073571311
12.4007810081798,0.957811866088346
12.4317344603541,0.957632787133225
12.4896787182305,0.95760180909329
12.5476229761069,0.957691017738014
12.5541010435319,0.957798464498953
12.5605791109569,0.957914015077392
12.5713920639026,0.958106620266649
12.6040810684776,0.958688309596456
12.6488041581914,0.959482950272349
12.652871521369,0.959437934000638
12.6569388845466,0.959382795111874
12.6625576461028,0.959307142724357
12.6777324392096,0.959102756872452
12.7448751073752,0.958197306275224
12.7574676058036,0.958248593475725
12.7700601042319,0.95841331828376
12.7826526026603,0.958577322925383
12.814166291799,0.958987523679739
12.8399304150418,0.959322619955119
12.8656945382846,0.959148521497723
12.8758379645902,0.958947533537603
12.8859813908957,0.958747448036197
12.9085545993695,0.958301807185189
12.9414662518078,0.957651262288573
12.9487449144158,0.957507264448255
12.9533894790936,0.957563010073343
12.9580340437714,0.957682097189489
12.9626786084491,0.957800091585311
12.9733025707454,0.95807004349654
13.0116270892027,0.959042560178753
13.0391596764617,0.959739941859538
13.0478998976298,0.959961103453602
13.0566401187978,0.95994624791689
13.0662745362397,0.959776396042011
13.0759089536816,0.959607610237005
13.096413290768,0.959248110394819
13.1475432567123,0.958350393207209
13.1787621586885,0.957922671932972
13.2099810606647,0.957510208968728
13.2340612249299,0.95719186902048
13.2459632086999,0.957034413499493
13.2578651924699,0.957108379386712
13.2697671762399,0.957361067230792
13.2783987212119,0.957543450828692
13.2991083573464,0.957980793957954
13.3250459429666,0.958527966881043
13.3509835285868,0.959074481714026
13.3567183785262,0.95904429681468
13.3624532284656,0.958976237778952
13.368188078405,0.958908763029899
13.3843254681394,0.958718744373859
13.4527485289838,0.957912157833277
13.4596461144399,0.957943614778769
13.4665436998961,0.957981480591512
13.4781962109024,0.958045263256079
13.5141711996771,0.958242033123274
13.5517525843616,0.958447505820357
13.5662770255247,0.958431262795374
13.5808014666878,0.958405101991265
13.6056482075233,0.958360374297951
13.6666252595333,0.958290860237828
13.7276023115432,0.958377757556597
13.7885793635532,0.958635528022033
13.8495564155632,0.959034956552647
13.8707460478794,0.95895657081843
13.8919356801955,0.958800112156609
13.9131253125117,0.958643872989179
13.9824932313205,0.958171930032045
14.0518611501293,0.957761557244708
14.0659768891496,0.957834352219438
14.08009262817,0.957954152731407
14.0942083671904,0.958073665634354
14.1423604383898,0.958481124445457
14.1739609151522,0.9585298573184
14.2055613919146,0.95840931551159
14.2281722074048,0.958323320575682
14.3009105881141,0.958010444070711
14.3455281170145,0.957804570118051
14.3584047904098,0.957779092611726
14.3661009794661,0.957933191702835
14.3737971685224,0.958089059161989
14.3881877161158,0.958380240978015
14.4368406757903,0.959363244424952
14.4505531575257,0.959639916308687
14.4563518421542,0.959756863733214
14.4599995727582,0.959696191617835
14.4636473033623,0.959598821663956
14.4672950339663,0.959502285876049
14.4752313087565,0.959292105007812
14.5050374325961,0.958501868688857
14.5274626893088,0.957906417026398
14.5498879460215,0.957310185294167
14.5577150383728,0.957135950910302
14.5595672626769,0.957174628273499
14.5614194869811,0.957218232363158
14.5638268028276,0.957273929173908
14.5690376485845,0.957394655385851
14.5887613314574,0.957851310778552
14.6185498965781,0.958540121720683
14.6483384616988,0.95922789488263
14.6593372634374,0.959434667023183
14.6637094851768,0.959379604003162
14.6680817069163,0.959321860542912
14.6753957731869,0.959225596213562
14.6975683938217,0.958933659136699
14.7583865542566,0.958133742397677
14.7794874024937,0.957955393013722
14.8005882507307,0.957777460911406
14.8572711569224,0.957299149554545
14.8667499314304,0.957397538559635
14.8762287059384,0.957539479635519
14.8857074804464,0.957680994778416
14.9148799788601,0.958116284240793
14.940212169174,0.958493941530175
14.9546052538082,0.958708376269946
14.9689983384423,0.958679159511141
14.9833914230765,0.958537780576502
14.9977845077107,0.958396932612817
15.0353400270293,0.958029202761235
15.0915419676887,0.957869165079713
15.1249606903888,0.957944928346311
15.1583794130889,0.95802030862459
15.2554689040232,0.958273114949088
15.2742526574329,0.958159850893944
15.2930364108425,0.957992879524757
15.3118201642522,0.957826060031827
15.3466213771229,0.957516829405794
15.3814225899937,0.957447293498202
15.4162238028645,0.957549815582459
15.4410698939641,0.957623430410756
15.492005910945,0.957811850674514
15.5652841515146,0.958108674700364
15.6091620508592,0.958155116825151
15.6530399502038,0.958201242501098
15.7117618577727,0.958219033098943
15.7471474376268,0.958224921482985
15.7825330174808,0.957917880142961
15.8053181830478,0.957571420583754
15.8281033486148,0.957225168989105
15.8472832705361,0.956933510942891
15.8584909720303,0.956762988788509
15.8696986735244,0.956877032591102
15.8775248181261,0.957098329370154
15.8853509627277,0.957318189426187
15.9016150382342,0.957774843493026
15.9598413884595,0.959406023669466
15.9678021572881,0.959423907282712
15.9757629261166,0.959296356709417
15.9821008492846,0.959195830291623
15.9964667708034,0.958967763508758
16.0528621577599,0.95807131803918
16.0885033414077,0.957826335595895
16.1241445250555,0.957730551857056
16.1506202232311,0.95765916445917
16.2104348159095,0.95737401462604
16.2489077354579,0.957167244476445
16.2618457588109,0.957097702848292
16.2747837821638,0.95726589500016
16.2844225184385,0.957451673553328
16.2940612547131,0.957636888172674
16.3214181706686,0.958162191305268
16.3447591505903,0.958609911411508
16.3607297781757,0.958916001136722
16.3718201853073,0.958927316382411
16.382910592439,0.958805268688584
16.3940009995706,0.958684106474699
16.419760259859,0.958402521894031
16.5297885962067,0.957713812558061
16.5673957086036,0.957623486832377
16.5769354193616,0.957740565513761
16.5864751301195,0.95785912875064
16.6050834085528,0.958090243678715
16.6493448341594,0.958639443219063
16.693606259766,0.958728705237194
16.7155627444443,0.958633132621855
16.7375192291227,0.958538062155494
16.763815588553,0.958424180239466
16.7797858583563,0.958227036310009
16.7957561281596,0.958008153469942
16.8177697346616,0.95770642476227
16.845085978949,0.957331741240893
16.8618335784703,0.957101866996992
16.8785811779915,0.957146075258858
16.8953287775128,0.957317477366543
16.9086278177194,0.957453096921443
16.9461478923145,0.957835503303715
16.970387245943,0.958031318519611
16.9849086516096,0.957956366350083
16.9994300572761,0.957880802452466
17.0326962123547,0.957707660415819
17.0571404784506,0.957580405747793
17.0815847445465,0.957692906576856
17.1005098543026,0.957933187237839
17.1147288837751,0.958112904097289
17.1536989078091,0.95860509746781
17.1937788407094,0.958533887923789
17.2096947044747,0.9583760060474
17.22561056824,0.958218677120785
17.2662318440031,0.957816881145446
17.2804763140332,0.95780550981136
17.2947207840634,0.957827274063309
17.312099029643,0.957853603983838
17.3738463445472,0.957942470006964
17.4887415401952,0.95802855711157
17.5703560929687,0.958180593952354
17.5830557452381,0.958297860157032
17.5957553975075,0.958415905255456
17.6256363545827,0.958693506665967
17.6646941239401,0.959056090216828
17.6843590557744,0.959046809870617
17.7040239876087,0.958964095384986
17.7236889194431,0.958881642882997
17.7638769126978,0.958713093607508
17.7903550645756,0.958465558632875
17.8168332164533,0.958166291078477
17.8433113683311,0.957866968515802
17.8634625862407,0.957639040241354
17.8836138041504,0.957647178007309
17.9049629747252,0.957810107811547
17.9263121452999,0.957972412304781
17.9823283151474,0.958319770820122
18.0228121700686,0.958318988577187
18.0517912505278,0.958318219108606
18.1526367906186,0.958451610409842
18.2534823307094,0.958630117296488
18.2767513574374,0.958620995616922
18.2921851791864,0.958436603207244
18.3076190009354,0.958251452685433
18.3455413609429,0.957796209733733
18.3643607367864,0.957570129300364
18.3723545191179,0.957474063764729
18.377351783559,0.9575404280862
18.3823490480002,0.95763004712277
18.3888863770633,0.957746632757996
18.4069588829073,0.958068852770128
18.4351792209085,0.958571559968939
18.4633995589097,0.959073711238265
18.4714053399106,0.959216065131966
18.4794111209114,0.959084022820264
18.4874169019122,0.958809260640194
18.4937453217498,0.958593002747966
18.5080482962652,0.958103736205252
18.5636385813065,0.956197085103669
18.5707149968038,0.955953801941866
18.577791412301,0.955941064943604
18.5828999290255,0.956089592292555
18.5869808937115,0.956206428485305
18.5946172330416,0.956425222498805
18.6195731583069,0.957139577574848
18.6715610839532,0.958624107246992
18.6808971424906,0.958712183783515
18.690233201028,0.95873234301658
18.6995692595655,0.958753060886528
18.7252182656643,0.958809928909754
18.757539981117,0.958881570729411
18.7734433410834,0.958916817570995
18.7821002055175,0.958768101399231
18.7907570699516,0.958578622274839
18.7994139343857,0.95838946236323
18.8262218292911,0.957803148634476
18.95738169725,0.959181554790925
18.9645189963154,0.959395043673031
18.9716562953807,0.959606854412705
18.9803270469183,0.959663619266153
18.9889977984559,0.959585098616207
18.9976685499935,0.959507728622654
19.016703029404,0.959337748411754
19.0928263538831,0.958626213563403
19.1689496783623,0.957811205436653
19.1903418363283,0.95774106344413
19.2117339942943,0.957751561465044
19.2331261522604,0.957761786728341
19.2681476770254,0.957778520574135
19.3031692017905,0.958036346047037
19.3295414469435,0.958293083387729
19.3559136920965,0.958549502718197
19.4036141902343,0.958769084877326
19.4362433486794,0.958785222212195
19.4688725071244,0.958801656769658
19.5338891767469,0.958714302198165
19.5989058463694,0.958533424882287
19.6448967527153,0.958298602510815
19.7016748841052,0.957942548648047
19.7456367364547,0.957594222337686
19.7895985888043,0.95731428507043
19.8229607710822,0.957248433435091
19.8653586465428,0.957164812153746
19.9026791720839,0.957551724933137
19.9256250740164,0.957955333502821
19.9485709759489,0.95835807925103
19.9720015379703,0.958768955792111
19.9875589759374,0.958753467827548
19.9977116611983,0.958582919505917
20.0078643464593,0.95841346314288
20.0296256962329,0.958049980374408
20.061948033418,0.957509533267201
20.0795953644923,0.95721419108576
20.0863372842231,0.957200680921009
20.0930792039539,0.9571955797439
20.1044476632723,0.957186799539614
20.1387789060859,0.957160170309524
20.1699286370219,0.957136015997401
20.2010783679579,0.957372707148451
20.2322280988938,0.957735624331688
20.2566883804422,0.958020977906363
20.276763896189,0.958254715897456
20.2907863024235,0.958271516704043
20.304808708658,0.958221843645543
20.3188311148925,0.95817251506764
20.3624778361913,0.958018928325432
20.4060778179023,0.958197729472999
20.4336177181188,0.958467925187167
20.4611576183353,0.958737545149205
20.4756298593806,0.958879159650372
20.4901021004259,0.958786112463702
20.5045743414711,0.958500425711768
20.5148354578968,0.958298437659376
20.5405954793297,0.957790926670863
20.5615994913979,0.9573766865485
20.5826035034662,0.956984493658269
20.584605349098,0.957016471898451
20.5866071947297,0.957053207304381
20.5892605156801,0.957100989040539
20.5951714138388,0.957207572472121
20.6180065847454,0.957619090020366
20.6521905563804,0.958234425609149
20.6739518528735,0.958625712679687
20.6957131493667,0.958650792028421
20.7112527294203,0.95851051792622
20.7267923094739,0.958370961983369
20.7641313263191,0.958035447773547
20.8052540759946,0.957565108872099
20.8463768256701,0.957007642597307
20.8722010008606,0.956657308555712
20.8819321977636,0.956525226953461
20.8886090541834,0.956590861355709
20.8952859106031,0.956733784229462
20.9019627670229,0.956875802768295
20.9184105973391,0.95722554826365
20.9818530963519,0.95857212703413
20.9929736154831,0.958637917837378
21.0040941346142,0.95863241651035
21.0152146537454,0.958627397154361
21.0468532496863,0.958613087761241
21.080306526046,0.958597948329507
21.1009632373829,0.958444611667513
21.1216199487198,0.958247279937659
21.1422766600567,0.958050021564705
21.2239750262569,0.957391378293415
21.2842203546284,0.957004887245492
21.2949165947985,0.957110032381096
21.3056128349685,0.957252920208978
21.3163090751385,0.957395468778708
21.352130537469,0.957872553178176
21.3750028385408,0.958176919277428
21.3858528747994,0.958321231060555
21.3923831558869,0.95828311842679
21.3989134369744,0.958239694437858
21.409930280952,0.958166635078293
21.4437229707032,0.957942548028272
21.4789203330656,0.957709021283925
21.5029144687195,0.95769399965052
21.5269086043734,0.957741063151425
21.5509027400273,0.957787934297921
21.6400437692271,0.957772946078058
21.7291847984268,0.957789148349219
21.7772206086415,0.957895142154154
21.8252564188561,0.958127672345437
21.8732922290708,0.958392996706917
21.8854902734627,0.958460335341571
21.8976883178547,0.958279621123434
21.9098863622466,0.957992823263147
21.9220844066385,0.957706491368195
21.9533106462712,0.956972657380267
21.9899787097981,0.956156601314466
21.9911931622558,0.956181583201094
21.9924076147136,0.956213171067985
21.9939166093812,0.956250898409467
21.9968683981995,0.95632508534111
22.005945553609,0.956553060364324
22.0484349127444,0.957618663675328
22.0870205167907,0.958584210055516
22.0940133148529,0.958578785468658
22.1010061129151,0.958494947928049
22.1079989109773,0.958411949580528
22.1251780495656,0.958207893380928
22.1670251096848,0.957710419661061
22.1837038156144,0.957511994750863
22.200382521544,0.957654509353121
22.214368229083,0.957954050631844
22.2283539366221,0.958252458227028
22.2597014810968,0.958920616565188
22.2783408537544,0.95931745352473
22.2881184046151,0.95952548109873
22.2948423380258,0.959524898160588
22.3015662714366,0.95946256816397
22.3082902048473,0.959400933920332
22.3259907665936,0.959238552192545
22.3756491653617,0.958782670145086
22.4253075641298,0.957975483308959
22.4749659628979,0.957007395451192
22.4870631683653,0.95677130159767
22.4991603738328,0.95688879244815
22.5112575793003,0.957186155447933
22.5199916365611,0.957399932454408
22.5409842542908,0.957913388399632
22.5646775282072,0.958492222779831
22.5883708021237,0.959070320824242
22.5975936860485,0.959024108698491
22.6068165699733,0.958789788851067
22.6135358170742,0.958620080625958
22.6285550747723,0.958240397818169
22.6873923183841,0.956749902808
22.6993341507447,0.956840333882385
22.7070210041312,0.957066655486063
22.7147078575178,0.957291239252538
22.7297855019358,0.957731536385215
22.7814807718726,0.95923800384583
22.7929578521201,0.95957178570551
22.7955621048199,0.959572116780582
22.7981663575197,0.959567002698139
22.8017645546508,0.959560653006236
22.8107410298245,0.959544701436983
22.8480024667668,0.959478479931483
22.8807937109795,0.959420197087832
22.9135849551921,0.958572773755684
22.9255210907399,0.95808913483321
22.9374572262878,0.957606175119481
22.9629214906398,0.956574096374446
22.9920759297084,0.955389537030232
22.9956384341483,0.955475298658277
22.9992009385882,0.955659165634967
23.002763443028,0.955840784263252
23.0090899204371,0.956163458837473
23.0284317077165,0.957148584699965
23.0499217770123,0.958240619258036
23.0714118463082,0.95933004549272
23.0852719346947,0.960031298187344
23.0910266711418,0.960322144132188
23.0967814075889,0.960293363671246
23.1017543768035,0.960107583790558
23.1067273460181,0.95992407084135
23.1156664439614,0.959593713491354
23.144086139405,0.958541815130095
23.1654868946163,0.957748109330881
23.1868876498277,0.9569530168929
23.1928999543742,0.956729394105972
23.1940370322989,0.956743026966086
23.1951741102236,0.956771711237458
23.1963111881483,0.95679876183165
23.1985035911366,0.956851465936618
23.2047312566945,0.957000994327882
23.2328594269063,0.957675759628851
23.2812595169584,0.958834496588581
23.2905716015297,0.95905709777415
23.2998836861009,0.959034456392989
23.3115086406774,0.958815676722009
23.3231335952539,0.958597966298022
23.3478473258986,0.958134742596354
23.3838480922263,0.957459088894534
23.3934138724742,0.957279392805989
23.398567345045,0.957348625066394
23.4037208176157,0.957444644451611
23.4101635643052,0.957563951813039
23.4274548496393,0.957884079742005
23.4617295264897,0.958517991215288
23.4960042033401,0.959073034515842
23.4983633385329,0.959027579820565
23.5007224737258,0.958977839846496
23.503971886332,0.958910091770062
23.5118441390529,0.958745792554062
23.5438997783518,0.95807615835839
23.5901767305454,0.957107709692354
23.5993476538166,0.957156779851542
23.6085185770878,0.957390120327561
23.6152998429177,0.957561517033677
23.6305599047999,0.957947077294693
23.6899120902748,0.959443634833382
23.7059286313049,0.959294851293738
23.7160023164101,0.959032290327723
23.7260760015153,0.958770847686676
23.7471068752391,0.958224484202192
23.7680089098585,0.957680799081328
23.788910944478,0.9571364673059
23.7953427852759,0.956986940707244
23.7962865683996,0.957009136638411
23.7972303515234,0.957038325837077
23.7984470669227,0.957074192472307
23.800863424841,0.957145914911592
23.8080969686096,0.957360431594254
23.8417706404089,0.958357727291606
23.8824722779677,0.959560264156154
23.8903423465141,0.959792421549876
23.8944948844133,0.959914868840514
23.8969998415531,0.959861801857634
23.8995047986928,0.959764985803263
23.9020097558326,0.959669634600579
23.9066533958854,0.959492538034322
23.9219549051483,0.958908546199606
23.9668965765366,0.957188989682726
23.9804071177896,0.956670776520726
23.9939176590426,0.95615197180295
23.9975837917288,0.956176452732912
24.001249924415,0.956283670573416
24.0049160571012,0.956389178964489
24.0120264206741,0.956594012022863
24.0351344323631,0.957259096542952
24.0711760394572,0.958294480611927
24.0876033315634,0.958765616499314
24.0978036126144,0.959007282439915
24.1080038936654,0.959004460017623
24.115357974519,0.95900142923533
24.1321667847819,0.95899459882431
24.193956270643,0.958969529342292
24.205130562927,0.958769073099967
24.216304855211,0.95852113747505
24.227479147495,0.958273413041799
24.2630932606036,0.957482957449092
24.2941496105082,0.956792532365612
24.2998180921032,0.956856213834862
24.3054865736982,0.957022791549293
24.3111550552933,0.957187979715915
24.3235519445685,0.957549185281984
24.3665492056327,0.958799828927567
24.385105008613,0.959338493237673
24.3928350583826,0.959562705047971
24.4005651081522,0.959537766451186
24.4082951579218,0.959325931461057
24.4140499954867,0.959169455623461
24.4264506347848,0.958831930248171
24.4723741768586,0.957579748653592
24.4868176057557,0.957185213732778
24.4948590258518,0.956965406546314
24.5029004459478,0.956991242837397
24.5109418660439,0.957114312562438
24.5189832861399,0.957236421996861
24.53798909674,0.957524961681027
24.5805190929587,0.958170012611604
24.6230490891774,0.958537264798864
24.6576736472345,0.958691255846864
24.6922982052917,0.958845496507226
24.7071447832589,0.958694406101205
24.7219913612261,0.95840176080231
24.7336669081723,0.958172075559427
24.7651197862289,0.957552725982701
24.784565855017,0.957169377212812
24.7947131617552,0.956969211496754
24.8048604684934,0.957013988510795
24.8150077752317,0.957183846474583
24.8251550819699,0.957352737525647
24.8488248722825,0.957746489749802
24.9449288783047,0.959273527345452
24.9743473527453,0.959716991933365
24.9917651120182,0.959979312590268
25.009182871291,0.960554184340438
25.0207610886663,0.961089043855678
25.0323393060415,0.961622300663713
25.0584043730653,0.962820583609562
25.0781988818832,0.963728511257182
25.0979933907012,0.964634651983764
25.1023698762754,0.964670039570371
25.1067463618495,0.964647129099609
25.1111228474237,0.964625403105842
25.1214272470499,0.964573922406472
25.1627884951002,0.964367268035372
25.2017453225294,0.964095962504093
25.2032760166788,0.964025303823726
25.2048067108282,0.963949080290938
25.206782055034,0.963851947977888
25.2111251241782,0.963637966557984
25.2272818937655,0.962841141976721
25.2769842523222,0.960381215869997
25.3034553261055,0.959110987083338
25.3120747764069,0.958841761727342
25.3206942267083,0.958573845501594
25.3381036528505,0.958032140657285
25.4020506272563,0.956039410176543
25.4029426315456,0.956052090274187
25.4038346358348,0.956072773724782
25.4049511558122,0.956096684036831
25.4071024781839,0.956143318319273
25.413268147194,0.956276803467
25.4412367205733,0.956881830952965
25.5024004314707,0.958193817738645
25.508293376844,0.958198955424535
25.5141863222173,0.958201696385446
25.5246660929565,0.958206795922034
25.5571865600224,0.958222692929324
25.5822973709459,0.958234961392721
25.5973840538952,0.958242332792268
25.6124707368446,0.958522718527059
25.6275574197939,0.95892783586188
25.6426441027432,0.959332708845644
25.6739320956521,0.960170660929678
25.6962766798439,0.960768165681649
25.7186212640357,0.961632484156017
25.7409658482275,0.962613567200253
25.7633104324193,0.963592164469069
25.7825944294584,0.964435059303976
25.8018784264975,0.965276415167914
25.8065563712649,0.965319817355868
25.8112343160323,0.965304145631531
25.8159122607997,0.965289501313609
25.8270810704856,0.965254327194261
25.874710657516,0.965104342497907
25.9637573303327,0.965063377114734
26.0528040031494,0.965063566946076
26.1418506759661,0.964959608767919
26.2097973891501,0.964848984782663
26.2783342116481,0.96484985607331
26.3468710341461,0.964816621559398
26.5611900078088,0.96464934107736
26.6979460281304,0.964492434991238
26.7694026411392,0.964514976578171
26.840859254148,0.964440139064882
26.9123158671568,0.964283507733644
26.9386379052043,0.964352628134566
26.9649599432517,0.964422104937999
27.0130793071918,0.96451238904859
27.061198671132,0.964388963868579
27.0950345577026,0.964301732191598
27.1704913233511,0.964217395122524
27.2459480889996,0.96415735977661
27.3493075231445,0.964069768571595
27.5054856987546,0.962910149588679
27.5184357271143,0.962870140870677
27.5313857554739,0.962845687282966
27.5507003403985,0.96280905355996
27.6261241852621,0.962677425243765
27.730488786668,0.962551314606709
27.8348533880738,0.962443057846992
27.9173510228292,0.962488632273703
27.9998486575847,0.962446604860543
28.0823462923402,0.962359905530327
28.1648439270956,0.962339571804687
28.3067781160359,0.962380115790001
28.352230718644,0.962291711122508
28.3976833212521,0.962189716774246
28.4717701577951,0.962156032653212
28.545856994338,0.962150060324705
28.6484059964211,0.962124846670066
28.7937505909678,0.961984762463976
28.8645756807191,0.96199621886531
28.9354007704704,0.961985781251424
29.0062258602217,0.961815183442818
29.0520814522525,0.961817783765255
29.0979370442832,0.961843906773338
29.1609179119089,0.961861717461548
29.2765770374993,0.961806166604717
29.3922361630897,0.961683559097721
29.5078952886801,0.961684562973432
29.5840251318887,0.961616647970333
29.6601549750972,0.961564906866398
29.8580734997751,0.961477333600951
30.0559920244531,0.961415215924605
30.1737730702945,0.961315274132121
30.2915541161359,0.961317749813746
30.3630265744314,0.961220635267133
30.4344990327268,0.961113695449412
30.5059714910222,0.961218420029155
30.5774439493176,0.961177956344537
30.6325076272269,0.961121950188112
30.7049528263208,0.961041046563154
30.932400678204,0.960987360381093
31.09336415139,0.960896210902502
31.2199216407681,0.960860422870198
31.295855897534,0.960901901112823
31.3717901542999,0.96078528323353
31.4477244110658,0.960658646563445
31.5236586678317,0.960634924874439
31.5995929245976,0.960679881537766
31.6755271813635,0.960694125360177
31.792870903337,0.960649523531834
31.9028908119486,0.960510012747317
31.979381443853,0.960505508853748
32.0558720757573,0.960495362816773
32.1598868777208,0.960417470635159
32.2639016796842,0.960398480607354
32.3679164816476,0.960372475482401
32.471931283611,0.960277348465955
32.5759460855744,0.960290614941524
32.6799608875378,0.960214261986782
32.7684615530992,0.960155521840476
32.8569622186607,0.960153267265999
32.9963623407875,0.960122271119142
33.035608264452,0.960120703063821
33.0748541881165,0.960094844937007
33.0995469070264,0.960078572074475
33.1242396259363,0.959981929802037
33.1250322219422,0.959936084102969
33.1258248179481,0.959882029060941
33.1268284625637,0.959815617362182
33.128811675342,0.959683721180804
33.1345427612068,0.959302519260742
33.1609601524646,0.957541227848405
33.1956102408231,0.955220658110771
33.2105334415416,0.954217557832758
33.2254566422602,0.953303778153352
33.2267538032712,0.953294389664006
33.2280509642821,0.95329144197075
33.2296968915414,0.953286245874912
33.2329324194415,0.953276361030497
33.2429204544115,0.953245811931286
33.2883985883673,0.953106637841683
33.3073008633449,0.953048784298039
33.3262031383225,0.953082231848146
33.3306581517747,0.953256986384664
33.3351131652269,0.95343382027097
33.3423595046987,0.953720881806282
33.36543963462,0.954634001914699
33.4197875925871,0.956776963735571
33.4483537019594,0.958076375321629
33.4769198113317,0.959403672976056
33.5126171349623,0.961056821285921
33.5451536182909,0.961590387836368
33.5548304934707,0.96156745322368
33.5645073686506,0.96154595831905
33.5841461724277,0.961502244867228
33.6264436826409,0.961393665844301
33.6396748031312,0.961231852204546
33.6529059236215,0.961069045108518
33.682743864826,0.960701711442472
33.7060447797476,0.960414664034784
33.7205714440199,0.9602356139781
33.7350981082923,0.959748593670226
33.7496247725647,0.959119509805631
33.7611251374241,0.958621423581382
33.7919914359801,0.957281891905575
33.8265525759461,0.955780639103847
33.8477666802075,0.95498510776962
33.868980784469,0.954188732084315
33.9231072059166,0.952150534505654
33.9302057478055,0.952134860134392
33.9373042896944,0.952308320050483
33.9427347683348,0.952439551392587
33.9542583201462,0.952717967296165
33.9930153866679,0.953653278527364
34.0285754312981,0.954463030436121
34.0331869530648,0.954438811902607
34.0377984748315,0.954411512556358
34.0454892424458,0.954366245396803
34.0668719804981,0.954240547027589
34.0916819572852,0.954094621185261
34.1164919340722,0.953948654180522
34.1242880486764,0.953902776635059
34.1320841632805,0.954119652947985
34.1431935678607,0.954644282433378
34.1510975394605,0.955016212245652
34.1692951955253,0.955871363025882
34.1963458194303,0.957139615761589
34.2233964433354,0.95840433285076
34.234596826768,0.958602463359121
34.2457972102007,0.958637359693207
34.2544191670591,0.95866504074602
34.2754331341433,0.958732462324166
34.3102174617054,0.958844012103299
34.331713845141,0.958827529381131
34.3532102285765,0.95849796801223
34.369738348112,0.958245140158902
34.4060651265163,0.957687886197356
34.4204247677403,0.957467440433392
34.4288909329385,0.957305420626714
34.434168074431,0.957029472386385
34.4394452159235,0.956750434851663
34.4485874971727,0.956266863849066
34.4752234731415,0.954855184003868
34.5194154266336,0.952503246522334
34.5257423557238,0.952165515560947
34.5320692848141,0.952094972633116
34.5396198189898,0.952205741879044
34.5471703531656,0.952314749314537
34.5618593213456,0.952526735073958
34.6072700878985,0.953181688048972
34.6865166975324,0.954321680376311
34.7252444009553,0.954877701904713
34.7457487551822,0.954985928151138
34.766253109409,0.955050708391643
34.7867574636359,0.955115620714003
34.8318020771805,0.955272609960684
34.8475855711541,0.955448968369402
34.8633690651276,0.955625981755601
34.9019555479579,0.956058494360295
34.9194861139678,0.956254837419399
34.9287239003695,0.956358270886722
34.9346782081375,0.956276360053771
34.9406325159055,0.956148224805142
34.9465868236736,0.956020689053722
34.9634064348368,0.955660164546407
35.0316515031814,0.954192392660266
35.0681793433821,0.953362633893621
35.1047071835829,0.952531257610663
35.1197866144595,0.952187592126684
35.1278911862074,0.952002779944914
35.1359957579552,0.95209096361628
35.146223845221,0.952433155433751
35.1533998142703,0.952671996291037
35.1693462870201,0.953202277859339
35.2281336092616,0.955151992128735
35.2416986755875,0.955409908355344
35.2552637419134,0.955613522242727
35.2688288082394,0.955817336830855
35.3138726776815,0.956493480122403
35.3798217703283,0.957373704732739
35.4119173814807,0.957781354025071
35.428706272176,0.957994466222597
35.4402050380811,0.957983915997992
35.4517038039862,0.957906722079133
35.4632025698913,0.95782993874946
35.4978596408593,0.957598431580419
35.5309815937578,0.957377054167158
35.5367559606813,0.957143312716482
35.5425303276049,0.956860792445364
35.5483046945284,0.956578839001914
35.5638648045904,0.955818102597901
35.6252615807191,0.952803791482859
35.6322062846914,0.952461568811675
35.6361003808627,0.95245249885811
35.6399944770341,0.952500906407664
35.6438885732054,0.952548027023362
35.6523956447733,0.952651127201545
35.6806336228104,0.952993292961246
35.8214177323049,0.954273130400629
35.8470028769998,0.954679050416714
35.8725880216947,0.955270597496914
35.8911056498933,0.955697900215045
35.9181307915326,0.9563207570346
35.9318092842567,0.956635692118625
35.9407189553585,0.956688611660826
35.9496286264603,0.956687709790116
35.9585382975622,0.956687266955579
35.9852702076847,0.95668591951072
36.0152433076099,0.956684388847935
36.0311381630857,0.956683580138456
36.0419134187212,0.956528104643865
36.0526886743566,0.956312747815039
36.0634639299921,0.956097696809378
36.096435508368,0.955439021750831
36.1374282871111,0.954582807574604
36.1486885892536,0.954190223985994
36.1599488913961,0.953796024244037
36.1833836020399,0.952974461448551
36.2039599020052,0.952251927957446
36.2245362019705,0.951528215548531
36.2344293647395,0.951179836043555
36.2371447391898,0.951226590005958
36.2398601136401,0.951323678159181
36.2425754880905,0.951419129598627
36.2479605878475,0.951608681451811
36.2653757650156,0.952221206924081
36.302680761776,0.953530449808949
36.3241574427921,0.954282473472977
36.334197768806,0.954633614680483
36.3402970848024,0.95466080639777
36.3463964007989,0.954600971860463
36.3524957167953,0.954542187339187
36.3671206416718,0.95440112613401
36.4192874186723,0.953897486246864
36.4562405138476,0.953839394331302
36.4804820405863,0.953966142779345
36.504723567325,0.954092379674158
36.5715601983965,0.954538417728942
36.638396829468,0.955045294418014
36.6453386386507,0.95494713627425
36.6522804478335,0.954846559118982
36.6647620524838,0.954665742740057
36.7024804520746,0.954119101383936
36.7279483027618,0.953749610471132
36.7534161534489,0.953646676196723
36.778884004136,0.953722024157532
36.7977093793028,0.953777368711876
36.8331163673924,0.953881383203174
36.8556597704149,0.953798776738103
36.8782031734373,0.953673547877454
36.9007465764597,0.953548405692975
36.9954178092496,0.953559354596708
37.038306276975,0.953730350483195
37.0509478442933,0.953911235866442
37.0635894116116,0.954100968417241
37.0856022725255,0.954431050035963
37.1348892306683,0.9551692080822
37.1655913715559,0.955771160817414
37.1962935124435,0.956401610116654
37.2365133942277,0.957226101687631
37.2456997922229,0.957033707740859
37.2520117181073,0.956729586884786
37.2583236439917,0.956427266633824
37.2705338407066,0.955841732929169
37.3098081071837,0.953953061294332
37.3265548374296,0.953145325934112
37.3359107103415,0.952693436727681
37.3452665832534,0.952547015077513
37.3524821398886,0.95263010649591
37.3579322333522,0.952691380673032
37.3694602119752,0.952821033984332
37.4082549241328,0.95325725589711
37.4354516117623,0.953562800083313
37.4542481478252,0.95361361723738
37.4730446838881,0.953594862094968
37.491841219951,0.953576356946186
37.5252408243221,0.953543502005767
37.5405629348126,0.953528420920173
37.549824501564,0.953658143288236
37.5590860683153,0.953796680819721
37.5744934424817,0.954026869975794
37.6331485069379,0.954902100393881
37.6536597820668,0.954894473734862
37.6741710571957,0.954686366892883
37.6888206075268,0.954538150939267
37.729279575638,0.954128625954959
37.7842070392104,0.95345254562457
37.8391345027828,0.952738909145327
37.8521971659724,0.952755005471408
37.865259829162,0.952826528810061
37.8783224923517,0.952897738169222
37.9212759268688,0.953131779683441
37.9726261262196,0.953258847181911
38.0239763255704,0.953272593413338
38.0753265249211,0.953912280216834
38.0960594780852,0.954321035335738
38.1167924312492,0.954728865203679
38.1380513383703,0.955146621360322
38.1460270467684,0.955208400722596
38.1540027551666,0.954975806513123
38.1619784635647,0.954742173934113
38.1812629380169,0.954176797950022
38.245578435064,0.952308192026297
38.2475168474605,0.952320747291229
38.249455259857,0.952338505943494
38.2520563064981,0.952361370067697
38.2576454946434,0.952410586536573
38.2780975815371,0.952590703300465
38.3488667154045,0.953224229483241
38.3956356700246,0.953768761297585
38.4424046246447,0.95431272443676
38.4566685155468,0.954333478479637
38.4709324064489,0.954302807992903
38.485196297351,0.954272391510107
38.5349063928894,0.954166398078718
38.5986187563044,0.954173719453878
38.6623311197194,0.954134666899318
38.7260434831344,0.953870502689581
38.7897558465494,0.953732248532038
38.8534682099644,0.953607245682249
38.8795513326373,0.953393028261206
38.9056344553102,0.953178268565997
38.939591372043,0.952898467531053
38.9623868980479,0.952887736336736
38.9851824240528,0.95296476914088
39.0079779500577,0.95304153336977
39.0493671162681,0.953193423537387
39.0634046143126,0.953370083436761
39.0774421123571,0.95354753428188
39.1103255713371,0.953963019337615
39.1358626847764,0.954285380759174
39.1479173219673,0.954437474767346
39.1551772963009,0.954391310216893
39.1624372706345,0.954341289133316
39.1753818727282,0.954252150850497
39.214214561885,0.953984861232839
39.2399057653356,0.953807921134085
39.2655969687861,0.953901791451445
39.2912835057021,0.954147663401494
39.3169700426181,0.954393004980098
39.3420730711961,0.954632608850319
39.3671760997742,0.954604152223896
39.3922791283523,0.95447068006912
39.4173821569304,0.954337445598185
39.4986395919343,0.95319900010226
39.5222710672249,0.95273487101043
39.5459025425156,0.952270652949746
39.5551242132957,0.95235546781129
39.5643458840758,0.952667517334746
39.570931700672,0.952889015699283
39.5853279389666,0.953372836803709
39.6370102928513,0.955105660276932
39.6484104119816,0.955486991474133
39.6542228658798,0.955459648849451
39.660035319778,0.955338360620207
39.6658477736762,0.955218271079454
39.6792028353321,0.954942117779331
39.7256368054871,0.953980538253138
39.7472097811303,0.953533104124847
39.7608136257057,0.953419631197143
39.7744174702811,0.953374757094054
39.7880213148565,0.953329522481771
39.8307415202177,0.953187406566201
39.8464696436576,0.953135084942324
39.8621977670975,0.953359758870151
39.8779258905374,0.95370123484392
39.8936540139773,0.954041935373591
39.9366789219545,0.954972572700907
39.9483954772769,0.955225685308079
39.9601120325992,0.955053361756419
39.9718285879216,0.954680800097378
39.9802882889998,0.954412499243509
40.0003017366707,0.953777143115326
40.0221273253235,0.953083193655102
40.0439529139763,0.952388181388504
40.0668766611474,0.952494451485612
40.0743063004816,0.952711828438076
40.0817359398158,0.9529272159457
40.0961062444112,0.953343544669316
40.1406955864308,0.954633140036787
40.1527270283462,0.954980471731627
40.1551945149171,0.95496190793906
40.1576620014881,0.954925457302701
40.1606857002728,0.954881882188937
40.167666823635,0.954781042337606
40.1941290922316,0.954398557435293
40.2468957890029,0.953634920830415
40.2660914624659,0.95371505768733
40.2852871359288,0.953967916306478
40.2996333098526,0.954156341028659
40.3396930214366,0.954682013906643
40.3541841002206,0.954872030291244
40.3585536797118,0.954784482098171
40.362923259203,0.954656576812405
40.3672928386942,0.954529462851657
40.378579589911,0.954200828923969
40.4208670082637,0.95296734812626
40.4428113445372,0.952325928058481
40.4520465223073,0.952055714081088
40.4612817000774,0.952145277298026
40.4705168778476,0.952416317580355
40.4774932749289,0.952619886625336
40.4933170060142,0.953081281411087
40.551992677844,0.954788228487247
40.5641114080318,0.954973527625456
40.5762301382195,0.95510043039583
40.5883488684072,0.95522765105488
40.6270711682372,0.955633924808672
40.6460658138792,0.955833072642232
40.6571907049101,0.955914686653554
40.6640268809431,0.955781130933485
40.6708630569761,0.955645282795615
40.6834479573673,0.955395197074452
40.7225626055452,0.954617205405931
40.7464887605723,0.954140639192362
40.7704149155993,0.954117807045911
40.7851822241432,0.954293864689634
40.7999495326871,0.954468932179513
40.8338706217453,0.954870748776325
40.8486786615298,0.955046071661989
40.8567241877054,0.95514129499867
40.8598558235401,0.9550712766529
40.8629874593748,0.95498513126127
40.8669906829469,0.954875873037581
40.8771686101048,0.95459783102373
40.917332387671,0.953498892080836
40.9506215881186,0.952586025090701
40.95733934764,0.952420962409064
40.9583094981848,0.952446325245362
40.9592796487296,0.952479341493858
40.9605324509145,0.95252006818683
40.9629716182472,0.952599855563311
40.9700705193978,0.9528318883766
41.0017541393485,0.953866007398544
41.0266560067215,0.954677126829952
41.0515578740945,0.955486792788576
41.0582285774645,0.95563822620424
41.0648992808345,0.955484194170738
41.0696021829991,0.955373689590176
41.0786218365096,0.955161870732688
41.10795118011,0.954472538462518
41.1313513745575,0.953921790445299
41.154751569005,0.953370372388561
41.1647595423966,0.953431690522708
41.1747675157882,0.953645399834113
41.1827560891623,0.953815039901526
41.2019903810763,0.954223225906372
41.2307055219522,0.954831981214153
41.2594206628282,0.955396538250098
41.2638078682806,0.955356661869376
41.2681950737329,0.955313630616027
41.2754725369379,0.955242559666205
41.2960467964104,0.955041713597191
41.344937396554,0.954564030112803
41.3938279966976,0.953819592180141
41.4321487172474,0.953157912119995
41.4453198751844,0.952930298684371
41.4584910331214,0.952734557512301
41.4592516619676,0.952764888860358
41.4600122908138,0.952804128109525
41.4610141018876,0.952853525329883
41.4629916023783,0.952951653520245
41.4686281981456,0.953231087786233
41.4938590914434,0.954479784558965
41.520671328287,0.955802984105487
41.5474835651306,0.957122331451765
41.5549359392931,0.957488360186386
41.5588147877109,0.957678756298411
41.559946575116,0.957652844552982
41.5610783625211,0.957594613531313
41.5622101499261,0.957538780614789
41.5642059088983,0.957439551341087
41.5694395097239,0.957179436531818
41.591761810335,0.956068307196708
41.6146668090795,0.954925328684715
41.6375718078239,0.953779458039253
41.6499619972911,0.953158397898704
41.6560288251108,0.95285398486186
41.6587448591513,0.952717636761693
41.6598364260362,0.952725689272294
41.660927992921,0.952768304031996
41.6620195598059,0.952809021926505
41.6640748151107,0.952886298935423
41.6696339019549,0.953095095694858
41.6935885470391,0.953993703406517
41.720843251618,0.95501394842987
41.7480979561968,0.956031896913878
41.7591435679368,0.956433986802189
41.7600168790878,0.956413455570747
41.7608901902388,0.95638266236863
41.7617635013898,0.956353967908453
41.7634819467183,0.956296729155594
41.7682471016513,0.956138179980348
41.7888295179273,0.955452690916047
41.8154738093172,0.954563760628147
41.8421181007071,0.95367308111866
41.8527479731086,0.953317248513872
41.8586133817637,0.953120784971192
41.8644787904187,0.953190619114054
41.8689103383091,0.953314354716131
41.8733418861995,0.953436739528035
41.8831602310209,0.953707933228325
41.9158698190729,0.954610343341319
42.079417759333,0.955618647823693
42.0846767490967,0.955431715961084
42.0899357388604,0.955242301451314
42.0997356230031,0.954889329496664
42.1289841996171,0.953834364153255
42.1612396976342,0.952668049252111
42.1642618016343,0.952697982880785
42.1672839056344,0.952786970772091
42.1703060096346,0.952874390068633
42.1764198629438,0.953051475699119
42.1964771230994,0.953632004522214
42.2255252176856,0.954471412147543
42.2545733122718,0.955309270509815
42.2637729667284,0.955505867749906
42.2729726211849,0.955403481770334
42.2796300750972,0.955328178267714
42.2943593843868,0.955161587522334
42.3449184064005,0.954589407451278
42.3868808122341,0.954366346848014
42.4288432180677,0.954337169216705
42.4587697427908,0.954316144297687
42.4798884988506,0.954125350580435
42.5010072549105,0.953888671678776
42.5221260109703,0.953652013980904
42.5565215219891,0.953266325885967
42.5742142930379,0.953323017292064
42.5919070640867,0.953573154828957
42.6047833118124,0.953754560941887
42.6392459597847,0.954239667098702
42.6600278866143,0.954531966971597
42.6733734546305,0.954547247730838
42.6867190226467,0.954485716434588
42.7000645906629,0.954424587028527
42.7403963050287,0.954239821713644
42.7617501583698,0.954141951966314
42.7749778072007,0.954228623560538
42.7882054560316,0.954347572494071
42.8050464724845,0.954498736398861
42.864895284607,0.955035505879412
42.8804820707781,0.955035299025493
42.8960688569492,0.955033174303042
42.929913762616,0.955028499341619
42.9608742048014,0.955024266605028
42.9790348328074,0.954852136501382
42.9971954608134,0.954627919160603
43.0153560888194,0.954403791195379
43.0448846595579,0.954039144423262
43.0609014194511,0.953841225025077
43.0769181793442,0.953910046892629
43.089232827411,0.954036795196571
43.1015474754778,0.95416307378353
43.1380965514893,0.954537630982623
43.1583217974634,0.954744782510191
43.1785470434375,0.954677473901252
43.1980926850603,0.954444899587355
43.2176383266832,0.954212797974767
43.2685775911783,0.953695618221246
43.2729548713687,0.953791186153685
43.277332151559,0.953890280758088
43.2843284463753,0.954048122741454
43.3048409856635,0.954510617502497
43.3339944908436,0.955167159637772
43.3631479960236,0.955822745949546
43.37160749492,0.955824299145819
43.3800669938165,0.955722420505185
43.3885264927129,0.955621399968609
43.4093204180615,0.955372959207391
43.4907033836424,0.954347178968319
43.5398620861887,0.953653769744819
43.5595043693608,0.953376380186386
43.5791466525329,0.953469020706934
43.5946697189906,0.953728683111597
43.6101927854483,0.953987350532145
43.6466806581066,0.954594712386354
43.6625974718916,0.954859424714769
43.6785142856767,0.954822182598962
43.6909813838778,0.954698444176499
43.7034484820788,0.954575221996219
43.7377848371182,0.954235697278095
43.7584014167882,0.954031694813773
43.7675803160378,0.953940842157759
43.7732072847516,0.954026238958533
43.7788342534653,0.954126781435228
43.7870985604674,0.95427391664441
43.8120676526309,0.954718185856037
43.8508280668125,0.955407006895077
43.8637071344294,0.955635650831067
43.8765862020463,0.955530480009302
43.8894652696632,0.955249726870593
43.8991813538678,0.955038546158932
43.9235300702026,0.954508899386196
43.965683937534,0.953590425704519
43.974133827414,0.953636754781122
43.9825837172939,0.953843298207455
43.9910336071739,0.954048421049873
44.0091419053374,0.954487704793661
44.0497202473712,0.955470641506439
44.06810054723,0.955915163981081
44.0727534403154,0.955867357904564
44.0774063334007,0.955773668200756
44.0820592264861,0.955680827348824
44.0940019112669,0.955442311188031
44.1389239238516,0.954543948592122
44.1563751105851,0.954194478218797
44.1661913658714,0.953997781738941
44.1760076211577,0.954075500247352
44.185823876444,0.954271052916834
44.1956401317303,0.954465642829103
44.2193266021753,0.95493483721651
44.2580946962423,0.955701785094926
44.2968627903092,0.956061608791128
44.3244717310642,0.956202465699469
44.3520806718193,0.95634356286676
44.3638642663706,0.956403782882716
44.3710096584135,0.956396972116306
44.3757961257775,0.956208506448822
44.3805825931416,0.956017016419749
44.3888066406829,0.95568809783803
44.4126202500309,0.954734460765507
44.4405138779492,0.953614845425729
44.4684075058675,0.952492447512082
44.4728418779586,0.952528239370977
44.4772762500497,0.952702070480173
44.4817106221408,0.952873661414567
44.4900617458769,0.953196850786619
44.5148998657419,0.954156873973268
44.5460880047663,0.955359423571379
44.558805392888,0.9558488665569
44.5715227810097,0.956297211773743
44.5721490870269,0.956279843337477
44.572775393044,0.956252308022686
44.5736052277758,0.956218316928871
44.5752897769435,0.956148546429156
44.5801299532752,0.955948213934714
44.601209796627,0.955074674180666
44.6240769738427,0.954125149603354
44.6469441510584,0.953173625827012
44.6719722784577,0.952218684520787
44.6725954349667,0.952240332532982
44.6732185914756,0.952274008918567
44.6740225615371,0.952314565404454
44.6755997345972,0.952394923313085
44.6799625846461,0.952616932723348
44.6975911385606,0.953512886218842
44.7279359075042,0.955050989361566
44.7582806764477,0.95658388278767
44.7670712229746,0.957026979563493
44.7758617695014,0.95720431114143
44.7826342926299,0.957163352563137
44.7879493391417,0.957132697728933
44.7993245364402,0.957066917637663
44.839433277635,0.956834816611894
44.8682315508808,0.956668101248926
44.8856669219058,0.956417234269888
44.9031022929309,0.956136354558401
44.9257837096128,0.955770866142613
44.9693520155264,0.955067989274421
44.9821289403275,0.954998189429285
44.9949058651287,0.954950385286681
45.0129908185547,0.954882517711853
45.060609959702,0.954703753798863
45.0913351621262,0.954381953100629
45.1220603645503,0.953935602327545
45.1527855669745,0.953489097564992
45.1648404247333,0.953313810649392
45.1711676997019,0.953221773007776
45.1752544736605,0.953315236296354
45.1793412476191,0.953456214516059
45.1834280215778,0.953596137784548
45.1932264817245,0.953931597242493
45.2280684099033,0.955122508415862
45.2725435754453,0.956613042884829
45.2739832737456,0.956600547901062
45.2754229720459,0.95658152251435
45.2772429888024,0.956558894653249
45.2809310885182,0.956512704144361
45.2930686160225,0.956360706076177
45.351507292348,0.955628195160559
45.4171107721104,0.955109959517553
45.4522308122305,0.954912856913121
45.4711914623251,0.954806328896272
45.4828646189145,0.954887474256085
45.4945377755038,0.954997794674711
45.5098051821796,0.955141784347008
45.5630122195429,0.955643218520905
45.5751354457278,0.955692418468182
45.5834144557479,0.955512390020107
45.591693465768,0.955330829000731
45.6089167358355,0.954952925347547
45.6686314042925,0.953640389744861
45.6844206976818,0.953685606324102
45.700209991071,0.953941519329642
45.711342389723,0.954121204372047
45.7396398901004,0.954577582208037
45.8168104685305,0.955552685281046
45.8499005170562,0.955877350499588
45.8703303601774,0.956077808120644
45.8838916672076,0.956053413485329
45.8974529742378,0.955967514182576
45.911014281268,0.955881929131785
45.9551967354828,0.955602992123093
46.01170317321,0.955426120544018
46.0682096109372,0.95534006555562
46.1247160486644,0.955238687907967
46.1687508387662,0.955158145567675
46.1949819029616,0.954933382531567
46.221212967157,0.954639176450617
46.2474440313525,0.95434495665078
46.2652975691559,0.95414460514337
46.2746537358645,0.954039570908292
46.2807138091398,0.954124260496678
46.286773882415,0.954258410153771
46.2928339556902,0.954391859683926
46.3098556028087,0.954766548682573
46.3771818814599,0.956176201135481
46.377991558668,0.956153141263257
46.3788012358761,0.956121650719532
46.3798596306641,0.956082644873209
46.3819668465436,0.956004355441603
46.3881148975255,0.955776011363571
46.4162677792905,0.95472891202211
46.4557558754146,0.953256108198291
46.4679012445612,0.952802148741026
46.4739628797839,0.952575410535
46.4777783777693,0.952497546595141
46.4804212294715,0.952635824566351
46.4830640811736,0.952778520751153
46.4867681157963,0.952977645522152
46.4965801553874,0.953504836359689
46.5360229962266,0.955617938501251
46.5729998392414,0.957590012358502
46.5839326468824,0.957683692926219
46.5909252611878,0.957552080374718
46.5979178754933,0.957422487546454
46.6112052408713,0.957175999784538
46.6550442522773,0.956361695716872
46.714617025763,0.955732336479972
46.7518790419232,0.955515341575643
46.7891410580835,0.955261538523045
46.8264030742438,0.954931172183959
46.8665507098604,0.954574986833308
46.9066983454771,0.954584065540336
46.9367139859782,0.954701748873159
46.9667296264793,0.954819157299918
47.0211200553572,0.954845380276963
47.0755104842351,0.954822173503224
47.0929759529886,0.954686081615113
47.1104414217422,0.954527289334012
47.1351709950291,0.954302490827227
47.1641643747194,0.954038799714956
47.1791954398062,0.95394926865714
47.1837083331478,0.954087393583941
47.1882212264894,0.95422916224239
47.1953788079504,0.954453418486552
47.2162608704567,0.955107081413761
47.2424874938273,0.955926735429575
47.2687141171979,0.95674490629059
47.2956297543157,0.956763053557877
47.3046493858082,0.956593981908115
47.3136690173007,0.956426326055582
47.332261152406,0.956080499073282
47.3659695572209,0.955452755307617
47.3996779620359,0.955093957579021
47.4292947409949,0.954930768155352
47.458911519954,0.954767166495529
47.5050900149128,0.954781408959888
47.5361831364808,0.954945669664987
47.5672762580489,0.955109520306874
47.6216150488794,0.955570057323164
47.6759538397099,0.956084107483529
47.6940661053405,0.955841477387967
47.7121783709711,0.955432502949428
47.7258523070048,0.955123993841335
47.7638790540109,0.95426496615193
47.7809230059928,0.953879399120485
47.7864401202343,0.953877763832832
47.7919572344759,0.953880741677445
47.8014993441624,0.953885518441594
47.830700909857,0.953900139142212
47.9706005998398,0.956405746400294
47.9808305798283,0.956689230357635
47.9862894531772,0.956639563001894
47.9917483265261,0.956526872738037
47.9972071998751,0.956415115267548
48.0109764938592,0.956132978605832
48.0623111521995,0.955079497795099
48.1132319584386,0.954833952705342
48.1301053161728,0.954922515549259
48.1469786739069,0.955010324610794
48.1885803508508,0.95529730854721
48.2079789650134,0.955644874141041
48.2273775791761,0.955992889182706
48.2749838701298,0.956845874578435
48.2825983164683,0.956982149904408
48.2872774027903,0.956922585122675
48.2919564891122,0.956844673798222
48.2983149796385,0.956739444369115
48.316353257285,0.956440717143346
48.395784539872,0.955200624210472
48.4333216379879,0.954825351280778
48.4708587361037,0.954450076270264
48.5087149620727,0.954493377097188
48.5342352918434,0.954676471406971
48.559755621614,0.954859074792682
48.633221255572,0.9556142633722
48.6618463267221,0.955955533927858
48.6776978882775,0.956144343774277
48.6846890936967,0.956227589160341
48.6889982825655,0.956137243830282
48.6933074714344,0.956030764440863
48.6991021653944,0.955888238934929
48.7154770722996,0.955485161103571
48.7852338894901,0.953777485736045
48.786086921629,0.953798734053938
48.7869399537678,0.953828738961616
48.7880278873199,0.953864814563992
48.7901311574387,0.953935164825762
48.7961096487899,0.95413492895975
48.8228469905264,0.955027240622401
48.8607877726962,0.956290447314421
48.8745438376009,0.956747575944895
48.8834132073697,0.957042070949662
48.8922825771385,0.956992432497658
48.9011519469073,0.956789910032988
48.9082200721365,0.956629485281387
48.9247140993226,0.956254829713318
48.9633333520726,0.955376339203139
48.9779258601164,0.955043955250591
48.9860032014098,0.954859986117512
48.987923941296,0.954887034332712
48.9898446811822,0.954919603033176
48.9923661100161,0.954961312036714
48.9977898224812,0.955051169779346
49.0180501922254,0.955386698755155
49.0548016065166,0.955994683060579
49.0790833082559,0.956395934758139
49.1033650099953,0.956431902907508
49.1215959173658,0.956346488796147
49.1398268247364,0.956261500616219
49.1708081124813,0.956117056358461
49.1863474606468,0.9560445813993
49.1914990817828,0.95589145371903
49.1966507029188,0.95571510868402
49.2037425781423,0.955472861184121
49.2239607488988,0.954781479191762
49.2465397329001,0.954008092710977
49.2691187169015,0.953233382953349
49.2790559523972,0.952892002469131
49.2850605245204,0.952685597836871
49.2910650966435,0.952790460805617
49.2970696687667,0.953060558710631
49.3030742408899,0.953328498296257
49.3147752136828,0.953850279966591
49.3503804122069,0.955434501866561
49.3721927406547,0.956402280015951
49.3829519569446,0.956878891787984
49.3937111732346,0.957090955602096
49.4012814566176,0.957065700989618
49.4071980806273,0.957047277774581
49.4202300122538,0.957006567901392
49.4682229443598,0.956856528332978
49.5436483088683,0.956351767625491
49.5958893817098,0.955921523582756
49.6481304545512,0.955414970286507
49.6727011071902,0.955176492083447
49.6855790395374,0.955051447479014
49.6984569718846,0.955193187241443
49.7086635081151,0.9553863607393
49.7188700443456,0.955578858715139
49.7468909154047,0.956106928622522
49.7682413930953,0.956508896452692
49.789591870786,0.956886306753391
49.79162818522,0.956844497003907
49.793664499654,0.956797442892454
49.7963753138596,0.956735777121814
49.8024341773607,0.956597765706674
49.8256924802343,0.956067574323726
49.8616052781828,0.955247705716347
49.8800655009308,0.954825689508257
49.8922171204546,0.954639280449145
49.9043687399784,0.954717051672202
49.9165203595022,0.954795184944282
49.9516150758821,0.955020773952949
49.9816781721285,0.955213915508572
50.0117412683749,0.955676779975453
50.0338970057806,0.956083170536194
50.0560527431862,0.956488990776256
50.0776607912496,0.95688442092483
50.0880996911672,0.957075334286244
50.0948278290435,0.957027845186482
50.1015559669198,0.956906090548763
50.1082841047961,0.956785138868455
50.1255898139999,0.956473807328037
50.1941788486675,0.955306711797328
50.202452635327,0.955293319679539
50.2107264219865,0.955281405878971
50.2278875007757,0.955256649700596
50.2870714082764,0.955171120701254
50.3072112068544,0.955272888746892
50.3273510054324,0.955398014187842
50.3556339868697,0.955573556550779
50.3794303934035,0.955721193411287
50.3953580637661,0.955729735790415
50.4112857341286,0.955491350962557
50.4272134044911,0.955252656208266
50.4818124546878,0.954433454871637
50.4894948315793,0.95431807250182
50.4945905139872,0.954415919439307
50.4996861963951,0.954596963880516
50.5047818788029,0.954776714435544
50.5166316566071,0.955194580461983
50.557444320884,0.956630930932927
50.5761123712343,0.957286411756301
50.5872308134109,0.95767636002144
50.5983492555875,0.957756626823628
50.6094676977641,0.957668758202262
50.6180358677942,0.957601886362959
50.6389500744334,0.957438570597854
50.72959202936,0.956729649422299
50.7772219955067,0.956356476104154
50.8248519616535,0.955458163683288
50.859999091601,0.954616996278045
50.8857379910464,0.954000240629356
50.8913314836435,0.953866111250847
50.8949079943781,0.953933354779193
50.8984845051126,0.954045046583264
50.9020610158472,0.95415556829723
50.9101800953713,0.954406568508181
50.9386798039873,0.955286591175719
51.081178347067,0.955914081983673
51.0979133560994,0.955791428238401
51.1146483651317,0.955843936234111
51.1778850370438,0.956042318814055
51.2344727269446,0.955884982372234
51.2910604168453,0.955603966961054
51.3120447796813,0.955387799576168
51.3330291425173,0.95515941040087
51.3688858477749,0.954768792975897
51.3841353633862,0.954602604893725
51.3922192649546,0.954514476106388
51.4003031665229,0.954690947666427
51.4061555218681,0.954878394500253
51.4120078772132,0.95506492752199
51.4272767436721,0.955551321259469
51.4850371197351,0.957386666217727
51.4935390693064,0.957656190307202
51.4967109691255,0.957640814974038
51.4998828689446,0.957598598800887
51.5030547687636,0.957557281334104
51.5107547466801,0.957456751248275
51.540470165958,0.957068570926073
51.6890472623472,0.954242566515727
51.6966128911136,0.954145987749955
51.70417851988,0.954335320256911
51.7100930056003,0.954484570743372
51.7231024866279,0.95481259624748
51.7677198672305,0.955935673687608
51.784733444434,0.956363200975895
51.7939492910079,0.956594613597002
51.8031651375818,0.956561606317924
51.8098442620494,0.956477877879629
51.816523386517,0.956394859176719
51.8345163084886,0.956171068352083
51.872034162691,0.955704040220959
51.8902887977359,0.955476632645139
51.9085434327808,0.955518674776122
51.9267980678257,0.955687908561397
51.9450527028706,0.955856584520537
51.9960806031066,0.956327727690174
52.0036854808992,0.956278734891178
52.0112903586918,0.95621069775614
52.0224576740325,0.956111118477797
52.0593490196199,0.955781993758675
52.0865393233283,0.955539254120725
52.1137296270366,0.955594257857218
52.1369122873706,0.955803652945089
52.1600949477045,0.956012457567338
52.1868562642435,0.95625334947453
52.2136175807825,0.95619162560671
52.2385707173055,0.955957625024778
52.2635238538286,0.955723998411465
52.3322550829754,0.955170329070257
52.3794554040731,0.95485285859022
52.4266557251708,0.955105023068232
52.4452798832861,0.955352194243161
52.4639040414014,0.955598652769544
52.4895446104626,0.955937714813141
52.5151851795238,0.956005101394035
52.5423125658403,0.955904354456999
52.5694399521568,0.955804034559131
52.6466195812786,0.955909841621323
52.6926772655913,0.956119099612087
52.715040751258,0.95598791009425
52.7374042369247,0.955762058133487
52.7597677225915,0.955536391097083
52.7972407504194,0.955158023075935
52.8177627039925,0.955124315372952
52.8382846575656,0.955118986688263
52.8651937606035,0.955111868754597
52.8887831422083,0.955105620977638
52.903099956976,0.955148182522154
52.9126932352217,0.955361376728863
52.9222865134675,0.955575750644049
52.942854657925,0.956035009350672
52.9701780989076,0.956644335765511
52.9975015398901,0.957252854064372
53.0084703634749,0.957191979977791
53.0194391870597,0.956979442166558
53.0281655415951,0.956811093820972
53.0498185852474,0.956393059211691
53.0845655640086,0.955721393594727
53.1045435238846,0.955385201932272
53.116474717594,0.955393809421974
53.1284059113033,0.955403670323246
53.153686916116,0.955424580476338
53.1959161540833,0.955459437934465
53.217471065511,0.955693694671187
53.2390259769387,0.956015629634769
53.2605808883664,0.956337047972198
53.2856082288124,0.956709947563893
53.2993373069034,0.956914381809523
53.3130663849945,0.956850181671844
53.3239447951578,0.956717662542037
53.3348232053212,0.956585668932141
53.3651430662447,0.956217566004469
53.50285700213,0.954839451418834
53.5128301255598,0.954884759741598
53.5228032489896,0.954933599505343
53.5419960152631,0.955027567281638
53.6064328554889,0.955345735921051
53.6698761142061,0.955735113537376
53.7035844104789,0.955941897846564
53.7148886505768,0.956129368892522
53.7261928906748,0.956322552776647
53.7475350138886,0.956687038832986
53.7736475346,0.957132538839832
53.7997600553114,0.957577611024787
53.8114240455315,0.957488024405836
53.8193997661137,0.957256689359398
53.8273754866959,0.957026782091527
53.8438079639556,0.95655265093219
53.9021116563715,0.954866278503397
53.9125907505918,0.95473083113575
53.9230698448121,0.954663764675253
53.9335489390324,0.954596205855452
53.9643601522237,0.954397506281868
53.9894664799004,0.954235549943645
54.0000798631424,0.954167065117083
54.0059768455376,0.954129009326536
54.007268567917,0.954180791970148
54.0085602902963,0.954241555921607
54.0101316497644,0.954313780464349
54.0131332361613,0.954452117475904
54.0221713728471,0.954868340163207
54.063418138185,0.956762961128006
54.096418184456,0.958273113718286
54.1033473831452,0.958589573294499
54.1074668750524,0.958743505683576
54.1085058378547,0.95871487962906
54.109544800657,0.958678546276677
54.1108507899254,0.958634748554049
54.113433589595,0.958547581273319
54.1212556265084,0.958283622508439
54.1579669492348,0.95704272879048
54.1971423377632,0.955714795712516
54.2047848978447,0.955455281419263
54.2124274579262,0.955471316864546
54.2200700180078,0.955610192299282
54.2277125780893,0.95574782444812
54.2448625612576,0.956056583855852
54.3070620963125,0.957174738409362
54.3116495634413,0.957088116397937
54.31623703057,0.956949789445387
54.3208244976988,0.956812395759239
54.3321457248139,0.956472992376191
54.3744456027679,0.955202566506849
54.4049418191667,0.954284438666805
54.4145612772772,0.954443504821294
54.4241807353878,0.954826302491082
54.4309388514122,0.955093833564768
54.4458173128797,0.955682328890629
54.5010853978818,0.95786183574821
54.5072879237296,0.958105781486986
54.5134904495774,0.958050474304346
54.5196929754252,0.957867743942347
54.525895501273,0.957686514785737
54.5389573286849,0.957304479292029
54.5843203389995,0.955975112253528
54.5980481100392,0.955572053684087
54.6063398203027,0.955328427666884
54.6146315305661,0.955394554672938
54.6229232408296,0.955618880077586
54.6295206161419,0.955796165056557
54.644597896794,0.956201142807591
54.7021365015342,0.957743425383492
54.7098323564135,0.957904338280179
54.71182955963,0.957849265218197
54.7138267628464,0.957789085836842
54.7165078657189,0.957709273916274
54.7225814550796,0.957528246142472
54.7462329259813,0.956822609651318
54.7803140127224,0.955803884792598
54.7989566921909,0.955245661418331
54.8087926109954,0.954950864041859
54.8122446933849,0.954967497313448
54.8156967757744,0.954997208607617
54.8202395832082,0.955035503070906
54.8324078374187,0.955138179894706
54.8817000009174,0.955553934220771
54.9042222131913,0.955743766936909
54.9267444254652,0.956207229419562
54.9438345744719,0.956632563529521
54.9609247234785,0.957057184748032
54.986637507207,0.957695289429334
55.0034334150852,0.958111630411381
55.0202293229634,0.958003111444006
55.0302603274858,0.957728778640459
55.0402913320082,0.957455826300969
55.0605024454428,0.956905319073233
55.0826032894232,0.956302536760921
55.1047041334036,0.955698959799698
55.1119369279224,0.955596611285707
55.1191697224412,0.955771794120417
55.12640251696,0.955947665580805
55.1443446935777,0.956383596342081
55.2049338068707,0.957852551239518
55.2186289153911,0.95775282400668
55.2276525102583,0.95751179998012
55.2366761051255,0.957272119300574
55.255457576843,0.956772787821551
55.2876814402653,0.955914737399144
55.3049760254466,0.955453554535735
55.3222706106278,0.955266807684844
55.3452270762057,0.955220997361275
55.3615542844891,0.955187979228499
55.4084649966733,0.955093056074283
55.4203421309701,0.955241323281589
55.432219265267,0.95543946048175
55.4440963995639,0.955637189991097
55.4835411974134,0.956293245825414
55.502451287687,0.956607434694112
55.5139021194868,0.956740086706301
55.5216870492745,0.956628198238208
55.5294719790621,0.956514684631643
55.5453471010132,0.95628320094145
55.6003746468558,0.955480015478597
55.6095017192525,0.955346655620255
55.6186287916492,0.955490870395024
55.6277558640458,0.955747831564642
55.6368829364425,0.956003720178722
55.658777446479,0.956617003670692
55.6812720205862,0.957246262065038
55.7037665946934,0.957874645559959
55.7269620413722,0.957669121357374
55.7350885452751,0.957426896213854
55.7432150491779,0.957186152272489
55.7596821854811,0.956697845058763
55.7884701785264,0.955842860907794
55.8033590475502,0.955400042680944
55.8105683264868,0.955185471515419
55.8177776054233,0.955239021325742
55.8265329234925,0.955484722246004
55.8332414783446,0.955671757385959
55.8484432533804,0.956095374215435
55.9062803981334,0.957703579826467
55.9222911940715,0.957663859794724
55.9317625766534,0.95742430026082
55.9412339592353,0.957186297344471
55.9598870938577,0.956717149086148
55.9838097166001,0.956114708137834
56.0077323393425,0.955511473791953
56.0146100300969,0.955420990852529
56.0214877208512,0.955619325627722
56.0283654116055,0.955819073755221
56.0428745816063,0.956240076581668
56.0896811259897,0.957595470468959
56.1025759845888,0.957968166374891
56.1154708431879,0.958249545688378
56.1175243786122,0.958182995402409
56.1195779140364,0.95811095740053
56.122267134285,0.958017624788445
56.1282729629208,0.957808933664998
56.1514902998715,0.957001277765805
56.1897211781061,0.955668222275444
56.2072946358344,0.955054142774999
56.2248680935626,0.954708004061246
56.2414163627283,0.954543749535129
56.257964631894,0.954378746038629
56.2997519231817,0.953961764679118
56.3079516450222,0.953879907682771
56.3126764018523,0.953832730708476
56.3174011586823,0.954064166371356
56.3221259155123,0.954420487587466
56.3268506723424,0.954774511090075
56.3360393118702,0.955462436066948
56.3644307422571,0.957581552319358
56.3830017430957,0.958962346791241
56.4015727439344,0.960338978791082
56.4085149472749,0.960852528795756
56.4154571506155,0.961301977532428
56.4158987753496,0.961283792950474
56.4163404000837,0.961249849766245
56.4169624280957,0.961205248673722
56.4183852701555,0.961102398086731
56.4226865240687,0.960791541999886
56.4343457681231,0.959947826860664
56.4768953002434,0.956855462862584
56.5099038434658,0.954441937155651
56.5146771285174,0.954091855941465
56.5161021576526,0.954085233148591
56.5175271867877,0.954125113745068
56.5189522159229,0.954162578673784
56.5214711521568,0.954229498526121
56.5281873479743,0.954407748010938
56.556762116168,0.955165326884228
56.5921258718945,0.956101155110091
56.6110223669139,0.956600420569345
56.6299188619333,0.956835508327554
56.6431542652231,0.956948667754968
56.6563896685129,0.957062093814222
56.7013318552979,0.957447029973487
56.7406166045913,0.956925360260288
56.7543861173406,0.956578463254162
56.7681556300899,0.956232182592274
56.8006881824191,0.955413002669667
56.8427053439994,0.955034013705604
56.8587945021099,0.955041013456677
56.8748836602203,0.955047323072555
56.9155784508878,0.95506324408774
56.9222439878608,0.955234206903972
56.9289095248339,0.95542009241078
56.9385256743038,0.95568771175977
56.9687336164686,0.956527395438902
56.9941840681986,0.957233644562437
57.0117560100756,0.957720624402979
57.0293279519525,0.957728141182903
57.0421091886169,0.957579299091897
57.052086025742,0.957463787062447
57.0777014678621,0.957167050715513
57.1964588485948,0.955804509071908
57.2496063921457,0.955819484662924
57.2689970319204,0.955981867123701
57.2883876716951,0.956143597298939
57.3396156749588,0.956533388728687
57.3908436782226,0.956871285917282
57.4121319273279,0.957011657213364
57.4334201764332,0.956771492241856
57.4547084255385,0.956344106447199
57.4701789011696,0.956033720857712
57.5143893540845,0.955145574815217
57.5308766068665,0.95514713376992
57.5473638596486,0.955283511552942
57.5638511124307,0.955419260261327
57.6076219939376,0.955779422721409
57.6494889377386,0.956308970188656
57.6913558815397,0.956908100742947
57.7083651816409,0.957151238649322
57.717735026168,0.957285117171998
57.7271048706951,0.957152711645575
57.7341516278363,0.956983840961378
57.7411983849775,0.956815687584513
57.7596365316234,0.956375340683277
57.7850966228694,0.955766564464519
57.8105567141155,0.955156974504595
57.8178059651136,0.954983255527304
57.8250552161118,0.95510263956191
57.83230446711,0.955361296102922
57.8395537181082,0.95561838114454
57.855016974792,0.956166358901593
57.9086309951483,0.958061309863892
57.9162233355036,0.958329017305589
57.9211374881463,0.958429768473403
57.926051640789,0.958269294376247
57.9309657934317,0.958106585767939
57.9403468453255,0.957796080337302
57.9703405788706,0.956801949267815
57.9919230712813,0.956085249539459
58.013505563692,0.955367417579282
58.0357331068529,0.955533988746841
58.0435844710614,0.955761444319347
58.0514358352699,0.955987133130926
58.0672294256262,0.956440857713212
58.1209461283704,0.95798079601879
58.1222825218832,0.957961989814918
58.1236189153961,0.957933323873908
58.1252755294688,0.95789936252669
58.1285814175811,0.957831174759661
58.139168763264,0.957612812636433
58.1900319824098,0.956562316371008
58.2111861284658,0.95612469396241
58.2242276685389,0.955909397309674
58.2372692086119,0.955967229480459
58.2464798038802,0.956008911211269
58.2687416710243,0.956109623018265
58.3104674067675,0.956298283879414
58.3521931425107,0.956217476408426
58.3939188782539,0.956031977794464
58.4356446139971,0.955779014672278
58.468767335634,0.955453156744192
58.4948576718147,0.955196284412752
58.5209480079954,0.954939295480716
58.5276041222649,0.955050176756089
58.5342602365345,0.955247778233959
58.5409163508041,0.955444330839812
58.5572633896649,0.955926768896243
58.6184923833468,0.957729315867476
58.6333237177062,0.957714646551975
58.6429196197733,0.957524924566857
58.6525155218403,0.957336557490153
58.6725994827137,0.956942005903043
58.7026696280165,0.956350588136468
58.7194986751885,0.956019262615427
58.7363277223606,0.955958397173672
58.7496075335805,0.955991760318809
58.7628873448003,0.956024667947497
58.8020274607971,0.956121638980921
58.8312735921903,0.956128890142745
58.8605197235836,0.955936028925484
58.8897658549768,0.955742942109149
58.9106650671311,0.955604904707586
58.9217278430066,0.955531821658725
58.9327906188822,0.955722405046747
58.9405380183508,0.955907276305858
58.9482854178195,0.95609153613893
58.97092450403,0.956629585168339
58.9992542432536,0.957302002770966
59.0160378520106,0.957699897577849
59.02616588155,0.957844432266164
59.0362939110894,0.957623863403158
59.0435893761876,0.957463821748761
59.0601988303591,0.957099329590839
59.1162024734352,0.955868246095646
59.1422196126685,0.955627436239716
59.1682367519018,0.955560515897331
59.1875528476287,0.95551047839128
59.2172256535213,0.955433576620295
59.2468984594139,0.955625063758795
59.2698365063236,0.955848469550994
59.2927745532333,0.956071533635109
59.3738809439996,0.957567274101107
59.4004733080324,0.958210808271914
59.4270656720652,0.958809864156097
59.4294159924683,0.958774399338402
59.4317663128714,0.958734112695407
59.4349789470042,0.95867989849114
59.442671564602,0.958549924042415
59.4736250234983,0.958026552749586
59.6283923179793,0.955883328227978
59.6322950556477,0.955957079917681
59.636197793316,0.956034587621401
59.6422127192823,0.956153576975679
59.6588461333898,0.956482377860899
59.6970278288727,0.957236272014785
59.7142582419526,0.957576074141893
59.7238026708723,0.957764191500004
59.7333470997919,0.957673037782549
59.7428915287115,0.957431357047492
59.7524359576312,0.957190695053929
59.7737583655014,0.956652545577806
59.7960306104516,0.956089712708112
59.8183028554019,0.955526186185641
59.8254155949665,0.955346073609386
59.832528334531,0.955432700232969
59.8409930980336,0.955733148267289
59.8494578615361,0.956031758025099
59.866432994488,0.95663005405052
59.9248851752022,0.958684351313827
59.9321982927487,0.958637602721432
59.9395114102952,0.958346375212799
59.9446861082195,0.958141879050059
59.9552332187432,0.957724576849869
59.991729195382,0.956277568159182
60.0124242635176,0.955454992212688
60.0236067306734,0.955009894731376
60.0308154776363,0.954813626424048
60.0380242245993,0.954904196423179
60.0452329715623,0.954995830938042
60.0620804136277,0.955209853279478
60.1173644734539,0.955911354469724
60.1561718492561,0.956674547925219
60.1949792250584,0.957554456803906
60.2158212728566,0.958026209201903
60.2254254944791,0.958243429294249
60.2350297161016,0.958192027289484
60.2458321458626,0.95794310323185
60.2566345756237,0.957695332769743
60.2798040923916,0.957163411281974
60.3038796766237,0.956609999249533
60.3279552608558,0.956055917381297
60.336104516574,0.956203805652855
60.3442537722921,0.956474339629767
60.3524030280103,0.956743549190834
60.3707579452988,0.95734938289806
60.3955608346168,0.958166797506666
60.4203637239347,0.958982742558746
60.429163915718,0.959271893649233
60.4339773424645,0.95919198276477
60.4387907692109,0.958945397088612
60.4436041959573,0.958701144285489
60.4524684392396,0.95825069591802
60.4805412621355,0.956821142021897
60.4986038148378,0.955898965614691
60.5166663675401,0.954974908010927
60.5246299104478,0.95456690298092
60.5294488560001,0.954319829725707
60.5342678015525,0.954384560683429
60.5390867471048,0.954618245033289
60.54289497575,0.95480077056021
60.5498408740051,0.955133775999644
60.5720222045589,0.956195664331106
60.5964106106734,0.957360337031731
60.6207990167878,0.958522038446017
60.629180963984,0.958920615840765
60.6375629111801,0.95884583516961
60.6432384662163,0.958619171393197
60.6489140212525,0.958394751846661
60.6594930531947,0.957975907884014
60.6932425998548,0.956637042891013
60.7251309211798,0.955368386950474
60.7309785457876,0.955135356904607
60.7368261703954,0.955172815749767
60.7451636650748,0.955452208145882
60.7511665484319,0.955651886405163
60.7640662320671,0.956080792199318
60.8102861040466,0.957614360120148
60.8226007307606,0.958022083802902
60.8306993885108,0.958290023245562
60.838798046261,0.958198256701732
60.8450542475197,0.958007093933065
60.8513104487784,0.957817340915908
60.8647183617301,0.957410260144765
60.9120518874917,0.955970161327588
60.9245607433307,0.95558882405202
60.9312451305187,0.9553849156353
60.9379295177067,0.955448042392344
60.9446139048947,0.955616744305246
60.9512982920827,0.955784165752653
60.9664690370101,0.956164005553182
61.0206778631931,0.957518770583052
61.0323075374576,0.95780888719319
61.0391382127751,0.957800847425384
61.0459688880926,0.957727490257948
61.0527995634101,0.957654874126576
61.0709762287119,0.957461502497715
61.1461382874417,0.956578275476826
61.1803361446221,0.955958470672319
61.2145340018025,0.955337450885658
61.2299288590715,0.955057590104339
61.2453237163406,0.955045732429415
61.2607185736096,0.955215638159796
61.2721909206307,0.955341586698913
61.3023246587217,0.955672228158214
61.3277581194005,0.955951127861461
61.3531915800794,0.956523592070526
61.3747144495011,0.957152733898504
61.3962373189228,0.957780548630749
61.414232001689,0.958304771904141
61.4322266844552,0.958828403037666
61.4379868026614,0.958935484793527
61.4419190286098,0.958797545192691
61.4458512545583,0.958655908584476
61.4519739865311,0.958435757328868
61.469661862494,0.957799189491036
61.4978726669032,0.956782050417433
61.5260834713124,0.955762632077575
61.5386920491296,0.955347243628886
61.5399680537396,0.95537251509988
61.5412440583495,0.955405181643965
61.5428176691716,0.955443810033381
61.5458755802803,0.955519277868024
61.5552654894465,0.955750859931099
61.5988580122062,0.956824410106055
61.6211730551362,0.957372983984447
61.6341669621127,0.957692110026306
61.6471608690891,0.957726609860139
61.6601547760655,0.95763573662327
61.673148683042,0.95754555614314
61.7063366517269,0.95731513345143
61.7362883502714,0.957107063189248
61.7544781086979,0.956840492872047
61.7726678671244,0.956558122358082
61.8011317471603,0.956115852713412
61.823427593279,0.955769184277416
61.8358139081159,0.955576474585644
61.8482002229527,0.955652185948845
61.8577818593043,0.955787045143818
61.8673634956559,0.955921258065184
61.8937126689641,0.956290155883518
61.9200790013671,0.956659013462566
61.934939179179,0.956866768958738
61.9497993569909,0.956802007174892
61.9646595348028,0.956629833269664
61.9795197126148,0.956458124443052
62.0208624658661,0.955980077050379
62.06300381298,0.955781882927004
62.0917208199139,0.955798243210967
62.1204378268477,0.955814228039324
62.1395192864588,0.955824831461246
62.1510307087057,0.955968957947179
62.1625421309526,0.956120528359412
62.1829186025741,0.956388688784299
62.2180506037457,0.956850568633552
62.2350153168492,0.95707344019181
62.2519800299527,0.957028030046373
62.2690955807741,0.956829017413177
62.2862111315955,0.956630557149272
62.3306568231021,0.9561148083882
62.3458366801397,0.956031119168585
62.3610165371774,0.956229370948101
62.376196394215,0.956427944313452
62.4217894288118,0.957023851213995
62.4467005961727,0.95727863153813
62.4716117635337,0.957225517314118
62.4892260241221,0.957187550123794
62.5412012227665,0.957075479636287
62.5592341206958,0.956873053580083
62.5772670186251,0.956651041179116
62.6034487362493,0.956328638312442
62.7158437769013,0.956521264200585
62.7522779314991,0.956720065660725
62.7775568224674,0.95651605398283
62.8028357134358,0.956311589974417
62.832432390765,0.95607206552809
62.8620290680942,0.956161258488967
62.8815821544153,0.956384027508367
62.9011352407365,0.956606082735765
62.9310216443254,0.956945257410549
62.9436853350196,0.957088906925337
62.95157343752,0.957030604539952
62.9594615400204,0.956939112032668
62.9694571838665,0.956823604509158
62.9998223535415,0.956472509078238
63.0326005980425,0.956093194271272
63.0404327383778,0.956002513194425
63.0442955814805,0.955957782195062
63.0481584245831,0.956174837361851
63.0509099893299,0.956501731391944
63.0529026231401,0.956735111791074
63.0558778783084,0.95708411046283
63.0634070709989,0.957965981853274
63.0947428939245,0.961618042158574
63.1344928813549,0.966209344548136
63.1411562637414,0.966974550971738
63.1445550735947,0.967364376836543
63.1479538834479,0.967486571595629
63.1504523630075,0.967403124950297
63.1522362754058,0.967347003368075
63.1548221929641,0.967264674800481
63.1614267815517,0.967054642382241
63.1901606828984,0.966139695819932
63.2193823327812,0.965207369779993
63.2486039826639,0.964322698745202
63.2530424867633,0.964316514300438
63.2574809908627,0.964313478701917
63.2648353375576,0.964307974402486
63.2891739669341,0.964289854501259
63.4108671138168,0.964204929136531
63.5270226878423,0.964191140806376
63.6431782618678,0.964015344719409
63.7246191432092,0.963897576304889
63.8060600245506,0.963924546792254
63.8875009058919,0.963958951098668
64.0885288083117,0.963771040235585
64.2048793950928,0.96374992408319
64.321229981874,0.963633807800791
64.4400464577754,0.963538230502654
64.5588629336767,0.963453237447652
64.6776794095781,0.963448624485486
64.7569618933595,0.963439529615265
64.811884549287,0.963309354188104
64.8668072052146,0.963235498904372
64.9217298611421,0.963302821209408
64.9444243626831,0.963330637250477
64.9671188642242,0.963082590316074
64.9898133657652,0.962718360399814
65.0125078673063,0.962354217566128
65.0435875938581,0.961855059200238
65.0641185654578,0.961725539933443
65.0846495370575,0.961712808330526
65.1051805086571,0.961699669719777
65.1665170795439,0.961689646186918
65.2278536504306,0.961774559797127
65.3048148894687,0.961713266363305
65.3817761285068,0.961646677111723
65.4587373675448,0.961689854185534
65.5356986065829,0.961675640795256
65.6126598456209,0.961603335730879
65.689621084659,0.96153532445357
65.8362594565382,0.961448401680631
65.9828978284174,0.961414856552422
66.0948078048405,0.961323651185437
66.2067177812637,0.961299475793025
66.3186277576868,0.96122468190693
66.4493478904214,0.961257972781518
66.4909806517237,0.961192012347307
66.532613413026,0.961109613301497
66.5983685660843,0.961052749613197
66.717603099668,0.961078034335526
66.8368376332517,0.960981655397311
66.910122709651,0.960987384225227
66.9834077860503,0.960986508984932
67.0566928624496,0.960903738591324
67.1299779388489,0.960824114956776
67.3210551625582,0.960800991694666
67.5697319343743,0.960649626591276
67.6753062364482,0.960539383295043
67.73238785624,0.960659054641411
67.7894694760319,0.960656374755548
67.8465510958238,0.960552892225963
67.9036327156156,0.960491040498903
67.9765640727728,0.960453766358591
68.04949542993,0.960499811970666
68.156875675153,0.96043695182703
68.2383377603238,0.960428212162623
68.3197998454946,0.960311800552435
68.4012619306654,0.96028599877342
68.4827240158362,0.960317829628608
68.6542304605766,0.960177434711122
68.7441621639812,0.960258792015778
68.8340938673858,0.960189504609434
68.9031270379775,0.960097625795578
68.9956228411516,0.960022096262891
69.0881186443257,0.960024151058439
69.2298443653444,0.960054081200565
69.3074863372396,0.959983854197684
69.3851283091348,0.95987121800616
69.4982479942338,0.959901437493468
69.6365821526357,0.959868725322274
69.8452159524443,0.959731026585747
69.9485181484135,0.959628492778206
70.0518203443827,0.959637473308982
70.1332947321084,0.959600510270347
70.1461075424315,0.959593016639238
70.1589203527546,0.959585520722481
70.172389410695,0.958726992582023
70.1769993406724,0.958245785732151
70.1816092706499,0.957767278461268
70.1892600234012,0.956971686627513
70.2116299162715,0.954637328416867
70.2342472344861,0.952264860275048
70.2568645527006,0.949879809054025
70.2755112491785,0.949367611212509
70.2787610131276,0.949444978904043
70.2820107770767,0.949517905446424
70.2867043206492,0.949623887131765
70.3001785465175,0.949927938833513
70.3544252755282,0.951149838657928
70.3601424119283,0.951278427267269
70.3632651675952,0.951348646370722
70.3653437809068,0.951545080368026
70.3674223942185,0.951849755826926
70.3695010075301,0.952151031137048
70.3728330017045,0.952634201273296
70.3813542837342,0.953867490665744
70.4154465873956,0.958768261316353
70.4457074201707,0.963074585026296
70.453296148104,0.96414821143397
70.4608848760374,0.965219346922619
70.4688070604009,0.965455754898992
70.469939959166,0.965396247726815
70.4710728579311,0.965343918844675
70.4725125698847,0.965275643205296
70.4755380661157,0.965132681732448
70.4854945846504,0.964661765376385
70.5352771773237,0.962299974062497
70.5519951579917,0.961504117104555
70.5618246907595,0.961035539299506
70.5716542235273,0.960876131663559
70.5814837562952,0.960874451866914
70.591313289063,0.960871599873486
70.6132307703934,0.9608653057845
70.6408062631435,0.960857410361468
70.6580820115488,0.960852459391966
70.675357759954,0.960411376865922
70.6863802682372,0.959935908365692
70.6974027765205,0.959461444682237
70.7209024325126,0.958448228152506
70.8152930564696,0.954596115621618
70.8386796945617,0.95368949531914
70.8620663326539,0.952780876991049
70.8723512366347,0.95266005814534
70.8826361406156,0.95272304001966
70.8905221426638,0.95277036923963
70.9090928104059,0.952881773493351
70.9518739759599,0.953138415853086
70.9946551415139,0.953711836127096
71.0374363070679,0.954442863862417
71.0703546747835,0.954965692559249
71.0926374994589,0.955145876698698
71.1149203241343,0.955325500911308
71.1480058845735,0.95559202523771
71.163978934249,0.955720655194522
71.1743783303164,0.955980336767848
71.1847777263837,0.956316681173529
71.1951771224511,0.956652239741308
71.2248912485854,0.957609668430968
71.2487321101732,0.95837641647284
71.2604726555432,0.958753528405141
71.2668550690129,0.958958403905045
71.2683730843547,0.958940292292604
71.2698910996965,0.958906745036291
71.2717328720927,0.958867600914833
71.2754314643186,0.958788598730147
71.2875334674626,0.958530061251075
71.3457442318501,0.957284471874351
71.3974681739867,0.955877429224401
71.4328422919427,0.954756638840193
71.4682164098986,0.953633358791659
71.4790728137915,0.953402718922803
71.4899292176844,0.953182356520509
71.5085593775329,0.952803804880396
71.5337152912276,0.952292134171156
71.5588712049222,0.951779888898607
71.5662352103266,0.95162982580418
71.573599215731,0.951759697120232
71.5810937657235,0.952078048845805
71.5885883157159,0.95239444992427
71.6036245433381,0.953028570103314
71.6511526858984,0.955027355425393
71.6691710394573,0.955782798974203
71.675699880568,0.955929918617191
71.6822287216788,0.956055267363909
71.6915870583279,0.956235330093688
71.7206147196303,0.956793380968696
71.745784820272,0.95727670077129
71.7709549209138,0.957725164807031
71.7747310253372,0.957663448275012
71.7785071297607,0.957597731932493
71.7842627496852,0.957498035904633
71.8004531310664,0.95721755364764
71.8692434689392,0.956023803335036
71.8789744452443,0.955739579009346
71.8887054215494,0.955443818840984
71.9051324273225,0.954944122268937
71.9566513034206,0.953373623160082
71.9716949858376,0.952956089128396
71.980744704397,0.952907937811381
71.9897944229565,0.952861513064966
72.0075203727482,0.952770615731157
72.0642953397071,0.95247910131343
72.0828615918107,0.952754411014575
72.1014278439143,0.953246102765069
72.1145399838895,0.953592475435194
72.1492546062863,0.954508130366077
72.1750465447281,0.955098205998352
72.1853014513726,0.955140304094382
72.1955563580171,0.955181268719761
72.2184173076432,0.955272556072233
72.3035614689191,0.955566737423321
72.3508006444973,0.955685306797681
72.3980398200755,0.95551717390693
72.4340097986863,0.955208474114213
72.4606663154296,0.954979816298878
72.500161786466,0.954367089849976
72.5396572575025,0.953641254611743
72.5791527285389,0.953002862139638
72.5975254678374,0.952930380823298
72.615898207136,0.952858552598316
72.6616252993313,0.952679847063645
72.6697150121117,0.952648206628562
72.6778047248921,0.952896945388306
72.6858944376724,0.953352161770942
72.691968306884,0.953692297318092
72.7051767878478,0.954431135822393
72.7520064840827,0.957041121975814
72.7648164769818,0.957752457431295
72.7714629895653,0.958121099837576
72.7781095021489,0.958206469918839
72.7867114452386,0.958069479691371
72.7928135579573,0.957973698450153
72.8058908065561,0.957768247108293
72.8540489743896,0.957010754342632
72.8707149666291,0.956748321559125
72.8813606219213,0.956394287013923
72.8920062772134,0.95595141808173
72.9026519325056,0.95550871275993
72.9320105748246,0.954285577919641
72.9549131248814,0.953329086644147
72.969604079559,0.952714476391338
72.9842950342366,0.952458848812158
72.9989859889142,0.952363892424895
73.0104554518483,0.952289160610683
73.0407403239294,0.952091691032595
73.0622184817513,0.9519516219525
73.0731987636927,0.95187999312986
73.0804264269007,0.951995372789606
73.0876540901087,0.952170316383993
73.0948817533167,0.952344569941585
73.1152371334931,0.952834972298227
73.1457331998541,0.953568738668621
73.1762292662152,0.954263323374257
73.1806743855637,0.954234110808685
73.1851195049122,0.954201610003
73.192499030176,0.954147942431308
73.2130025327471,0.953998991240438
73.2475509075945,0.953747840658438
73.2693632656918,0.953589207673454
73.2911756237891,0.953777532024459
73.3129879818864,0.954122087453574
73.330004201974,0.954390329103003
73.3806065273816,0.955136016769608
73.3969023024099,0.955211474515821
73.4131980774383,0.955286130632563
73.4525041725509,0.955466082730888
73.4715246527463,0.955553161439109
73.484110448494,0.955402879423607
73.4966962442417,0.955131952218685
73.5092820399894,0.954861484348854
73.5422171768493,0.954152979407101
73.683276900838,0.951889620654619
73.6875022755906,0.951967627752778
73.6917276503432,0.95204927233359
73.6984022999486,0.952177714841928
73.7192950069197,0.952579545952782
73.7657669451449,0.95347211420226
73.8122388833701,0.954080848662465
73.8462608943095,0.954459139274997
73.8802829052488,0.954784524758143
73.8888634763468,0.954681568600089
73.8974440474449,0.954576591938839
73.9136154300573,0.954378683563893
73.9654660501953,0.953743765832009
73.9769264325659,0.953603303778434
73.9834188390324,0.953704005827199
73.9899112454988,0.953845793634338
73.9964036519652,0.953986986104006
74.0157002967817,0.95440641553905
74.0420330550612,0.954978188677641
74.0683658133408,0.955549231463507
74.0763758782795,0.955722792339563
74.0843859432182,0.955582171254138
74.0923960081569,0.955275513594172
74.0987834203101,0.955032030612839
74.1132151440903,0.954481360919188
74.1669689410149,0.952424211013886
74.1755305726253,0.952095693414286
74.1806128561304,0.951940072618633
74.1820748914206,0.951979570966552
74.1835369267107,0.95202528485744
74.1854492441532,0.952083719512893
74.1893224205449,0.952202300077305
74.201936837121,0.952588296637186
74.2603632543117,0.954371758705934
74.3108077152729,0.954487769972768
74.3194339320487,0.95434963521047
74.3280601488244,0.954212877105081
74.3463722522694,0.953922424325241
74.3711940994981,0.953528338742963
74.3960159467268,0.953536012020884
74.4122439135074,0.953717273341533
74.4284718802879,0.953897698164826
74.4681573548135,0.954338537997503
74.5048985562745,0.954195584083522
74.5278148754393,0.953918129707948
74.5507311946041,0.953641057330605
74.5802559293478,0.953283897076663
74.5885533409615,0.953328624014435
74.5968507525752,0.953390303178747
74.6091843977445,0.953481676873711
74.6512692113993,0.953793304444504
74.6811077922792,0.954014135256981
74.6918939244255,0.953973644865715
74.7026800565718,0.953920679828033
74.7204063193387,0.953833790083196
74.7904471185238,0.953560189676187
74.8099020143146,0.953647624447747
74.8293569101054,0.953735631553076
74.8798520355637,0.953964067507519
74.8947305095873,0.953876733470901
74.9096089836108,0.953745636143419
74.9244874576343,0.953614707140517
74.9801029394783,0.95312498854705
74.9923529360354,0.953211729014856
75.0046029325925,0.953362496554228
75.0168529291496,0.953512838519039
75.0552496130671,0.953983718888964
75.0760205979104,0.95423825721345
75.0967915827537,0.954213360349955
75.1156828297646,0.954027238621445
75.1345740767756,0.953841633133145
75.1842147140227,0.95335656865605
75.1943233521016,0.953396323879885
75.2044319901806,0.953437538323556
75.2250905351056,0.953521806366975
75.2704943915814,0.953706811526677
75.3158982480572,0.953498928603039
75.361302104533,0.953103657955265
75.3840190512675,0.952905870956006
75.397827435815,0.952631769608356
75.4116358203625,0.9523297763833
75.4301359761744,0.951925044831571
75.4537430476937,0.951408076695849
75.4773501192129,0.950890499233607
75.4998714020078,0.951323217948808
75.5071052223015,0.951654184091152
75.5143390425952,0.951982878805833
75.5281881280472,0.952611496972816
75.5700795100236,0.954507906713983
75.5871070073008,0.95521198373486
75.5886835151846,0.955195058176881
75.5902600230684,0.955171404066856
75.5922465671316,0.955142981925746
75.5962637384926,0.955085223219596
75.6095877730546,0.954893608363216
75.6729264251622,0.95398166529584
75.7553389559677,0.95297638397448
75.8377514867732,0.952765696356078
75.8665716071124,0.952858888139473
75.8863858452311,0.952922679062383
75.8985033047881,0.952810378402304
75.9106207643451,0.952672693356091
75.9272256452487,0.952484167843273
75.987436169293,0.951799927408404
75.9909729556032,0.9519255018183
75.9945097419133,0.952091918353194
75.9980465282235,0.952257130542671
76.0061576385779,0.952635983222838
76.0342381110421,0.953945199060516
76.0631276387684,0.955288167037528
76.0778527890238,0.955971158001381
76.0849712994051,0.956300964623252
76.0887890142714,0.956477743935643
76.0900373108675,0.956454284097493
76.0912856074636,0.956399432161004
76.0925339040597,0.956346728573101
76.0947882732145,0.956250874096518
76.1008592783878,0.955992800982942
76.1270529219994,0.954877653741126
76.1663739499979,0.953198437349505
76.1804586077814,0.952595424802844
76.1876071981968,0.95228905965997
76.1925643700132,0.952247030831042
76.1975215418297,0.952281396368523
76.2024787136461,0.952314598282534
76.2142862610473,0.952393782438748
76.2543185608269,0.952662280232324
76.2865892803889,0.952878586301796
76.3066225651079,0.9531645270381
76.326655849827,0.953482793078138
76.3524050961404,0.953891403712844
76.4568329226449,0.953854718700025
76.475219490345,0.953678946266607
76.4936060580451,0.953534816727723
76.5119926257452,0.953520708222605
76.5303791934454,0.953506898987067
76.5906665735609,0.953461668804998
76.6022110980059,0.953332924987008
76.6137556224509,0.953199358302111
76.636433882277,0.952936796501602
76.6676638884619,0.952575081121694
76.6856166162781,0.952367003744497
76.7035693440942,0.952452899046756
76.7215220719104,0.952669429426052
76.7394747997266,0.952885364217399
76.789260385719,0.953483562979899
76.8274373548481,0.953783919558347
76.8656143239772,0.954071348775876
76.9300726863814,0.954205423859634
76.9681264978121,0.954129867766615
76.9854752003131,0.954095537305685
77.0028239028141,0.953786383874395
77.0201726053151,0.953258531778053
77.0324943533324,0.952883864161966
77.0647014029427,0.951903148062306
77.0943805782437,0.951025055799676
77.0951744739271,0.951050162951438
77.0959683696105,0.951085977521026
77.0969544939866,0.951127852831759
77.0988020060129,0.951207025236362
77.1038061431684,0.951421228640376
77.1249895161101,0.952326846551884
77.1545118618564,0.953585953287625
77.1840342076026,0.954841554537254
77.2168396944579,0.955249991339006
77.2281512755298,0.955216279019087
77.2394628566017,0.955183699195657
77.264493222197,0.955111625214514
77.2974536760251,0.954979043449134
77.3082442613627,0.954781985487764
77.3190348467003,0.954583588530629
77.3422750399906,0.954155965470265
77.3770999502,0.95351450031387
77.3984709986034,0.953174458406119
77.4132850002676,0.953135094944728
77.4280990019318,0.953096465342928
77.4648451830528,0.953000708408484
77.4873534346087,0.952942011779937
77.5098616861645,0.953217112664419
77.5284316902834,0.953620555274224
77.5470016944022,0.954022979617981
77.594231921436,0.955044796344834
77.5999389186604,0.954958560431514
77.6056459158849,0.95476679894566
77.6113529131093,0.954576313107557
77.6242665114326,0.954144879008691
77.668175291587,0.952674692445877
77.6862744773664,0.952067291022756
77.6936365752795,0.951819985443769
77.7009986731926,0.951850694392271
77.7064082903158,0.952060589319403
77.7107223792571,0.952225926743488
77.718927707004,0.952540407132809
77.7449732610451,0.953537366275503
77.7985309542237,0.955552143572535
77.7998518219815,0.955537890961441
77.8011726897393,0.95551594886484
77.8027958475983,0.95549067414947
77.8059538504852,0.955441085649624
77.815668335916,0.955288574269877
77.8604107582373,0.954585517651258
77.9034416090464,0.953883833411893
77.9464724598556,0.953010257195224
77.9794145191664,0.952340176156097
77.991402586775,0.952096057425932
77.9978267785002,0.951965189846523
78.0022436642741,0.952041708116076
78.0066605500481,0.952188652763558
78.011077435822,0.952334318706347
78.0212330877915,0.952669212148431
78.0554727643354,0.95379659279597
78.0807642632203,0.95462752509777
78.0941096206924,0.955065363994285
78.1074549781644,0.955210397455793
78.1178624137761,0.955134404828947
78.1257490342155,0.955077800426092
78.1443349149469,0.954944360423512
78.1907988920283,0.954610509920275
78.222063853958,0.954217137269919
78.2533288158878,0.953751506272673
78.2845937778175,0.953285540018052
78.3050192278187,0.953078017792854
78.3187001199666,0.953209529156184
78.3323810121145,0.953341859960072
78.3648237892556,0.953655585216818
78.3867077788804,0.95386704668519
78.3983503308766,0.953979512322077
78.4099928828727,0.953815732094136
78.4184651380505,0.95363310855935
78.4269373932282,0.953450980907437
78.4510765378493,0.952931653700937
78.4826725430731,0.952250953724298
78.4956037258631,0.951972072389921
78.5039845153831,0.95187139406228
78.5123653049032,0.952042566350514
78.5207460944232,0.952214705515881
78.5403877582365,0.95261789658124
78.606934060883,0.953938487468536
78.6271367291812,0.954176967510036
78.6473393974795,0.954414669602743
78.6985274542371,0.955016298439779
78.7115596738421,0.95499811515625
78.7245918934471,0.954914258548004
78.7376241130521,0.954830749917667
78.7792047279733,0.954564223374281
78.8261042649387,0.954130249156101
78.873003801904,0.953556654836223
78.8925299538663,0.953317703804182
78.903898647709,0.953203699733992
78.9107341979164,0.953315127626939
78.9175697481239,0.953428965324967
78.9299814032806,0.953635526954466
78.9667250145514,0.954246245577074
78.9910052377286,0.954649375674694
79.0047275336603,0.954858979111596
79.0101071506639,0.954813449373086
79.0154867676676,0.954765423244695
79.0255265466724,0.954675972275916
79.0552840014745,0.954410912073546
79.1060332882483,0.953979706873769
79.120922179975,0.954002570912469
79.1358110717017,0.954026382644657
79.1700055459617,0.954081139662243
79.197997002877,0.95412591663193
79.2259884597924,0.953874824414315
79.2466291956081,0.953614765028245
79.2672699314239,0.953354795333129
79.2999966613886,0.952942321719576
79.3190556365744,0.952904196047223
79.3381146117602,0.952962330673302
79.357173586946,0.953020114541761
79.3907947890254,0.953121990804345
79.4244159911048,0.953554335930152
79.4484045471216,0.954060856506076
79.4657354277939,0.954426029055903
79.4893670490356,0.954923445631894
79.5021660409513,0.9551926313457
79.514965032867,0.955169351459555
79.5274929864511,0.954964074796892
79.5400209400352,0.954759729403122
79.5686089970402,0.954293118417396
79.6794446826879,0.953972316737564
79.7244336091912,0.954095267841469
79.7694225356944,0.954057549135775
79.8144114621977,0.953936250305755
79.8267599524804,0.953734390711553
79.8391084427632,0.953531469877256
79.8676114648286,0.953062679584842
79.8871118579043,0.952741712230927
79.9066122509799,0.952420503959469
79.9150895880393,0.952594807183833
79.9235669250987,0.952993632257885
79.9297307472784,0.95328203253792
79.9430608523652,0.953905158302947
79.9901075792426,0.956097717938056
80.000954871699,0.95660173845642
80.0078795157128,0.956923201522874
80.0148041597265,0.956883469754763
80.0217288037403,0.956668432297193
80.0271735281259,0.956500774795006
80.0389102201899,0.956139010012344
80.0804421076903,0.954856426610919
80.1082626151205,0.953995247475902
80.11689908235,0.953874356436152
80.1255355495796,0.953794049020271
80.1360867749362,0.953695469211406
80.1681338703935,0.953395910242514
80.2122298772192,0.953021394949958
80.2170004701514,0.953122044756404
80.2217710630836,0.953226132600543
80.2295923588653,0.953396283983519
80.25458916008,0.953939673638734
80.2926557790645,0.95476595583371
80.3099383244642,0.955140594787462
80.3146923699004,0.955080009138365
80.3194464153366,0.954964212397338
80.3242004607728,0.954849346137891
80.3362054785267,0.954559021326855
80.3802672557339,0.95349176212297
80.4105548145751,0.952756681747073
80.413320705557,0.952825668702102
80.4160865965389,0.952930964415841
80.4188524875209,0.953034901932355
80.4247854554862,0.95325805867962
80.4452359970121,0.95402646540693
80.4684453852902,0.95489693280973
80.4916547735683,0.955765734416432
80.5029666174287,0.956188569897666
80.5094394100948,0.956430345134631
80.515912202761,0.956351997592897
80.5223849954271,0.956043323968619
80.5271527255746,0.955817693450744
80.5365242122547,0.955373662240555
80.5676228704084,0.953896923701446
80.6027410494233,0.95222350099652
80.6088453769275,0.951931985907375
80.6125879869265,0.951802471023647
80.6141345269791,0.951864896430648
80.6156810670317,0.951934130475744
80.6176322547113,0.952020072916357
80.6214838343377,0.952189919483585
80.6338489855312,0.952734770904094
80.6910018446405,0.955244549455395
80.7062998448976,0.955913985323141
80.7215978451546,0.955929770150411
80.7287833354614,0.955746233295597
80.7359688257682,0.955564634660639
80.7498376610937,0.955213832397844
80.794647255285,0.954078375575152
80.8072211418102,0.953759251564739
80.8197950283354,0.953741587268465
80.8313680647703,0.953904273275056
80.8429411012053,0.954065809889393
80.8689456786232,0.954428531995016
80.9161822503886,0.955025111061757
80.9236613572887,0.954984930413359
80.9311404641888,0.954943040305504
80.9462861059271,0.954858259212083
80.9965417984269,0.954576991167216
81.0335686543826,0.954694580963503
81.0577658473432,0.954944305041286
81.0819630403039,0.955193385300456
81.1488949394917,0.955766738023367
81.2158268386795,0.956186464940773
81.2213786302208,0.956085442019923
81.2269304217621,0.955981649933152
81.2369084912382,0.955795266674428
81.266520459921,0.955241838793786
81.2953407544788,0.954702535254163
81.3111687279931,0.954406080222769
81.3269967015073,0.954387064053449
81.3387851377544,0.954442163812245
81.3505735740016,0.954496825916258
81.3863199434205,0.95466252356154
81.4082748321616,0.954764277977681
81.4302297209027,0.954560420037055
81.4521846096438,0.954217249523585
81.4741394983848,0.953874250441933
81.4940622701371,0.953562804657477
81.5139850418894,0.95325112377262
81.5187538468866,0.953359521160886
81.5235226518837,0.953526166839021
81.5282914568808,0.953691724964344
81.5400615559259,0.954100214609887
81.5819231883831,0.95555016435542
81.611582456044,0.956574653013169
81.6155953584177,0.956713089420765
81.6179785905342,0.956655277469027
81.6203618226507,0.956556211428782
81.6227450547672,0.956458841455947
81.6274133412577,0.956267643334209
81.6426786919339,0.955641880162045
81.7146254212781,0.95268094510196
81.7196892470627,0.952761089463848
81.7247530728472,0.952964638506645
81.7298168986318,0.95316623177662
81.7401618580978,0.953577949285671
81.7721113708877,0.954847294981627
81.817667860873,0.956613493704505
81.8188923705792,0.956599155547291
81.8201168802853,0.956576779626112
81.8216140862353,0.956551238018658
81.8245136397669,0.956501292875515
81.8332979117277,0.956350044536646
81.8738376928547,0.955651393318702
81.9194670849403,0.954860588082495
81.9650964770259,0.954012490557791
82.0107258691115,0.953162721898545
82.0183168625231,0.953036691688818
82.020054137616,0.953087867028486
82.021791412709,0.953145353164471
82.0240170287004,0.953217761925366
82.0285729485942,0.953366139474332
82.0442356534916,0.953875894112266
82.1197783144768,0.956278594236772
82.1206075346243,0.956261750884203
82.1214367547718,0.956235858768389
82.1225027395399,0.956204859198603
82.1246000434488,0.956143202833497
82.1306629961104,0.955965079364727
82.1582739268497,0.95515300784171
82.200395720535,0.953911328490052
82.2181990222979,0.953385489614253
82.2254172963253,0.953489807403419
82.2326355703527,0.953710751066919
82.2398538443801,0.953930346419285
82.2561285940939,0.954425114856838
82.3128542846407,0.95614555712807
82.3293378812553,0.956313672940834
82.3403621325151,0.956249941181838
82.3513863837749,0.956187359111398
82.3759287317211,0.956048005275599
82.4191049477315,0.955802680198647
82.4283464805025,0.955574280939331
82.4375880132734,0.955323956565405
82.4504082427515,0.954976778956598
82.4937074025605,0.953802249903002
82.5113245007556,0.953323485976079
82.5191715662335,0.953110070884632
82.5243616879288,0.953183968156391
82.5295518096241,0.953389583383195
82.5347419313195,0.953593356086192
82.5455412307326,0.954017215132251
82.5794162513189,0.955344340587873
82.6130203775355,0.95665700408593
82.6189803450337,0.956889420605739
82.6249403125319,0.956838578521241
82.6324662007463,0.956571010206888
82.6381636869555,0.956369805074584
82.6504409352751,0.955935798308555
82.6943050253855,0.954381666688496
82.7098332754975,0.953830213514964
82.7187232680708,0.953514199417122
82.7276132606442,0.95350946464614
82.7376594944192,0.953724413178722
82.7477057281943,0.953937685367783
82.7681410118058,0.954371172159342
82.7957673443344,0.954956623339479
82.8233936768629,0.955492268050275
82.8274602778752,0.955436708924826
82.8315268788875,0.955377477224472
82.8379722306656,0.955283980763062
82.8558595765176,0.955024533109971
82.8876527561581,0.954562977667028
82.9194459357986,0.954100955503751
82.9301527302146,0.954268429933598
82.9408595246306,0.954606252455154
82.9491916979979,0.954868081253336
82.9693579950461,0.955501169169809
82.9935947841729,0.956260913709386
83.0178315732998,0.95701938269722
83.0294138864242,0.957078948888219
83.0373522772831,0.956943031138584
83.0452906681421,0.956808686088943
83.0616342879722,0.95653189259369
83.1191807885708,0.955555822261336
83.1627268019449,0.954655292108021
83.206272815319,0.953732403123041
83.2184996023575,0.953472940194486
83.2257128366905,0.953351005451747
83.2302116408626,0.953458660177422
83.2347104450348,0.953570155757228
83.2417655336181,0.953744442388035
83.2637165470891,0.954286314799444
83.2939237820147,0.955030963151026
83.3241310169404,0.955774384474187
83.3305589223383,0.95575200168515
83.3369868277361,0.955696403584424
83.3450577845906,0.955627196303001
83.3679836553868,0.955430520172687
83.4090409524449,0.955078051110935
83.450098249503,0.955148683118075
83.4765459293807,0.955370320462458
83.5029936092584,0.955591382727973
83.5179932650832,0.955716685373502
83.532992920908,0.955571538522028
83.5437070046254,0.955290864464266
83.5519885328346,0.955074718714215
83.571961631386,0.954552982904916
83.5957525285174,0.95393069226784
83.6195434256489,0.95330754883274
83.6272051358466,0.953166007727865
83.6322310836654,0.953290376348058
83.6372570314842,0.953417774643125
83.6459929373954,0.9536387160575
83.6725857904901,0.954310624946317
83.7200847714763,0.955508319498907
83.7358438770378,0.955479569691315
83.7463091310727,0.955283248289566
83.7567743851077,0.955088076094302
83.7796346481598,0.954661454925486
83.8050261222905,0.954187071710447
83.8209793573549,0.953888772262279
83.8369325924193,0.954000952792933
83.8500584626293,0.954306322012519
83.8631843328393,0.954610329943275
83.8918510607189,0.955273521708854
83.9131303541196,0.955765219569911
83.9246132194041,0.956030326471702
83.9360960846886,0.95602067649476
83.9441725694546,0.955959385958825
83.9522490542206,0.955898624253304
83.9760097449965,0.95571978543947
84.0331074763698,0.955234590647867
84.0531937110417,0.954901267679705
84.0732799457136,0.954567110688602
84.1263554434139,0.953682885214639
84.1343227689709,0.953754945552766
84.1422900945279,0.953885899438947
84.1502574200849,0.954016226079257
84.172978048441,0.954387696988551
84.2072361964637,0.954947261126683
84.2249148432018,0.955235745717593
84.2366375667467,0.955264374460082
84.2483602902916,0.955231318665478
84.2600830138365,0.95519864810664
84.2972198793473,0.95509514007489
84.326401122486,0.955013774639185
84.3443986452926,0.955113088436316
84.3623961680993,0.955239035991719
84.3869046915873,0.955410344539763
84.4153087831074,0.955608792292597
84.4344215886035,0.95564188572919
84.4535343940997,0.955414793736092
84.480742856169,0.955091194841746
84.5275825218085,0.954533561646619
84.5388797112768,0.954561580852353
84.5501769007452,0.954615319554427
84.5655049358646,0.954687965172507
84.6196956045697,0.954944687213088
84.6795335020989,0.955309195776959
84.7199642950289,0.955566843769982
84.7468122785254,0.955519407970565
84.7736602620218,0.955338203493401
84.8005082455183,0.955157307990688
84.8840475687645,0.954774452282035
85.0179195212196,0.954546091383902
85.0915740370087,0.954801460315613
85.1360493316902,0.955014326773685
85.1666896748959,0.955288642095368
85.1973300181017,0.95556313069879
85.2920759734196,0.954496347581353
85.3078025727863,0.954124554772685
85.323529172153,0.953753362960022
85.331259530034,0.953570830461416
85.3389898879151,0.953673164751789
85.3477016863405,0.953979475550691
85.3564134847658,0.954284037745291
85.3743653863738,0.954911001479344
85.4354256830164,0.956955359450434
85.4366712024849,0.956933332068016
85.4379167219534,0.956903396973725
85.4394427460917,0.956868502599632
85.4424143270532,0.956800078980238
85.451516036771,0.956590533805871
85.4938909438754,0.955613694000633
85.5358343334309,0.95471802386082
85.5386714670397,0.954762728908365
85.5415086006484,0.954811938956929
85.5455703766265,0.954881717166849
85.5556370022274,0.955054584262881
85.5957074247629,0.955742108511222
85.6280969597109,0.956297076716908
85.6458741181393,0.956359942870536
85.6636512765677,0.956263980581139
85.6776310642519,0.95618899951982
85.7173448094984,0.955975947817693
85.7420574814665,0.955744550628714
85.7667701534346,0.955260771059333
85.8050185950631,0.954510920991678
85.8275232458817,0.954069136025219
85.8500278967003,0.954346000423079
85.8584746042743,0.954618357050046
85.8669213118482,0.954889036716631
85.8845221786635,0.955452581013105
85.9121141922612,0.956334688018034
85.9291545599634,0.956878600661791
85.9461949276655,0.957012916177463
85.9572491994444,0.956914739212202
85.9683034712233,0.956817767327111
85.9924669255836,0.956605710290729
86.046437221422,0.956041150302093
86.0797948441503,0.955425875184182
86.1131524668786,0.954809383012974
86.1292053572568,0.954512382338627
86.1399696106176,0.954407601547361
86.1507338639784,0.95456185069767
86.1614981173392,0.954716352751582
86.1922557447886,0.955157537408706
86.3181777398216,0.957834708229232
86.3324952118515,0.958195360820241
86.3468126838814,0.95879811389693
86.3669794116192,0.959868160192259
86.381173668279,0.960619213840037
86.4201963482403,0.962677695039896
86.4338442218196,0.96339546316968
86.447492095399,0.963643955811389
86.4578251769217,0.963606308407489
86.4681582584445,0.963570272410184
86.4888986543423,0.96349780020989
86.5808331712362,0.963275604164376
86.6527154892919,0.96319892672038
86.7245978073475,0.963137284376335
86.8080821886011,0.96317734476359
86.8915665698547,0.96313675118614
87.0313558966321,0.963035179314779
87.1711452234096,0.962917910081018
87.2765611662675,0.962868273200131
87.4249460809793,0.962808551314428
87.5929769522302,0.962660156522401
87.7100366243356,0.962641535215809
87.8270962964409,0.962534278085144
87.9114470271611,0.962557922421253
87.9777151361607,0.962557101972385
88.0439832451603,0.962461278658659
88.11025135416,0.962349839562188
88.2125524545884,0.962017897262437
88.3452937688912,0.960868859254899
88.3670907361802,0.960824067600662
88.3888877034691,0.960846587864897
88.410684670758,0.960868881712962
88.4902699185589,0.960860949122535
88.5698551663597,0.960781739355236
88.6494404141606,0.960771250606209
88.7636485001549,0.960756508214488
88.8231560146311,0.96061189097557
88.8826635291074,0.960600215577593
88.9421710435837,0.960715092484796
89.00167855806,0.960667637708918
89.0479521073589,0.960605431313879
89.112865145633,0.960606782649559
89.1777781839071,0.960579746046344
89.2426912221812,0.960493677375305
89.3212885728988,0.960514968577581
89.3998859236163,0.960484995059541
89.516807172164,0.960448791113141
89.6337284207116,0.960364709183938
89.7506496692593,0.960225158832347
89.8094506819333,0.960314694881503
89.8682516946074,0.960354891976068
89.9270527072814,0.960189671600356
89.9858537199555,0.960159710605838
90.0446547326295,0.96025370391709
90.1034557453036,0.960195998585547
90.1622567579776,0.960115212850763
90.2641469882912,0.960099487503269
90.3660372186048,0.96010789120873
90.4679274489183,0.960017845400598
90.5456496169521,0.960054883363976
90.6233717849859,0.95995286635313
90.6844191455539,0.95989804994891
90.7579191566839,0.959891122521495
90.8314191678139,0.959877684912958
90.9814490371784,0.95985190693357
91.1314789065428,0.95976861634084
91.2381184332674,0.959728445884474
91.344757959992,0.959682643654307
91.450429684711,0.95960514482887
91.5215113512931,0.959671177902413
91.5925930178752,0.959655833356172
91.6636746844573,0.95953860121523
91.7347563510395,0.959547318669825
91.7904550088294,0.959527219656945
91.8929968655107,0.959466069744305
92.1037661041776,0.959449505454776
92.176844887945,0.959458791017797
92.2499236717124,0.959288273690505
92.3230024554797,0.959308066187335
92.3757992182681,0.959336532281634
92.5158247243209,0.959286907549897
92.6558502303738,0.959234799733638
92.7534882868347,0.959156879447504
92.8511263432956,0.959137628867919
92.9487643997565,0.959127915119594
93.1003039383324,0.959084379331282
93.2518434769082,0.95903442486578
93.3686030033326,0.958978574030283
93.485362529757,0.958905006066273
93.5646096111805,0.958942563848216
93.6438566926039,0.958877591437046
93.7231037740274,0.958825052338154
93.8668996458105,0.958874319954262
93.9632487838379,0.958856095491213
94.0595979218652,0.958748217671906
94.1778563886529,0.958728250145068
94.2961148554406,0.958658824355788
94.3845774287353,0.958655598478339
94.4730400020299,0.95866181055595
94.6246605013462,0.958566657124666
94.7033287245837,0.958554421267395
94.7819969478212,0.958554976105684
94.8873674783376,0.958481946286982
94.992738008854,0.958487789841761
95.0141121320588,0.958506883431354
95.0354862552635,0.958525994128044
95.0442836038749,0.958533837088461
95.0502459378631,0.958539156629941
95.0562082718513,0.95810224204456
95.0608237651143,0.957603436400597
95.064480641586,0.957210001763255
95.0710862358629,0.956498138102793
95.0925193260306,0.954180555699116
95.1109425543879,0.952178905637839
95.1293657827452,0.950168302134328
95.1490958069275,0.948005018145252
95.1523343452661,0.947698903893437
95.1528441016524,0.947713532094364
95.1533538580388,0.947744567537596
95.1540349071699,0.947782425151902
95.1554285888984,0.947860816084847
95.1593443760847,0.948080769073148
95.1706257121389,0.94871384466002
95.2145807546675,0.95117200288722
95.2540552535495,0.953390448303697
95.2676983765428,0.954294996336686
95.2813414995361,0.955198664711583
95.3130904987053,0.957294710529966
95.3374257640941,0.95889475169295
95.3471422030841,0.959532046432911
95.3522770229569,0.959868476964165
95.355622362621,0.959922230800793
95.3589677022852,0.959918748218889
95.3623130419493,0.959916737587643
95.3693980480322,0.959912180451642
95.395039339037,0.959895676328495
95.5232457940613,0.959823190476925
95.5470416022716,0.959811292618118
95.5708374104819,0.959467873879577
95.5879760180825,0.959138002578617
95.6051146256832,0.958808226391325
95.6386143428624,0.958162962191505
95.6518581107548,0.957907605254334
95.6604913757167,0.957572545429535
95.6691246406785,0.957176732849985
95.6777579056404,0.95678110227072
95.7032772915136,0.955609605692345
95.7575308063678,0.953190797709904
95.7645318624821,0.953028791707372
95.7715329185963,0.952868764961092
95.785044907308,0.952559741971433
95.8262591314638,0.951615572795532
96.0308621629492,0.954993202212258
96.0702204723384,0.956252080186119
96.083834837953,0.956443280308301
96.0974492035677,0.956635379313744
96.129061820383,0.957081172686534
96.1513522956068,0.957395209789931
96.164254639239,0.957374839367456
96.1771569828712,0.957270475626198
96.1900593265034,0.957166551605463
96.228273080139,0.95685863254912
96.2577433290335,0.956527915147199
96.2592266814158,0.956441076532976
96.2607100337981,0.956347934357016
96.2626504974337,0.956227453422471
96.266712080194,0.955974868786124
96.2804970157044,0.955116560216571
96.3466771611401,0.950973089602794
96.3530242170618,0.95057368885107
96.3593712729836,0.950450501263601
96.363874515441,0.950554540859444
96.3673813943941,0.950633179182793
96.3735493447177,0.950771705287214
96.392333235884,0.95119352219807
96.4356272645551,0.952164163871459
96.4554124742745,0.952607053020346
96.4673539777053,0.952724197332165
96.4792954811362,0.952831937125775
96.4996833314328,0.953015934608055
96.5334969671654,0.953320949195057
96.5518379117882,0.953486301329465
96.5701788564111,0.953937121623954
96.583409466391,0.954325067213139
96.5966400763709,0.954712354221614
96.6394839010658,0.955964176372146
96.6532440937455,0.956365504246779
96.6616517300276,0.956400279429031
96.6700593663098,0.95632432666383
96.6784670025919,0.956249305653121
96.6990557349426,0.956065519409035
96.7307592846904,0.955782314160631
96.7508670167951,0.955602610394578
96.7709747488998,0.955058150747798
96.7910824810045,0.954347333053993
96.8066948061759,0.953795076393297
96.851735079687,0.952198154083464
96.8666077315379,0.95188310574437
96.8814803833887,0.951690029883692
96.8963530352395,0.951496320644937
96.9369777122727,0.950966671099042
96.9599278835458,0.950756355010908
96.9674104694277,0.950888227150113
96.9748930553096,0.951021991110624
96.989392845264,0.95128113387672
97.0330992418735,0.95206105515782
97.1039862378408,0.953613178602214
97.1748732338081,0.955246884106629
97.2068872461327,0.955879714260121
97.2389012584573,0.956511585739183
97.2513253995373,0.956756563118391
97.2582470733723,0.956880343885117
97.2598501827387,0.956831496799123
97.261453292105,0.956775781698711
97.2634775909685,0.956706833778544
97.2676384511302,0.95656478681431
97.2816751808108,0.956085268302789
97.3489302135142,0.953780712562816
97.4080588016992,0.951687733953373
97.4320515893147,0.950831419909756
97.4560443769301,0.949973433563536
97.4644329287418,0.950030913647314
97.4728214805536,0.950298198374151
97.4790939962996,0.950496646791948
97.4927641754319,0.950928802049964
97.5400613224931,0.952421050010276
97.5579638436893,0.9529845838692
97.5627330242345,0.952963017923723
97.5675022047798,0.952885440794163
97.572271385325,0.952808817890455
97.5843644299987,0.952614363628056
97.6275754835684,0.951918720062332
97.6475611868438,0.951596623553924
97.6580992099356,0.951426693249381
97.6643614150021,0.951495821664057
97.6706236200687,0.951598482102806
97.6786050876772,0.951728692291799
97.7012378514116,0.952097708993791
97.7339436435173,0.952630479702901
97.7537031792976,0.95295204727676
97.7734627150779,0.952939514455429
97.7932222508582,0.952765461272587
97.808717685866,0.952629336766599
97.8533134937636,0.95223744763737
97.8800352664024,0.952263740677316
97.9067570390412,0.952379555616114
97.93347881168,0.952495146928557
97.9921791441478,0.952440652657912
98.0311549507694,0.952233709839063
98.0571867870689,0.952095623069508
98.0736471585872,0.952175399738244
98.0901075301054,0.952307837377009
98.1065679016236,0.952440026524744
98.1478964606338,0.95277171605216
98.189225019644,0.953652855443661
98.221200120152,0.954533600679528
98.2442503791236,0.955167179594334
98.2564518087011,0.955502171110288
98.2686532382787,0.955545624236598
98.2823901866432,0.955389388592061
98.2961271350078,0.955234125178014
98.3273009204437,0.954881654721916
98.3538387380103,0.954581336668202
98.3803765555769,0.953975266710521
98.401038623679,0.953412376071137
98.421700691781,0.952849059383111
98.4455736071623,0.952197359942413
98.4586076810848,0.951841136281219
98.4716417550073,0.951774252134054
98.4818142909225,0.951806126090376
98.4919868268377,0.951837412089328
98.5200955029524,0.951923800103816
98.6338161026221,0.952083998598098
98.6581175003327,0.952094429014074
98.6728557533076,0.952286287166351
98.6875940062825,0.952547599899383
98.7023322592574,0.952808442055546
98.750246383942,0.953655344914043
98.7779005804187,0.953849408399517
98.7964810491563,0.953806468741964
98.8150615178938,0.953764180655713
98.8630001226315,0.953655163435806
98.87026399322,0.953753475475539
98.8775278638084,0.953853590228764
98.8920900662263,0.954054198591163
98.9389439786377,0.954698834598387
98.964125255714,0.955022058532961
98.9719468439382,0.954970182519879
98.9797684321623,0.954916338230458
98.9949168752956,0.954812063688744
99.043937964799,0.954474681205405
99.091321877757,0.95356141496069
99.1101497805675,0.953038311390218
99.128977683378,0.952515195068559
99.1549628377223,0.951792291531749
99.1809479920665,0.951362110397918
99.2147477477778,0.951010919828472
99.2389542332556,0.95075898744025
99.2537755688457,0.950604612838952
99.2619695023536,0.950519257123659
99.2701634358615,0.950722959414831
99.2764347420958,0.950958611262436
99.2827060483301,0.951193167811582
99.2983289154741,0.95177698072797
99.3530104485219,0.953814608634951
99.3610562560049,0.954113642528572
99.3663735007484,0.954222186463303
99.371690745492,0.954053254264563
99.3770079902355,0.95388285452445
99.3891131396925,0.953494801646589
99.4291220750044,0.952210014099512
99.464078462702,0.951084438107761
99.4689310165607,0.951179732817168
99.4737835704194,0.951345109981
99.4786361242781,0.951509180970237
99.4899463645612,0.951891468919114
99.5274277785294,0.953156193963318
99.5508016678434,0.953943081613479
99.5628727189698,0.954348923003737
99.5709409773045,0.954450175822276
99.5790092356393,0.954485061313598
99.5870774939741,0.954520555898887
99.6099461011754,0.954621135352207
99.6365294886641,0.954737988260624
99.6631128761527,0.954854821358113
99.6736162228154,0.954580869129422
99.6841195694781,0.954177019870434
99.6946229161408,0.953773695494392
99.7201389264817,0.952792426090751
99.7530236463581,0.951524548745825
99.763077840313,0.951136197003246
99.773132034268,0.951040262894127
99.7831862282229,0.951143485522786
99.7907994383782,0.951220596697892
99.8084123824766,0.951398880260647
99.8747229932794,0.952072570056478
99.9359252038798,0.952713998272828
99.974471458319,0.953050779133132
100.013017712758,0.953106849604446
100.042278554468,0.953149220088846
100.060412781346,0.953175445206201
100.078547008223,0.952915543408931
100.096681235101,0.952442194494454
100.109787788105,0.952100336906069
100.144660734889,0.951189593378449
100.159394257377,0.950804233002239
100.167288906965,0.950597613770721
100.175183556552,0.950676714593537
100.180872243085,0.950796815879456
100.186560929618,0.950916002006479
100.201385972225,0.951226505026726
100.253827782685,0.952323309821668
100.272952853749,0.952646798168194
100.284511901754,0.952586880787507
100.296070949759,0.952525640398764
100.320396312902,0.952396631283907
100.404453138582,0.951964291106989
100.445428548675,0.951763355954559
100.465734645404,0.951663721490444
100.486040742134,0.951855727575705
100.501676837074,0.952084973696662
100.517312932014,0.952313758684525
100.566290380323,0.953029572062322
100.583618506034,0.953111569357611
100.600946631744,0.953127105722141
100.618274757455,0.953142898526053
100.678295165454,0.953178641922997
100.752414084284,0.953021244012798
100.805025188989,0.952815046696095
100.852236309828,0.952574791871967
100.899447430667,0.95209348559797
100.946658551506,0.951419609068122
100.966959939615,0.951129610285481
100.987261327725,0.951166006817681
101.012494522639,0.951433310433294
101.030275616902,0.951621192772396
101.081289865933,0.952147208272667
101.15487440352,0.952796541643799
101.228458941107,0.953423091539755
101.251933658633,0.953620335328025
101.275408376159,0.953800833968293
101.277816924543,0.953726104152683
101.280225472926,0.953646103639501
101.283521679177,0.953537433680574
101.291052041706,0.953289069161531
101.319207635993,0.952359125665488
101.351901270096,0.951276896486157
101.364471804845,0.950860086745355
101.372613182497,0.950589930705861
101.380754560149,0.95069842753892
101.388895937801,0.950977428076401
101.395343952761,0.951197073019212
101.409847697649,0.951690727402782
101.461680673673,0.953450728394658
101.472227940562,0.953808017993491
101.48277520745,0.95379940170536
101.490478933353,0.953690979652307
101.498182659256,0.953583527806119
101.516825215152,0.953323380851264
101.561319381244,0.952701774688098
101.605813547337,0.952506615343051
101.650307713429,0.952524791531344
101.681708894003,0.952565963879169
101.713110074576,0.952737170423672
101.74451125515,0.952908484842233
101.822417780311,0.953076883527248
101.855630640991,0.953073777454221
101.874672818519,0.953072080740669
101.886744515894,0.952912413237328
101.898816213268,0.952712094048755
101.913576064854,0.952467341485914
101.963062228371,0.951645811388876
101.976659989189,0.951419798994829
101.981111063371,0.951483390511265
101.985562137554,0.951563184171381
101.991794293115,0.951674222967029
102.009810132437,0.951995090036351
102.052668189396,0.95275755862165
102.070901970271,0.953081551875744
102.089135751145,0.953106798392838
102.104391812998,0.952962923039046
102.119647874852,0.952819749115616
102.157744421606,0.952462117781993
102.20688525571,0.952407625981707
102.238277875352,0.952557700233643
102.269670494994,0.952707332684484
102.32242256335,0.952782643416576
102.375174631707,0.952819563760079
102.440215418631,0.952798533575613
102.472447875318,0.952786013439656
102.504680332005,0.95306728287634
102.527924574542,0.953336347208584
102.551168817078,0.953605077499951
102.584283436764,0.953914271718245
102.59642409902,0.953845301683399
102.608564761276,0.953775300404354
102.636385912127,0.953614782241912
102.741658468071,0.952418087108578
102.777099172753,0.951872935012949
102.792167620574,0.951945046240713
102.807236068396,0.952128397899264
102.822304516217,0.952311171364981
102.86453291,0.952822911547909
102.913081672922,0.953177612613386
102.961630435845,0.953399429624663
103.010179198768,0.953457420749163
103.058727961691,0.953395375258617
103.107276724613,0.953173475575982
103.155825487536,0.952802075171649
103.177298686801,0.952637783567126
103.198771886065,0.952763624371789
103.215604823537,0.952947220157096
103.232437761009,0.953130401556144
103.285694439049,0.95366529936009
103.294177213175,0.953619094307404
103.3026599873,0.95357137642061
103.320432615562,0.953471377263215
103.380411559931,0.953133939263787
103.440904297221,0.952836799806126
103.467609182481,0.952706798688437
103.481897001751,0.952637245765157
103.496184821021,0.952852955785282
103.506349433911,0.953065882714115
103.516514046801,0.953278280617382
103.547768401684,0.953930722282284
103.570413194497,0.954402871163157
103.581266675908,0.954628990296406
103.59212015732,0.954564456438677
103.606054887781,0.954274298616216
103.616301575234,0.954061571563347
103.642040108277,0.953526830120668
103.664697614662,0.953055539176296
103.687355121047,0.952638396324533
103.691047196384,0.952708941936119
103.694739271721,0.952783644454842
103.700304357737,0.952895606185501
103.717289351389,0.953237205511694
103.761126739881,0.95411772186826
103.775972540586,0.954415522007583
103.784441371317,0.954585315835364
103.792910202049,0.954451784474639
103.801379032781,0.954176106781337
103.809847863512,0.953901478474892
103.82891933164,0.953282409487875
103.858023467944,0.952335950214332
103.887127604249,0.951393395486463
103.888710748029,0.951409991440673
103.89029389181,0.9514332579776
103.892327335068,0.951461784815397
103.896400869894,0.951519144024165
103.909699301594,0.951706379056276
103.971119532286,0.952570057710595
104.013641578322,0.95345085022905
104.056163624357,0.954519093691967
104.087428235227,0.955302712259939
104.092221564597,0.955230111591644
104.097014893966,0.955124399269288
104.102843964313,0.954996698788259
104.118232013425,0.954659330235958
104.180268502127,0.953296575237938
104.208943691095,0.952879562680971
104.237618880064,0.952558235192428
104.266294069032,0.952236466023293
104.281158801866,0.952069554090747
104.288876386609,0.951982878108314
104.293899559985,0.952092953419888
104.298922733361,0.952258799619558
104.303945906738,0.95242368093127
104.317100806154,0.952855288083372
104.364612558632,0.954410815131589
104.379216188079,0.954887854644861
104.388272572296,0.955183438296978
104.397328956513,0.955135865039236
104.40638534073,0.954929115441426
104.415441724948,0.95472354906844
104.435390742492,0.954270402765524
104.476350536148,0.953338463373881
104.517310329803,0.952729743124982
104.553617445232,0.952370610642034
104.589924560661,0.952010873877572
104.601169113131,0.952046129856803
104.612413665602,0.952117225217997
104.626709913764,0.952207301008157
104.674850332123,0.952510447650656
104.736391789965,0.953319244714023
104.797933247808,0.954155668852164
104.803096324738,0.954045161429174
104.808259401669,0.953931011688738
104.81688127451,0.953740779657823
104.842518366934,0.953174647633698
104.880952269063,0.952324551190871
104.891794941501,0.95208443983534
104.897936695108,0.952187493683162
104.904078448715,0.952438661912452
104.910220202322,0.952688009019626
104.923121523906,0.953211412697437
104.964168718091,0.954872851246443
104.985693960268,0.955741666991131
104.992519515608,0.956016818174646
104.999345070949,0.955987303611945
105.00703147078,0.955739705171734
105.014717870612,0.955493932047782
105.029743202551,0.955013048127621
105.079216615628,0.953425848869659
105.12580610437,0.95308340007019
105.139817411021,0.953179544332298
105.153828717672,0.953274645446539
105.185606502114,0.953490172112377
105.222002456489,0.953319201089012
105.258398410865,0.952977862091981
105.286079222691,0.952718293917357
105.314199938671,0.952967532431183
105.33147025996,0.953325243550493
105.348740581249,0.953681837342662
105.39007177792,0.954533997614364
105.406659478994,0.954563750924882
105.423247180068,0.954361156878324
105.434930562025,0.954219090731798
105.46497666126,0.953853594615155
105.530651282692,0.952907173006873
105.596325904124,0.95180882892174
105.604063389498,0.951928022588564
105.611800874872,0.952189734067793
105.619538360246,0.952449989285834
105.636739960609,0.953028042115329
105.695362785173,0.954992681065578
105.704008731044,0.955011270705935
105.712654676916,0.954818946652941
105.719163653755,0.954675395517264
105.733654589321,0.954355585505872
105.787146557445,0.953172920564268
105.796669275823,0.952962058957472
105.8061919942,0.953047749736693
105.815762346409,0.953305170737574
105.825332698618,0.953561180859965
105.846354459067,0.954122986754536
105.87004311741,0.954755295411329
105.893731775752,0.955386708270067
105.9018433278,0.955556632660382
105.903991546098,0.955495776137228
105.906139764397,0.955429724487787
105.909086427224,0.955340049230036
105.915821641151,0.955134912209123
105.941592795401,0.954349075862678
105.987308130964,0.952951730139277
105.999973831558,0.952563817994772
106.006761820682,0.95255784252133
106.013549809806,0.952593388338109
106.02033779893,0.952628388951323
106.040728051465,0.952733536361954
106.08794371822,0.952976981600173
106.135159384975,0.953519850693784
106.182375051731,0.954190641357255
106.229590718486,0.954425903722465
106.252392462609,0.95437421769064
106.275194206732,0.954323044748043
106.338599145479,0.953920954788436
106.402004084225,0.953313211074264
106.415697629897,0.953328145253403
106.429391175569,0.953369919861819
106.448196735395,0.953427084367565
106.488643037705,0.9535499865341
106.529089340015,0.953996830251463
106.566794482941,0.954600510958337
106.604499625866,0.955185425034042
106.607547003028,0.955129553295036
106.61059438019,0.955069256552674
106.615059799694,0.954981503615195
106.626536248718,0.954755950843478
106.672673810694,0.953847949606499
106.692326694398,0.953460624796052
106.702599334394,0.953258034843719
106.712871974389,0.95334269556941
106.720453334864,0.953474874883406
106.72803469534,0.953606306117205
106.748645872839,0.953963453191503
106.779829530467,0.954503310048615
106.799100043381,0.954836596407569
106.818370556295,0.95482698047644
106.837641069209,0.954660760823989
106.852898927809,0.954529553834506
106.897300053716,0.954147572693303
106.930917423419,0.954094837941246
106.964534793122,0.954126480731086
106.998152162825,0.954157964177349
107.128763567755,0.954358993833842
107.201939416341,0.954469991338667
107.246539487389,0.954689190770329
107.291139558438,0.954928122217227
107.305209892871,0.95500346903571
107.314510014189,0.954868169090749
107.323810135508,0.954647555723064
107.333110256826,0.954427501485791
107.358513030397,0.953825884346637
107.392965082976,0.953008626571281
107.40381401887,0.952750968125934
107.414662954765,0.95284205916459
107.42551189066,0.953165120635874
107.433276358828,0.95339510992581
107.45109795919,0.953922545971205
107.486753545764,0.954976028982996
107.504108565419,0.95548791091727
107.521463585074,0.955704544590101
107.533800999545,0.955795097881271
107.546138414016,0.955886012657009
107.585477078898,0.956175787108421
107.600994323181,0.956290029378802
107.608919057085,0.956348364575618
107.609902868076,0.956306087886275
107.610886679067,0.956249383806446
107.612132537923,0.956179662099355
107.614573493119,0.95604244095899
107.621784215613,0.955636971141592
107.654754261672,0.953778384579293
107.695277530531,0.951483453457304
107.702508233756,0.951072726647401
107.709738936981,0.950749025972492
107.710331212601,0.950778535893479
107.710923488221,0.95082034939754
107.711722405881,0.950873742911585
107.713340579,0.950982685047647
107.717920897033,0.951290707460638
107.735152793733,0.952447652220282
107.767769528675,0.954629446968483
107.800386263617,0.956800766739195
107.826798001296,0.957032664080369
107.833658011053,0.956859274884202
107.84051802081,0.956688483228648
107.852787753788,0.95638270101875
107.89093178993,0.955430599419343
107.926327392172,0.954468163349626
107.961722994415,0.953411667160651
107.997118596658,0.952352860491009
108.00596104261,0.952087972978499
108.010661513102,0.951947095785319
108.012428320272,0.951990643257083
108.014195127443,0.952069862818306
108.015961934613,0.952147263889026
108.019436512264,0.952299948987324
108.029854334729,0.952757394918475
108.075958558951,0.9547762160595
108.108737321195,0.95620608654498
108.114472527227,0.956200361160698
108.12020773326,0.956009504780359
108.125942939293,0.955820804357524
108.137078063706,0.955454031962921
108.172000753185,0.954301657535603
108.211907850452,0.952981220355849
108.213195925689,0.952998796146068
108.214484000927,0.953029780138103
108.216081502748,0.953066454851337
108.219159401972,0.953137511699636
108.228463487876,0.953352185596704
108.270545726934,0.954321832734937
108.305184301316,0.955118415813342
108.327421284383,0.955440991105252
108.349658267451,0.955677722122939
108.371895250518,0.955914596766825
108.405521278217,0.956272575628193
108.424147959752,0.956239274676747
108.442774641288,0.956078147552528
108.461401322824,0.955917444522459
108.515156876158,0.95546647728761
108.539637062976,0.955404149446155
108.564117249794,0.955342345460999
108.591853716176,0.955272349710102
108.607978249898,0.955231639463818
108.62410278362,0.954879537359041
108.640227317341,0.954380244484977
108.656351851063,0.953881036050518
108.69890076567,0.952561139389422
108.710034491672,0.952215107932657
108.717117968492,0.952276057909916
108.724201445311,0.952557615176853
108.729535704525,0.952767888675834
108.740757817385,0.953210039628505
108.778289592237,0.954685830614387
108.812688299684,0.956034195152886
108.814807128228,0.956024454315666
108.816925956773,0.955989792818087
108.819044785317,0.955956292340407
108.823382660724,0.955887472225105
108.83784319905,0.95565800011625
108.906913176667,0.954560379309589
108.920090133104,0.954647965982412
108.9290590021,0.954890022471358
108.938027871096,0.95513048355314
108.957043691283,0.955639907297142
108.982687594579,0.95632605450156
109.008331497875,0.957011154706873
109.01466725693,0.957140041279154
109.016379386689,0.95708184415811
109.018091516448,0.957017642983115
109.020341914686,0.956934484760876
109.025187723943,0.956755119236451
109.042913087585,0.956098428638052
109.07373734866,0.954954194680596
109.104561609735,0.953807055785913
109.114562234282,0.953461051823871
109.116826971654,0.953483598330329
109.119091709025,0.953511641576119
109.122144955155,0.953548529209162
109.12895221504,0.953630805899443
109.154414922091,0.953938507421193
109.223162239497,0.954695755903122
109.246469136583,0.954769379609706
109.269776033669,0.954842464433622
109.304067984716,0.954949926186469
109.338359935762,0.954762744919337
109.372651886809,0.954434808494122
109.406943837856,0.954106901462384
109.431741531627,0.954091346452189
109.456539225398,0.954206549718435
109.481336919168,0.954321379624933
109.513884824927,0.954472019669867
109.534037447737,0.954720341284737
109.554190070548,0.954998218385831
109.581082446447,0.955368625924099
109.602981378034,0.955670023518822
109.614731434444,0.955831661426957
109.622807425525,0.95577057575611
109.630883416607,0.955636269818712
109.638959407689,0.95550260086241
109.661286677241,0.955132814501583
109.696986012485,0.954540892417513
109.715533885583,0.954233052262953
109.727273542831,0.954201083850567
109.73901320008,0.954215474218546
109.750752857328,0.954229567561708
109.79155284943,0.954278531715084
109.82545124923,0.954240784229313
109.859349649031,0.953920927894898
109.893248048832,0.953600593541089
109.922263918562,0.953384484864392
109.940776899401,0.95346490695654
109.95928988024,0.953546018780232
110.005838156293,0.95374998529484
110.038377508228,0.954464865915585
110.051495752858,0.954912874468755
110.064613997487,0.955359536930083
110.096169768683,0.956432148291061
110.109423172115,0.956881908053769
110.116770463944,0.957131046044372
110.124117755773,0.957083091198153
110.131465047602,0.956893519008993
110.138812339431,0.95670529526359
110.15485390908,0.956293981282138
110.21265350648,0.954808753823665
110.237848878274,0.954481290572371
110.263044250068,0.954289544155623
110.288239621862,0.95409735217636
110.365427421363,0.954185337514291
110.399596944753,0.954435691331171
110.433766468143,0.954620804812633
110.467935991533,0.954708140683238
110.502105514922,0.954795636602255
110.561902302884,0.954754884322988
110.621699090845,0.954629651515846
110.638702247021,0.954740693772917
110.655705403197,0.954852593126658
110.69603620379,0.955117969923927
110.716300419134,0.9552512263834
110.736564634478,0.955086726846231
110.756828849822,0.954801546266182
110.777093065167,0.954516598726017
110.809266534575,0.954063851548503
110.841440003983,0.953914542613387
110.863757574902,0.9539711694476
110.886075145821,0.954027285156208
110.912198126253,0.954092919297631
110.938321106685,0.954455439698243
110.964444087117,0.955031763243468
110.983071244937,0.955441864731432
111.002628029207,0.95587200483049
111.022184813476,0.956301752140369
111.026686642058,0.956209483013573
111.03118847064,0.956066023175456
111.035690299221,0.95592355223725
111.046827524169,0.955570734773155
111.088018763868,0.954263369870874
111.108957988082,0.953597335561357
111.119804213848,0.953251950676575
111.130650439615,0.953199964614573
111.143996841422,0.953377060338779
111.153389899888,0.953500778749085
111.176062299776,0.953799226426629
111.229781487579,0.954460760097883
111.251537000122,0.954577039705818
111.273292512665,0.954692789870431
111.334282106531,0.955003854485625
111.420588759005,0.955350950968832
111.441338742502,0.955608547570315
111.462088725999,0.955914793482384
111.482838709496,0.956220666652305
111.509242045102,0.956609568580042
111.519814210192,0.956765198184224
111.526729161082,0.95677852725774
111.533644111973,0.956509375704453
111.540559062863,0.956238902981884
111.556837405516,0.955601635976738
111.609939672208,0.953516609863347
111.619241174763,0.953150395660052
111.623992562199,0.952963212367977
111.628743949636,0.95306495491061
111.632079681922,0.953201219161458
111.635415414207,0.953335722677292
111.642146900128,0.953607314838071
111.664014618087,0.954488555579077
111.687105698242,0.95541721548785
111.710196778397,0.95634398079254
111.719391206322,0.956712474721117
111.724606030256,0.956921341544171
111.729820854189,0.956834796134133
111.735035678123,0.956625128124816
111.740250502056,0.956417192129914
111.751171206957,0.955981230663063
111.787039938864,0.954546265187642
111.820582332944,0.953200246840085
111.827035200073,0.953015426398213
111.829789376677,0.953109836295849
111.83254355328,0.95320911396634
111.836393815489,0.953347022015741
111.846676457549,0.953715253991329
111.888209264175,0.955199610164679
111.91004222331,0.955977953182199
111.921847356548,0.956398250575289
111.933652489786,0.95651928361725
111.945519991656,0.956468824866195
111.957387493526,0.956419398261406
111.984904188334,0.956304776467209
112.096112127354,0.956025476679376
112.11830084847,0.955991475827736
112.140489569586,0.95565077082719
112.162678290703,0.955106140438241
112.178833230851,0.954709660759798
112.22539108034,0.953565127296716
112.231663659774,0.953639608768795
112.237936239207,0.953802486146699
112.244208818641,0.953964217492778
112.259457910061,0.954357233548098
112.314165173408,0.955764523725702
112.323346323728,0.956000268628462
112.332527474048,0.955944957418143
112.341708624368,0.955683832902117
112.3486268049,0.95548817463192
112.364340516674,0.955043384574771
112.424501463049,0.953336293484946
112.433008834727,0.953386857168769
112.441516206405,0.953656870788941
112.447833648708,0.953855921796052
112.4617149937,0.95429305225247
112.511769591994,0.955865950880575
112.559962687733,0.956435874625837
112.577118032121,0.956465872423962
112.594273376509,0.956496598482903
112.616215389176,0.956535920369502
112.628569851566,0.956541982050989
112.6333605484,0.956413252676533
112.638151245235,0.956281608017641
112.646562842073,0.956050675756014
112.671381540094,0.955368740664542
112.706480211444,0.954402560938854
112.718981995273,0.954057919607321
112.726674810299,0.953845717922401
112.734367625325,0.953971424427755
112.74206044035,0.954256580579198
112.749753255376,0.954540033296081
112.766060578689,0.955140362311498
112.821762210075,0.957185110401761
112.828334429588,0.957425761057826
112.832012226454,0.957361697930615
112.83569002332,0.957242235195661
112.839367820186,0.95712414930246
112.847378745626,0.956866573703821
112.875671596476,0.955955663478956
113.017135850728,0.955090616571471
113.028824741415,0.955206099215607
113.040513632102,0.95533272874534
113.058271303668,0.955527431792408
113.108349908341,0.956076081017767
113.163807932879,0.956034637517992
113.185159771082,0.955856525622021
113.206511609285,0.955678892069324
113.265352010858,0.9547244698468
113.295978424493,0.954052128125921
113.326604838128,0.953379178583669
113.336543726144,0.953459046473033
113.34648261416,0.953790416184853
113.35348617894,0.954022520892167
113.369041304043,0.954537640101742
113.42692528842,0.956449529193368
113.442811321671,0.956624640544962
113.458697354921,0.956674016279319
113.474583388172,0.956723964105257
113.518242470125,0.956861224879567
113.528935260952,0.956894827989184
113.539628051779,0.956582069988872
113.550320842606,0.956120634778788
113.561013633433,0.955659750386419
113.586132831346,0.954575200693172
113.615024107393,0.95332451726945
113.6246786716,0.952905806489434
113.630279188363,0.952662737691306
113.635879705127,0.952729644712611
113.64148022189,0.952951057142106
113.647080738653,0.953170332559148
113.658330994048,0.953610625881702
113.69279235788,0.954956828108877
113.724225539689,0.956181236506504
113.742006504438,0.956594666601099
113.759787469186,0.956784341234999
113.772455153344,0.956920057586321
113.806199631052,0.957281398970052
113.824457229252,0.957476772710706
113.831844532192,0.957555801316966
113.836508569999,0.957425358642608
113.841172607807,0.957225603041666
113.845836645614,0.957026948319848
113.856921230595,0.956554294932068
113.897395705292,0.954824184267744
113.931939571184,0.953342338728577
113.936678485641,0.953392400744691
113.941417400098,0.953528283356104
113.946156314556,0.953662630249436
113.956599230263,0.953958710998165
113.99106246807,0.954934567641104
114.016176997411,0.955644371634828
114.029490739757,0.956020205098041
114.042804482104,0.956107155466962
114.053286147772,0.956089696287486
114.06376781344,0.956072851705662
114.092916132882,0.956025995206774
114.222497413476,0.955570864597033
114.261105458468,0.955063261731817
114.29971350346,0.954408627604337
114.324719525373,0.953984278248532
114.349725547285,0.954042562430725
114.365598444125,0.954265423108515
114.381471340965,0.954487281209341
114.419880633855,0.955023626771579
114.46931233724,0.955539635223292
114.518744040624,0.955984829439581
114.568175744008,0.955849462274984
114.599696921778,0.955579084369288
114.631218099548,0.95530894340805
114.695695113171,0.954871388591805
114.721436291091,0.95469952188862
114.735448773737,0.954605962991784
114.74340658914,0.954724584142004
114.751364404543,0.954859058798057
114.763154512636,0.955057882324152
114.802871813742,0.955727015882031
114.82474622714,0.956095130428587
114.838188307698,0.956265690554419
114.8475426353,0.956180686696498
114.856896962902,0.956094338846937
114.87729669191,0.955906008542581
114.92428096647,0.955472034972507
114.97126524103,0.95537656073733
115.006513368691,0.95540072485569
115.041761496352,0.955366805651815
115.054088480511,0.955184522246429
115.06641546467,0.955001097197503
115.094552929573,0.9545821078552
115.204331904301,0.954184345462413
115.232490837031,0.954292020256623
115.246765876336,0.954638540886911
115.25658025043,0.955052732794492
115.266394624524,0.955465250763361
115.287905964057,0.956368119126629
115.308575330646,0.95723400017824
115.329244697235,0.958098227985263
115.336934607695,0.958419340532537
115.344624518154,0.958338313104669
115.350212001952,0.958161515111477
115.35579948575,0.95798631949657
115.36779681687,0.957609723400762
115.409317171021,0.956303914906239
115.437425045903,0.955417797968335
115.450210033333,0.955282059782773
115.462995020762,0.955218267804887
115.475780008191,0.955154038860142
115.515039979255,0.954956735843403
115.539375928177,0.954834404280911
115.553265121603,0.954929734689268
115.56715431503,0.955034267071301
115.591270506956,0.955215770687528
115.618634989115,0.955421539029346
115.634934105738,0.955544064759173
115.651233222361,0.95534464113029
115.667532338983,0.954993795429399
115.683831455606,0.954643335360848
115.726607863336,0.953722314890368
115.737461342331,0.953488316118076
115.748314821326,0.95359418812526
115.759168300321,0.953874522856636
115.767635542005,0.954092196461384
115.788243493529,0.954621546002845
115.817279791009,0.95536639090667
115.835417800569,0.955831046110767
115.85355581013,0.955942786118432
115.87169381969,0.955891905481296
115.885899183597,0.955852554156431
115.926407368001,0.955740346725603
115.967861078284,0.956077495439458
115.995667368494,0.956470747793551
116.023473658704,0.956863236430799
116.037896276948,0.957066663663549
116.052318895192,0.956970690825874
116.066741513436,0.956749803855771
116.08116413168,0.956529440662561
116.120039524766,0.955934941917045
116.162620673022,0.955298418882303
116.205201821279,0.954677863272035
116.228214225864,0.954342122293748
116.238560136115,0.954191097152359
116.248906046365,0.954324469822836
116.259251956615,0.954684553388175
116.266767573787,0.954944824920672
116.284011727735,0.955541475061827
116.310816595362,0.956467425212655
116.337621462989,0.957391484413503
116.343461371947,0.957562341998048
116.344826450061,0.957520900365729
116.346191528175,0.957471825137869
116.347881376829,0.957412747902054
116.351246299108,0.957294663192353
116.362017650116,0.956916539051419
116.413493597917,0.9551051529303
116.429907489235,0.954526035678372
116.439957941646,0.954171068368903
116.450008394057,0.954150581143539
116.460058846468,0.954285281316205
116.470109298879,0.954418818100383
116.49305752535,0.954723571116283
116.546001578067,0.955412813443483
116.580492425722,0.955717993781891
116.614983273378,0.956022614087731
116.639154629872,0.956235950453974
116.654975682398,0.956189366133333
116.670796734923,0.95605702456004
116.686617787449,0.955925033382121
116.736353375857,0.9555098676108
116.756062674853,0.955696668513733
116.775771973849,0.956113144398514
116.789584994785,0.956404219951781
116.827149123955,0.957194823876463
116.840152634545,0.95746819405565
116.853156145136,0.957308253413149
116.863156537152,0.957037428106184
116.873156929169,0.956767545834721
116.896223847302,0.956144391640652
116.923589055412,0.955403970423125
116.937513757949,0.955026747868397
116.94532184623,0.954829507876666
116.947290240968,0.954863452397188
116.949258635706,0.954903067539907
116.95188494237,0.954954850319961
116.957637967732,0.955068409164907
116.979338473032,0.955496526327887
117.009427651648,0.956089456713946
117.039516830264,0.956681616625364
117.053526645024,0.956655584821114
117.062987064096,0.956454159034121
117.072447483169,0.956254049097436
117.092745276723,0.955824368997014
117.120311768222,0.955240113135276
117.147878259722,0.954717732422477
117.152420716821,0.954771744113494
117.156963173921,0.95482891682833
117.164725517974,0.954926286090821
117.186862278621,0.955203701676664
117.25632635298,0.956101202261913
117.325790427338,0.957178132388788
117.379086607669,0.956965447072599
117.392601736936,0.956734554424797
117.406116866204,0.95650452886424
117.437840237667,0.955964153994394
117.57024913511,0.954980416743453
117.589062906068,0.955133485821138
117.607876677027,0.955287247289155
117.639162028376,0.955542863710164
117.670447379724,0.956192166807036
117.693659430836,0.956790824401198
117.716871481948,0.95738833542212
117.748993399996,0.958162373408603
117.750364780509,0.958131491952081
117.751736161022,0.958093703600152
117.753488581678,0.958046976843972
117.75709008873,0.957950533974582
117.769077083803,0.957629467083253
117.827868213375,0.956051497782004
117.848605443389,0.955493591911351
117.853369143497,0.955541267353855
117.858132843605,0.955610649191516
117.8644073801,0.955701258575676
117.881847680431,0.955953090467783
117.956511546949,0.956958716755726
117.976564251831,0.957057764134471
117.996616956712,0.95715613792934
118.049026017884,0.957411998225934
118.050473706451,0.957361549752948
118.051921395019,0.957304762399017
118.053814817359,0.957231905850726
118.057790663454,0.957078543567128
118.071495916172,0.956549537375048
118.139682934794,0.953908409079321
118.145779968431,0.95367149415885
118.149419925585,0.953566774536653
118.150297324234,0.953609265587641
118.151174722884,0.95366115239507
118.152287633167,0.953724622446964
118.154428673547,0.953847354252172
118.160509890992,0.95419561613487
118.187667990771,0.955747645859231
118.222016783268,0.957703040704742
118.235436000503,0.958464686369002
118.248855217738,0.959225062233071
118.25230007916,0.959209987646588
118.255744940583,0.959069899954457
118.259189802006,0.958932286245781
118.265290118834,0.95868806206251
118.284747201221,0.957908233049291
118.309806464659,0.956901912667068
118.334865728097,0.955893356848399
118.344430383951,0.955507817796371
118.349452278394,0.955305260310117
118.352576281436,0.955342855166382
118.355700284477,0.955426354836826
118.358824287519,0.955508422905769
118.365519946102,0.955684556058786
118.388855691711,0.95629791357789
118.417807343651,0.957057715330835
118.446758995591,0.957816252218867
118.456233493569,0.957731579415637
118.462641571045,0.957479009412538
118.469049648522,0.957228507027839
118.481385791267,0.956745704754118
118.521693398516,0.955164470183226
118.549837424978,0.954057129287901
118.554075631421,0.954132589885461
118.558313837865,0.954315593224862
118.562552044308,0.954496571954099
118.570982156514,0.954856584453133
118.597681890252,0.95599502766941
118.644373994195,0.957979056513908
118.65010219236,0.958221863448911
118.655830390525,0.958139093634668
118.66155858869,0.957876052295563
118.667286786855,0.957615150474802
118.678330161652,0.957111514040584
118.713905123977,0.955485201031462
118.7448466348,0.95406595524809
118.750156089406,0.953821968524527
118.755465544011,0.953870242249231
118.763486235901,0.954206187547357
118.769158200822,0.954441999145848
118.781062137736,0.954936622729704
118.822004816602,0.956633874247104
118.841487954806,0.957439305773282
118.849821170101,0.957783366036614
118.858154385396,0.957829479831068
118.865797860321,0.957690187924362
118.873441335247,0.9575525589891
118.889141118669,0.957269628407084
118.94486245895,0.956263928279675
118.966575542754,0.9563455425292
118.980572485531,0.95658695084093
118.994569428309,0.956827247080079
119.027255554511,0.957387890057886
119.044082224247,0.95767625423816
119.051705742586,0.957806838639215
119.059329260926,0.95763747187027
119.066952779265,0.957327093424305
119.074576297605,0.957017878235757
119.091389972164,0.956335070069466
119.153289778598,0.953812294572891
119.158887527678,0.953840960332825
119.164485276758,0.953996927326605
119.170083025838,0.954151159591825
119.182070280645,0.954481402670606
119.220956561236,0.955551179920328
119.248812874416,0.956315957458712
119.265464731437,0.956541613202895
119.282116588458,0.956625310989024
119.298768445479,0.956709625593244
119.343891269936,0.956938040387125
119.377655155984,0.956885137500131
119.411419042031,0.956720338428599
119.445182928079,0.956555709351858
119.492215525958,0.956527689441574
119.539248123838,0.956560763961929
119.586280721717,0.955839465961912
119.604351698419,0.955398821664421
119.622422675122,0.954958398904243
119.642076936616,0.954478931125027
119.653042802258,0.954211182406233
119.664008667901,0.954235954405913
119.674974533543,0.954375851634905
119.685940399185,0.954514931920501
119.714036181282,0.954871067070185
119.829153882461,0.956625273894433
119.847603869685,0.95693446803197
119.858836762541,0.957063993979739
119.86653775942,0.956941326650177
119.874238756299,0.956816904111827
119.889977090682,0.956562614822431
119.944483099049,0.95568096058947
119.976508482843,0.955454231114424
120.008533866637,0.955444917038824
120.031189286148,0.955437996680633
120.102935310205,0.955850221577156
120.146139124073,0.956255694586496
120.189342937942,0.956701348914534
120.258721777635,0.95744406742356
120.264496893505,0.957335582879682
120.270272009376,0.957214386941008
120.278950617805,0.957032545167656
120.302557430374,0.95653771439506
120.346053569932,0.955624526636383
120.358038828301,0.955372577235434
120.365380057248,0.955376817295621
120.372721286195,0.955408718489484
120.38258694509,0.955451116445454
120.413030444469,0.955581936755531
120.4780326524,0.955759329106645
120.54303486033,0.955669359733608
120.590660715019,0.955838562678904
120.638286569708,0.956139470226458
120.685912424397,0.956354798686393
120.733538279086,0.956497707717155
120.757482595148,0.956569591629937
120.772393844163,0.956442711850853
120.787305093178,0.956260065754587
120.802216342193,0.956077622981951
120.854861693471,0.955432913908639
120.872331828443,0.955455658766939
120.889801963415,0.955611451440753
120.907272098386,0.955766651167812
120.956242349616,0.956201376606007
120.962,0.956252467440519
