0,0.973100450448445
5.84806649395273e-06,0.972451089793291
1.7288879523445e-05,0.971272156257921
2.87296925529373e-05,0.970204546438222
4.01705055824295e-05,0.969237332898552
5.16113186119218e-05,0.968360769254045
6.5752228262128e-05,0.967389514782
7.98931379123341e-05,0.966528948739918
9.40340475625403e-05,0.965766291411768
0.000108174957212746,0.965090312216233
0.000125924333444181,0.964349220962413
0.000143673709675617,0.963712243005818
0.000161423085907052,0.963164800797564
0.000183012782071276,0.962601435656009
0.0002046024782355,0.962133132870529
0.000226192174399723,0.961744001011491
0.000253286424947227,0.961347277000628
0.000280380675494731,0.961033261453429
0.000312924893597105,0.960741362476744
0.00034546911169948,0.960521415233531
0.000385908270789306,0.960322017827498
0.000426347429879132,0.960182222506884
0.000478137851750766,0.960062295800778
0.000529928273622401,0.95998661789831
0.0005989815399056,0.959927084346957
0.000681994944363404,0.959890643331788
0.000786740694405935,0.959870714107861
0.000891486444448467,0.95986322579825
0.00102007787772801,0.959860040756605
0.00114866931100755,0.959859102791738
0.00127726074428709,0.959858811959927
0.00140585217756663,0.959858706195204
0.00153444361084617,0.959858653107662
0.00169366585136733,0.959858606552507
0.00185288809188849,0.959858565330554
0.00201211033240965,0.959858525142415
0.00217133257293081,0.959858485154077
0.00236793678450612,0.959858435826096
0.00256454099608143,0.959858386507171
0.00276114520765674,0.959858337189213
0.00300003628306896,0.959858277263763
0.00323892735848119,0.959858217338318
0.00347781843389341,0.959858157412865
0.00378057482501709,0.959858081466887
0.00408333121614077,0.959858005520896
0.00445254857949681,0.959857912903252
0.00482176594285285,0.959857820285589
0.0052924544492987,0.959857702214003
0.00576314295574454,0.959857584142387
0.00640401907078158,0.959857423379376
0.00718777140085871,0.959857226775959
0.00819629401249729,0.959856973789037
0.0095862211225536,0.959856625126937
0.011734774848955,0.959856086163436
0.0158921988778874,0.959855043274136
0.032243452661317,0.959850941541069
0.074870799372463,0.959840248243122
0.117498146083609,0.959839748404188
0.160125492794755,0.959854254229227
0.202752839505901,0.959867666563725
0.245380186217047,0.959865133925107
0.288007532928193,0.959862660777923
0.330634879639339,0.959885401706067
0.384228261325643,0.959926521518991
0.437821643011948,0.959908970455178
0.491415024698252,0.959866763062931
0.559455041432631,0.959892185362615
0.627495058167011,0.959970753403668
0.695535074901391,0.960111832474895
0.76357509163577,0.960219618123515
0.83161510837015,0.960311730259611
0.924699836684137,0.960366378709953
0.996035548116581,0.960300465169107
1.0234378428302,0.960387267330522
1.05084013754382,0.960493604772743
1.08910305865264,0.96064206314683
1.13580834494934,0.960603776960007
1.18251363124605,0.960497623348388
1.22921891754276,0.960397599018509
1.28905701874033,0.960274113376999
1.32934736407343,0.960315940646164
1.36963770940653,0.960405157740263
1.40992805473962,0.960458321366316
1.45021840007272,0.960400307747759
1.49050874540582,0.960342224068417
1.55397050230425,0.960402204969734
1.61743225920269,0.960467062763624
1.71044996851029,0.960467967001051
1.7984573925451,0.96041272522515
1.8864648165799,0.960470432818117
1.94853318177213,0.960459535360908
1.98990416295165,0.960442286790203
2.03127514413117,0.960177094189592
2.06041939557582,0.959932728210386
2.08956364702047,0.95968837617933
2.12031227324676,0.959871781604184
2.13958280043392,0.960131893178971
2.15885332762107,0.960391300121599
2.18712053906103,0.960771550439496
2.19903789500354,0.960931771342698
2.20646313257737,0.960915022634444
2.21388837015121,0.960878240532284
2.22400799976829,0.960828375521445
2.25277355751122,0.960686675345098
2.3088117322806,0.960475325522255
2.33175349347452,0.960532658593359
2.35469525466844,0.960590093511665
2.42309327124281,0.96072322493049
2.49149128781719,0.960780525906167
2.5367407275752,0.96099339172953
2.58199016733322,0.961247438705155
2.62723960709123,0.961582884251239
2.69702119073409,0.962183989940052
2.70972059746837,0.962136284979478
2.72242000420266,0.962037544077066
2.73511941093694,0.961939097202721
2.77353734652846,0.961641120856909
2.79237119683435,0.961494970205572
2.81120504714024,0.961564268115699
2.83003889744613,0.961785137655463
2.84386652706688,0.961947036570992
2.87595198836299,0.962322109249267
2.89499020517567,0.962544520298114
2.91402842198836,0.962512808767288
2.92816143209965,0.962419480706929
2.94229444221094,0.962326402458168
2.98414698299792,0.96205062918997
3.03297417894779,0.961977670579869
3.08180137489766,0.962025987526951
3.10471594863139,0.961979658690748
3.12763052236511,0.961662563638081
3.14419554117127,0.961432841729435
3.19285947382684,0.960757326709706
3.20995118406137,0.960760055280307
3.22185974780637,0.960886657524335
3.23376831155137,0.961012456021501
3.26168968873025,0.961307317491715
3.29027198233979,0.961608969599564
3.31885427594933,0.961682457221115
3.34743656955887,0.961635867126931
3.36971915548026,0.961599475176993
3.40715013520412,0.961497750172257
3.44458111492797,0.961220214189924
3.47450217700247,0.960998466387938
3.55446523756455,0.960642108169527
3.59576294820445,0.960515847319213
3.62278530241573,0.960538926299136
3.64980765662701,0.9605823339929
3.68724189852515,0.960642474392243
3.73556588139559,0.960519949077873
3.78388986426604,0.960324519490977
3.83221384713649,0.96040841184503
3.88053783000693,0.960633761096149
3.91600767057483,0.960803056104335
3.99253749172983,0.961179125015847
4.01970153184056,0.96115328719253
4.04686557195129,0.961065528542783
4.07402961206201,0.96097792133839
4.13539361063461,0.960581273213627
4.1967576092072,0.960036825241042
4.20671974630071,0.960102075776311
4.21668188339422,0.960246399532819
4.22664402048773,0.960390092807229
4.2525633124063,0.960763784316418
4.27824684610562,0.961133782983945
4.29503099529803,0.961375414390111
4.31181514449044,0.961322493136363
4.32516462981232,0.961178053168973
4.33851411513419,0.961033990703204
4.37285413749342,0.960663168849693
4.3929307842751,0.960446227547605
4.41300743105678,0.960447681339453
4.4331538898996,0.960572024972642
4.45330034874243,0.960695917875719
4.48862790920508,0.960913090508833
4.52395546966772,0.960830687158191
4.55928303013037,0.960603345424751
4.58509861811809,0.960437362518023
4.60265471323156,0.96037573295111
4.61347680119525,0.960519395946769
4.62429888915894,0.960663893517843
4.64718959510731,0.960969323235387
4.67482661071337,0.961337797726071
4.70246362631942,0.961641763475735
4.7084086141219,0.961565440612456
4.71435360192437,0.961487084122032
4.72488972498874,0.961348415603087
4.75919690151686,0.960896618643712
4.78663489088012,0.960534960477046
4.80385808968608,0.960374748123052
4.82108128849205,0.96045383732484
4.83830448729801,0.960532700817954
4.87575116014692,0.960704577437644
4.90672572703327,0.96077809237106
4.93770029391963,0.960599240187506
4.96155215465469,0.960461849022745
4.99334084686749,0.960278356277858
5.01558858060737,0.960281860878469
5.03783631434725,0.960343449627832
5.06008404808712,0.960404838444528
5.14004898530134,0.960510020794744
5.20244986319563,0.960493009784614
5.23914209881526,0.960359223178784
5.27583433443489,0.960225079049929
5.29921812435624,0.960139563599949
5.31330713850323,0.960200372915195
5.32739615265021,0.960268808601552
5.35175150579079,0.960387044495558
5.39562158716047,0.96059989771243
5.41869174729142,0.960553643341423
5.44176190742236,0.960468953910607
5.4648320675533,0.960384376104314
5.55959603433934,0.960615142992611
5.60752316133552,0.960800024207659
5.62258944756096,0.960678991791151
5.63765573378639,0.960557208906131
5.67323092792812,0.96026954395003
5.70498670352746,0.960064964029183
5.72495007145965,0.960115961676067
5.74491343939185,0.960167253493866
5.79704060474483,0.960301152900052
5.84695020958201,0.960333148659257
5.89685981441918,0.960358848986922
5.92761663770513,0.960271820216049
5.95837346099108,0.960172620279864
6.00801302798412,0.960012784909571
6.06829749368729,0.959820798891704
6.10066301942387,0.959724053185007
6.11134010884799,0.959793283295002
6.1220171982721,0.959863484846021
6.14504475309729,0.960014804137968
6.18173631961887,0.960255787389478
6.20513314537326,0.960350556873208
6.22852997112764,0.96023062912753
6.25192679688203,0.960111015801167
6.30573358100275,0.959848216858354
6.37472567134548,0.95965156209964
6.40429592721449,0.959611374703044
6.42295177327002,0.959751379542345
6.44160761932555,0.959891908702673
6.48863339129208,0.960245944673449
6.51615711023645,0.960251273332583
6.54368082918083,0.96011137030929
6.56395408892294,0.960008574257461
6.59785631948946,0.95983662269025
6.61713991120514,0.959868062649273
6.63642350292082,0.959916668926703
6.66406140847839,0.959986321376578
6.75799241461169,0.96055537424071
6.78734767298781,0.960797971551983
6.81670293136393,0.960774726070711
6.83971516107387,0.960595254045944
6.85611345179578,0.960467685791215
6.90383427817873,0.960169629082663
6.9098152327599,0.960237646381865
6.91579618734108,0.960306993876861
6.92745993468652,0.960442024603056
6.96692907005413,0.960898627042047
6.98848162337874,0.961147769633699
7.00091422233533,0.96127279207598
7.0082476921767,0.961204990379091
7.01558116201807,0.961135394551619
7.02900433310416,0.96100813560154
7.07550990901525,0.96056700154663
7.13367366170124,0.960407071109613
7.15716624546558,0.960459140635824
7.18065882922993,0.960510836876537
7.24859550838802,0.960372135980775
7.29951144799921,0.960181248532871
7.31286856824078,0.960246250819997
7.32622568848236,0.960316672699525
7.35056504827026,0.960444922324038
7.39730916260509,0.960691088650238
7.41363927019948,0.960675799539122
7.42996937779387,0.960639414684648
7.45235693223337,0.960589575305358
7.48502348175341,0.960516904506652
7.51769003127345,0.960656030158131
7.54180361371147,0.960894268984662
7.56005100762607,0.961073959262092
7.5831370060647,0.961301198316291
7.59614632744787,0.961429203547482
7.60915564883104,0.961333469732221
7.6221649702142,0.961138950044313
7.63517429159737,0.960944509864012
7.66408971409028,0.960512348961224
7.68971859225795,0.960128957628682
7.71534747042562,0.960269347972826
7.72728607475259,0.96050272146258
7.73922467907956,0.960734919877385
7.76438740874476,0.961223982665058
7.78381198683209,0.961601171355475
7.79632433731788,0.961843972486947
7.80883668780367,0.9618081255193
7.82134903828946,0.961649977562391
7.83122082538777,0.961525749250564
7.85666336276994,0.961205369475214
7.98127266904975,0.960443537560523
8.04092405242533,0.960610244846203
8.10057543580091,0.960921545757273
8.11354253613285,0.960882466054608
8.12650963646479,0.960842490200968
8.15526917121332,0.960753854415039
8.2824653217875,0.961129373352446
8.30396858386108,0.96119163085643
8.3177784906182,0.961023486490921
8.33158839737531,0.960854516036038
8.36369691883522,0.960461444032419
8.39226927283502,0.960111386825639
8.42084162683483,0.960011551193512
8.4426401612623,0.960007498859464
8.46443869568977,0.960003472394031
8.50936976362231,0.960071412793195
8.55430083155485,0.960433508670029
8.5861821964064,0.960689658875466
8.5989919489972,0.960792676443178
8.60684554289901,0.960738009533745
8.61469913680082,0.960663446014982
8.62541756379135,0.960561900125268
8.65613402600064,0.960270860221686
8.80971633704709,0.959260757040455
8.92133571823378,0.958985806385941
9.02378479057961,0.959131624153179
9.12623386292544,0.959390734081324
9.1954768509205,0.959524807507974
9.23855321444272,0.959718543949998
9.28162957796494,0.959925455916246
9.34999756242705,0.959980208644223
9.3999834578743,0.959945934184085
9.41488068846242,0.959831322270928
9.42977791905054,0.959715795200538
9.46410248669831,0.959449514732384
9.49647895107277,0.95919821798547
9.5168423357851,0.959160423659682
9.53720572049743,0.959148904046735
9.56327466639964,0.95913403002445
9.67034854215188,0.959383336170553
9.77742241790411,0.959875575969497
9.80197049585874,0.959971622804517
9.81160182217355,0.959901536394308
9.82123314848836,0.95983043321664
9.84233166616146,0.959674694621156
9.87770269511891,0.959413507604968
9.89658575970094,0.959274008619803
9.90932509842475,0.95930969133246
9.92206443714857,0.959395570817919
9.93480377587238,0.959481137812761
9.97578887209813,0.959756329935397
10.063455058568,0.960367894978905
10.1511212450378,0.960787420818963
10.191217198209,0.960913196793081
10.2313131513801,0.960822522395102
10.2596002431215,0.960714807574312
10.2878873348629,0.960607181911652
10.3462470829056,0.960250091002659
10.4046068309484,0.959892281592093
10.4226379184,0.959909660970842
10.4406690058516,0.959927648415628
10.4854279555892,0.959972290793473
10.6287164840607,0.959972896041642
10.7720050125323,0.959926729312501
10.8302764290375,0.959776819161719
10.8885478455428,0.959496449658335
10.9165940955716,0.959557379372324
10.9446403456005,0.95975643903074
10.9657502905647,0.959905944168609
10.9988374505966,0.960140172438858
11.0085184930337,0.960096209575508
11.0181995354708,0.960035007486459
11.0320639592787,0.959947480790931
11.074120545525,0.959681994483912
11.1042998405994,0.959543643968144
11.1221908649356,0.95965132894418
11.1400818892719,0.959759408428239
11.1833663404624,0.960020779959994
11.2338050785237,0.960120235261462
11.284243816585,0.96011751995757
11.3346825546463,0.959891576880865
11.3851212927075,0.959562617889372
11.4047158012197,0.959513270177809
11.4243103097318,0.959716958103874
11.443904818244,0.959920902340585
11.5021686048689,0.960513293067729
11.5224793269806,0.96059721092951
11.5427900490922,0.960680580468542
11.5937329109954,0.96088962456303
11.6165938637846,0.960854727118149
11.6394548165737,0.960769715910392
11.6623157693629,0.960684850802349
11.7496219545771,0.960440137338704
11.7899721826968,0.960355141055233
11.8181240149302,0.960134748610547
11.8462758471636,0.959823099810406
11.874427679397,0.959511447990471
11.8921554322977,0.959315090282494
11.9098831851983,0.959334023510494
11.9239229918565,0.959490048569862
11.9346520419007,0.959608454114595
11.9620896856226,0.959911145690984
11.9947067226139,0.960270727423567
12.0143574477573,0.960344513296506
12.0340081729006,0.960363762654048
12.053658898044,0.960383217073542
12.1233400680258,0.960504486505014
12.1930212380077,0.960731129755319
12.2140062766808,0.960646446708025
12.2349913153539,0.960483089671
12.255976354027,0.960319947067736
12.2997118820319,0.959979750166007
12.3257641922879,0.959889520088923
12.3518165025439,0.959801003614008
12.414411998851,0.959664828463204
12.4590303396487,0.959751408655206
12.5036486804464,0.959865999937103
12.5198135153291,0.9600214038677
12.5359783502118,0.960177357081788
12.5764484721227,0.960567554508268
12.5933469585668,0.960730380038242
12.6102454450108,0.960672988797793
12.6271439314549,0.960467191075465
12.6397300009717,0.960314326401428
12.6739612759254,0.959898289136372
12.6905013253901,0.959697126427562
12.6992175722588,0.959591083038475
12.7044553438517,0.959656173891042
12.7096931154446,0.959748498186711
12.7162901799262,0.959864127646515
12.7340706697562,0.960175704953798
12.7683308690057,0.960775480117335
12.8025910682552,0.961306606004804
12.8089247707738,0.961251848004246
12.8152584732925,0.961194764905117
12.8262299683954,0.961096086175867
12.8616706241242,0.960777219001712
13.0388739027682,0.959917441374548
13.1279678051637,0.959861871291669
13.168685657875,0.959838531955043
13.191429241105,0.959825496562928
13.2141728243349,0.960051205523906
13.2361765466413,0.960413063449786
13.2581802689476,0.960774118737478
13.2820973716736,0.961166245281249
13.2958697039265,0.961391897342612
13.3096420361793,0.961384916304114
13.3234143684321,0.961273350338207
13.337186700685,0.961162321781024
13.3728174226633,0.960874925457036
13.3926825354209,0.96071461176383
13.4125476481785,0.960782100031312
13.4328979527561,0.960991659395457
13.4532482573337,0.961200619434396
13.5069066104138,0.961714613076805
13.5405562872976,0.961880791151469
13.5742059641815,0.962046592190284
13.6022224493514,0.962161124604196
13.6131642200738,0.962098557661375
13.6241059907963,0.962035156650489
13.6489877975853,0.961891010560743
13.6922902647571,0.961640051745656
13.7197169037898,0.961619658463399
13.7471435428225,0.96165483616357
13.7745701818553,0.961689861759081
13.8815224743556,0.961921895316395
13.9025125847918,0.961932304164851
13.9146633288004,0.96176138701051
13.926814072809,0.961589306342068
13.9521923494572,0.961229743766275
13.9951392505787,0.960620641522239
14.0122136250645,0.960635401413786
14.0292879995503,0.96075662548668
14.0463623740361,0.960877354818875
14.0929179232216,0.961206389478997
14.1214456706859,0.961192654656224
14.1499734181502,0.961105981952091
14.1785011656145,0.961019481374827
14.2326048128759,0.961051925498389
14.2867084601373,0.961215411047138
14.3277229691803,0.960838606056153
14.3489440489577,0.960517005440973
14.370165128735,0.960195618232694
14.3934234492104,0.959843122201924
14.4085505854336,0.959844006590609
14.4191034435709,0.959973549715543
14.4296563017081,0.960102164833036
14.4535411249145,0.960393179229175
14.495356491798,0.960902236244845
14.5213897732195,0.961098666810576
14.5474230546411,0.961268077897277
14.5806212525625,0.96148402260271
14.6005192909206,0.961604232189471
14.6068098609684,0.96153314528368
14.6131004310161,0.961460129431416
14.624666689555,0.961326046766928
14.6637089412284,0.960873184930255
14.6890829595141,0.960578622652384
14.7144569777998,0.960506901050687
14.7398309960855,0.960607710419192
14.7576283862744,0.960678061127939
14.7914870738318,0.960811871049193
14.8253457613892,0.960689889049053
14.8495906468531,0.960539599225252
14.8738355323171,0.960389451370451
14.9040143670691,0.960246683017152
14.9220606128342,0.960336291619027
14.9401068585992,0.960426349808749
14.9841258335137,0.960645940410534
15.0216414931963,0.960623992997987
15.0591571528789,0.960446104176244
15.0861540429156,0.960318263951858
15.1400114468574,0.96020735970643
15.1938688507992,0.960147003507355
15.2222463273236,0.959954034260356
15.2506238038481,0.959715312951444
15.2790012803725,0.959476584749112
15.3568181936472,0.958950714807835
15.3848240739542,0.958778657044425
15.3995822090126,0.958688019724447
15.4048507844697,0.958754097858495
15.4101193599268,0.958831486279049
15.4182577061671,0.958950685794943
15.440642656515,0.959278304409669
15.4757952132533,0.959792327130421
15.4924292486097,0.960035358261233
15.5090632839661,0.960062067940675
15.5215320875359,0.959941343424012
15.5310954728123,0.959849360229707
15.5552366226994,0.959617040982353
15.5804238963381,0.959374517774817
15.5953937626488,0.959230316072018
15.6103636289595,0.959331072553586
15.6253334952702,0.959545556837768
15.6403033615809,0.959759383037897
15.6789452795363,0.960310883994182
15.6937415610085,0.960521886703034
15.7085378424807,0.960505729091182
15.7233341239529,0.960315970109987
15.7338894913666,0.960181155659099
15.760677877356,0.959838798932405
15.7843920983476,0.959535507672797
15.7971888523046,0.959371761862771
15.8099856062615,0.959426545904577
15.8191472515524,0.959512658323221
15.8283088968433,0.959598347699752
15.8555460583946,0.9598530381517
15.8846915850846,0.960125423938662
15.9012692091251,0.960258631186833
15.9079161961099,0.960205741970414
15.9145631830946,0.960151421000954
15.9277867541379,0.960043477759383
15.9740148966654,0.959665968144067
15.9974099705936,0.959474797316086
16.0102205740575,0.95952264174745
16.0230311775214,0.959611648552921
16.0358417809853,0.959700385473915
16.0792823616834,0.960001175026712
16.098674961702,0.960135391354061
16.1055068184189,0.960073749718206
16.1123386751357,0.959982513389577
16.1209875941116,0.959867450741106
16.1450147996668,0.959547603325281
16.1839947172396,0.959028217546728
16.1958157613415,0.958870592562452
16.2076368054433,0.958938243363979
16.2200568891906,0.959145933244021
16.2324769729378,0.959352777145166
16.2613942712979,0.959834024697517
16.2871928586066,0.960262956378434
16.3038719029981,0.960477322269921
16.3205509473896,0.960478767330173
16.3372299917811,0.960479813444492
16.3851152659874,0.960482825611705
16.4559883766437,0.960289337827562
16.4859577703551,0.960185001059405
16.4996128947135,0.960137405848665
16.5078900094937,0.960223294445623
16.516167124274,0.960316624408952
16.5298785271643,0.960471044871036
16.5745941146017,0.960974200230971
16.6345627404172,0.961408987959087
16.6757099439199,0.961585161716088
16.6920079878672,0.961655009796045
16.7026419663309,0.96163206848878
16.7132759447946,0.961393124895891
16.7239099232582,0.961153520993455
16.7524471168903,0.960509944587753
16.7795792817602,0.959897222333394
16.79355897356,0.959581199682022
16.8075386653599,0.959492198674372
16.8175935102469,0.959574373093291
16.8252830839925,0.959636392210068
16.8434489113488,0.95978294224846
16.9196829348122,0.960428705926388
16.9959169582756,0.961164301839537
17.0063621344991,0.961032934659403
17.0168073107225,0.960743505294913
17.0246017211413,0.960528227298601
17.0429531758255,0.960020891969899
17.0659113515615,0.959385396165966
17.0888695272975,0.958749017995682
17.1003529307321,0.958448242037801
17.1014309216626,0.958468707842549
17.102508912593,0.958496222251004
17.1038142656463,0.958527892589258
17.1063087291159,0.95858887010429
17.1136269666025,0.958767606233912
17.1472408811572,0.959587676587989
17.1829257610429,0.960456667041073
17.2006556938315,0.960868029754724
17.2038311058375,0.960850635282448
17.2070065178434,0.960829753547979
17.211627734467,0.960799894560278
17.2242713754798,0.960718138512388
17.2794827127313,0.960360946729132
17.3034135485781,0.96024839262993
17.3187010387889,0.960342238445392
17.3339885289996,0.960436590258209
17.3707683066738,0.960663492717971
17.3919409882777,0.960794053490864
17.4131136698815,0.960688606543823
17.432512571589,0.960454859321121
17.4519114732965,0.960221553921686
17.5026201629522,0.959687949254407
17.5069047078957,0.95976006202506
17.5111892528392,0.959835167687682
17.5179658305081,0.959953567181981
17.5376077147029,0.960296547856906
17.5716672516088,0.960890688097525
17.5935190925103,0.961271468471404
17.6153709334118,0.961366830774049
17.6372227743133,0.961338181143186
17.6543099494796,0.961316104449317
17.7062497184782,0.961242284271938
17.7893713820465,0.961044867614904
17.8724930456147,0.960942441424159
17.955614709183,0.960440993531932
17.9882727329452,0.960162724931844
18.0209307567074,0.960332959989689
18.0374642342706,0.960548934404374
18.0539977118337,0.960764271352837
18.0960572728031,0.961311623404048
18.1105020496252,0.961362460509024
18.1249468264474,0.961359324792216
18.1393916032696,0.961356469158282
18.1865588767949,0.961347128599539
18.2242549229061,0.961156937822797
18.2619509690173,0.960863666488919
18.2996470151285,0.960570382480036
18.312875118628,0.96056277959357
18.3261032221275,0.960558650973462
18.3530032185649,0.960550217920118
18.3840919716627,0.960540451935708
18.4027679932332,0.960493038717245
18.4150780577569,0.96030071856648
18.4273881222806,0.960107639139016
18.4556264166835,0.959664452832028
18.5771344233407,0.960538806850115
18.6044426160851,0.960921642177515
18.6113831490142,0.96078817092564
18.6183236819433,0.960652584327821
18.6307065541384,0.960410749293956
18.6718042598057,0.959607260094307
18.6895511418692,0.959259856627882
18.6976984993318,0.959100280243724
18.7058458567943,0.959171887153117
18.7139932142569,0.959342393042349
18.7221405717195,0.959511917328557
18.740868690119,0.959901429042197
18.7667595373561,0.960439386327089
18.7926503845932,0.960976708681569
18.8007621613716,0.961112737322507
18.8028136609139,0.961068505000452
18.8048651604562,0.961020037772703
18.8076161550412,0.960955859970636
18.8140054752786,0.960806599173204
18.8394946353115,0.960210679979067
18.8780483469245,0.959307848732708
18.8921218818954,0.958977836949611
18.8994635488544,0.958805586824545
18.9036742056715,0.958846566430486
18.9078848624887,0.958913933986794
18.9120955193059,0.958980608284079
18.9229746774043,0.959152964403102
18.9658441091098,0.959831523218285
18.9862768683481,0.9601545864874
18.996736444393,0.960319875371943
19.007196020438,0.960261503043363
19.017655596483,0.960095104849659
19.028115172528,0.959929408551773
19.0531366222644,0.959532745590536
19.0863090981434,0.959006317187192
19.1194815740225,0.958735716152864
19.1422288948354,0.958676118640255
19.1649762156483,0.958616114189306
19.1883184153858,0.958554520789307
19.2014373616171,0.958557675504487
19.2066310258851,0.958683299010462
19.2118246901532,0.95881072131462
19.2214287957296,0.959046034929696
19.2511675394548,0.959773843480379
19.2756781895441,0.960372839483435
19.3001888396335,0.960963948699176
19.3015806655582,0.960949173890203
19.3029724914829,0.960928960512291
19.3047284035181,0.960904686523596
19.3083514904481,0.960854269696302
19.3205451477112,0.960684618805291
19.3814505372876,0.959836302654817
19.4342234820146,0.959819022597254
19.4524291147507,0.95994939115974
19.4706347474868,0.960079167407995
19.5172363748701,0.960401249811901
19.5838546077528,0.960836811692244
19.5980420721866,0.960929482059563
19.60702791426,0.960860344698678
19.6160137563333,0.960752367550478
19.6249995984067,0.960644710974277
19.6533290979801,0.960305102381332
19.6916859282394,0.959844880058501
19.7149076973068,0.959736494767136
19.7381294663741,0.959725726517438
19.7613512354415,0.95971467941519
19.803795772646,0.959717134633734
19.8296434019384,0.959859932374181
19.8554910312308,0.960003123810313
19.8875505011122,0.96018067482962
19.9196099709936,0.960134306729689
19.9472222287202,0.959969450068581
19.9748344864468,0.95980485823623
20.00245227745,0.959670632733438
20.0127334829842,0.959737672073111
20.0230146885184,0.959805683472123
20.0456386765886,0.959955261887254
20.0853104247706,0.960217405544952
20.1249821729527,0.96024843094606
20.1666011604332,0.960136153577364
20.2082201479138,0.959948994254932
20.2382675128687,0.959591318981089
20.2611383772746,0.959318644473128
20.2880145518895,0.958998001734873
20.2978901604833,0.95888012761189
20.3077657690772,0.958985849801287
20.3147587871394,0.959107408416217
20.3217518052015,0.95922838805197
20.3411465727361,0.959563813296681
20.3714801111452,0.960087941140167
20.4018136495544,0.960568847718273
20.4066542445583,0.960539400884958
20.4114948395622,0.96050764740326
20.4200071311738,0.960452083132174
20.4464440939005,0.960279502489403
20.4771359022669,0.960079057138362
20.4944941316067,0.959965654063216
20.5118523609466,0.960086562936419
20.5292105902864,0.960320416579255
20.5465688196263,0.960553676200725
20.5935012690609,0.961183764521607
20.610309634006,0.961140307736519
20.6271179989511,0.960920681419925
20.6389988343883,0.960765955555641
20.6700369623748,0.96036147058931
20.6890292749652,0.96011378343092
20.6986919488928,0.959987717575291
20.7047387747853,0.96004072694036
20.7107856006778,0.960135100800799
20.7168324265703,0.960228887575407
20.7337161357143,0.960490738369682
20.7794058523584,0.961198608245158
20.796103826155,0.961457035601085
20.8128017999516,0.961480820095824
20.824765546299,0.961444273822793
20.8367292926464,0.961408071202034
20.8735155603016,0.961296712312653
20.9276370890994,0.961274952587088
20.9817586178972,0.961390959230486
21.0223493184335,0.961210605468574
21.0515282935989,0.960921481706425
21.0724986160326,0.960713866324854
21.1384253781614,0.960079561904171
21.1950157414253,0.959546196038109
21.2080003561775,0.959609162986818
21.2209849709297,0.959793336477291
21.2339695856819,0.959976715683877
21.2657932970088,0.960425863952267
21.2878977998205,0.960737588712485
21.3004331702762,0.960905604551263
21.3053725315229,0.960875236582245
21.3103118927697,0.960842683165219
21.3191430280581,0.960784746248815
21.3469925348249,0.960602017786293
21.486240068659,0.959048963850749
21.5195762176113,0.959055138040377
21.5322486714421,0.959186844870063
21.5449211252729,0.959317748462356
21.5747280023199,0.959625514669578
21.7041946916461,0.960448040268375
21.7083950217363,0.96037205655491
21.7125953518264,0.960293362917665
21.7194652422902,0.96016497434297
21.740012278894,0.959780783269519
21.7640917371534,0.959330122431612
21.7881711954128,0.958879018803516
21.7992741583755,0.958670866138263
21.8025774048424,0.958732597901432
21.8058806513093,0.95883807254408
21.8091838977762,0.958942390226982
21.8162050137773,0.959164269410466
21.8411025010854,0.959950210835154
21.8772115678092,0.961087666485577
21.8901095178495,0.961493275843818
21.8977187208289,0.961732398719765
21.9053279238084,0.961729135733048
21.9129371267878,0.961612687089467
21.9205463297673,0.96149732546471
21.9370581132943,0.961246787972684
22.002087808681,0.960265562875604
22.1058621750945,0.959172228911435
22.1119305789152,0.959246146369498
22.1179989827358,0.959322382558215
22.1285896182127,0.959455204203587
22.1612561597939,0.959864566108717
22.1857917681626,0.960171800578189
22.1984435173241,0.960330144288307
22.2062738335046,0.960298783695435
22.2141041496851,0.960231807293081
22.2219344658657,0.96016519808741
22.2462296142652,0.95995842370388
22.3643401705386,0.959199742201629
22.4493909172219,0.958297850021327
22.5039165101923,0.95762710837105
22.5069415549867,0.957690931673895
22.5099665997811,0.957758394396786
22.5143239391504,0.957855019868407
22.5255586279343,0.958104059314037
22.57193595755,0.959130711801732
22.5883675121345,0.959493900750269
22.5975672850076,0.959697119040378
22.6067670578808,0.959670044967805
22.6140634717443,0.959577557061866
22.6213598856077,0.959485808107387
22.6395668639226,0.959256711015616
22.6755288727808,0.95880384222406
22.6940911378519,0.958569914344324
22.7126534029231,0.958564611666199
22.7312156679942,0.958669930163792
22.7497779330653,0.958774796072979
22.8016474411085,0.959054833903632
22.8190930904192,0.959016967057274
22.8365387397299,0.958978350261596
22.8772725499887,0.958888159051114
22.9993990583046,0.958543974625096
23.0354935410052,0.958343548803249
23.0715880237059,0.958141183055033
23.0877930231051,0.958050284321512
23.0968720385315,0.957999356410495
23.1059510539578,0.958190062265723
23.1176597518719,0.958611050264828
23.1261303510152,0.95891459300471
23.1462998326039,0.959636595902016
23.1662297374585,0.960348919850185
23.1861596423131,0.961060134143092
23.1942318147521,0.96134788212309
23.1987996405489,0.961510631047547
23.2033674663456,0.961441651891985
23.2069160287387,0.961313014493089
23.2104645911318,0.961186058107166
23.2171142951596,0.960947752753736
23.2394085371249,0.96014790240266
23.2659408300929,0.959194185309698
23.2924731230608,0.958238472319628
23.3001878269814,0.957970459153325
23.301016233243,0.957981261198996
23.3018446395046,0.958000039004501
23.3028813919672,0.95802156677555
23.304885680117,0.958063758643018
23.3105858526618,0.958183582550155
23.336458744719,0.958727076335165
23.3754583746421,0.959545097854039
23.3905145745527,0.959860511218624
23.3985401835547,0.960028551410686
23.4040122685389,0.960008327815263
23.4094843535232,0.959932454006861
23.4149564385074,0.959857358734616
23.4289203948281,0.959665553124067
23.4836577977391,0.958912885243948
23.5268959239529,0.95852334084836
23.5701340501667,0.958260566641988
23.6037596905198,0.958099675884527
23.6162973374443,0.958170056358538
23.6288349843688,0.958241219845909
23.6580910111403,0.958407228429165
23.7804179573279,0.959054959884438
23.8029338241735,0.95908870217126
23.8098554005446,0.958931543018926
23.8167769769158,0.958772509409632
23.8297505884065,0.958474399427334
23.8724237934131,0.957492560991173
23.8886192681562,0.957119371069206
23.8968238156934,0.956930198592743
23.9050283632306,0.956974075855977
23.914959950388,0.957218953526973
23.9220822767774,0.957393507901281
23.9381348853835,0.957786739483609
24.0003641934401,0.959293777051782
24.00150867358,0.959281506913692
24.0026531537199,0.959263468086339
24.0041362826993,0.959241498606974
24.0071597409765,0.959196323912182
24.0167976068505,0.95905237471176
24.0631217604798,0.95835985940793
24.0936481606656,0.957902932262063
24.1147963827,0.957726795423618
24.1359446047345,0.95761293832534
24.157092826769,0.95749884324312
24.1816984228246,0.957366050466414
24.1952857141935,0.957292708985368
24.2088730055623,0.957462702754229
24.2265928099002,0.957860637224251
24.2392541155375,0.958144256445991
24.2730815987098,0.958901136829556
24.2892394933665,0.959262230381723
24.297522076115,0.959447216285517
24.3058046588634,0.959399558850847
24.3140872416119,0.95924428089148
24.3223698243603,0.959089917660328
24.3412924555615,0.95873699538574
24.3721283122622,0.958161266863717
24.4029641689629,0.957662216696228
24.409473050989,0.957710430559216
24.4159819330151,0.957760710096034
24.4278309226753,0.957852087170478
24.4647858527219,0.958136844875015
24.4919089760572,0.958345738711605
24.5190320993924,0.95832097312273
24.5461552227277,0.958194382678614
24.5732783460629,0.958068021233033
24.6607459698884,0.958068555802223
24.7057168005568,0.958166713970493
24.7506876312252,0.958298143110635
24.805875883984,0.958441587530051
24.8610641367427,0.958434295661127
24.9012956076644,0.958416554945874
24.915472597992,0.958279905483577
24.9296495883197,0.958142297120704
24.9611244350934,0.957836631432245
24.9872668334941,0.957582617741573
25.004697660983,0.957490489146086
25.0221284884719,0.957613621027499
25.0395593159608,0.957736887595993
25.1040880753568,0.958208479144181
25.134097397941,0.958535603953643
25.1641067205252,0.95886270023703
25.2570352628985,0.959658030271877
25.3429057048178,0.960272001384908
25.38079694819,0.960545671495938
25.4045296176381,0.960663584913684
25.4282622870862,0.96055126219848
25.4459996025259,0.960466959638683
25.4995853971294,0.960212178656191
25.5059893937264,0.960288831675697
25.5123933903235,0.9603752737194
25.5226238925857,0.960513087979876
25.5535185025548,0.960928940167773
25.5834735779833,0.961331792979997
25.6002714258528,0.961553313362074
25.6066033525167,0.961538954247363
25.6129352791806,0.961522831600219
25.625122870857,0.961491981891718
25.6675390248496,0.961384634518361
25.7600727718501,0.961386285485355
25.8526065188505,0.961511711319455
25.9244160627694,0.961527445847852
25.97560460818,0.961428591679518
26.0267931535906,0.961500300283647
26.0655329301191,0.961673524984326
26.096515582971,0.961811838879309
26.1331890830442,0.961869118463612
26.1698625831175,0.961914821999899
26.2313305402927,0.962012809597369
26.3190324608875,0.962134105136801
26.4067343814822,0.962100914741684
26.4508562776515,0.962208674722752
26.4949781738208,0.962316638048784
26.5247697594366,0.962259862459193
26.5545613450524,0.962176009408487
26.5930054059974,0.962067789616523
26.6206723472034,0.962134895861909
26.6483392884095,0.962252308310129
26.6760062296156,0.962369557739682
26.728099366371,0.962343466950281
26.7623311113334,0.962186014170658
26.7965628562958,0.962028804278783
26.8151454935684,0.962112337707291
26.8337281308411,0.962235959428157
26.8523107681137,0.962359381444306
26.8856781999166,0.962580915600667
26.9075873002838,0.962652091126986
26.929496400651,0.962501092269231
26.9514055010182,0.962350128828478
26.9870163621042,0.962104516520513
27.0226272231902,0.962094226248631
27.0560957869385,0.962213758888697
27.0895643506867,0.962332988781103
27.1469260951823,0.96237826924953
27.204287839678,0.962387366611472
27.2616495841736,0.96233861740162
27.3190113286693,0.962349187405548
27.3643291952917,0.962453126564511
27.424662691583,0.962582076953694
27.4818814679076,0.962690372821672
27.5391002442323,0.962485902614257
27.5963190205569,0.962134633777926
27.6175970576794,0.962183294796962
27.6388750948018,0.962271034574434
27.6601531319243,0.962358617963978
27.7461626237811,0.962501579517011
27.8101776982421,0.962523473447005
27.8589207411502,0.962750852564279
27.9076637840583,0.962906669679915
27.9308933221566,0.962796538596107
27.954122860255,0.96268591878797
27.9966724100975,0.962483228291102
28.0225715480884,0.96248437960553
28.0484706860793,0.962504649909682
28.0855083619709,0.962533610239449
28.2395083813091,0.962676333568268
28.3089893114403,0.962719505131232
28.3541340180713,0.962594492960749
28.3992787247023,0.96246922632032
28.4083182722827,0.96256487753207
28.4173578198632,0.96267291558923
28.4312630287393,0.962838869736659
28.4787423070655,0.963405016609884
28.4992143993671,0.963648914465259
28.5047432325861,0.963586095753016
28.5102720658051,0.963497713712657
28.5174698845863,0.963383180084684
28.5373428163614,0.963066777065055
28.5717106566293,0.96251907077393
28.5934411192013,0.962172426270088
28.6151715817733,0.962113929418652
28.6369020443453,0.962183946924564
28.653929205513,0.962238466062014
28.7054726262665,0.962408360669254
28.7980756145974,0.962788089898659
28.823243696954,0.962770582983318
28.8484117793106,0.962742441375366
28.8906965628099,0.962695177378538
28.9537683308918,0.962744891000901
29.0168400989737,0.962829981018505
29.0799118670556,0.962939353928087
29.2268007804666,0.962862583340114
29.2860783749061,0.962589406748909
29.3236269299602,0.962594617311743
29.3611754850143,0.962706715648041
29.3987240400684,0.96281858217516
29.4402635450113,0.962841576189406
29.4818030499541,0.962861104986573
29.5779492615271,0.96298155435667
29.6396131841398,0.962916396800978
29.7012771067525,0.96276829149008
29.7378943867983,0.962804943900682
29.7745116668441,0.962841925166739
29.8829880543545,0.962982171214754
29.9269364210173,0.963321656348034
29.9575768536684,0.963682720374789
29.9882172863196,0.964043207448925
30.0237772541394,0.96416229016371
30.0593372219592,0.964130461322513
30.0855888391756,0.964107183043247
30.1224284333703,0.963813044825719
30.1592680275651,0.963347652629496
30.1854135288406,0.963017304859788
30.2179537264493,0.962904896226318
30.2384489029858,0.962990224519985
30.2589440795222,0.963074981229036
30.2954578077362,0.963225943909064
30.3178020455739,0.963184136976073
30.3401462834115,0.963106834919106
30.3624905212491,0.963029635706173
30.4575858843947,0.962632292277699
30.5135452714737,0.962437503293261
30.5695046585528,0.962450171584307
30.6254640456319,0.962435505422423
30.681423432711,0.962387618128952
30.7497833831722,0.962586903345109
30.802070595434,0.96279382485931
30.8128500973257,0.962738020998607
30.8236295992175,0.962681287975675
30.8479950413199,0.962553079990178
30.9106543941574,0.962286135759996
30.9509025037329,0.962313697509169
30.9911506133084,0.962341344990019
31.024085840153,0.962234728073421
31.0570210669976,0.962079569160423
31.0899562938422,0.961924459418773
31.1194008326384,0.961951073127003
31.1488453714346,0.962065127337738
31.1782899102308,0.962178944366972
31.2395063874976,0.962240301278568
31.3007228647645,0.962206318943489
31.3402344048089,0.962287602338165
31.3797459448532,0.96236912824358
31.4313671482149,0.962240584204481
31.4672319144557,0.962025846943062
31.5030966806965,0.961839119604998
31.5170930843173,0.961881852478544
31.5310894879382,0.961925274280627
31.56508158177,0.96203069610764
31.6450945891308,0.962084387684627
31.7251075964916,0.962020531566914
31.8051206038524,0.962055451781545
31.8286896785289,0.962193049947378
31.8522587532054,0.962331092960108
31.8821513045696,0.962506120704714
31.8974513853484,0.962595675496184
31.9075003545891,0.962519776730098
31.9175493238297,0.962394710237274
31.9275982930703,0.962269981316488
31.9584041548921,0.961887373925451
31.9859745301967,0.96154467471456
32.0015221964693,0.961360326513273
32.0075147725792,0.961390322903469
32.0135073486891,0.961422139448691
32.0249231431115,0.961482555780201
32.0637354887715,0.961687849529552
32.1083637143489,0.961879778279427
32.1529919399264,0.961878026314234
32.1880261026206,0.961876980992692
32.2364792127587,0.962054082880649
32.2849323228968,0.962290711403086
32.3333854330349,0.962173523298994
32.3634566508604,0.961943351839939
32.3935278686858,0.961713437645949
32.4218816500445,0.961615600621875
32.4502354314032,0.961553891304581
32.478589212762,0.961492086392203
32.5446110276272,0.961535251207502
32.6106328424925,0.961660030110559
32.6766546573578,0.961703832383161
32.7426764722231,0.961658299548378
32.8741875267325,0.961691490368368
32.9406905924961,0.96171343099605
33.0071936582597,0.961654264515638
33.0490010977369,0.961468911803132
33.0908085372141,0.961283245139727
33.116181838153,0.960534676990429
33.1256613921733,0.960115531407104
33.1351409461937,0.959697068619633
33.1554917306426,0.958797374721008
33.1772463306628,0.957833623341965
33.199000930683,0.956867838009675
33.2033473797009,0.956836862819788
33.2076938287187,0.956863339211477
33.2120402777366,0.956888729647875
33.2218119117051,0.956945959460517
33.2557813675049,0.957144925568819
33.2984935715517,0.957394958790338
33.3240779613867,0.957423507649456
33.3496623512217,0.95744391816574
33.3957001644888,0.957480550864606
33.4119503453957,0.957690691352791
33.4282005263025,0.957974743180931
33.4444507072094,0.958258297050006
33.4940738092616,0.959123072130005
33.5095741708811,0.959084352863373
33.5202552676291,0.958920292312191
33.5309363643771,0.958757106037124
33.5548977716305,0.95839080219689
33.5919059849248,0.957824426469616
33.599724683425,0.957704680769622
33.6045061505268,0.957753983673282
33.6092876176286,0.957814527438835
33.6161993584422,0.95790151890693
33.635486019298,0.958144212022627
33.6867091319768,0.958788200048158
33.7379322446557,0.959175357304956
33.7759114307812,0.959394792512988
33.7943448298078,0.959501309634228
33.8127782288345,0.959841650432938
33.8312116278611,0.960288886959801
33.8496450268878,0.960735276269406
33.9014579644818,0.961911833834756
33.9025414876924,0.961887149956863
33.9036250109029,0.961855368716714
33.9049438978655,0.961818360326727
33.9075313225907,0.961745253633885
33.9153155834555,0.961525358630665
33.9516901706238,0.96049642655618
33.9881740973261,0.959462072660018
33.9966131511839,0.959222484657093
34.0050522050417,0.959246498087758
34.0134912588995,0.959460517186604
34.0195960340136,0.959614112387825
34.0327676309632,0.959945433226771
34.0818725910065,0.961178589976635
34.0967501824086,0.961551548408061
34.1045269608408,0.961524787510448
34.112303739273,0.961325958508061
34.1181685279053,0.961177140128729
34.1308793842316,0.960854306214105
34.1788499189297,0.959633835803578
34.1943995007446,0.959237526223856
34.2099490825595,0.95908032310601
34.2282921597251,0.959060222484617
34.2466352368906,0.959039520930869
34.2916133815112,0.958988716802903
34.3128087271351,0.959171866306595
34.3340040727591,0.959494468289415
34.3502847136319,0.959741760511814
34.3980651809759,0.960466714287788
34.4046847864045,0.960384962273303
34.4113043918331,0.960219986870096
34.4179239972617,0.960055891189984
34.4335015207148,0.959669412711496
34.4940385735085,0.958164315216542
34.5140926308096,0.958092490470049
34.5279737188193,0.958172448489999
34.5418548068291,0.958251726192803
34.5755838938758,0.958444276518436
34.5936466198346,0.958547376038205
34.6117093457934,0.95841776501498
34.6296375146924,0.958159188490421
34.6475656835915,0.957900967385874
34.6947068748968,0.957221331268847
34.708969512486,0.957315880706037
34.7232321500753,0.957595636777797
34.7333213557543,0.957792755836742
34.7581680485848,0.95827781704995
34.8694727810137,0.959408754901078
34.8907911918672,0.959504474898458
34.9121096027207,0.959496591473239
34.9334280135742,0.959407262776553
34.9547464244276,0.959318181569122
34.9920325978858,0.959162352144511
35.0293187713439,0.95923499206574
35.0554309008443,0.95933026881268
35.0815430303447,0.959425418525558
35.1252555854908,0.959313260344165
35.1545964200001,0.959102721450471
35.1839372545094,0.958892406376196
35.2711392288302,0.958146817494431
35.3583412031511,0.957096766896341
35.4654767158096,0.957783211756669
35.4766945056062,0.957999565457848
35.4879122954028,0.958214830715199
35.5010438018516,0.958432554099511
35.5054152021406,0.958372349930474
35.5097866024296,0.958309116859628
35.516784642978,0.958208185999856
35.5366703428045,0.957921363830812
35.5673305694369,0.957478745634016
35.5979907960692,0.957035701926523
35.6054062246948,0.957076830601101
35.6128216533204,0.957178460834793
35.6202370819459,0.957279457164852
35.6400245613309,0.957548882288314
35.6741462221671,0.958013143094433
35.6937925576685,0.958280232501141
35.7134388931699,0.958298665117293
35.7330852286713,0.958198375526891
35.7527315641727,0.958098479600481
35.8071178512599,0.957760517555014
35.832093615405,0.957417054425681
35.8570693795501,0.957072867656259
35.8824336962552,0.956723020717775
35.8964776512664,0.956529210473697
35.9105216062776,0.956567641935283
35.9211997458118,0.956659185429626
35.931877885346,0.956750284977042
35.9625418991639,0.957011781564066
36.100996813219,0.958246241292591
36.1130391949054,0.958231280714432
36.1250815765919,0.958215210665504
36.1501981444433,0.95818167071254
36.2044458800542,0.958082802692855
36.2252887062711,0.957930346228329
36.2461315324881,0.957777405335447
36.3027513532807,0.957420352223741
36.3085073399781,0.957499707635578
36.3142633266755,0.957581143334668
36.3248175347844,0.95773027459497
36.3570154082032,0.95818479226858
36.3930901129974,0.958693521523729
36.4138841700639,0.958811861312245
36.4346782271304,0.95884050841847
36.4554722841969,0.958869450695035
36.4904825653516,0.958918196082401
36.5254928465063,0.958734194258256
36.5533116661577,0.958517445865698
36.581130485809,0.958300758652142
36.634822518046,0.958074609679268
36.6885145502829,0.957953830914311
36.721472961412,0.958050075934382
36.7544313725411,0.958239212249766
36.7873897836703,0.958428084749791
36.8416158767098,0.958507644395565
36.8958419697494,0.958516247576129
36.9083318871677,0.958353620683624
36.9208218045861,0.958104392047003
36.9333117220044,0.957855516567207
36.9673863336926,0.957175864173233
36.9871885331327,0.956780406832148
36.9971646542044,0.956581052874272
37.0071407752762,0.956614561883469
37.017116896348,0.956747048034258
37.0270930174197,0.956878776920878
37.0514453227179,0.957200168439556
37.1045209629701,0.957865539144583
37.1227362212961,0.957966611389586
37.1409514796222,0.958067108583045
37.1870714744176,0.958321412706175
37.1966994874578,0.958374493595467
37.206327500498,0.958192242977107
37.2185615514915,0.95779405686529
37.2276051501485,0.957500189815968
37.2495719146409,0.956785606566811
37.2725426598296,0.956037130696395
37.2955134050183,0.955287424480769
37.3003139087849,0.955151515639754
37.3009903473079,0.955170744580872
37.3016667858309,0.955198514867097
37.3025764775178,0.955233675171646
37.3044207791415,0.955305566175451
37.3097400902487,0.955512700548684
37.3338134953251,0.956448938159858
37.3646163846811,0.957644093809967
37.3954192740372,0.958836117439188
37.4066323948234,0.958985446151533
37.4178455156096,0.958927573302064
37.4256972177426,0.958887961819109
37.4436632221073,0.958797283180051
37.4790443915417,0.958618605572005
37.4971123224234,0.958527338028381
37.5088536782343,0.958606981061184
37.5205950340452,0.95873480281731
37.5323363898562,0.958862287307463
37.5704835228562,0.959276231679833
37.5913195796427,0.959502179217834
37.6121556364291,0.959472079651653
37.6329916932155,0.959253576893675
37.6476911794837,0.959099804756448
37.6882138178123,0.958675667616638
37.7213265716142,0.959006601828788
37.7336135121793,0.959271417860838
37.7459004527444,0.959535228665202
37.7741903321091,0.96014205282951
37.7895150503406,0.960470453438057
37.7975899668341,0.960643395922065
37.8056648833276,0.960573965430407
37.813739799821,0.960392560300408
37.8218147163145,0.960212106212874
37.840064130039,0.959803953312458
37.8710108500294,0.959110950060849
37.9019575700197,0.958477671239284
37.9059904318346,0.958511000267596
37.9100232936494,0.958547378376767
37.9164670841116,0.958605141562948
37.9349766893136,0.95877093708742
37.9823765056474,0.959195288719412
38.0297763219811,0.959336494171508
38.0662970894577,0.959314464433281
38.1028178569343,0.959249925161838
38.1133601370798,0.959083212924097
38.1239024172253,0.958915209185453
38.1456701511248,0.958568126165322
38.1738459456783,0.958118525323805
38.2020217402318,0.957722581989099
38.2067642861264,0.957773044837184
38.2115068320209,0.957825973918083
38.2198113443226,0.957918397903009
38.2444026112439,0.958191851227018
38.2939886144801,0.958742789242907
38.3160454471231,0.958751369671887
38.3381022797661,0.958668584983259
38.3601591124091,0.958586065355793
38.3880781645381,0.958481612079244
38.4159972166672,0.958105282253621
38.4349459074745,0.957708764075541
38.4538945982818,0.957312423436005
38.5036179230635,0.956351760636079
38.5093888068443,0.956358974321275
38.5151596906251,0.956368157749309
38.5260758882567,0.956385402982467
38.5593632057353,0.956437822955079
38.5944788008748,0.956493141469144
38.6173720382269,0.95666437843596
38.6402652755791,0.956879874806034
38.6631585129312,0.957095143463727
38.7552315889274,0.957312931696735
38.7846012823044,0.957243438729913
38.8139709756813,0.957032565684701
38.83460326495,0.956772006870206
38.8552355542186,0.956511684369261
38.8912003396509,0.956057590250352
38.9271651250831,0.955855477201361
38.9534248369305,0.955768799777335
38.9796845487779,0.955681967838061
39.0786069560869,0.955472996429763
39.0984699400965,0.955437188232886
39.109308239575,0.955577484021731
39.1201465390535,0.955746520434187
39.1337652632404,0.955958572102251
39.1788582041635,0.956659969406959
39.2035212049997,0.95699486816414
39.2190047420682,0.957020697727458
39.2344882791367,0.957045786233553
39.2708657594302,0.957104665127997
39.2948306234649,0.957143477153376
39.3187954874996,0.956944216038393
39.3356829201752,0.956756020917898
39.3525703528509,0.956567935077563
39.3815418252155,0.956245096766896
39.3965108111151,0.95607819652731
39.4114797970148,0.956151295694244
39.4224224887831,0.956260861682331
39.4333651805515,0.956370030312235
39.4663953681346,0.956699379772397
39.4901622922216,0.956936233130387
39.5139292163087,0.956871942846083
39.5298334699416,0.956682548806927
39.5457377235745,0.956493725660546
39.5849712425192,0.956027649874708
39.6024173584339,0.955901493663028
39.608314454456,0.956031673524959
39.6142115504781,0.956163942606726
39.6250479505598,0.956406776233068
39.6575019123283,0.957133088755417
39.6836862528645,0.957718265206506
39.6975763725724,0.958028379081547
39.7068499724531,0.958095145949497
39.7161235723338,0.958108393401064
39.7253971722145,0.958122069052072
39.7528693516058,0.958162568061377
39.8801584794127,0.957167187039304
39.9281282607232,0.957003088858125
39.9468927341182,0.957072350112626
39.9656572075133,0.957141111914037
39.9988048246237,0.957262510532767
40.0187532122839,0.957210342258107
40.038701599944,0.957149422393397
40.073772303417,0.957042210360052
40.1405782646816,0.956625317190089
40.2073842259461,0.956126222142814
40.2331524211681,0.956111717589726
40.25892061639,0.956097684534893
40.3039078132501,0.956088360960484
40.3488950101101,0.956238995994751
40.3806417272601,0.95634542973593
40.4059219035667,0.956343733318326
40.4312020798733,0.956054276831721
40.4564822561799,0.955764352219571
40.4833186064278,0.95545634492573
40.4966771194761,0.95530295671673
40.5100356325245,0.955392314627832
40.5201298153031,0.955524032410403
40.5302239980816,0.955655249703857
40.558831341243,0.956026904665774
40.5827660022716,0.956337644115429
40.5962807806864,0.956513005658561
40.6097955591013,0.95644197788678
40.6233103375161,0.956272464909411
40.6368251159309,0.956103400255711
40.6729958368167,0.955650648377923
40.7397965618695,0.95508177845985
40.8065972869223,0.95469468412286
40.8536630114113,0.954411335718813
40.8839250270118,0.954229082492555
40.8988150024229,0.954139359201554
40.9065634504564,0.954273728354888
40.9143118984899,0.95444504399997
40.9220603465234,0.954615892864614
40.9458500865625,0.955140046775004
40.9752018329046,0.955785942072801
40.991213174373,0.95613788510127
40.9994347665486,0.956318497091728
41.0039774927145,0.956253910335413
41.0085202188803,0.956159526628964
41.0130629450462,0.956065818972234
41.0251762212275,0.955815746478681
41.071454756541,0.954859002144456
41.0933503517124,0.954405642998145
41.1152459468838,0.954339143806938
41.1322696038039,0.954422892873807
41.145705533212,0.954488560894649
41.1830211723062,0.954670818007749
41.2612279196071,0.955186850719931
41.339434666908,0.955629127390025
41.3814509902996,0.955807563287406
41.4234673136912,0.955790552439884
41.4654836370828,0.955616634028542
41.496835139517,0.955486991312914
41.5160797787831,0.955586466983005
41.5353244180491,0.955722827168205
41.5545690573152,0.955859022650818
41.6323206704114,0.956398398000847
41.745931681326,0.957129315538629
41.8042470373921,0.957439905992765
41.8216875895193,0.957388239080299
41.8391281416464,0.957335881148601
41.8811921491051,0.957209514483458
41.9003236682068,0.95715849616061
41.9063818682824,0.957262147441183
41.912440068358,0.957367969498281
41.9234677072541,0.957560392197625
41.9571771675869,0.958147931979335
42.0002312588064,0.958889657789202
42.0029104412842,0.958851141949773
42.0055896237621,0.958808301191158
42.0093083480248,0.958749512258158
42.0184374692492,0.958605122241759
42.0543551838488,0.958036524887161
42.0994633194982,0.957321443951135
42.1047609254489,0.957352950907102
42.1100585313996,0.957401047442347
42.1177833863264,0.957470673594078
42.1406059800363,0.957676346846298
42.1731615787263,0.95796959518175
42.1918514794121,0.958137858356369
42.210541380098,0.958003641328796
42.2248158346753,0.957716163072126
42.2351322922006,0.957508949206969
42.2609333808372,0.9569903271806
42.2799147646976,0.956608387004915
42.298896148558,0.956226131401548
42.3031977768105,0.956308094655755
42.3074994050631,0.956458543107851
42.3118010333157,0.956607692912533
42.3212127147643,0.956934021900308
42.3533052767335,0.958045085536295
42.3953925253221,0.959498056051974
42.4074220960942,0.959440063314149
42.4148143000202,0.959213748568396
42.4222065039461,0.958989230564233
42.436071496708,0.958567726518415
42.4823938410907,0.957156531418494
42.5209655023337,0.956243836838942
42.5464976331327,0.955789106860689
42.5720297639316,0.955333511788529
42.5869107436461,0.955067732098924
42.6017917233605,0.954889802079256
42.6043891055464,0.954970458938077
42.6069864877323,0.955055088866413
42.6106888095656,0.955175075517883
42.6196005425179,0.955463734855243
42.6537050635594,0.9565668139925
42.6950379301334,0.957900092036877
42.7076787236909,0.957883100118253
42.7156221183192,0.957690830071628
42.7235655129475,0.957500154735226
42.7389904768814,0.957129614729192
42.790777105122,0.95588321756714
42.8163738209658,0.955533786660296
42.8419705368095,0.955338680368549
42.8612571773871,0.955191361712628
42.8852420492214,0.9550080469681
42.8979536120712,0.95491087245052
42.9063138822824,0.954989208177188
42.9146741524937,0.955117812025577
42.9230344227049,0.955245929310907
42.9477801450881,0.955624937351612
43.0070189225118,0.956479331562738
43.0292248070773,0.956654554548478
43.0514306916428,0.956829280823843
43.1123977599729,0.957220245576096
43.1554990240653,0.957250174547873
43.1889489438748,0.957273260538154
43.2362410573068,0.957144498086585
43.2835331707389,0.956965714347816
43.3308252841709,0.957495877866107
43.3484007515096,0.957835595886774
43.3659762188484,0.958174487004925
43.3911363759153,0.958659156098035
43.4162965329823,0.958878357407858
43.4401409281192,0.958945886118204
43.4639853232561,0.959013807054291
43.4979036971253,0.959110435330329
43.510064276943,0.959029826093877
43.5222248567606,0.958923381135098
43.5385141151574,0.958780973934858
43.5968356586646,0.958270748850748
43.6135646900974,0.957960717817097
43.6302937215302,0.957610340676835
43.647022752963,0.957259861543113
43.6717335828937,0.956741677200146
43.6964444128243,0.956222893914546
43.7058422138695,0.956311629250597
43.7152400149147,0.956586317908584
43.7221652517203,0.956787594997626
43.7377052117381,0.957238959836555
43.796917909371,0.958954848383306
43.8056292234996,0.958993860546501
43.8143405376282,0.958907639063332
43.8230518517568,0.958822392634726
43.8427699149097,0.958629341925635
43.8714111692903,0.958348739529463
43.900052423671,0.958069554662256
43.9033619905439,0.958135312558331
43.9066715574168,0.958204958736661
43.9114908716115,0.958305839535949
43.9242747845845,0.958573286177745
43.9760324423003,0.959654570004489
43.9946524402561,0.960042936238172
44.0072783925025,0.960046958550017
44.019904344749,0.959850978626906
44.0288892362396,0.959712260269844
44.0504056558209,0.959379879365087
44.086759590337,0.95881770827502
44.1231135248531,0.958712858663187
44.1447773482629,0.958809537048583
44.1664411716727,0.958905713688527
44.1909543598024,0.959014486838657
44.2154675479321,0.958865545962655
44.2399019693185,0.958562744153251
44.2643363907049,0.958260180006152
44.3318519943432,0.957434122781444
44.3647074091895,0.957037591974874
44.3975628240358,0.956640785815342
44.4057524297262,0.956699968633587
44.4139420354166,0.956831806728302
44.422131641107,0.956962959787681
44.4437827263746,0.957309530503317
44.4720037054922,0.957760904104156
44.5002246846097,0.958205241585617
44.5032858959473,0.958166025467453
44.5063471072848,0.958123085273935
44.5108328497108,0.958060697698598
44.5226176081982,0.957896780211463
44.5701834307959,0.957234491026117
44.6029566320242,0.956823446393951
44.6133957808921,0.956840306624112
44.6238349297601,0.956858339356652
44.6458897611806,0.956896456498797
44.7265313810145,0.957054609049401
44.8071730008485,0.957166416018335
44.8227592693517,0.95701924371156
44.838345537855,0.95687117748295
44.8735958660926,0.956536061431643
44.9537437859397,0.955972170801429
44.9818946716801,0.955808599848613
44.9968113817717,0.955721862808821
45.0117280918633,0.955880043602882
45.0222618343815,0.956041336528118
45.0327955768997,0.956202229245983
45.0657353250272,0.956704973801382
45.1021811541742,0.957190610860114
45.1066104990791,0.95711745368137
45.1110398439839,0.957041145857291
45.1182008173741,0.956918052975305
45.138274386472,0.956572968690712
45.1642113868346,0.956126659565897
45.1901483871972,0.955679917227321
45.2150434109024,0.955944647908382
45.2235722268404,0.956195739282641
45.2321010427784,0.956445267394455
45.2494375548425,0.956952070949548
45.2737004740886,0.957660483390049
45.2979633933347,0.958367780019726
45.3037655519224,0.958348014140117
45.3095677105101,0.958214627491941
45.3153698690977,0.958082564098885
45.3278299347814,0.957798705946033
45.3705820122336,0.956823300600023
45.3882398727578,0.956419826792943
45.3968907903973,0.956222025033113
45.4055417080369,0.956271792424629
45.4167973653487,0.956530364046843
45.4280530226605,0.956787633006182
45.4516519022918,0.95732652213607
45.4780468762435,0.9579285616734
45.4934050596113,0.958278490987057
45.508763242979,0.958317304766723
45.5208102071844,0.958156357067766
45.529478752884,0.958041329528249
45.5500649145908,0.957768042390487
45.5926031121743,0.957202762121306
45.6194591816156,0.956998997540139
45.6463152510569,0.956855005589414
45.6731713204982,0.956710824969553
45.7392841244852,0.956139415147502
45.8053969284723,0.955504171806588
45.8152031114111,0.955553410926907
45.8250092943499,0.955603903402485
45.8453750951222,0.955708780788093
45.9164341586362,0.955994889486003
45.9684540693802,0.956009679002734
46.0204739801241,0.955974840041271
46.072493890868,0.955862635114609
46.1025167243786,0.955772406593407
46.1201864948389,0.955553782753721
46.1378562652991,0.955334315149316
46.1791898074082,0.95482041898581
46.2245411807261,0.95453014914083
46.254077998108,0.954494704831939
46.2836148154899,0.954458900917574
46.2977990213485,0.954441674816249
46.3062791947809,0.954594341471142
46.3147593682133,0.954809007242336
46.3232395416457,0.955023031501398
46.3468226605709,0.95561769522389
46.3758588340285,0.956348827051261
46.3922537802017,0.956761127473082
46.3994666505941,0.956942398731698
46.4039246799843,0.956918379161376
46.4083827093746,0.956870514972911
46.414012330566,0.956810783889887
46.4292626970844,0.95664886208421
46.4917265648598,0.955984964915348
46.5195878110663,0.955995195796728
46.5474490572729,0.956138028095409
46.5694119128719,0.956250353299619
46.5923326833274,0.956367518258581
46.6152534537828,0.956229954171579
46.6381742242383,0.955960561759672
46.6564085544172,0.955746437073217
46.7121046825558,0.955140261997352
46.7678008106945,0.954709244957577
46.787742420906,0.954554841605806
46.7979599840741,0.954475717325539
46.8050406190306,0.954571402640282
46.8121212539871,0.954734045885309
46.8192018889435,0.95489593621773
46.8377735462786,0.955320304641927
46.8703770293513,0.956064399669283
46.8920935059794,0.956559341159356
46.9138099826074,0.95656539209771
46.9266807063887,0.956397907461332
46.93955143017,0.956231275391554
46.9682273299143,0.955859853195868
47.0026166955643,0.955441010811476
47.0154742714522,0.955407687354648
47.0283318473402,0.955375171704544
47.0583874135071,0.955299215002911
47.1757002487828,0.956074293654069
47.1927022346801,0.956272552692674
47.2097042205775,0.956076581020387
47.2180909087021,0.9558275530972
47.2264775968267,0.955579731917365
47.2439262878288,0.955063695513193
47.274521730082,0.954157331128319
47.2885196723889,0.953742055365398
47.2966752895223,0.953499926011062
47.3048309066558,0.953564015365425
47.3129865237892,0.953855278914267
47.3187214263067,0.954058606580799
47.3306989676713,0.95448300954393
47.3712895822611,0.95591848962026
47.3867387309411,0.956463645930788
47.3968042518087,0.956818479446591
47.4068697726763,0.956812254410297
47.4169352935439,0.956626848612736
47.4243885334846,0.95649046360252
47.4415104110041,0.956176985839679
47.5085818209126,0.95501657928773
47.5291777622569,0.954806283263076
47.5497737036012,0.954596328801893
47.5845960721618,0.954241191159371
47.5977880182427,0.954106565162009
47.6065694938298,0.954161449045859
47.6153509694169,0.954269115802011
47.624132445004,0.954376313814754
47.6502365168104,0.954694816496448
47.7043253147658,0.955279575126806
47.7124984480587,0.955238691887455
47.7206715813515,0.95519641540361
47.7374912552702,0.955109403742375
47.793848112192,0.954817916704796
48.0756323968005,0.95613200639388
48.0927854876938,0.956421875994047
48.1099385785872,0.956303107880436
48.1187514796327,0.956083254250932
48.1275643806783,0.955864622159728
48.1459736865591,0.955407580859194
48.174785110787,0.954691278326699
48.1930380781502,0.954236900272938
48.2112910455133,0.954173189146135
48.2248516814353,0.954311473160573
48.2384123173573,0.954448757685427
48.2684610483944,0.954752726472342
48.3448933036738,0.9552854259263
48.377419486179,0.955439580841947
48.3967250744494,0.955531141763484
48.4095024182922,0.955446940625178
48.422279762135,0.955309934678149
48.4350571059779,0.955173179773834
48.4770167829849,0.954723823500951
48.4921032655154,0.954562138549312
48.5011792911481,0.954502554858232
48.5071137358283,0.954634086145405
48.5130481805085,0.954767785439154
48.5239902793819,0.955014098151884
48.5561585073122,0.955737242802736
48.5845328325927,0.95637417038098
48.5974568645018,0.956663982366097
48.6052974161648,0.956656318447739
48.6131379678278,0.956553029576474
48.6209785194908,0.956450595107721
48.6399556541055,0.956202541131482
48.6847482104374,0.955616435451347
48.7295407667692,0.955351466143376
48.7743333231011,0.955254932443059
48.7962151955814,0.955207665906115
48.8102034381483,0.955331560034653
48.8241916807153,0.955515482326282
48.8381799232822,0.955699029517139
48.8833549195902,0.956291258815525
48.933928904576,0.956204071281426
48.9531866260098,0.956028611690502
48.9724443474436,0.955853585177323
49.0234614000302,0.955320591680464
49.0744784526168,0.954704669481098
49.0998648305975,0.954397917177124
49.1067013800192,0.954448002497787
49.1135379294408,0.954503196802043
49.1250781816452,0.954596103835061
49.1655272663571,0.9549215841791
49.1930488104304,0.955142919116816
49.2205703545037,0.955650101602339
49.2405136265943,0.956089113680142
49.2604568986848,0.956527464873217
49.2827561737322,0.957017081729413
49.2958551937093,0.957304453191884
49.3089542136864,0.957314665878473
49.3220532336635,0.957190038310428
49.3351522536405,0.957066104432822
49.3671761090075,0.956763006880074
49.390556686534,0.956541561134315
49.4139372640605,0.956570675689161
49.4373178415871,0.956774140716803
49.4544254482646,0.95692258924188
49.5042680795839,0.957307501569241
49.5193413083918,0.957270864061892
49.5344145371996,0.957233402931231
49.5693842218092,0.957146430802985
49.7148270973396,0.956889600077328
49.7738372763464,0.95692879562651
49.8328474553533,0.956875019391308
49.8918576343602,0.956746266772163
49.9508678133671,0.956755428429144
49.9962374643168,0.956779721418997
50.042000574739,0.956692282039706
50.0877636851611,0.956594527293216
50.1262281339481,0.956745827775054
50.164692582735,0.957007879321936
50.203157031522,0.957233446587143
50.2162345959822,0.95717213270463
50.2293121604423,0.957109929580799
50.2593282188605,0.956967089399501
50.3804523496084,0.955980319475486
50.4023511930478,0.955808182039679
50.4106785192092,0.955884071339533
50.4190058453706,0.955961304272693
50.4363114065648,0.95612175169751
50.4956902963697,0.956671687786553
50.5313137031385,0.957108606584057
50.5669371099073,0.957560256074415
50.5842948231342,0.957780240426117
50.6016525363611,0.957922943116065
50.6043218610816,0.957833417624095
50.6069911858021,0.95773958132695
50.6107256130896,0.957608943467835
50.6198569767015,0.957289332103771
50.6556606792576,0.956033904547844
50.6891556101546,0.954856287970721
50.6964779491471,0.954598439483717
50.699895353489,0.954478048900877
50.7010662510766,0.954500790759006
50.7022371486641,0.954540547519904
50.7034080462516,0.954578516531497
50.7055819587818,0.954649563992914
50.7114320977017,0.954840567462958
50.7364000959159,0.955654829436446
50.7680181120922,0.956683882840657
50.7996361282684,0.957710608101697
50.802047178853,0.957676452135224
50.8044582294375,0.957612814252676
50.8068692800221,0.957550465388609
50.8118775651698,0.957420604136496
50.82919745819,0.956971230543992
50.8608170731422,0.956149717357448
50.8924366880943,0.955326709022562
50.9000514565128,0.955130574896061
50.9011036026926,0.955146902439036
50.9021557488723,0.955170167368082
50.9035018677464,0.955198233234187
50.9061383698907,0.955253643557579
50.9139619509548,0.955417947728214
50.9492275215295,0.956157795009403
50.9804760519477,0.956812369355447
50.9969343859774,0.957156748170177
51.0080601364766,0.957241030280458
51.0191858869759,0.957265253189872
51.0303116374751,0.95728986680229
51.0641969668812,0.957364829009485
51.095536672154,0.957434131091598
51.1156585908762,0.957338658912927
51.1357805095983,0.957201715440756
51.1559024283204,0.957064870643705
51.1843340396263,0.956871454332944
51.1985604409404,0.956774639596354
51.2127868422546,0.95693111946484
51.223355652412,0.957110587599213
51.2339244625694,0.957289543323987
51.2648310813435,0.957812462258004
51.2900179693853,0.958238180840866
51.3152048574271,0.958406411183925
51.3403917454688,0.958401535014211
51.3588286960418,0.958398309291721
51.3895126616369,0.958392972639329
51.4201966272319,0.95812244970874
51.450880592827,0.957711018574869
51.4747817044394,0.957390513751365
51.5537668408548,0.956966851626459
51.5815624315556,0.956923797453956
51.5982882361843,0.956897743215891
51.6087523327452,0.957017975372387
51.6192164293061,0.957167320721975
51.6327045604235,0.957359471409821
51.6776818406538,0.95799961798642
51.6921946780119,0.958205988079167
51.7005487656237,0.958305708323964
51.7054758228725,0.958200751822203
51.7104028801214,0.958092358412578
51.718326669132,0.957918283372997
51.7405333381771,0.957430222301163
51.7679638133687,0.956826595933371
51.7953942885603,0.956222171811699
51.8071710184606,0.956230143636149
51.8189477483609,0.956419297214184
51.8276601885348,0.956558382611547
51.8485776364614,0.956892125106846
51.8763727663521,0.957335264932845
51.8945529601052,0.957624875069894
51.9127331538583,0.95756784620856
51.9272497993866,0.957399332077298
51.941766444915,0.957231355187949
51.9792150799515,0.956797773306279
52.0346883098976,0.956679174024872
52.0674143802776,0.956796774186618
52.1001404506577,0.956914916691017
52.116124043922,0.957082234180816
52.1321076371864,0.957250205919669
52.170901239544,0.957657679881888
52.2290182477302,0.958207027342624
52.2871352559164,0.958694570932028
52.302384505134,0.95876897143251
52.3123608602581,0.958624855625408
52.3223372153821,0.95847949351069
52.3435636958458,0.958170071744497
52.3693031898911,0.957794627089607
52.3950426839364,0.957418862466808
52.4065991363786,0.95751157945197
52.4181555888208,0.957811343406909
52.4263704886646,0.958023413661097
52.4455144800366,0.958517255074379
52.4697867561791,0.959142653239204
52.4940590323215,0.959767189473094
52.5018712312247,0.959888026579487
52.5096834301278,0.959740638371345
52.5174956290309,0.959592106538965
52.5350776284316,0.959257714744275
52.5946442425655,0.958123074220641
52.6134826444475,0.958187594012466
52.6323210463294,0.958426572773632
52.6460303194447,0.958599936383437
52.6835419444075,0.959073926526573
52.7030411431604,0.95923015450304
52.7102899321774,0.95910478815723
52.7175387211944,0.95897775604022
52.7319496836576,0.958725200245844
52.7817664352266,0.957851187962174
52.8349573866075,0.957709292868237
52.8539490307966,0.957808362151947
52.8729406749857,0.957906857726345
52.9042948441269,0.958100274486067
52.9356490132681,0.958490292998919
52.9582196861601,0.958771114654097
52.9890094330185,0.959153946750857
53.019799179877,0.959273156592509
53.0513090604959,0.959242535913552
53.0828189411148,0.959212191535135
53.1778775114913,0.959244503943178
53.200208873495,0.959255412709885
53.2077403737571,0.959145997588733
53.2152718740191,0.959034860941154
53.2300205350333,0.958817236795116
53.2810065885035,0.958064232470571
53.3318389480314,0.958102161785913
53.3487658799268,0.95827397306868
53.3656928118223,0.958445038988325
53.407334013105,0.958817081319819
53.4489752143877,0.958960027500294
53.4798220432263,0.959065709039332
53.5511129813905,0.959159874983372
53.5837226589005,0.959175578699458
53.6053435397976,0.959115047400068
53.6269644206947,0.958833654290877
53.6485853015919,0.958551865340514
53.6894177268813,0.958019195923499
53.7302501521708,0.957737912976906
53.7615794698798,0.957590826848359
53.7929087875888,0.957443556960639
53.8121316653422,0.957557573451709
53.8313545430957,0.957794992300316
53.8505774208491,0.958031832730338
53.9043999622814,0.958610270830793
53.9143258625201,0.958543047059342
53.9242517627588,0.958474298141613
53.9437776963693,0.958339042654495
54.013934991149,0.957881076977752
54.0840922859287,0.957538827162894
54.1542495807084,0.957247447279119
54.2055256134654,0.95708007740849
54.2365751617367,0.957152544446275
54.2676247100081,0.957225375471771
54.3552534600191,0.956819589046033
54.3988667896723,0.956437493116832
54.4113980914668,0.956456135619746
54.4239293932613,0.956489062154579
54.4432735419361,0.956539741835694
54.5201431425683,0.956737155571024
54.6011570405481,0.956939415016426
54.6249450443882,0.957123582194013
54.6487330482284,0.957308178699518
54.6845719568233,0.957586197804903
54.7204108654183,0.957560687319455
54.7488871671077,0.957354814574686
54.7691780541475,0.957208377789464
54.7923837988975,0.957040880395248
54.8155895436475,0.95746680663205
54.8276543813395,0.957843375829494
54.8397192190315,0.958218699182791
54.8670108839898,0.959066557361567
54.8863238181813,0.959665620135168
54.8969043320478,0.959993476945583
54.9074848459143,0.960065136954665
54.9180653597808,0.960023961603046
54.9286458736472,0.959983562677585
54.9544909136729,0.959884844597047
55.067589650095,0.959431664208832
55.2113006069299,0.958992857739484
55.2774787301769,0.958895791955531
55.3436568534238,0.959122666804629
55.4098349766707,0.959387655463274
55.4287133776972,0.95924947310353
55.4475917787236,0.959110576146813
55.493685914878,0.95877121860202
55.5289274124485,0.958358857804628
55.564168910019,0.957911931929507
55.5909085156806,0.957572573695874
55.6176481213423,0.9575523819863
55.644387727004,0.957700657464342
55.6640436136624,0.957809314492723
55.6904893718364,0.95795543187455
55.7169351300103,0.957841897510084
55.7461330539727,0.957551551985219
55.7753309779351,0.957261395440585
55.8588329870168,0.956611927276616
55.8929747470188,0.95637747672886
55.9107270626384,0.956484136959305
55.928479378258,0.956745773529172
55.9420875179424,0.956945770488002
55.9797486990198,0.957498764695467
56.0459074715514,0.957994681754181
56.0855765716062,0.958165082451199
56.1252456716611,0.958245348197277
56.2241502551418,0.958432824492717
56.3230548386226,0.959011428002866
56.3816989225692,0.959403280868284
56.4403430065158,0.959543892886581
56.4989870904624,0.95956943223923
56.5135678426973,0.959435445294563
56.5281485949322,0.959289676396249
56.5517258880664,0.959053856458869
56.5909754530844,0.958661119524449
56.6302250181023,0.958527309595846
56.6581403994392,0.958488252820475
56.6860557807761,0.958449068430729
56.7241516964372,0.958766099696595
56.7497453405845,0.959125056710604
56.7753389847318,0.959483350093938
56.789525255772,0.959681810813298
56.797655567245,0.959795518469589
56.805785878718,0.959646426532122
56.813916190191,0.959381544964248
56.8220465016639,0.959117563694626
56.8404893284078,0.958518128736575
56.8655777339583,0.957701390225494
56.8906661395089,0.956883194855812
56.9139078003859,0.95696967801367
56.9210456780671,0.957176449352372
56.9281835557483,0.957381176001967
56.9416229251611,0.957766468686668
56.9848324113553,0.95900319753252
57.0260717226342,0.959121982806682
57.037951583223,0.958975034346249
57.0498314438118,0.958829166107956
57.0752038198365,0.958517482677232
57.1315157072396,0.957582633641483
57.1708167485374,0.95679420552482
57.1865897566559,0.956477479595606
57.1969215047987,0.956269908976004
57.2072532529416,0.956409612712688
57.2175850010845,0.956706420833986
57.2255330467084,0.956933770713643
57.2443794869561,0.957472417482739
57.2693324570966,0.958184655792087
57.294285427237,0.95889577514118
57.2997995698042,0.959052769810828
57.3020576335751,0.959032319598996
57.3043156973461,0.958997019228748
57.3070644935268,0.958955083226047
57.312899731499,0.958865901226821
57.3343078562232,0.958538530489109
57.4037040876579,0.957486171452034
57.4492488319064,0.95691617384538
57.494793576155,0.956345666370656
57.5077892699477,0.956451690879755
57.5207849637405,0.956746100031416
57.530237829873,0.956959392307299
57.5533109003038,0.957479564420696
57.5990597116384,0.95850925095079
57.6089413923873,0.958573539147276
57.6188230731361,0.958618795805251
57.6326757702268,0.958682478456376
57.6806985688977,0.95890318127644
57.7275456528173,0.958544504016442
57.7446334957397,0.958264372308861
57.7617213386621,0.957984705836498
57.7891614545081,0.957535286225678
57.816601570354,0.957507906124763
57.8336346277113,0.957666280968294
57.8506676850686,0.957823870266576
57.8914969246252,0.958201342460889
57.9323011263292,0.958559817668353
57.9731053280331,0.958913066710289
57.9893625894951,0.95905370482467
57.9979622562033,0.959128094826557
58.0065619229115,0.958952183639578
58.0129842297016,0.95875728521294
58.0194065364916,0.958563084721606
58.0359195210084,0.958063304007216
58.1015340270431,0.956140713814731
58.1030364167791,0.956157667991428
58.1045388065151,0.956180649937499
58.1064442142817,0.956208514593603
58.1102962518844,0.956265107781635
58.1228987963354,0.956450202356885
58.1821042252893,0.957318698689348
58.2392844201288,0.958046372590349
58.2964646149684,0.958722475954137
58.3052801490546,0.958600233055462
58.3140956831407,0.958315335468383
58.3209807718874,0.958093718497189
58.3367533249696,0.957585571479725
58.3985722044744,0.955588346379902
58.403892771828,0.955640508394005
58.4092133391816,0.955786375943954
58.4145339065352,0.955930852346828
58.4262781707191,0.956249717365444
58.4651877001044,0.957304665106918
58.4888863348328,0.957945992134036
58.5125849695611,0.958338422681929
58.5293414371913,0.958456501520546
58.5420732645414,0.958546715451257
58.5765424909449,0.95879089566264
58.5930817083448,0.95890800173325
58.6096209257446,0.958774091564245
58.6261601431445,0.958452622000935
58.6381138684843,0.958220708025793
58.6693586520011,0.957614004172279
58.6900892324061,0.957210999660465
58.6999166570337,0.957019831200813
58.7058466322745,0.957035228198063
58.7117766075152,0.957055218535202
58.7217851382755,0.957088787012413
58.7505811419954,0.957185160266952
58.8868035158104,0.956899988454384
58.9415631716569,0.956483453090685
58.9963228275034,0.956024497819933
59.0099020766719,0.956069059619414
59.0234813258405,0.95617552397882
59.037060575009,0.95628164312019
59.0801122885454,0.956617892523126
59.0935602161699,0.956722884448359
59.0999636573525,0.956772866783815
59.1025704060957,0.956706690054942
59.105177154839,0.956634502057894
59.1086959057024,0.956537762460901
59.1168914176004,0.956312359741676
59.147890824179,0.955458674909189
59.19555884751,0.954142827480397
59.2075345718369,0.954407324499934
59.2144957172344,0.954776814106008
59.2214568626319,0.955143708815382
59.233853644465,0.955796406765927
59.2706064816578,0.957726194615699
59.2961574358627,0.959062978276437
59.30063896253,0.959236602674535
59.3016063018253,0.959195368431656
59.3025736411206,0.959145653320001
59.3037480179638,0.959087319398682
59.3059936254356,0.958975164298483
59.3124222204096,0.9586540797693
59.3414090154518,0.957203485411202
59.3912547439328,0.954698150701321
59.3972461727275,0.954396076313198
59.4032376015221,0.954338328560693
59.4076213014362,0.95446503438365
59.4110042797408,0.954560667078522
59.4168846338169,0.95472713391368
59.4350981332759,0.955242470923617
59.469190400443,0.956205472377869
59.5032826676101,0.957082981993969
59.5105150897075,0.957102693344056
59.5177475118049,0.957120449667549
59.5312622249825,0.957153696200945
59.5742948486471,0.957259717134782
59.6279269607903,0.957251195438802
59.6815590729335,0.957111670799915
59.7241965347665,0.957416406193584
59.7442027183363,0.957710308872842
59.7642089019061,0.958003476596642
59.8167379843641,0.958696471921363
59.8560750413782,0.959092170403093
59.9137974616527,0.959640006342712
59.9715198819272,0.960083782318099
60.0413808653092,0.960357929346484
60.0729804146516,0.960399355840614
60.0943816246194,0.960427533888571
60.1092530351335,0.96024072092646
60.1241244456476,0.959922931405569
60.1389958561617,0.959605574729616
60.177147891697,0.958790418700971
60.3586917704081,0.957539198262718
60.4229265420053,0.957828503048255
60.4871613136025,0.957994716423626
60.5195564542446,0.958311556025565
60.5519515948867,0.958783969986575
60.576363906326,0.959139407388949
60.5925493970188,0.959374894858064
60.6087348877116,0.959364537543104
60.6206027155309,0.95919691277258
60.6297295996591,0.959068707086769
60.6522693546865,0.958751925643333
60.7127454391971,0.957992502972846
60.7732215237077,0.957578003024804
60.7954884667515,0.957425338201387
60.8108339325104,0.957471628661008
60.8261793982692,0.957583807333028
60.8415248640281,0.957695658575408
60.8909615845408,0.958055785180317
60.9660378549041,0.958555587828836
61.0008708546274,0.958761681895611
61.005525072406,0.958672827662068
61.0101792901845,0.958581047660578
61.0179992131009,0.958427094285247
61.0408867576094,0.95797631788291
61.0673263049999,0.95745499939342
61.0937658523904,0.956933088326901
61.1007379930631,0.956830696601358
61.1035563777478,0.956913009041486
61.1063747624326,0.956999640071899
61.1103187935649,0.957120212106771
61.1199648476396,0.957414945101855
61.1573418513682,0.9585552804172
61.1859105169925,0.959424953706787
61.2031631549417,0.959883026749546
61.2150473714484,0.959990568030176
61.226931587955,0.960097198927518
61.2543924340714,0.960343498979661
61.2801301714614,0.960574249826825
61.2939716406337,0.960698292551141
61.3078131098059,0.960552417712377
61.3188599140203,0.960261851884987
61.3271522677327,0.960044467533
61.3469200643514,0.959525802248169
61.3729985379249,0.958840629687831
61.3990770114983,0.958154433931912
61.404994552952,0.958167026529809
61.4109120944057,0.958216141419584
61.4168296358594,0.95826468811105
61.4339476273793,0.958405160448703
61.5055935500683,0.959034587067525
61.5271042734474,0.959372120598721
61.5486149968265,0.959709957982625
61.5809429934111,0.960217249238946
61.5934977651538,0.96041409813243
61.6010739080715,0.960490637648156
61.6061032159278,0.960364938208212
61.6111325237842,0.960236550916371
61.6199398030161,0.960011910814859
61.6469384130814,0.959322682183389
61.6779506180574,0.958529685579996
61.6925349341007,0.958156283072159
61.7015412081256,0.957976451192177
61.7105474821506,0.958053360206448
61.7169370022368,0.958109111263438
61.7307793580167,0.958229801811283
61.7799055086142,0.958657762470072
61.8439613172974,0.958895831173418
61.881943529564,0.958949417124925
61.9199257418305,0.958805826705888
61.9482815014261,0.958562698526264
61.9707161594184,0.958370509971384
62.0435028618748,0.957376864182165
62.0718482014459,0.956891293695741
62.1001935410169,0.95641321134259
62.1017289132207,0.956444337504542
62.1032642854245,0.956481214803886
62.1052385631989,0.956527407596628
62.1092977735404,0.956622616255851
62.1228848924771,0.956941153991833
62.1874668564236,0.958452125612821
62.196416137685,0.958661111906807
62.2053654189465,0.958619563045889
62.214314700208,0.958398742294245
62.2210736274886,0.958232966444979
62.2362848251515,0.957859605699961
62.2950396218824,0.956414472744242
62.3107996219856,0.956409862178015
62.3265596220888,0.95658892275995
62.3379307019781,0.956717494174723
62.3671130408923,0.957047236090282
62.3999134924455,0.957417606525121
62.4104759709556,0.957422853848917
62.4210384494656,0.95742594847532
62.4426771654058,0.95743227307704
62.4875574209323,0.957445488111318
62.5324376764589,0.957199885227621
62.5773179319854,0.956853277369468
62.622198187512,0.956513007145246
62.6764815516003,0.956109372112547
62.7307649156885,0.956055620854555
62.7586684280961,0.956167314046475
62.7865719405036,0.956278631335225
62.8262728933271,0.956207597770303
62.8659738461506,0.956017383903735
62.888361918982,0.955910180531545
62.9004902692841,0.95586698154408
62.9047030154982,0.955975305270453
62.9089157617124,0.956086918258159
62.9156038661071,0.956263739669992
62.934003322886,0.956749670199897
63.0115251978235,0.958822802971243
63.089047072761,0.961066014445782
63.0992888968067,0.961361560842169
63.1055907643477,0.961407482764797
63.1118926318888,0.961432545056842
63.1206008532971,0.961467636193583
63.146741772011,0.961572919385296
63.2774463655806,0.961723061469025
63.344098138934,0.96175655968896
63.4107499122874,0.961820786169361
63.4809459415889,0.961779168131378
63.5511419708905,0.961847086582435
63.621338000192,0.96193397227898
63.8012504841889,0.961881337152863
63.8176057305243,0.961963090563262
63.8339609768597,0.962045503284378
63.8744986827214,0.962249713868931
63.8957253345462,0.962356595363564
63.9169519863711,0.962200909853364
63.9381786381959,0.961931386984169
63.9594052900208,0.96166207728067
63.9901454364937,0.961271801138272
64.0208855829665,0.961134241201535
64.0512272798253,0.961137601708669
64.0815689766841,0.961140653478558
64.1369367870141,0.961328361809927
64.1923045973441,0.961607888742499
64.2174408102729,0.961490944303693
64.2425770232016,0.961263485366163
64.2677132361304,0.961036211304455
64.3460354592222,0.960907499081141
64.3810850819086,0.961033525623099
64.416134704595,0.961114194828474
64.4511843272814,0.961141152232333
64.4862339499677,0.961168214034187
64.5611890501391,0.961173934089345
64.6010338224634,0.961170382078327
64.6139098450123,0.961056304121764
64.6267858675612,0.960941265591221
64.6557282888537,0.960682578689841
64.7811250268467,0.960329545530173
64.8190862845026,0.960301767250383
64.8570475421584,0.960224820657307
64.8950087998143,0.960147939006396
64.9396623783535,0.960182459598973
64.9843159568926,0.960233058346816
65.0538148707064,0.960227139762213
65.1233137845202,0.960202230934471
65.2415490615185,0.960130069155669
65.2969244446526,0.960052782466499
65.3254828226697,0.960208229271482
65.3540412006867,0.960429534585221
65.3825995787038,0.960650585456569
65.3984922206135,0.960773545870614
65.4084115412765,0.960714694986046
65.4183308619395,0.960629056846832
65.4314002718129,0.960516485173122
65.4748897060447,0.960141693476689
65.5364717474482,0.959978380441151
65.5755210966001,0.960037129793799
65.614570445752,0.960040110243506
65.6536197949039,0.95994836225758
65.6926691440558,0.959856701578866
65.7356736363985,0.959881837812493
65.7786781287413,0.959933393939645
65.8360001940624,0.959904115476905
65.9030294766024,0.959817347211125
65.9264308712811,0.959905925993777
65.9498322659598,0.959994940838843
65.9933453069378,0.960160451305594
66.0205194170042,0.960113921854822
66.0476935270705,0.960017476931139
66.0748676371369,0.959921128290901
66.1391612019596,0.959905036050102
66.2034547667824,0.960019856484853
66.2677483316051,0.960021624934124
66.3176718472347,0.959991597288653
66.3675953628644,0.959903742540875
66.4358487252115,0.959822787852617
66.5229158670231,0.959823184045493
66.5867618533891,0.959943473754821
66.6472145034754,0.959927616380568
66.7076671535618,0.959861513137106
66.7681198036482,0.959727541079052
66.8285724537345,0.959722707942094
66.8725112887624,0.959825178272642
66.9164501237902,0.95990235488533
66.945099866386,0.959806469995143
66.9737496089818,0.95971021042573
67.056157066755,0.959722825163729
67.1005357934701,0.959805946606165
67.1265344224074,0.959990166931898
67.1525330513448,0.960174802297089
67.1812022297516,0.960378352923535
67.1977402034103,0.960495719941893
67.214278177069,0.96034212211338
67.2308161507277,0.960056935460494
67.2473541243864,0.959772120776519
67.2905496884929,0.959027413682814
67.2997555457283,0.95886853311222
67.3053616088582,0.958903336734967
67.3109676719881,0.958947316644858
67.3197497075595,0.959015939768427
67.344454984645,0.959208751664253
67.4047099255364,0.959649780277664
67.4269663604976,0.959686047772814
67.4492227954589,0.959721866879383
67.5098633474757,0.959797509801705
67.5705038994924,0.959725386005557
67.617873659737,0.959655390373916
67.679928632663,0.959533970512615
67.7451513077166,0.959559891186387
67.8103739827702,0.959628609502992
67.8805380621208,0.959553333063871
67.9507021414714,0.959549327369534
68.0401565676357,0.959642034069967
68.1104666878775,0.959717181690155
68.1542964001165,0.959563219225582
68.1981261123554,0.959408975980362
68.2357420328231,0.95941212387713
68.2733579532907,0.959422769854427
68.3447743128248,0.959492339361295
68.4765672002338,0.959479679660707
68.5602282485273,0.959447766965043
68.6438892968207,0.959436015277082
68.7632448724199,0.959546274304381
68.8345488890418,0.959469157579982
68.9058529056636,0.959211128100605
68.925520117768,0.959302370510038
68.9451873298724,0.95939426249002
68.99289805962,0.95961717804153
69.0327567998396,0.959622601872925
69.0726155400592,0.959588028664242
69.1124742802788,0.959495905032215
69.1523330204984,0.959275585277111
69.1876898658609,0.959080011721446
69.2230467112234,0.959146542667963
69.2682983094581,0.959413904122417
69.300511026336,0.959598750117272
69.3103339566198,0.95955569094693
69.3201568869037,0.959511590906769
69.3417711077763,0.959414547407532
69.4018619306998,0.959150916119182
69.439747094066,0.959107873291078
69.4776322574322,0.959065057726739
69.5449443728992,0.959174596341428
69.6122564883661,0.959320814197014
69.6698516767525,0.959227479849763
69.7274468651389,0.959227199668439
69.7850420535253,0.959330457501143
69.8426372419118,0.959279130413088
69.9002324302982,0.959173440402757
69.9578276186846,0.959191051556381
69.9992600399718,0.959203841923059
70.0067081451605,0.959034245628301
70.0141562503492,0.958841994711824
70.0239983414428,0.958588213007151
70.0541166099132,0.957810719888658
70.0876015886213,0.956944735954409
70.1210865673294,0.955747522225355
70.1474447450165,0.9546468865714
70.1738029227037,0.953543962353372
70.1862055803581,0.953024094047318
70.1986082380126,0.952503600754032
70.203836867626,0.952590220805773
70.2090654972394,0.952803614198978
70.2142941268528,0.953015080439431
70.2247080818259,0.953436056788864
70.2556313734922,0.954684026736201
70.2794516919055,0.955642967544497
70.2936610220076,0.956214036169565
70.2994382965492,0.956446017601537
70.3031183489969,0.956452264448708
70.3067984014445,0.95642548948802
70.3104784538921,0.956399609905301
70.3193722299476,0.956336899469044
70.3521146819654,0.956105881594292
70.3853893118932,0.955871008545794
70.4186639418211,0.955891195833058
70.4418560912035,0.956048780110462
70.465048240586,0.956205214846732
70.4991108706563,0.956434794042902
70.5125381851357,0.956422717452395
70.5259654996152,0.956402388917282
70.5502795689441,0.956365502141826
70.5827880919709,0.956316296041443
70.6018566099486,0.956258210909271
70.6134771144238,0.956053432557749
70.625097618899,0.955847696070803
70.6498262065807,0.955409500855982
70.6748729856,0.95496530061382
70.6999197646193,0.954520644576791
70.701400465882,0.954561507649938
70.7028811671448,0.95461421639787
70.7043618684076,0.954665618252286
70.707283182826,0.954767372728915
70.7157587005289,0.955062411909846
70.7524157079613,0.956336195608634
70.7998083698197,0.957977767398381
70.8022610367668,0.957973045401307
70.8047137037139,0.957954564716223
70.8077722837915,0.957932444357464
70.8144202230772,0.957884298936363
70.8384650410227,0.957710029799871
70.9003019017222,0.957263746231031
70.9180417857574,0.957262915620404
70.9357816697926,0.957262780123592
70.9779977628929,0.957262554124589
70.9960404844841,0.957262431624494
71.0083879374226,0.957431256676284
71.020735390361,0.957684006320074
71.0330828432994,0.957936142975097
71.0678923251444,0.958646178388952
71.0877462437534,0.95905067776492
71.0982467897871,0.959264464093434
71.1052236859299,0.959257380111511
71.1122005820726,0.95919485593537
71.1191774782154,0.959132928247593
71.1385353484897,0.958961015379042
71.2215568052536,0.958169898424958
71.3045782620175,0.957278530690337
71.3077181256268,0.957345961080522
71.310857989236,0.957417461205615
71.3153898776966,0.957520096210098
71.3270565037979,0.957784135443855
71.3722543471402,0.958805733301154
71.3883002208186,0.959167858562285
71.397323654442,0.959371375928771
71.4063470880655,0.959309209722016
71.4153705216889,0.959126404398639
71.4243939553123,0.958944490496293
71.4451904852403,0.958524939106915
71.4731200815692,0.957960826385803
71.5010496778982,0.957427287364878
71.5052248790872,0.957465769133765
71.5094000802762,0.957507473825749
71.516106910344,0.957574129922434
71.5350687936389,0.957762377819296
71.5732587751646,0.958141350536965
71.5930679765727,0.958337794938021
71.6128771779807,0.958274195494022
71.6398996375016,0.957990348414616
71.6589569853789,0.95779038158798
71.689439037166,0.957470415526365
71.7199210889531,0.957417362896793
71.7581438905842,0.957532034384791
71.785647418444,0.957614334355457
71.8217426159018,0.957420608883315
71.8468041670732,0.957145134402053
71.8718657182446,0.956869866630185
71.9435916831592,0.956872482792096
72.0153176480738,0.957147187304004
72.0444632930205,0.956893776098599
72.0736089379672,0.956639823830761
72.1532012919917,0.956061115268003
72.2643565283113,0.955136935506428
72.2891630595657,0.954898553194644
72.3139695908201,0.954939151487456
72.3335797251627,0.95514686029516
72.348035569998,0.955299471453158
72.3875821266291,0.955716593742388
72.4488304803965,0.956305444418967
72.4840581641956,0.956635465984775
72.5192858479948,0.956654807282091
72.5442519915735,0.956483174155905
72.5622116586603,0.956360025667656
72.6140873406968,0.955938851459624
72.6550222247904,0.955466322265017
72.6833140238439,0.955139444997093
72.6978146002716,0.954971813262713
72.707173423563,0.955011112259504
72.7165322468544,0.955099052486047
72.7258910701457,0.955186598363864
72.7548481248204,0.95545734742126
72.8853112462299,0.956090483659095
72.930067610524,0.955803081738566
72.9613180306498,0.955464578507731
72.9925684507757,0.955126094657689
73.0211271432021,0.95496113645054
73.0496858356285,0.954848209667189
73.0782445280549,0.954735154416623
73.095333523393,0.954667476363115
73.112422518731,0.954889499123698
73.1256505015959,0.955149027205392
73.1388784844607,0.955407960062367
73.1759103436429,0.956132000219069
73.2017166449548,0.956648732217572
73.2191575455217,0.957120397963059
73.2365984460886,0.9575921589703
73.2808376480485,0.958786677296908
73.294913637658,0.959166074937736
73.3089896272676,0.959154002071579
73.3186035769842,0.958987236102547
73.3282175267009,0.958821573029209
73.3488050666517,0.958466614066313
73.3806786483656,0.957916454250807
73.3974845710568,0.957626114119691
73.4083495266335,0.957584323084659
73.4192144822102,0.957589636520968
73.4300794377868,0.95759463696
73.4653964415361,0.957610876706892
73.551166300627,0.957690071412036
73.6003490545614,0.957749073423253
73.6188905396674,0.957668153904996
73.6374320247733,0.957586633025284
73.6853121602132,0.957375969817186
73.7929493524257,0.956738445537341
73.8570440145628,0.956465592466962
73.8915857137049,0.956326732556237
73.9261274128469,0.955922802684709
73.9514350434957,0.955562635387013
73.9767426741445,0.955202318343476
73.9915724416431,0.954991063007839
73.9995560512398,0.954877287139641
74.0041993787516,0.954964082381311
74.0088427062634,0.9550724008709
74.0148186042765,0.955211085285904
74.0311555379437,0.955590048213645
74.098015099516,0.957137788525157
74.1070990743147,0.957167385079313
74.1161830491135,0.957142107938687
74.1252670239122,0.957117281166019
74.1519311061014,0.957044403536843
74.2715313374751,0.956001773855285
74.2906866807335,0.955756774318165
74.3004242003613,0.955655916452094
74.3015319199997,0.955699413582661
74.3026396396381,0.955750333675683
74.3040195128384,0.955812005455249
74.306685415567,0.955931585547724
74.3144895500022,0.95628139055917
74.3491000401944,0.95782945399966
74.3917227473222,0.959728700353777
74.3975706580977,0.95998866453629
74.4034185688732,0.95999384330177
74.4092664796487,0.959798365038276
74.4137145298589,0.959651442926087
74.4221818296941,0.95937141492853
74.4505598357427,0.958431563643306
74.5924498659859,0.954708175528358
74.6154607861238,0.955179334099116
74.6232067023597,0.955505970386557
74.6309526185956,0.955830753915552
74.646186562563,0.956468830518671
74.6958555408963,0.958543236802035
74.7065016071192,0.958555603827587
74.7133038674706,0.958376570934941
74.720106127822,0.958199482618146
74.7328633968372,0.957867090650529
74.7741115110168,0.95679052236317
74.8020292471878,0.956092300952832
74.8114630913474,0.955994152741638
74.820896935507,0.95589727362862
74.8404923880853,0.955696020771004
74.8859461049081,0.955228703700856
74.9313998217308,0.955157189172158
74.9675614724114,0.955243400715524
74.9955872950304,0.955310046115887
75.0267706277052,0.955504871362859
75.05795396038,0.95572012637797
75.1030032558801,0.955992440677336
75.1158292246568,0.95591640026524
75.1286551934336,0.955839324435075
75.15641256785,0.955672381203215
75.190286469454,0.955468644261827
75.224160371058,0.955525363443363
75.2580342726619,0.955688864428616
75.2919081742659,0.955852133817628
75.3141407979845,0.955764450918218
75.336373421703,0.955562061219835
75.3586060454216,0.955359895768128
75.3784947811956,0.95517900490485
75.3983835169696,0.954998022205651
75.4037234498046,0.955123080989386
75.4090633826397,0.955333305802173
75.4144033154748,0.95554226775258
75.4267918977862,0.956026780543127
75.4690633984623,0.957676258090713
75.4867003096727,0.958362691969674
75.495449700635,0.958702839715233
75.5006645796718,0.958866772277866
75.5022338384199,0.958834646793819
75.503803097168,0.958797201302466
75.5058773701915,0.958748861119151
75.5103299444456,0.958644833045285
75.5259702771531,0.958279225253894
75.602107998475,0.95653391881222
75.6096443123539,0.9564939983378
75.6171806262328,0.956455931380874
75.6314494756724,0.956383830350028
75.676972302129,0.956153504025354
75.7351360806121,0.956263749404806
75.7716905345855,0.956501511042258
75.8082449885588,0.956678123113588
75.8447994425321,0.95664360285727
75.8813538965054,0.956608946096341
75.9342485253656,0.956386016069943
75.9871431542257,0.956067731623469
76.016440925826,0.956138948382699
76.0457386974262,0.956407834149228
76.0663599769131,0.956596693353927
76.0919927082507,0.956831281689723
76.1176254395883,0.956693758701798
76.1432581709259,0.956382660447838
76.162015975622,0.956155167023016
76.1819037857619,0.955913893437133
76.2017915959018,0.955743439241601
76.2063762979028,0.955869511076278
76.2109609999037,0.955998919533059
76.2182958407712,0.956205613180374
76.2383026898902,0.956768704105294
76.264250978671,0.957498034910542
76.2901992674518,0.958226189744051
76.3157126126555,0.958158493307368
76.324274832908,0.957966704327851
76.3328370531605,0.957776321764695
76.3501154744999,0.95739188125373
76.3782289012175,0.956765576868929
76.3938009431179,0.956418307255422
76.4093729850182,0.956351108904119
76.4249450269186,0.956476820040816
76.4361748844021,0.956566852421189
76.4646660441548,0.956795113806871
76.4869237542488,0.956973383866795
76.498482382263,0.957065929233357
76.505832197086,0.956979116667667
76.513182011909,0.956850045496832
76.520531826732,0.956721388189843
76.5427350061818,0.956332485614563
76.5733200439803,0.95579618925696
76.5942657965541,0.955428555004611
76.6089029115627,0.955399895132431
76.6235400265714,0.9555247234213
76.6349525559179,0.955621477146811
76.6648504787748,0.955874772510603
76.6892861209229,0.956081716262635
76.713721763071,0.956035447484387
76.7381574052191,0.955784436886849
76.7553311544193,0.955608777382322
76.8019097274227,0.95518108430777
76.807296731951,0.955262603581761
76.8126837364794,0.955346702414595
76.8222488457935,0.955495846628465
76.849478004764,0.95591991299628
76.9000212337096,0.956705373732056
76.9019290643801,0.95667323882134
76.9038368950506,0.9566362637256
76.9064153280847,0.956587225279561
76.9121262554031,0.956478471394874
76.9333053309876,0.956074862644057
76.9616865706375,0.955533462546673
76.9900678102874,0.954991408637967
77.0175435965609,0.955212509030069
77.0274788517638,0.955449404900975
77.0374141069666,0.955685025045626
77.0587094293204,0.956189591151186
77.0852001531795,0.956816552663464
77.0979155713686,0.957117174107568
77.1056326927545,0.957129907429326
77.1133498141404,0.957073962833277
77.1210669355262,0.957018666949509
77.1416168956615,0.956871369486
77.178455861276,0.956607142597721
77.1977200895037,0.956468916441879
77.2097261398929,0.956526893155009
77.2217321902821,0.956621059935994
77.2363714990988,0.956735593724803
77.2851772688368,0.957117197708266
77.3621839194074,0.957835328044726
77.3975017700772,0.958177136085807
77.4076683731801,0.958128486765815
77.4178349762829,0.958028332223933
77.4280015793858,0.957928523779237
77.4596650395258,0.957617541645811
77.5474518193879,0.957021848891719
77.6044162814361,0.956784585767614
77.6613807434842,0.956557021130212
77.7613372515757,0.95540701637955
77.7859656994777,0.955005660595402
77.7981591092638,0.954806972385178
77.8057169255587,0.954842690718552
77.8132747418537,0.954934720331656
77.8208325581486,0.955026175839721
77.8420413581226,0.955282723116905
77.8727663665532,0.955654171954479
77.9034913749837,0.955937877497762
77.9108671346456,0.955841699650635
77.9182428943076,0.955743779776677
77.9325500496626,0.955553793102733
77.9783381325105,0.954945451985178
78.0039395625034,0.954696040378508
78.0133306404812,0.954790190425272
78.022721718459,0.954885505660618
78.0426390055899,0.955087646345086
78.0832489358166,0.955499386197624
78.1238588660433,0.955586627364935
78.1508098446155,0.955490909386501
78.1777608231876,0.955395546988942
78.253936064999,0.95551668365371
78.310038141531,0.955600066417237
78.3363875745162,0.955367108561877
78.3627370075015,0.9551336008832
78.400330661801,0.954803133678316
78.4130406895022,0.954804954329019
78.4257507172034,0.954807684274871
78.4544225000491,0.954813942064983
78.4840089717124,0.954820332914711
78.4996708024517,0.954823726016923
78.5051566095695,0.954939273843556
78.5106424166873,0.955065101147097
78.519338517758,0.955264100867755
78.546696765676,0.955889590938469
78.5753352942734,0.956543453316732
78.5924929864362,0.956934735738785
78.6096506785989,0.956961785000907
78.6220161309218,0.956769255030307
78.630703042669,0.956634805466998
78.6510131356109,0.956320352746634
78.6867692231874,0.95576615760372
78.722525310764,0.955480568826322
78.7568706023557,0.95536079854767
78.7912158939474,0.955240706193197
78.8196860858301,0.95568201352608
78.8381557696136,0.956128317565577
78.856625453397,0.956573619279561
78.8829815232303,0.957208240855698
78.8932540428607,0.957455367206162
78.8988313830374,0.957589481603464
78.9044087232142,0.957469907666965
78.9084252956905,0.95732766693232
78.9124418681668,0.957186580445397
78.9213327482195,0.956873942429595
78.9523274351488,0.955782273898446
78.9783967239758,0.954862063930298
78.9932587325122,0.954336613540899
78.9996371464276,0.954110915627402
79.0035991157925,0.954108385890704
79.0075610851575,0.95412546670289
79.0125542348382,0.954146228199402
79.0258555324174,0.954201599580001
79.0778366085619,0.954418040241234
79.1646908925248,0.954885337551929
79.2515451764877,0.95491782385245
79.2926672838934,0.954779123117572
79.333789391299,0.954484444573683
79.3656543904401,0.954229178780953
79.4082538964295,0.953943869453487
79.450853402419,0.953894389510143
79.4837804788799,0.953856261219214
79.4977391917175,0.953840122855058
79.5067773338215,0.953981007498489
79.5158154759255,0.954176485679074
79.5248536180294,0.954371443807624
79.5516572893636,0.954949099811421
79.5993140373839,0.955974403621671
79.6034491712661,0.95592527180652
79.6075843051483,0.955841967045089
79.6117194390305,0.9557594235376
79.6223360053015,0.955547310280404
79.662196484309,0.954749945550921
79.6869945793985,0.954253190387347
79.7008423827519,0.953996445303582
79.7061034858179,0.954022580993636
79.7113645888839,0.954051096568983
79.7210145363091,0.954103272447194
79.7484710530887,0.954251446809601
79.7838707510809,0.954442471723647
79.8192704490731,0.954350801984798
79.8447705614015,0.954111017683349
79.863514469244,0.953935011205861
79.8981937219651,0.953609280373661
79.919240621175,0.95354572846301
79.9402875203848,0.953495637538149
79.9738750634908,0.953415654132236
80.0443034605431,0.953144341994675
80.1147318575954,0.952911273941113
80.1691448206429,0.953025360924367
80.1916368070245,0.953072538285091
80.214128793406,0.953390067204206
80.2413015914806,0.95397195061041
80.2684743895552,0.954552588592154
80.2948288008172,0.955114955412521
80.3012768048055,0.955180661447084
80.3077248087939,0.954937626433314
80.3123516340097,0.954761381555746
80.3211548766265,0.954425980490245
80.3492169314712,0.953355347701499
80.4855861268478,0.953433782588568
80.4935425699139,0.953623911977191
80.50149901298,0.953773789467512
80.5094554560461,0.953750641508046
80.5174118991122,0.953726365974532
80.5350203365202,0.953672608014586
80.5950106948147,0.953489612073973
80.6117431372178,0.953619445170373
80.628475579621,0.953829185657288
80.6452080220241,0.954038518231557
80.6969108208893,0.954684665620305
80.7085571226023,0.95466344051684
80.7202034243153,0.954578295415874
80.7318497260283,0.954493515143351
80.7669912944587,0.954237645100585
80.7972005545419,0.954017543061573
80.8132750385186,0.954081211683074
80.8293495224953,0.954185102734257
80.845424006472,0.954288812560366
80.9058061797835,0.954703095282896
80.9444557582674,0.955118894596396
80.9831053367514,0.95553455212092
81.0351443576127,0.955824287018824
81.0871833784741,0.9559827478881
81.1286303533366,0.95590549864783
81.1700773281991,0.9557356562566
81.1930062424511,0.955641731583928
81.2159351567031,0.955810705007917
81.2388640709551,0.956098275483535
81.2617929852071,0.956385334331383
81.2830015754933,0.956650659418298
81.295088443721,0.95680181117075
81.3071753119487,0.956656384585422
81.3192621801764,0.956297080075164
81.3277864090938,0.956044371079741
81.3476723895219,0.955454327915355
81.3709260127807,0.954763335197118
81.3941796360395,0.954071296287363
81.4016505199053,0.95392394577632
81.4091214037712,0.954056758087732
81.4150552680925,0.9541633963122
81.4281033193797,0.954397773288121
81.4729373763747,0.955202010461376
81.4938294052689,0.955576297299861
81.5147214341631,0.955610520988256
81.5312769911221,0.955520959644009
81.5478325480812,0.955431847918262
81.5928438090998,0.955189561340838
81.6226979713755,0.955217756021888
81.6525521336512,0.955306975521733
81.6824062959268,0.955396065773176
81.735653315499,0.955304530456881
81.7889003350711,0.95508787010447
81.8224660692592,0.955130896676944
81.8560318034474,0.955264349371023
81.8895975376356,0.955397603530115
81.9371397222823,0.955774642119874
81.984681906929,0.956204902853037
82.0322240915757,0.95601469186801
82.0558244687738,0.955771551124719
82.0794248459719,0.955528673725828
82.0978134579507,0.955339383778117
82.107766260598,0.955421078006547
82.1177190632453,0.955558754852339
82.1276718658926,0.955695977634563
82.1574276059909,0.956105964177564
82.1817662812359,0.956441061503932
82.1958116081741,0.956634321182468
82.2098569351124,0.956555869029862
82.2239022620506,0.956356291904694
82.2379475889889,0.956157218394123
82.2741675733298,0.95564350757681
82.2916716593307,0.955395012431127
82.2999306469624,0.955277722589898
82.3049336365278,0.955340254543376
82.3099366260931,0.955408099151259
82.3178555286654,0.955515048058568
82.342556366841,0.955848493185864
82.3830777861543,0.956395009755396
82.3961955062722,0.956571786414884
82.40931322639,0.956488035712951
82.4224309465079,0.956292191586086
82.4355486666258,0.956096853810411
82.4696039845843,0.955589392674696
82.4953061273781,0.955205994163903
82.5105211704459,0.955161039646217
82.5257362135137,0.955200935640935
82.5409512565816,0.955240452838193
82.5860764055394,0.955357573739483
82.6308440379549,0.955866818920249
82.6756116703704,0.956555198054821
82.6928631040285,0.956820119605592
82.7101145376866,0.956813677455984
82.7273659713447,0.956608757207413
82.7396594407259,0.956463227581204
82.7716240624736,0.95608469189826
82.7898953138956,0.955868154887961
82.7999845141174,0.955748544945172
82.8037093525068,0.955813498932333
82.8074341908961,0.955882719343069
82.8130183025001,0.95598606540171
82.8280246095214,0.956263512131729
82.8870128352874,0.957352629848322
82.8996011274151,0.957584709637513
82.9072448249717,0.957591726678463
82.9148885225283,0.957589048952211
82.927206897721,0.957584818922228
82.9636316534151,0.957572558199758
83.1370384473914,0.957721463560546
83.2627183377632,0.957734323753676
83.2929409248775,0.95770674090929
83.3231635119919,0.957460795191772
83.3462505727406,0.957220662333863
83.3693376334893,0.956980538394371
83.4591709741592,0.956474783327395
83.521347358852,0.956261250501405
83.5835237435448,0.956011853336855
83.6367963327002,0.955586301097905
83.6900689218556,0.955064253156388
83.7130319859574,0.955122706941437
83.7286696167056,0.955313934842889
83.7443072474538,0.955504404434284
83.782901179912,0.955974055076772
83.8499800401333,0.956720611722885
83.8850125299581,0.95709768434867
83.9200450197829,0.957222130230866
83.9550775096078,0.957154576373711
83.9798832988892,0.957106980992738
84.0048289396439,0.956992318804505
84.0297745803986,0.956594463841512
84.0479132598472,0.956304631735572
84.1011542971993,0.955481263846784
84.1066096398503,0.955527049223223
84.1120649825013,0.955575529258787
84.1216298812672,0.955660365825355
84.1487664878551,0.955900740369641
84.1857079942812,0.956227812852295
84.2226495007073,0.956296143175874
84.2550499101972,0.956210454756663
84.2874503196871,0.956125035559832
84.3501006708444,0.956098785876318
84.4127510220017,0.956046426178488
84.4754013731589,0.955752356481001
84.5249205957475,0.955602108247583
84.574439818336,0.955534216451942
84.6239590409245,0.955579383254579
84.663106508176,0.955711825153473
84.7022539754276,0.955862666403851
84.7186083406157,0.956053474528979
84.7349627058038,0.956244875488476
84.7748853386454,0.956711851218314
84.8491409993035,0.957021114206257
84.8822619801979,0.957030501714776
84.9050723056288,0.956989431885993
84.9278826310597,0.956778329196038
84.9506929564906,0.956566907195792
84.9845987219703,0.956252432745606
85.01850448745,0.956189674604624
85.0440415534484,0.956303357027116
85.0632964900685,0.956388734303559
85.0904789646042,0.956509184691798
85.1176614391399,0.956369812814971
85.1544646290182,0.955986871715599
85.1803902948424,0.955717132630807
85.1954078128576,0.955560844063217
85.2104253308728,0.955668850479329
85.2254428488881,0.95589844981157
85.2404603669033,0.956127383123247
85.2798137217715,0.956726688117169
85.2991999254774,0.957021649276362
85.3060449846624,0.957008702641152
85.3128900438475,0.956977410363353
85.3228628693098,0.956932180672193
85.3545472460963,0.956788453484307
85.3993994931652,0.956584891956327
85.40443447528,0.956684980450554
85.4094694573947,0.956805907752546
85.4164281853327,0.956972402663523
85.436285670349,0.957447215096537
85.4617382445916,0.958055116471803
85.4871908188343,0.958662200768435
85.4983021293349,0.958926969989216
85.504027319279,0.958848606556191
85.5097525092232,0.95866858185019
85.5154776991673,0.958489801080179
85.5281412721666,0.958093984802252
85.5725917560892,0.956701789236627
85.5880472490462,0.956216729640701
85.5972379997464,0.955928036384634
85.6064287504465,0.955921791043238
85.6156195011467,0.956046024599586
85.6248102518468,0.956169210818464
85.645581615768,0.956447474172145
85.7224664078267,0.957487584047096
85.7927077001264,0.958461187107825
85.8361217184697,0.959200667885659
85.879535736813,0.959967471059992
85.9361609867023,0.958696164840029
85.943307807145,0.958369499182303
85.9504546275878,0.958044402021957
85.9642606326752,0.95741565879067
85.9820742668606,0.956603040607336
85.9998879010459,0.95578898779152
86.0012738781675,0.955788738916342
86.002659855289,0.955802613638356
86.0040458324106,0.955815098768652
86.0067794358941,0.955840140198342
86.0147030559787,0.955912641832392
86.049411812955,0.956230043203417
86.0900316487794,0.956601231557683
86.1143283749492,0.956595430615381
86.1386251011189,0.956427026525199
86.1569371498436,0.956300391217291
86.1740426902071,0.956182105670238
86.1911482305707,0.956063772712766
86.1983726447935,0.956013787003802
86.2025927773427,0.956211375045331
86.206812909892,0.956572866564334
86.2101226950941,0.956854066237135
86.215908741763,0.957345549454674
86.2342423583984,0.958899443297472
86.2550932195806,0.960660261678599
86.2759440807628,0.96241434358344
86.2984824128111,0.964302888322845
86.3022164858346,0.96437278151784
86.3059505588581,0.964248611336508
86.3086816791294,0.964160367052705
86.3130504956686,0.964018627159109
86.3261692185675,0.963592840597826
86.3855383179855,0.961661027854396
86.3964540830308,0.961304953325413
86.4073698480762,0.961214997779665
86.4182856131215,0.961260972797777
86.4292013781669,0.961306052355788
86.454670233795,0.961411232627299
86.5677829870593,0.961430633548727
86.630772558235,0.961339315442582
86.6937621294107,0.961317622017619
86.7567517005864,0.961405784172208
86.8197412717621,0.961433657787581
86.8693403028336,0.961319533710216
86.9026948801414,0.961220345567741
86.9230864439251,0.96100244895563
86.9434780077089,0.960783834117316
86.9943416592912,0.960238026736478
87.0117459821287,0.960220897011097
87.0291503049662,0.960288622540859
87.0465546278037,0.960356002168093
87.1002170611519,0.960562071248658
87.1153545139097,0.960509165811634
87.1304919666674,0.960455492732647
87.1665642792109,0.960327533086716
87.1959395037474,0.960223329523033
87.2146560891242,0.960300307045371
87.2333726745009,0.960418642266125
87.2520892598776,0.960536797730908
87.2890512844544,0.960770033639915
87.3097782315358,0.96088911471822
87.317596992644,0.96082012922073
87.3254157537522,0.960749674457627
87.3412908637935,0.960606671471592
87.4003641411901,0.960074258513638
87.4188304707392,0.960035571955262
87.4372968002882,0.960002233726203
87.4734123226167,0.959937074685503
87.5282818113197,0.959992037808154
87.5831513000227,0.960216507708739
87.6234520259488,0.96003493727458
87.6435628399201,0.959804420160722
87.6636736538914,0.959574287517173
87.6882317767192,0.959293137407516
87.6998976703278,0.959159511325651
87.706917128698,0.959212185036829
87.7139365870682,0.959269112224681
87.7261690634384,0.959368180071695
87.7649083615158,0.959681603445479
87.7901662835467,0.959885857239944
87.8154242055775,0.95982847541624
87.8367314615535,0.959635711573166
87.8580387175295,0.959443329059564
87.8907143605326,0.959148183684075
87.9233900035356,0.959141787313129
87.946153324257,0.959278007188084
87.9689166449784,0.959413760651067
88.0082791141756,0.959648367032544
88.034082710293,0.959653786911567
88.0598863064104,0.959605520015107
88.0856899025279,0.959557379092287
88.1883724144458,0.95936579174083
88.2610972671503,0.95939205135273
88.3338221198548,0.959428859724038
88.4357911661288,0.959375232064266
88.5377602124028,0.959312319042303
88.6397292586768,0.959110656156432
88.6981429987053,0.958989992365849
88.7326418669338,0.959055590200591
88.7671407351623,0.959129399564162
88.8311982241919,0.959273356618361
88.902696257058,0.959425648661938
88.924869589937,0.959342674484464
88.9470429228161,0.959259162510993
89.0045270855935,0.959055437946307
89.0301715689504,0.959090288694868
89.0558160523073,0.959125554484005
89.1263124917929,0.959255106704001
89.1968089312786,0.959439744543759
89.2192038684253,0.959353779756125
89.241598805572,0.959242688162004
89.2718467443725,0.959092685299283
89.333466741459,0.959056059628814
89.3743374106741,0.959183506409382
89.4152080798893,0.959245113699294
89.4473191066923,0.959171008315991
89.4962508743413,0.959058081256809
89.5233201079877,0.959159521921811
89.5503893416341,0.959288253969406
89.5859153684655,0.959457082331733
89.6389776407633,0.959365235663921
89.6920399130611,0.95914742802992
89.7451021853589,0.959055391744885
89.7981644576567,0.958985921827901
89.8417771977394,0.959067341378346
89.885389937822,0.959155140626427
89.9439172117291,0.959132648460398
90.0024444856363,0.959062973007676
90.0609717595434,0.958995682029123
90.1420765329749,0.958902378099345
90.1867167410336,0.958851032062757
90.2313569490923,0.959065790024484
90.275997157151,0.959410959185773
90.3114996802054,0.959619505455519
90.3390028651351,0.959585951149392
90.3665060500647,0.959552170954611
90.4568045162608,0.95877366817047
90.4984531746856,0.958230813409783
90.5074154173212,0.958291193143493
90.5163776599568,0.958427440770579
90.5253399025924,0.958563035526894
90.5493177676685,0.958925619414123
90.5868719716109,0.959492961680205
90.6244261755533,0.959338115840056
90.6385503225953,0.959130892376457
90.6526744696372,0.958924319478375
90.6864783840026,0.958429590457116
90.7041356255397,0.958170933086983
90.7217928670769,0.958180741915617
90.7394501086141,0.958329022310394
90.7535210695095,0.958446733900785
90.793146868289,0.958778002004817
90.824292090276,0.958849786747958
90.8554373122629,0.958867099703729
90.8865825342499,0.958884506863686
90.9465272114322,0.959086029969277
91.0064718886144,0.959300996538441
91.0368664965449,0.959260710724932
91.0672611044754,0.959220100240004
91.1564324953156,0.959100849717657
91.6022894495161,0.958709224863788
91.6406642246403,0.958790889328495
91.6790389997644,0.958872788689127
91.7346537769352,0.958737479926129
91.7902685541061,0.958446487661608
91.8322156810646,0.958473826954244
91.8629355537359,0.958549408374518
91.8936554264073,0.958624885294798
91.9506379038273,0.958896377496903
92.0076203812472,0.95912675097579
92.0306624639526,0.959067908946298
92.053704546658,0.959008671014916
92.1183718622443,0.958798409305257
92.1830391778306,0.958476461964529
92.2370490305967,0.958476688388381
92.2910588833629,0.958601611765992
92.345068736129,0.958650307434538
92.3990785888952,0.958683654750046
92.4862577746827,0.958666804778811
92.5734369604703,0.958723129715738
92.6606161462579,0.95866648961887
92.7477953320455,0.958630518288598
92.8993478787651,0.958670307017609
92.9962374772154,0.958613610810573
93.0931270756658,0.958632933566617
93.1900166741161,0.958565036941366
93.2869062725664,0.958557967054567
93.3837958710168,0.958576984271407
93.5630542908687,0.958504724540024
93.6335225556589,0.958551382596758
93.7039908204491,0.958727334158598
93.725430962433,0.958640433535476
93.7468711044168,0.958552955045733
93.8013321854433,0.958336633748595
93.8298905735528,0.958350152834917
93.8584489616624,0.958364055710219
93.9372068586391,0.958468389722008
94.0159647556158,0.958585315492679
94.0947226525925,0.958458577863785
94.1567061131578,0.958503361907284
94.2015104836816,0.958541636293374
94.2564870287242,0.958447553337758
94.3114635737668,0.958428844169648
94.3530421811987,0.958633328967036
94.3946207886307,0.958837861165651
94.4149219614878,0.958739465104444
94.4352231343449,0.958567055413942
94.4555243072021,0.958394812241067
94.4888072073387,0.958112316106719
94.5220901074754,0.958087474673452
94.5600476775937,0.958232268417923
94.598005247712,0.958376752248423
94.6372002454808,0.958412921949689
94.6763952432496,0.95844275440758
94.7556570835121,0.958430530003331
94.8596601251878,0.958315699795027
94.9636631668634,0.958298704404641
94.999520780532,0.958323961500913
95.0104173225684,0.957872555402824
95.0178796841003,0.95740592072094
95.0253420456323,0.956940344670429
95.0403513861549,0.956002443959915
95.0908668736491,0.952831290080863
95.0970488185068,0.9524416864708
95.099828392004,0.952266397506178
95.1008545223534,0.952259693100822
95.1018806527028,0.952277800471791
95.1029067830522,0.952294039358423
95.1048590841082,0.952325562828987
95.1100375433042,0.952409025644359
95.1313901413541,0.95275296413342
95.1711274124108,0.953392369727323
95.1936386629415,0.953754188312733
95.2161499134721,0.954380713137242
95.2386611640027,0.955113733753037
95.2611724145333,0.95584528704892
95.2985854684064,0.957058443872793
95.3201043222602,0.957608198930122
95.3416231761141,0.958146177452585
95.377657926255,0.959045498547211
95.3966751619186,0.959519466939671
95.4081214976212,0.95962911773132
95.4195678333238,0.959662604020783
95.4310141690264,0.959696556407136
95.4635501618701,0.959793065847215
95.6220814372386,0.959965128256328
95.780612712607,0.959480602316807
95.9111338786827,0.958791015237411
96.0416550447584,0.958514327253496
96.1721762108341,0.958526267971009
96.2106987087641,0.958443896308085
96.2492212066941,0.958188519160359
96.3057450688962,0.957888103945707
96.3194411712404,0.957975282614581
96.3331372735845,0.958063298788041
96.364199987833,0.958262932198564
96.3914659289179,0.958438045201989
96.4187318700028,0.958345763702906
96.4459978110878,0.958128638287998
96.4732637521727,0.957911686847078
96.5561424835075,0.957779637185897
96.5880438146205,0.957826374860067
96.6199451457335,0.958038246680885
96.6685943722115,0.958515051595811
96.691855248933,0.958742772284004
96.7151161256545,0.958711525003135
96.7468057039067,0.958473751607466
96.7691782317397,0.958306065601293
96.8373938221408,0.957937682834802
96.9056094125419,0.957672442795952
96.9530261056272,0.957365254017932
97.0004427987125,0.957056227540601
97.0298429746976,0.956767360793427
97.0592431506827,0.956478043335986
97.0968685350599,0.956107459584097
97.1067207335805,0.955837835592547
97.1165729321012,0.955482088053541
97.1264251306219,0.955126664116804
97.1524917789045,0.954184987103813
97.1870955655581,0.952931798843449
97.2216993522118,0.952994523089256
97.2305814463234,0.953216716918959
97.239463540435,0.953437086598553
97.2562995452596,0.953854394721565
97.2799767640582,0.954440778170422
97.2942757552963,0.954794511889934
97.3085747465343,0.954802860795266
97.3182020705396,0.954645943334369
97.3278293945448,0.954490164723349
97.3483183702656,0.954158535199622
97.3735692166011,0.953749397223224
97.3988200629366,0.953339914508212
97.4046130486915,0.953414124423804
97.4104060344463,0.953537707830228
97.4161990202011,0.953660573951942
97.4318782710033,0.953992986386444
97.4902124392632,0.955227712138123
97.5231844652951,0.955647818678827
97.556156491327,0.955948602617162
97.589128517359,0.956249380924808
97.6297005943087,0.95629802583177
97.6702726712585,0.95622705657777
97.7108447482083,0.956087468966988
97.7425393350861,0.955829300120443
97.7850209281141,0.955482999607728
97.8255059414641,0.955352235099697
97.865990954814,0.955340480211752
97.906475968164,0.955393737594251
97.9283231938756,0.955608760334391
97.9501704195873,0.955824089990111
97.978831526043,0.956106492708316
97.9937523258132,0.956253421907049
98.0086731255835,0.956135262404811
98.0235939253537,0.955817870505712
98.0342940515703,0.955590761064885
98.0608824086974,0.955026034740614
98.0808284237819,0.954601890601607
98.1007744388665,0.954211554574379
98.1026186215419,0.954250449184937
98.1044628042172,0.954294847872594
98.1068604352329,0.954351533470922
98.1118695256003,0.954470047594977
98.1291940638721,0.954879792370113
98.1630094059227,0.955678452354635
98.1968247479732,0.956475717238812
98.2074514622247,0.956396322031515
98.2180781764761,0.956167257654294
98.2264470578828,0.955987551749783
98.2466000681887,0.955554557687875
98.2745861858501,0.954952519258702
98.3025723035115,0.954422500439507
98.308982118848,0.954466020869079
98.3153919341845,0.954511754116055
98.3270255299413,0.954594719838991
98.3610878958482,0.954837266870558
98.4556822076489,0.955211597585159
98.4942107342759,0.955278269204821
98.5327392609029,0.95523755248872
98.57126778753,0.955177388543378
98.6281824177152,0.955071693147884
98.7166454006557,0.95486432752191
98.8051083835963,0.954598152105986
98.8643240503177,0.954540729160559
98.9032732382225,0.9545186879335
98.9422224261273,0.954668938074402
98.9695836934039,0.954774633098999
99.0563569298116,0.954777848478877
99.1023073402437,0.954680412716903
99.1482577506759,0.954517281754065
99.1942081611081,0.954354019036157
99.2139107852698,0.954485729004361
99.2336134094315,0.95470424981831
99.2533160335932,0.954922393581502
99.2794934179726,0.955212017275083
99.294887028891,0.955382257890621
99.3102806398094,0.955263224250384
99.3256742507279,0.954994060423431
99.3376851597369,0.954784430076897
99.3695279558447,0.954228298215151
99.3885162706664,0.953896315575435
99.3975974704127,0.953737462548621
99.4066786701591,0.953842222796836
99.4138703414456,0.954006438579863
99.4210620127321,0.954169767159549
99.4387773102991,0.954571838816617
99.5033749698258,0.955960075035421
99.5096106689279,0.955963658440461
99.51584636803,0.955965162019618
99.5274742995197,0.95596803326846
99.5627886101111,0.955976987628806
99.5917540702463,0.955984298432518
99.6207195303815,0.955673584550959
99.6431814013364,0.95533187350127
99.6656432722914,0.954990166928343
99.6926461620726,0.954579083587035
99.7085479676927,0.954614282416297
99.7191485373072,0.954803582361867
99.7297491069216,0.954991691203346
99.7527487650145,0.955399471722117
99.7820888494078,0.95591922373567
99.796774344895,0.956179138045862
99.8114598403822,0.95617927578491
99.8218868181878,0.956124593308147
99.8323137959934,0.956070267827835
99.8640975802281,0.955904660089172
100.010645883393,0.955104898968193
100.050953893617,0.954730584262239
100.091261903842,0.954355731238211
100.111655212195,0.954415148243019
100.132048520548,0.954667136809011
100.146679131905,0.954847397588835
100.186235880503,0.955334272034156
100.220509695337,0.955522940505974
100.254783510171,0.955552398393008
100.280638387192,0.955574823053931
100.337280832171,0.955446060761888
100.39392327715,0.95522372785909
100.419359414871,0.955370021762373
100.444795552592,0.955595709762212
100.470231690313,0.955821114914541
100.497125896353,0.956059287742065
100.510032832798,0.955952081736917
100.522939769244,0.955777529841698
100.535846705689,0.955603263749649
100.574743161551,0.955077739954208
100.63456559913,0.954768273174823
100.657817552653,0.954791702632774
100.681069506176,0.954814699294855
100.7450640615,0.955071762332821
100.809058616824,0.955283642430782
100.824454367359,0.95514830908176
100.839850117895,0.955012240259209
100.876375587824,0.954689139693315
100.901548718661,0.954487465392538
100.911057969115,0.954533531609625
100.920567219569,0.954580756727206
100.940906600761,0.95468182098486
100.982274663605,0.954887165585212
101.02364272645,0.954762127480067
101.056239025845,0.954465178463314
101.079087153631,0.954257173264131
101.098492624196,0.954080493385151
101.110457259077,0.95410884523938
101.122421893959,0.954158856752844
101.139121922494,0.954228481715989
101.199904540401,0.954481761504103
101.207737558542,0.954625619042768
101.215570576682,0.954772442890337
101.230530592212,0.955052745219638
101.277716609503,0.955935469311178
101.326033786602,0.956556955752816
101.357556959367,0.956803067073891
101.389080132132,0.957049387665671
101.42483875761,0.957018713531727
101.460597383088,0.956849156021206
101.488658112603,0.95671621848105
101.526204646809,0.956233867110486
101.563751181014,0.955616696907928
101.593532124624,0.95512671721762
101.607769215429,0.955153641035954
101.617585069544,0.955329196673708
101.62740092366,0.95550354785682
101.648730507268,0.955882119107288
101.673874462954,0.956328063238394
101.69901841864,0.956773548565101
101.704715382141,0.956707437438197
101.710412345641,0.956600693112558
101.716109309142,0.956494540096487
101.732168679492,0.956195111916046
101.795907627359,0.955004640037447
101.810146043332,0.954906384755818
101.824384459304,0.954879202409392
101.838622875276,0.954851687982927
101.882398951968,0.954767020540807
101.939086898384,0.955106574378503
101.977995806955,0.955479799503646
102.016904715526,0.955792008509609
102.055813624097,0.956023831218021
102.094722532668,0.956255672679893
102.106213106878,0.956050631035689
102.114025639906,0.955743839957593
102.121838172935,0.95543836958531
102.137657016301,0.954819231362898
102.190137424673,0.95275886325099
102.196760036472,0.952498199186449
102.199830494773,0.952377292995671
102.200943953638,0.952395108364652
102.202057412502,0.952436399419763
102.203170871366,0.952475856628372
102.205254574386,0.952550272398109
102.210756632647,0.952746583643763
102.233617208572,0.953561274118659
102.260584789353,0.954520462638491
102.287552370133,0.955477615487943
102.300259622888,0.955914403089758
102.301491216824,0.955898274701103
102.30272281076,0.955874698657924
102.304229405109,0.955847525657323
102.307121630089,0.955794948689684
102.315648664022,0.955639948570766
102.353283261329,0.954955271049985
102.384768505366,0.954381657876083
102.402214168385,0.954123718524119
102.408831725406,0.954184967787872
102.415449282426,0.954247990930382
102.42831907193,0.954370517584174
102.467831775759,0.95474624172241
102.498417832679,0.955036900586079
102.516917781473,0.955076855537368
102.535417730267,0.955103107597278
102.564676886256,0.955144674645649
102.587649923948,0.955177318291345
102.600950668961,0.955175288161989
102.60882590132,0.955008180370733
102.616701133679,0.954839315763741
102.631388927433,0.954524173899454
102.677229587745,0.953539466654936
102.691027367452,0.953242638129742
102.698444748879,0.953082992121274
102.705862130307,0.953177947926272
102.711153098042,0.953299480792209
102.716444065777,0.953420166134171
102.730132969367,0.953732312937783
102.778685504847,0.954837858898028
102.835290056806,0.955346501472605
102.854394149842,0.955357389887922
102.873498242878,0.955368849734809
102.921699576969,0.955389937796246
103.004061068125,0.955351558514489
103.013209129244,0.955224594937915
103.022357190363,0.955096339693087
103.041491610063,0.954827905743493
103.075787502327,0.954346499061614
103.091938002573,0.95411960542254
103.102285355026,0.954042852602353
103.11263270748,0.954218313317607
103.122980059933,0.954394569146592
103.147009130044,0.954803686701684
103.192286718422,0.955573471242869
103.22189085558,0.956224633863679
103.251494992737,0.956928347640449
103.281099129894,0.957630872790073
103.293450025754,0.95792363795573
103.300739481509,0.958066482999124
103.305293459272,0.957984619649286
103.309847437034,0.957899313848153
103.317102762604,0.957763676006324
103.337410862729,0.957383983225363
103.373009803614,0.95671756811991
103.393506241028,0.956333435263469
103.414002678441,0.956225554926694
103.434499115855,0.956250038615619
103.454995553269,0.956274108332621
103.484279902994,0.956308436794066
103.500557356297,0.956316471601294
103.506583014442,0.95620324989189
103.512608672587,0.956087929087671
103.523969526961,0.955870511342303
103.55873313418,0.955204792733383
103.583808579918,0.9547239635897
103.59721636117,0.95446665914456
103.610624142422,0.954463544800715
103.620025853781,0.954511014294033
103.629427565139,0.954558108032989
103.658163798619,0.954701991789524
103.685349906784,0.954838103584215
103.700909908831,0.954933594163069
103.709907837975,0.955155085258727
103.71890576712,0.955378188270357
103.735964375085,0.955800911728731
103.791054329752,0.95716314000778
103.799472866066,0.957370956637595
103.804621254723,0.957357192013904
103.809769643381,0.957322874421087
103.816802240046,0.957276578657967
103.836703967309,0.957145507974505
103.878444135306,0.956870440793911
103.903825902271,0.956656633788184
103.920925891124,0.956333675366616
103.938025879976,0.956009901030219
103.981014571381,0.955194821362132
104.000220745172,0.954836041783699
104.00551665685,0.954874932330585
104.010812568527,0.954916928171364
104.019751975609,0.9549874514137
104.046361854839,0.955197284267024
104.097003112705,0.955596414009737
104.108684497483,0.955522127345772
104.120365882261,0.955386825345676
104.132047267038,0.955251843549956
104.167788079192,0.954838639347271
104.191023260527,0.954569788179579
104.214258441862,0.954698738906914
104.229297472667,0.954948961250748
104.244336503471,0.955198283682068
104.27972219763,0.955784266161402
104.292689146378,0.955998838145827
104.299800696936,0.956116465360701
104.302485404052,0.956062115137012
104.305170111169,0.955993714456401
104.308501227908,0.955909798861063
104.316427306649,0.955709896949887
104.346702308051,0.954945452146986
104.372097329234,0.954303244707067
104.397492350418,0.953660118185522
104.407830842316,0.953694611564693
104.418169334215,0.953830963136777
104.428507826113,0.953966584764922
104.454228353048,0.95430374717959
104.494937623232,0.954836958977611
104.511325352865,0.954754087941268
104.527713082498,0.954532751311799
104.540784073822,0.954356568459981
104.576628743953,0.953873169151476
104.592749304759,0.953655578661538
104.608869865565,0.953690883212112
104.621224478012,0.953882858486674
104.630695652485,0.954029263280057
104.653976112585,0.954388842228934
104.694616627076,0.955015949065618
104.711871420777,0.955006556097622
104.729126214478,0.954867380642148
104.746381008179,0.954728649613599
104.792209426976,0.954360081133421
104.816768457837,0.954415489398577
104.841327488698,0.95459157938393
104.865886519559,0.954767304412709
104.939165225834,0.955471843691552
105.012443932109,0.956297762451729
105.085722638384,0.956945077709389
105.159001344659,0.957689792435053
105.183791132526,0.957949556401653
105.196009195207,0.958077569660646
105.208227257889,0.957946537125976
105.220445320571,0.957682932081502
105.232663383252,0.957419924956862
105.262254722493,0.956782356872876
105.284078636817,0.956311534085006
105.296316235951,0.956047317875305
105.308553835085,0.956049734547595
105.32079143422,0.956173408666001
105.333029033354,0.95629636761016
105.363417868785,0.956601499259616
105.386334427198,0.956831504344444
105.398341027676,0.956951956298518
105.406036739598,0.95688282612579
105.413732451519,0.956769198507373
105.421428163441,0.956655986207577
105.444655672162,0.956314102303747
105.478476557959,0.9558157975792
105.494126885246,0.9555850313603
105.509777212533,0.955613423212115
105.526452500659,0.95581628217747
105.543127788785,0.956018362830812
105.583315286302,0.956504900441195
105.595411530157,0.956651268009522
105.607507774013,0.956507673980918
105.618523852386,0.956206717511473
105.62953993076,0.955906629455595
105.653573446442,0.955251311491331
105.678401889076,0.954573252618874
105.692316956058,0.954192802052406
105.699137608436,0.954006201504972
105.703112116746,0.954070263746239
105.707086625056,0.954192394991349
105.711061133366,0.954313273515734
105.719817031835,0.954579615405591
105.749205000378,0.955472534275514
105.778454418104,0.956359471653179
105.792316538198,0.956779214836617
105.799979430734,0.957011079686433
105.801786807145,0.956999135664956
105.803594183557,0.956980700516713
105.805919225856,0.956958078452615
105.810822722326,0.956910193763968
105.828048315766,0.95674189057029
105.910552203031,0.955997994825211
105.940988157278,0.955882339592991
105.971424111526,0.955766934601263
105.998549657171,0.955664104085639
106.007657907496,0.955753904623259
106.01676615782,0.955869761463724
106.029010502345,0.956025167423205
106.069084704572,0.956533396578845
106.127007463349,0.957141997332438
106.184930222127,0.957605149857986
106.229836939669,0.957225671020961
106.251164115808,0.956865132146078
106.272491291946,0.956504850057938
106.302915466481,0.956025619919829
106.314968961472,0.955967951269352
106.327022456462,0.955911125765663
106.354949055015,0.955779514851819
106.463504134302,0.954743275699993
106.544099176296,0.954330451596512
106.571070839266,0.954370217398405
106.598042502235,0.954409546340529
106.608734505603,0.954637186923628
106.619426508971,0.954916155947971
106.630118512338,0.955194607070653
106.663132612353,0.956053279836137
106.695711676686,0.95689907608585
106.706572043398,0.956791078858037
106.713703692374,0.956542636874327
106.720835341349,0.95629586459507
106.734626749174,0.955818233987707
106.778948662179,0.954279621946706
106.790104371806,0.953891543161041
106.801260081432,0.953590658722982
106.802392029945,0.953626794945527
106.803523978459,0.953669662029234
106.804978952412,0.95372313938597
106.807831873567,0.953828370668381
106.816320746883,0.954141301716029
106.853814591744,0.955520814652298
106.889651032844,0.956835446246379
106.896824319757,0.957098135227084
106.903997606671,0.95710862927833
106.909649803578,0.956944670678072
106.914154852517,0.956815675226648
106.922923334139,0.956564332265948
106.951907716855,0.955732380685559
106.975637422317,0.955050138230026
106.999367127779,0.954366860753767
107.004247211239,0.954403941918694
107.0091272947,0.954474004086928
107.014007378161,0.954543379393172
107.027326326589,0.954732742084208
107.077395165894,0.955443998233109
107.143238476127,0.956528722403321
107.177447830237,0.957132697372804
107.192989875106,0.957406801722365
107.208531919974,0.957429471309905
107.22040132633,0.95728237534687
107.229526070972,0.957170013307563
107.251875700149,0.95689471932673
107.295401498657,0.95635804278334
107.315679198121,0.956339102902691
107.335956897585,0.956390516988136
107.356234597049,0.956441712529594
107.38164983406,0.95650584258645
107.396011166746,0.956542085218097
107.410372499433,0.956314210778356
107.424733832119,0.95597960165243
107.439095164805,0.955645244648852
107.477813759913,0.954742647043156
107.493468558143,0.954377171508579
107.509123356374,0.954290611734012
107.524778154605,0.954411969879366
107.535820726139,0.954496931661728
107.563339736855,0.954708478737285
107.605118290067,0.954981106707683
107.629548794648,0.95493617769305
107.653979299228,0.954890746378308
107.692812948903,0.954818415135123
107.718563787238,0.954923434476507
107.744314625572,0.955089191440919
107.770065463907,0.955254750159328
107.791450768221,0.955392175922928
107.812836072534,0.955265378269765
107.834221376848,0.954957212354139
107.849830225528,0.954732549552618
107.893323392874,0.954106073256664
107.91302772356,0.954099478493412
107.932732054247,0.954239774692828
107.948114091419,0.954348898515063
107.991883796854,0.954659154271677
108.025378740008,0.954695684542762
108.058873683161,0.954666610699203
108.092368626315,0.954637629725985
108.120146780142,0.954758504609778
108.147924933969,0.954935556551303
108.175703087795,0.955112424940685
108.193244925688,0.955224065980796
108.210786763581,0.955076191258933
108.226453024794,0.954793480085558
108.242119286008,0.954511237506024
108.280956707657,0.953810892228479
108.303380788486,0.953488412131906
108.311901276428,0.953544337891449
108.320421764371,0.953601552353508
108.338173372273,0.953720788782856
108.396772460363,0.954113935091664
108.452761878924,0.954368954696105
108.508751297486,0.954533504807586
108.534413475962,0.954402914092778
108.560075654439,0.954271911174285
108.598685116996,0.954074653262541
108.620791061941,0.954108708383055
108.642897006885,0.954152862097449
108.680445285271,0.954227840492878
108.727198100984,0.954611585737448
108.759121955829,0.955017903846037
108.791045810675,0.955423565408715
108.814093571786,0.955494652005057
108.837141332898,0.955421071384623
108.855226853011,0.955363639110449
108.909337081233,0.955130518549531
108.946055005601,0.954771078157737
108.982772929969,0.954411142746991
109.042738898309,0.954026772698207
109.083029138066,0.953824278420728
109.096877345275,0.95375464334945
109.110725552484,0.95394527152083
109.120667709291,0.954139615179966
109.130609866099,0.954333471103258
109.160112834475,0.954908209260036
109.204312236446,0.955727521165108
109.220729597888,0.955892055699089
109.237146959331,0.956055910041189
109.278005537188,0.956463348561936
109.45205621131,0.957781218391747
109.580549069294,0.956476366656508
109.594374755681,0.956211753116834
109.608200442067,0.956345328314044
109.61701249527,0.956612714930868
109.625824548473,0.956878448966849
109.643524549824,0.957411725042978
109.673849316928,0.958324021591491
109.689400466194,0.958791146437795
109.696961517068,0.959018093100645
109.704522567941,0.958989195778718
109.712083618815,0.958773924850442
109.717836105488,0.958611395906313
109.730213234377,0.958261405592565
109.77505138277,0.956991135716837
109.795305588259,0.956416175643376
109.807556769148,0.956281902978225
109.819807950037,0.95628738236821
109.832059130926,0.95629207974596
109.861432081205,0.956303280449916
109.979971643821,0.956056160267654
110.005866904319,0.956063716491116
110.031762164817,0.956392767706951
110.052054173521,0.956650704559762
110.083511726367,0.957050333144609
110.101969086939,0.957251097521252
110.113298555463,0.957199296334557
110.124628023987,0.957146312828242
110.148481805975,0.957034682108224
110.185417866803,0.956861861893735
110.222353927632,0.956409799430617
110.25928998846,0.955771783918474
110.285736259003,0.955314620991089
110.295739800353,0.955141601319512
110.305743341703,0.955228256813616
110.315746883054,0.955519669708525
110.323001959306,0.955729875691001
110.339299737009,0.956201705211928
110.401379620199,0.957908040182855
110.402384613022,0.957880863235258
110.403389605846,0.957844877710124
110.404394598669,0.957810673706164
110.406386325006,0.957742235712429
110.411976969028,0.957550237816354
110.436705320923,0.956700038570055
110.466618609519,0.955669427657583
110.496531898116,0.954636472608691
110.505058305516,0.954676302547203
110.51091993546,0.95487381316812
110.516781565404,0.955069141478277
110.527867980322,0.955438434188428
110.561146959823,0.956545386744642
110.600140650342,0.957831722483893
110.601272036197,0.957816839756903
110.602403422052,0.957794253764714
110.603788686585,0.957768386092163
110.60646308868,0.957717961839468
110.61433190999,0.957569651808903
110.649594960238,0.956904463179052
110.684299357455,0.956248850223626
110.719003754671,0.955844568604769
110.745379965459,0.955698541250842
110.76527459163,0.955588062210663
110.825412854619,0.955201326542729
110.885551117607,0.95474160572529
110.895843153319,0.954662885134721
110.906135189031,0.954840301452803
110.916427224743,0.955201789142623
110.924125891316,0.95547107797565
110.941904315122,0.956092299670061
110.969290034149,0.957047631487707
110.996675753176,0.958000948208736
111.007149073579,0.958039303551369
111.017622393983,0.957916413701803
111.025701766519,0.957822434524793
111.044904179786,0.957598999573924
111.092232052034,0.957047757615761
111.123234181182,0.956540451091977
111.15423631033,0.955982627390331
111.185238439477,0.955424204705605
111.195306307623,0.95524271841939
111.199912635845,0.955159656372206
111.201093447236,0.955188588630951
111.202274258628,0.955229638529399
111.203745837601,0.955279130653364
111.206598176769,0.95537545721374
111.21506131993,0.95566109329432
111.252683942308,0.956928653609556
111.288558723391,0.958134053852258
111.296166814037,0.958389276912342
111.300968486439,0.958489227627598
111.30577015884,0.958327662954534
111.309351089049,0.958204906676419
111.315519420734,0.957993684844519
111.334903476992,0.957329371011955
111.362732286505,0.956373914089902
111.390561096018,0.955416448958372
111.41822900472,0.955270023876998
111.428294241741,0.955373015448136
111.438359478763,0.955474866448206
111.460068203048,0.955694404261125
111.49350157616,0.956032398921799
111.511487344113,0.955997327984726
111.529473112066,0.955835244137719
111.547458880018,0.9556735409421
111.596502651436,0.955232400725961
111.607354597176,0.955310570577186
111.618206542916,0.955477482503496
111.629058488656,0.955643765498292
111.658197425539,0.956089917179392
111.781509456213,0.956926186402985
111.796283780547,0.956961280903559
111.811058104881,0.956816360549769
111.825832429215,0.956607759196221
111.84060675355,0.956399353406644
111.888095468061,0.955728874018629
111.919876595932,0.955511951857915
111.951657723803,0.955437037083229
111.976593674752,0.955377998467538
112.057745524297,0.955331573971055
112.109971437815,0.955276297199215
112.162197351333,0.954948410556098
112.200433897089,0.954711519376694
112.213808162017,0.954734398575096
112.227182426945,0.954758040258504
112.258663492018,0.954813780944079
112.290996513877,0.954870964057792
112.313586391057,0.954675264065225
112.336176268236,0.954318774403597
112.353315156083,0.954048460779567
112.403078264453,0.953350856476756
112.408017643968,0.953412642042284
112.412957023483,0.953477157400858
112.421547934099,0.953588993041068
112.44749838744,0.95392662061231
112.492029120634,0.954505457530802
112.510886456672,0.954461952697957
112.523890974875,0.954281064417266
112.536895493078,0.954100913729055
112.567561738626,0.953675910750454
112.591603491652,0.953342384160056
112.615645244678,0.953272406131768
112.647676270469,0.953372640172696
112.670342859529,0.953443320431955
112.739273579798,0.953962511755094
112.808204300068,0.954510784386423
112.815484500848,0.954411264233911
112.822764701627,0.954310106334354
112.837211650671,0.954109296365893
112.882958230635,0.953473071037898
112.898843313476,0.953251922140005
112.908631593469,0.953252848560816
112.918419873462,0.953274435029547
112.932178493362,0.953304547323962
112.979584053362,0.953408245610431
113.057678093991,0.953418984546352
113.091459177148,0.953398888519556
113.113181876158,0.953603725421733
113.134904575167,0.95395357370893
113.151954150291,0.95422763576002
113.202010398018,0.954971555356441
113.206985112254,0.954905541578633
113.21195982649,0.95483639665115
113.220269936823,0.95472125552755
113.244984202256,0.954378667614665
113.278174741628,0.953918126425091
113.292146603316,0.953724121097741
113.299834178961,0.953617339708772
113.302735809966,0.953678125030722
113.30563744097,0.953750534742947
113.30936842306,0.953842766319259
113.3187135352,0.954073825261775
113.354735562457,0.954963463909047
113.393164960458,0.955910616950887
113.401730975429,0.956042733226397
113.4102969904,0.955849190495023
113.416405341921,0.955709868689743
113.429445602175,0.955412324201401
113.473467247025,0.954406582550042
113.489115350764,0.954048528762333
113.497792485257,0.95384986137832
113.506469619751,0.953910102298986
113.513201946779,0.954031438774722
113.519934273806,0.954151909878536
113.536726791428,0.954452280095719
113.597809646367,0.955543345631036
113.609257717791,0.955537999937696
113.620705789215,0.95547934534737
113.63215386064,0.955421017912257
113.667979206451,0.955238472675306
113.691053682856,0.955120839312555
113.714128159261,0.95527194170091
113.733712341578,0.955548557386099
113.753296523896,0.955824496693891
113.787410253561,0.956304684548361
113.821523983226,0.956297301536588
113.838548382223,0.956148313538573
113.85557278122,0.95599988395126
113.898948523023,0.955621575123412
113.921117637993,0.955551629811047
113.943286752962,0.955488451073133
113.985719837116,0.955367642427052
114.038966188513,0.955360367482976
114.092212539909,0.955406716292187
114.145458891305,0.955511357122093
114.198705242702,0.955626077012185
114.231731817236,0.955809885293999
114.264758391771,0.955998502029825
114.29573308838,0.956175404064885
114.310646820026,0.956032209433198
114.325560551672,0.955793156630016
114.340474283317,0.955554411813564
114.382685097522,0.954878063497504
114.575801326639,0.956318585963947
114.588778305394,0.956610114939402
114.60175528415,0.956829892557499
114.607706057798,0.956719401308265
114.613656831446,0.956606254928758
114.624048632629,0.956408730223375
114.654390994882,0.955831720125251
114.679340142224,0.955356688778781
114.695205762771,0.955054352260075
114.711071383318,0.955078029099302
114.726937003865,0.955248928463549
114.739331468647,0.955381910075119
114.77270799926,0.955739737715716
114.79086622231,0.955934312663219
114.8018175023,0.955995013220348
114.809207686464,0.955837970581519
114.816597870629,0.955679259057541
114.831313210692,0.955363086070895
114.879226732078,0.954332291042046
114.894884765914,0.953994906669808
114.910542799749,0.954120802700709
114.921057297304,0.95436297274951
114.931571794858,0.954603956845338
114.954570280956,0.955130546783745
114.98253571613,0.955770118332195
114.995839464045,0.956074050154055
115.009143211961,0.95611599799641
115.022446959876,0.956032747129821
115.035750707791,0.95595012799374
115.069296609839,0.95574179674305
115.092248650236,0.955599169003705
115.115200690633,0.955718699410994
115.138152731029,0.955975601992806
115.156399764532,0.956179433148968
115.17909292181,0.956432759986531
115.201786079089,0.956615078686718
115.205084606519,0.956522279440497
115.208383133948,0.956425693509107
115.213302691127,0.956282081192207
115.226348729385,0.955901124549587
115.277575394182,0.954402018682079
115.293410180875,0.953937625649674
115.309244967568,0.9538868268231
115.317639507818,0.954023255839044
115.326034048069,0.954158220339274
115.343285070607,0.954435411562126
115.40021494624,0.955342604237175
115.40386606973,0.955292169469998
115.407517193221,0.955237848941654
115.41298441932,0.955157075900268
115.428620725574,0.954925935954621
115.491326046869,0.953997701181892
115.521699417783,0.953861389720762
115.552072788696,0.953853327147887
115.58244615961,0.953845027983235
115.676726187098,0.953784179503112
115.729522908757,0.954023950395782
115.764969346708,0.954333955216003
115.800415784659,0.954635709741681
115.806921765049,0.954571954146897
115.813427745439,0.954506128340378
115.825602795893,0.95438296197128
115.862141479865,0.954013366892882
115.890332767451,0.953727970287991
115.918524055037,0.953701604630745
115.952616196533,0.953836926565453
115.977876796892,0.953936963303477
116.032308782662,0.953919171418074
116.086740768432,0.953739779745837
116.127339743012,0.953729978341954
116.181332380354,0.953798133156692
116.235325017697,0.953191675001684
116.256551728838,0.952810732006748
116.277778439979,0.952429887405323
116.335474082781,0.95293996460685
116.346945223855,0.953236717955316
116.358416364929,0.953532011233842
116.382068034774,0.954140134970876
116.394608438827,0.95446229239198
116.407148842879,0.954530296458604
116.419689246931,0.954397026605533
116.428730474844,0.954301708052051
116.450297891903,0.954074321020822
116.501610762006,0.953540767450873
116.531769497034,0.95337279676153
116.561928232063,0.953205156054301
116.598510392566,0.953001813185032
116.60695551314,0.953113942327592
116.615400633715,0.953263820430947
116.62555101231,0.953443484474504
116.655745263134,0.953977476310551
116.686333823778,0.954517828522765
116.716922384422,0.954799879717468
116.740632045633,0.954853618473452
116.758427510824,0.95489429732705
116.810626991587,0.954990771923567
116.86282647235,0.95499676776737
116.915025953112,0.954925690835746
116.954087841394,0.954728356627078
116.991915323771,0.954537270629403
117.015862752571,0.95459900764799
117.039810181371,0.954756395987416
117.063757610171,0.95491347517856
117.14108932508,0.955379048493572
117.188802944025,0.955643446582236
117.221835479885,0.956002199183962
117.254868015745,0.956452475319324
117.287900551605,0.95690213320236
117.318138598892,0.956778488146891
117.330183695695,0.956583450234565
117.342228792498,0.956389214548545
117.370242906299,0.955937195753533
117.390005698098,0.955618006328179
117.402466474393,0.955477424751743
117.414927250687,0.955591067257439
117.424458121758,0.955678656817871
117.448125768449,0.955896139913784
117.476565385082,0.956157291312038
117.493142886614,0.956309452882699
117.509720388146,0.956144218877812
117.520958081407,0.95587415322657
117.532195774668,0.955604926459285
117.557423897582,0.954999995675071
117.592548361426,0.954156342384848
117.600837769323,0.953992723843061
117.604228159737,0.954058529191688
117.607618550152,0.954128155281972
117.612629670287,0.954230458426261
117.627503235499,0.954534031555762
117.689908167624,0.955805607341693
117.725540086599,0.956377757157531
117.761172005574,0.956887923681003
117.796803924549,0.957397618934574
117.806814361087,0.957235848277536
117.816824797626,0.956921297731016
117.824710011779,0.956674230909558
117.843492634016,0.956085175284205
117.868143673902,0.955310865261656
117.892794713788,0.954535239083232
117.900638131037,0.954317870221709
117.902637374066,0.954347865052244
117.904636617095,0.95438283170411
117.907320587865,0.954428864811492
117.9131588153,0.954529055054615
117.934462824028,0.954894549626549
117.977187916478,0.955626625149107
118.002084290032,0.956027462352778
118.017003933805,0.956100480024221
118.031923577578,0.956172585883114
118.065448880201,0.95633448019886
118.098306999634,0.956493149083714
118.110538307929,0.956438589179135
118.122769616223,0.956364181575051
118.140552447264,0.956256154734
118.207725529487,0.955913422947632
118.227539170276,0.955961460484847
118.247352811066,0.956009988818605
118.299703270632,0.95613827193468
118.306966525944,0.956042678585736
118.314229781255,0.955940232495426
118.326873409654,0.955761904389348
118.364770238634,0.955227221809198
118.40236162018,0.954781511663247
118.406637563869,0.954873807585602
118.410913507557,0.954969630368261
118.41755667725,0.955117990917136
118.438122466762,0.955577001823475
118.468051201997,0.956244188422179
118.497979937232,0.956910389005955
118.505403578864,0.956909804535215
118.512827220495,0.956841229247046
118.520250862127,0.95677332411676
118.539985649682,0.956592729652355
118.577793385325,0.95624649422492
118.597201553791,0.956068662138277
118.609596422607,0.95610196865985
118.621991291423,0.956180798193741
118.634386160239,0.956259352746061
118.676700576015,0.956527402516876
118.888272654895,0.956575039755465
118.904249190356,0.956612049384887
118.920225725817,0.956900291140959
118.936202261278,0.957188570259052
118.990825978944,0.95817284700721
118.99877962718,0.958315982431444
119.003676911398,0.958238318171421
119.008574195615,0.9580969620865
119.013471479832,0.957956586344638
119.025268180363,0.957618134791036
119.068326502001,0.956380551484421
119.085268907024,0.955892675208519
119.096923069009,0.955556772791738
119.104961929311,0.955547117352473
119.113000789614,0.955686218761128
119.121039649916,0.955823990712226
119.138209125441,0.956118112342999
119.197791684327,0.957137485941469
119.21947722003,0.957649039018857
119.241162755732,0.958176944618914
119.273989178721,0.958974835296668
119.289589345171,0.959353514744989
119.297822961813,0.959553257618805
119.306056578455,0.959495141283983
119.312640555236,0.9593677824846
119.319224532016,0.959241331923904
119.33518168822,0.958934636237268
119.397195083724,0.957740695560529
119.407950113335,0.95771929737028
119.418705142945,0.957767943709753
119.429460172556,0.957816112651661
119.460359459794,0.957954465564393
119.550605680787,0.958069037843252
119.596686969981,0.958010847638008
119.627195640454,0.957855991887803
119.657704310927,0.957686406543624
119.688047900903,0.957517571548557
119.718391490879,0.957718648448869
119.738236130151,0.958010660836825
119.758080769424,0.958301922303147
119.781026799276,0.958638433330795
119.794733319687,0.958839339726946
119.808439840099,0.958717248880392
119.819393314695,0.95845077987598
119.830346789291,0.95818525165346
119.854284624484,0.957604441073488
119.889368781348,0.956751781267538
119.899108051261,0.9565148056883
119.905128309498,0.956511673650135
119.911148567736,0.956537893360172
119.918916319665,0.956571157790168
119.940899133799,0.956665303299812
119.991718702024,0.956882922813713
120.024655178145,0.956875967752564
120.057591654266,0.956818235821857
120.090528130387,0.956760585413217
120.115359241637,0.956507432571766
120.140190352887,0.956121377490317
120.165021464137,0.955735343764011
120.198040893521,0.95522154852575
120.20672810095,0.955238234348554
120.215415308379,0.955303198357224
120.224102515808,0.955367736298212
120.250568798626,0.9555642951899
120.367549581841,0.956541362072084
120.390995000901,0.956753012134355
120.41444041996,0.956692685643078
120.435083281563,0.95648598344338
120.455726143165,0.956279688885313
120.488342446974,0.955953605088166
120.520958750784,0.955323912056693
120.552582102561,0.954545430943222
120.584205454339,0.953765929191702
120.594691155087,0.953507193945322
120.601292511241,0.953403402000745
120.607893867396,0.953557232404279
120.612902161061,0.953675440184963
120.623074422992,0.953915355452749
120.656328233132,0.954698575025416
120.699199061976,0.955706337013126
120.703458291147,0.95567180992749
120.707717520318,0.955599347274657
120.71197674949,0.955527663609774
120.722930348341,0.955343140624963
120.763875147318,0.954652637816927
120.787037268083,0.954261570206437
120.799761008194,0.954046596978587
120.804672106589,0.95407072655118
120.809583204985,0.954103442542622
120.817407203784,0.954155133865483
120.841896760862,0.954316897646921
120.9,0.954700513662109
