0,4104039.62397836,1956116.60325445
6.07840999814531e-06,4240762.41717856,1980208.92040898
1.78062430548231e-05,4482057.67766802,2023321.05849481
2.95340761115009e-05,4696393.1626826,2062443.71261323
4.12619091681787e-05,4886801.99340623,2098039.14984035
5.29897422248566e-05,5055973.07871747,2130494.25700975
6.74991720195722e-05,5239465.27104988,2166787.70020945
8.20086018142879e-05,5398018.75155453,2199292.51909766
9.65180316090036e-05,5535043.67444034,2228443.32453401
0.000111027461403719,5653480.36419947,2254608.70615818
0.000129297814571661,5780119.58675418,2283799.81554007
0.000147568167739603,5885551.45056781,2309297.88199906
0.000165838520907545,5973346.77631726,2331564.1617398
0.000188160453953715,6061009.71532041,2354964.31560746
0.000210482386999884,6131132.47358399,2374755.08673562
0.000232804320046053,6187242.28700898,2391467.8683199
0.000261012819923112,6242483.98499798,2408897.55044702
0.000289221319800172,6284182.47843384,2422907.2835063
0.000323351347615607,6321284.00536965,2436202.62176473
0.000357481375431042,6347702.46290568,2446336.20064001
0.000400343428876215,6370456.66122001,2455693.45507806
0.000443205482321388,6385320.2225478,2462278.06355951
0.000500033881050271,6397470.0266504,2468084.25244552
0.000556862279779154,6404376.36276743,2471670.19502267
0.000635170638671234,6409350.98202812,2474472.24744855
0.000731435285812156,6411963.40582938,2476087.77377669
0.000853150121458731,6413105.51040906,2476857.55124692
0.000974864957105306,6413431.172018,2477083.32824048
0.00109657979275188,6413525.24479781,2477133.16213557
0.00121829462839846,6413552.9462177,2477127.11123438
0.00134000946404503,6413561.46015203,2477103.52787773
0.0014891153856896,6413564.79902861,2477067.70775006
0.00163822130733416,6413566.08340014,2477029.77147898
0.00178732722897872,6413566.93553452,2476991.36314034
0.00193643315062329,6413567.69591582,2476952.8503055
0.00211810812760525,6413568.59788106,2476905.89636749
0.00229978310458721,6413569.49471911,2476858.93628329
0.00248145808156917,6413570.3908682,2476811.97534999
0.00266313305855113,6413571.28692424,2476765.01429957
0.00289426473369306,6413572.42689385,2476705.26919748
0.00312539640883498,6413573.56686135,2476645.52409267
0.0033565280839769,6413574.70682876,2476585.77898775
0.0036470612560352,6413576.13977103,2476510.67922121
0.0039375944280935,6413577.57271329,2476435.57945462
0.00428912008497031,6413579.30647735,2476344.71377282
0.00464064574184712,6413581.04024141,2476253.84809095
0.00508365222799335,6413583.2251992,2476139.33557782
0.00552665871413957,6413585.41015698,2476024.82306457
0.00611911811093288,6413588.33223333,2475871.67854733
0.00683334245661299,6413591.8548681,2475687.05907253
0.00773269016487451,6413596.29055209,2475454.5871573
0.00893150298107943,6413602.20323166,2475144.7066641
0.0106816151600626,6413610.83498166,2474692.32108911
0.0136916866522992,6413625.68099263,2473914.24929513
0.0212783990817615,6413663.09951112,2471953.16399684
0.0528441805674265,6413818.78549312,2463793.74177418
0.0968995772917662,6414036.07166,2452405.88549223
0.124179564444633,6414103.62060251,2454934.52146738
0.1514595515975,6414165.79601609,2458742.79651156
0.192493913738681,6414259.81305553,2464471.85742189
0.233528275879862,6414486.18132998,2458523.60933253
0.265421614874779,6414688.74925519,2451864.49070528
0.305791069945291,6414939.02789926,2444618.43925125
0.355480471196018,6415249.88442132,2444718.6458636
0.405169872446744,6415529.61751288,2446148.48817293
0.45485927369747,6415588.05802032,2459336.14232633
0.491182934622885,6415630.88549681,2468985.53004896
0.535113774725793,6415693.28907952,2470930.10124802
0.579044614828702,6415755.13268113,2470387.60119107
0.63316518474912,6416203.87999842,2450634.31250594
0.672303565158955,6416691.44471562,2427513.35895709
0.690907106175311,6416923.94203276,2416532.92391976
0.703195451334231,6417223.96420093,2403361.3610617
0.715483796493151,6417896.04206766,2372638.50062524
0.72777214165207,6418570.8112983,2341915.9365342
0.761477338461829,6420419.67979572,2257634.67897833
0.787739514966815,6421860.27494169,2191965.20783358
0.799725671904778,6422517.7681473,2161993.4072249
0.806984389961947,6423016.49906329,2153435.43572539
0.814243108019116,6423535.40290844,2145423.23505155
0.826219715858983,6424387.9775762,2132185.14105849
0.868438950252922,6427394.11170251,2085521.30006646
0.894058633796132,6429218.29933955,2057204.49379994
0.910659028497544,6430355.71527584,2052667.86812531
0.927259423198955,6431489.38269952,2056126.35151448
0.943859817900366,6432618.78752193,2059543.51149995
0.994676458494867,6436079.17206476,2070016.77377802
1.01193202361229,6437434.13430428,2058859.78182618
1.02918758872971,6438852.69329986,2040879.38152419
1.04644315384713,6440274.73486612,2022936.33244011
1.10320880729721,6444903.64318653,1970503.8061681
1.10825472490624,6445231.88585843,1975495.8912789
1.11330064251528,6445576.74924643,1980699.39106827
1.12204566459518,6446170.75372896,1989688.44380205
1.15213935638402,6448215.85549597,2020628.70978729
1.18237772023267,6450270.77272125,2051717.53801112
1.19786007911687,6451322.91155987,2067635.35157302
1.2076252521338,6452039.22197951,2067006.97376736
1.21739042515073,6452753.82804637,2063136.64079035
1.22715559816766,6453470.38493901,2059297.44630321
1.2596374323633,6455853.40982682,2046519.29145564
1.30021086136444,6458828.31468729,2030754.45507711
1.31091679712543,6459523.05498803,2036487.7366122
1.32162273288642,6460224.71711475,2042323.26392445
1.34337983369184,6461649.63708166,2054173.13299237
1.38088525547004,6464105.94825745,2074601.03620599
1.40415761264812,6465659.53711355,2083280.51852199
1.4274299698262,6467323.31857507,2073312.85935489
1.44421132022962,6468523.48371481,2066086.74019688
1.4979234872854,6472361.49805821,2042973.9986267
1.50765024090326,6472951.4619657,2048532.59128451
1.51737699452112,6473524.91371452,2056961.02540049
1.52908732465219,6474214.70672621,2067074.16831594
1.56696874948835,6476445.5492655,2099795.91562681
1.58736475738811,6477646.68724112,2117413.81073828
1.59762917339541,6478251.16521636,2126280.1264605
1.6078935894027,6479039.6566089,2116520.12885129
1.61539615330343,6479641.33228303,2104978.75020631
1.62289871720416,6480242.50867284,2093486.4597894
1.64338616680143,6481885.52801489,2062095.20736461
1.67450792647975,6484381.32952546,2014410.19692744
1.69252274119494,6485826.02777462,1986807.74143424
1.71053755591014,6487159.8535991,1981696.88599602
1.72274946220325,6488038.23333961,1989428.67123732
1.73496136849637,6488911.40041924,1997099.58838511
1.76340153550655,6490945.46008414,2014970.75830469
1.79524979989353,6493223.33223084,2034983.07424047
1.81584251938218,6494397.334082,2058285.47035332
1.83643523887083,6495482.61640848,2084815.26991632
1.85702795835948,6496570.37027535,2111328.94529972
1.88481851886011,6498037.2712484,2147111.47356376
1.89656834394613,6498657.48591191,2162240.29113836
1.90831816903215,6499535.0518209,2150246.75254778
1.91731383808399,6500265.24637226,2131987.78512816
1.92630950713583,6500991.72145037,2113804.17045614
1.94666628826531,6502641.24583564,2072647.19688282
1.97276615317923,6504755.96577889,2019879.24928013
1.99886601809314,6506870.70105683,1967111.28313421
2.00410556269431,6507206.60332933,1969069.04606726
2.00934510729549,6507554.09438506,1975032.53162154
2.01458465189666,6507897.82128152,1980927.16865228
2.02857758118076,6508815.62284127,1996690.13267095
2.08922503868196,6512793.60753616,2065006.70546487
2.11309721749329,6514488.34503137,2069301.95141825
2.12841257533795,6515615.69010658,2059809.24660265
2.14372793318262,6516743.96832283,2050378.85064997
2.18178355049716,6519556.67791782,2026930.79086052
2.22819042170119,6522808.90181307,2027486.64990893
2.25756416858454,6524809.11220062,2039925.44824609
2.28693791546788,6526805.87474664,2052336.81758676
2.3318462198518,6529871.51893912,2056716.52734292
2.37675452423571,6532944.77937046,2055011.6878281
2.42166282861963,6535953.78919892,2057728.92177001
2.46657113300354,6538912.81021688,2065231.85158179
2.51147943738745,6541926.43273445,2067411.46560751
2.54557907446788,6544300.9065282,2057216.21768753
2.5796787115483,6546683.1591803,2047008.55749298
2.62540594102243,6549685.51206111,2053836.8838523
2.65576359652096,6551581.85949896,2069422.2879317
2.68612125201949,6553488.0083677,2084974.58865365
2.72205415810258,6555921.52774528,2079329.4809108
2.74654441199736,6557649.27070091,2064973.54736804
2.77103466589213,6559369.17903471,2050654.99480348
2.84483223940979,6564132.25979629,2063749.21414298
2.91862981292745,6568693.96340661,2097578.83545539
2.99242738644511,6573383.26255626,2083988.20272956
3.04568352294922,6576879.06684564,2073710.76192061
3.09255609531002,6579973.30065503,2064596.24941193
3.12304288979355,6581900.6839087,2069109.51950438
3.15352968427709,6583792.8179661,2077081.6202019
3.18401647876063,6585693.87610149,2085041.58461582
3.23733399464311,6589160.315376,2078071.74284636
3.29065151052559,6592703.16407351,2062038.23667598
3.34396902640807,6596289.833976,2054296.34254375
3.39728654229055,6599884.94857166,2048345.57421421
3.41704615452801,6601111.04049198,2056176.10875998
3.43680576676547,6602304.9330626,2065698.35899875
3.46429461183865,6603979.64355054,2078929.28945123
3.50562405616542,6606518.4356228,2095042.84820015
3.53063964161172,6608100.65168763,2090173.05607576
3.55565522705801,6609686.9675369,2085263.45371606
3.62281459021843,6614008.73399454,2071609.96089679
3.66341140468562,6616694.1848116,2062795.11321858
3.70400821915281,6619299.93469399,2059601.20559594
3.71334595203116,6619764.98001365,2070666.48753961
3.7226836849095,6620226.4411151,2081840.91522407
3.74165705182433,6621164.45679021,2104536.00425659
3.77138049367996,6622633.08753694,2140090.339248
3.8011039355356,6624122.8760071,2173320.6840898
3.80539778957067,6624400.72679762,2169512.62053179
3.80969164360574,6624666.942201,2165479.45970207
3.81666527524186,6625101.28942314,2158961.54670899
3.83853874462156,6626465.83775276,2138512.8348957
3.87777340820701,6628913.13253092,2101833.82527617
3.89746254669684,6630141.27729187,2083427.19632498
3.90921422611912,6630830.02989214,2083862.67761816
3.92096590554141,6631500.52353,2087658.85620899
3.93271758496369,6632183.45454905,2091429.91717546
3.97218989170608,6634466.74795969,2104100.97190258
3.99859374984845,6635994.21074351,2112576.89780171
4.0132179856911,6636944.90197197,2105710.4794216
4.02784222153376,6637900.43311208,2097497.56118892
4.04894476369921,6639276.34463425,2085659.02944727
4.08395113215493,6641561.57466112,2066019.73712608
4.11895750061066,6643715.08036307,2064907.88480062
4.14470150731253,6645260.03601692,2075827.51452158
4.16402213137824,6646408.69621803,2084000.56621314
4.20610581466975,6648902.92326356,2100084.88124088
4.24818949796125,6651306.86721015,2105958.66139538
4.29027318125276,6653732.61618121,2111816.02595629
4.32124648551787,6655625.12808712,2104556.18576287
4.35221978978297,6657578.62884167,2091885.77157402
4.38319309404808,6659517.09365787,2079229.98238028
4.42404183854901,6661855.86488489,2087367.79224804
4.45065354698029,6663305.45048004,2104155.81054295
4.47726525541158,6664745.07922749,2120913.86751809
4.49633304200886,6665776.25769017,2132921.66741212
4.5083493580777,6666530.67785617,2128097.01592353
4.52036567414653,6667328.93785894,2117528.52172478
4.53238199021537,6668112.3327521,2106995.23750579
4.5663664451237,6670345.72113002,2077201.41868332
4.58989860454136,6671891.97598786,2056570.9998638
4.61343076395902,6673325.70928667,2054269.93861841
4.63696292337668,6674708.86414432,2066110.93359301
4.65364476621852,6675707.50864,2074469.64804797
4.70455839269253,6678687.58185252,2099296.95411108
4.78098283333417,6682819.63084533,2125844.86551671
4.83743955955641,6686129.73822306,2113040.72028146
4.87467585769,6688406.05895515,2093608.29401083
4.89638382016621,6689729.28971034,2082292.32600855
4.91074532236209,6690535.35113338,2085332.32084588
4.92510682455796,6691307.30493309,2092096.12982354
4.93946832675383,6692094.82659716,2098838.44536682
4.98886668561989,6694787.62639631,2122032.952602
5.0207383436315,6696605.26968223,2121518.97567036
5.05261000164311,6698460.28836055,2112530.12657652
5.08448165965472,6700314.36820778,2103560.35621215
5.14264380018323,6703672.13490982,2100432.34634962
5.20080594071174,6707013.16188498,2102419.02229418
5.23493057295197,6708830.33728746,2113564.93664065
5.26905520519221,6710641.49106415,2124740.87888008
5.36825579382807,6715926.09513735,2133161.69863905
5.46745638246394,6721232.32638804,2130316.88673806
5.54246204262672,6725484.91596626,2111622.07242549
5.58386257898401,6727927.15914914,2094282.52905702
5.6252631153413,6730101.51638628,2105950.98808349
5.65163512878995,6731402.32588417,2125369.76843786
5.6780071422386,6732695.0206559,2144755.87167463
5.70553991250958,6734086.95938004,2159488.60157033
5.73307268278057,6735499.37823072,2152027.37218592
5.75297747348866,6736566.56495856,2146615.38316717
5.8090083891851,6739445.94477591,2137080.82397219
5.8361114286322,6740750.03840566,2146961.19063626
5.8632144680793,6742036.92543226,2156870.57850279
5.90318191816442,6743987.16576831,2167612.71963082
5.91395856031181,6744614.9374351,2158416.18384372
5.92473520245921,6745249.97767107,2149123.07512633
5.94686249535525,6746552.13963376,2130049.64104511
5.97744334899298,6748353.14957384,2103689.40511802
5.99413192332669,6749335.94226076,2089304.07996753
6.0108204976604,6750167.14394146,2094247.60122145
6.0270708015349,6750917.2465976,2109658.23221283
6.04332110540939,6751666.69520731,2125021.41627335
6.08489356601351,6753582.77392196,2164327.48444485
6.09682828500183,6754133.02543057,2175611.60826958
6.10876300399015,6754826.04234657,2168169.6734956
6.1182184659029,6755434.65531653,2156582.35357373
6.12767392781564,6756012.95569922,2145035.74754309
6.15223875285073,6757539.52404215,2115037.40163595
6.17614733435311,6759024.75712436,2085840.36204901
6.20005591585548,6760508.36613834,2056789.00331312
6.20192474221392,6760573.71910685,2059131.76705965
6.20379356857235,6760652.16995019,2061837.94321869
6.20626446520079,6760758.442788,2065339.09095658
6.2119890484326,6761005.05709096,2073470.47743139
6.23514562016022,6762003.27299052,2106358.57382817
6.26851788661315,6763441.62293893,2153755.55823213
6.30189015306609,6764921.49349814,2196853.22588133
6.30631934625484,6765163.9619915,2193157.1056667
6.31074853944358,6765406.21132993,2189240.18677336
6.31799381338953,6765802.56664689,2182863.90039057
6.3405403235145,6767040.62332178,2163018.0609138
6.37948644642475,6769178.64123416,2128736.85487636
6.39872190010942,6770234.63795521,2111805.41417345
6.40553871028283,6770536.52719887,2114802.54898542
6.41235552045624,6770836.9825617,2120143.14458371
6.42108375811935,6771227.28854743,2126944.49217484
6.44631024411901,6772344.14607159,2146606.26858172
6.48210558876153,6773929.5201589,2174505.63707077
6.50366232750348,6774925.80532483,2186999.47985983
6.51820413056523,6775638.29808169,2180988.78874016
6.53274593362699,6776363.63359964,2174926.29299446
6.56830066435155,6778135.455104,2160107.06788995
6.65926714133482,6782865.5967496,2131584.40221814
6.69287062026044,6784646.19513237,2122918.56849383
6.72647409918606,6786300.35983878,2130551.10734957
6.75083478154987,6787469.79881605,2139342.75470684
6.77519546391368,6788650.83132286,2148125.50257604
6.79793610264097,6789747.39542646,2156323.68584213
6.81067685946486,6790476.5629609,2148977.53818497
6.82341761628875,6791220.88619623,2139153.19722158
6.83907702191619,6792126.63599093,2127096.95659872
6.89090872222757,6795140.84213745,2087191.42419105
6.90091609463137,6795684.26193943,2081892.01967971
6.90491565147068,6795804.26638065,2089462.37085867
6.90891520830998,6795931.69571361,2097265.91136347
6.91529291177597,6796134.42237687,2109674.4860475
6.93525705116832,6796764.42422138,2148523.15285711
6.96043073100522,6797559.28953379,2197509.18153222
6.98560441084211,6798354.08014091,2246495.17675996
6.99550777509671,6798666.75408273,2265766.34410631
7.00541113935131,6799175.21627171,2263194.62841009
7.01240163335566,6799592.78931282,2247742.52411412
7.01766275303656,6799913.67546306,2236219.95620124
7.02875752224406,6800591.19946309,2211904.28739704
7.0693328781711,6803065.01361968,2122978.47251097
7.08744007235364,6804169.10507983,2083294.40871302
7.097402625723,6804776.55701147,2061460.28532858
7.10736517909237,6805324.86875457,2058246.43380401
7.11518503260549,6805758.02079078,2061261.07827535
7.12300488611861,6806205.4651282,2064218.37028212
7.14311504743426,6807331.81889113,2071834.32241711
7.18124608534224,6809468.76209602,2086274.86112227
7.20615819991994,6810728.59354098,2101419.78757961
7.23107031449764,6811715.53719414,2134257.40257401
7.25598242907534,6812658.91993508,2167110.38731582
7.28599208189002,6813808.96487015,2206687.1457967
7.29828125317231,6814279.79314104,2222894.00702043
7.30604702786337,6814633.55347167,2222381.7465782
7.31381280255444,6814986.69316173,2218504.28754505
7.32157857724551,6815330.03075884,2214658.01966723
7.34354286800121,6816319.24157837,2203779.83009757
7.39041285373342,6818429.12927949,2180566.13238176
7.41704967230328,6819930.5161276,2152535.28364651
7.44368649087315,6821594.49868123,2115964.16519705
7.47032330944301,6823258.06622036,2079415.9431067
7.49144851321226,6824577.90974816,2050429.88111954
7.5125737169815,6825664.2928282,2054609.98968053
7.52529437532255,6826252.44810861,2071137.73612889
7.53801503366361,6826835.74804549,2087584.95165085
7.56562091371478,6828099.48501166,2123284.00788087
7.59071515507529,6829249.2080351,2155735.10780462
7.6158093964358,6830388.70642158,2169483.26204997
7.63911455458406,6831419.00250454,2171791.9018921
7.66241971273231,6832452.51449176,2174133.28793049
7.69356534580808,6833834.62578612,2177261.89115732
7.71379600125066,6834873.79384135,2167004.23284329
7.73402665669323,6835985.12359303,2150832.08876179
7.7542573121358,6837090.27045996,2134680.13917534
7.78013857884677,6838504.67851062,2114016.29542832
7.79540366173809,6839338.73599907,2101828.48976727
7.8106687446294,6840013.38961401,2109791.56836796
7.82593382752072,6840593.41781747,2126815.5148462
7.84119891041203,6841220.29411244,2143798.25493043
7.87933969989746,6842740.65729224,2186229.03407672
7.90398557206525,6843787.74122887,2207198.1426742
7.91363800430113,6844216.48197796,2202151.68111939
7.923290436537,6844669.64976997,2197029.38816925
7.94452262239019,6845664.14347866,2185769.270877
7.99355124835936,6847963.10028164,2159768.19398373
8.02456991975883,6849446.31612911,2153567.77140454
8.05558859115829,6850936.42578496,2150125.3587853
8.08660726255776,6852438.34911079,2146677.82786583
8.14155568990739,6855246.49926217,2132546.52489986
8.19650411725703,6858109.84015531,2115795.94533703
8.21141261563768,6858757.5332259,2123182.91682797
8.22632111401833,6859378.06843844,2134407.3827963
8.24122961239899,6860013.61880242,2145613.4313637
8.29005333778222,6862067.47648959,2182311.44220197
8.3136397708511,6863186.45825185,2181152.50836581
8.33722620391998,6864372.59869041,2165860.39309551
8.35393003208436,6865214.34457327,2155060.89345799
8.40271278869885,6867646.47414652,2126260.51789745
8.41131607286718,6868044.08490731,2129366.39324036
8.41991935703552,6868434.91258034,2132564.32766352
8.43828970880376,6869271.63666814,2139383.42829793
8.5160951924963,6872683.15958657,2170770.05607238
8.59390067618883,6875692.05610801,2211821.04310465
8.61269991981541,6876480.86426606,2209129.8513311
8.63149916344199,6877324.74193793,2200181.94902869
8.65029840706857,6878162.54922012,2191256.23887093
8.71012632223521,6880829.12493592,2166221.82635434
8.76995423740184,6883642.83273033,2157863.29118503
8.81365408328428,6885618.51233809,2154725.81915718
8.85735392916672,6887588.97993189,2158194.54447291
8.93667550850068,6891061.12703758,2169546.18935199
8.98017833316389,6892887.95406154,2179024.13392182
8.99819585728132,6893655.82342305,2182949.09622109
9.00946714821969,6894240.717911,2175437.47680294
9.02073843915806,6894840.60009559,2165866.71773324
9.03546729566247,6895614.14497223,2153378.15018337
9.08348726679159,6898153.6451592,2112663.23707773
9.13045568860838,6900242.47263403,2127699.99404123
9.14747174817657,6900933.89409834,2144098.277478
9.16448780774477,6901622.57937441,2160449.12503119
9.19026260711907,6902664.20653054,2185217.73101992
9.21603740649337,6903820.65119362,2187162.81448623
9.23958496653987,6904908.93439685,2175968.05083033
9.26313252658637,6906003.1960349,2164813.34620915
9.296003586983,6907532.10280442,2149241.45524293
9.31651790093261,6908445.79498036,2149817.32269492
9.33703221488223,6909350.75783206,2152983.38459929
9.36210082225793,6910470.3311547,2156842.33679373
9.45329812863731,6914365.75631787,2173788.90353799
9.54013664430113,6918010.3782548,2181001.00332191
9.59703342697774,6920416.35052904,2177342.81900864
9.61625773008786,6921121.70365762,2184833.66185644
9.63548203319797,6921808.1401853,2193994.93633867
9.66237388041667,6922778.6801729,2206802.79211544
9.76505005244207,6927177.06258422,2170371.11055167
9.80843189852948,6929124.51255017,2145898.7319892
9.82413775428896,6929743.00197289,2155069.87431889
9.83984361004844,6930355.55792985,2164291.77765366
9.87881256839035,6931877.85945408,2187170.05419627
9.93499869738397,6934015.78217214,2204177.2685492
9.99118482637759,6936105.33653359,2211402.88939382
10.0172836744774,6937225.22473994,2201065.06915911
10.0433825225773,6938425.77591796,2183571.8270974
10.0694813706772,6939620.64525993,2166096.94791147
10.1569800668264,6943159.53824189,2180482.61863017
10.2444787629756,6946591.79473428,2197780.37151155
10.2701913691553,6947628.19853101,2192398.69309625
10.2959039753351,6948666.31515886,2187046.55152885
10.3238550862901,6949961.25428521,2173140.7442122
10.3518061972451,6951285.33306143,2157797.677966
10.3928779601147,6953221.02664211,2135256.91900675
10.41161662076,6953946.86785321,2142143.52105395
10.4303552814053,6954608.88424512,2159907.6322758
10.4449037861219,6955118.1333603,2173667.02308078
10.4868256211937,6956583.76964278,2213317.04073285
10.5164473386805,6957664.71047581,2223252.87666746
10.5370116281416,6958423.52944823,2219876.16679006
10.5575759176026,6959184.46664271,2216535.28045878
10.614335675191,6961246.14525437,2210884.11546617
10.6710954327793,6963306.16339737,2215908.50080516
10.7278551903676,6965265.6405735,2222567.90676629
10.8050088459228,6967871.14759382,2233262.23835874
10.8922466297053,6970803.34880758,2233831.74214549
10.9336875013024,6972397.60009355,2218409.24359034
10.9751283728995,6974033.72674993,2199303.3651376
11.00007746941,6975018.51062005,2187853.83723308
11.0149489193027,6975564.17586108,2190536.71944126
11.0298203691953,6976113.62486589,2193287.96171597
11.0634334082438,6977358.76174631,2199503.13106397
11.1418455555431,6980170.10174035,2213085.03930247
11.1821222218031,6981570.45024314,2219645.90753325
11.2223988880631,6983166.93382783,2207723.5759912
11.254086313041,6984534.9576492,2186554.09521472
11.2777224157286,6985556.35213386,2170783.27878599
11.2936932797465,6986247.13795543,2160126.9739284
11.3096641437643,6986747.01396708,2168105.89764258
11.3256350077822,6987180.99175719,2188721.35504501
11.3375089407897,6987494.02763342,2204005.5409862
11.3691213465878,6988325.29222311,2244700.19860854
11.3890378518219,6988849.60338308,2270338.93361353
11.4002429129791,6989150.36689457,2284313.62484391
11.4045673570057,6989312.68825476,2281806.49991934
11.4088918010322,6989462.12961516,2279085.37048732
11.4160398123893,6989706.97520183,2274616.61866424
11.4378584891505,6990462.32213301,2260974.92106088
11.5469518729563,6994513.72875336,2199926.665553
11.5781354167197,6995771.06437712,2185205.63340749
11.5960730731695,6996506.85570934,2176736.55835076
11.6140107296192,6997066.21821716,2186719.48082546
11.6267215339973,6997440.85606164,2197623.25762013
11.6394323383755,6997814.13897121,2208504.12803316
11.6811003549677,6999036.43851398,2244175.31765937
11.7391068782358,7000900.82437542,2248832.07473467
11.7739075630028,7002054.77144182,2238422.45816715
11.8087082477699,7003272.93971259,2225832.38756473
11.8435089325369,7004667.20593596,2206542.73671612
11.8905290138782,7006565.00253815,2180477.13782572
11.9184326734461,7007628.92774961,2179592.27578675
11.946336333014,7008656.84324523,2186370.27751945
11.9742399925818,7009691.17838709,2193129.81511292
12.0353780097914,7012073.13527184,2190272.75202276
12.096516027001,7014531.36011931,2174421.79442288
12.1208164182886,7015419.78071257,2179956.73250507
12.1451168095763,7016292.44890765,2187552.24708776
12.1767193393052,7017442.36730513,2197424.43244528
12.2962015311621,7021420.84036809,2230672.91995302
12.3256218501121,7022431.06434292,2227877.06322061
12.355042169062,7023450.2516321,2223432.88940814
12.3961352773048,7024860.69068059,2217228.13966397
12.467745124977,7027468.67881813,2204581.77671339
12.5393549726492,7029972.94709952,2208156.49807077
12.5965464132391,7031890.05646718,2221793.11794267
12.6193234482504,7032766.38806917,2214046.09348796
12.6421004832617,7033664.05993932,2203846.26479083
12.6701145316128,7034750.30217729,2191307.78766443
12.6977980613899,7035832.41611673,2178919.39236271
12.7147855883715,7036447.38883986,2181175.75342807
12.7317731153531,7037056.84211994,2184993.62080067
12.7557691456794,7037930.00261938,2190378.31557446
12.8444627888686,7040889.13374167,2219141.81109459
12.8806739909128,7041998.46359847,2234515.39332703
12.9009737428473,7042638.17720935,2242018.01590801
12.9086582966982,7042944.76525076,2236444.49885166
12.9163428505492,7043252.2743468,2230762.58865393
12.9319743492807,7043873.91285914,2219215.26015724
12.9914886520821,7046248.30714639,2175252.23418244
13.0154059582404,7047099.34586065,2176327.60037512
13.0393232643987,7047902.52426004,2188029.85961039
13.0578678284943,7048527.29964606,2197079.23200647
13.1155304752176,7050358.55624265,2225728.6115181
13.1616225471709,7051599.44602129,2249745.3345789
13.1870366501817,7052280.59552994,2262987.49217621
13.2016157232849,7052722.31601126,2267738.13856265
13.210259256122,7053082.73454911,2256740.50241547
13.2189027889591,7053455.51932339,2245621.13103712
13.2354845027351,7054165.65513255,2224299.55524752
13.2976913948928,7056838.85091621,2144313.07340303
13.3073663992899,7057181.0872082,2145635.58596632
13.3170414036871,7057525.40852739,2151605.25533504
13.3267164080843,7057867.32617595,2157538.07648735
13.3544001907192,7058843.80661299,2174518.15814948
13.4928191038941,7063384.02933001,2229415.45772494
13.5639839406987,7065564.78192791,2236140.44247148
13.6351487775034,7067608.87217582,2248257.51914216
13.7063136143081,7069544.34207452,2264349.07890011
13.7275276243872,7070185.73112619,2259231.0838295
13.7487416344663,7070823.0836746,2254075.48482504
13.8060373208847,7072564.62279861,2239910.16166187
13.9306476601385,7076848.98223575,2203631.63097959
14.004842545045,7079600.47534123,2183964.39167112
14.0168921936207,7079975.69161037,2189429.75557529
14.0289418421963,7080354.62869994,2194960.30125437
14.0569581213094,7081239.24046822,2207815.07710773
14.1879073770356,7084297.54672163,2308587.05963812
14.1982547230607,7084493.34961938,2318140.3682823
14.2045193865308,7084754.33136339,2311397.33018645
14.2107840500008,7085023.24775981,2299274.46447266
14.2170487134708,7085296.22122794,2287216.197991
14.2326042041312,7085976.31339813,2257265.91220371
14.2958147942032,7088734.85494257,2135560.07461818
14.3062573548159,7089100.42117003,2132353.16417316
14.3166999154286,7089455.01416325,2141120.114327
14.324755880414,7089724.91495643,2147820.48112307
14.3441147348787,7090370.5262959,2163928.88456991
14.3936021855805,7092024.41395528,2205107.4838028
14.4249820911187,7092940.18058832,2221138.09855738
14.4563619966569,7093825.49381085,2234523.76209918
14.4944123786461,7094878.275434,2250756.95843139
14.6300569190647,7098971.12172317,2227166.24482024
14.6700798443951,7100560.0994512,2187309.19241838
14.6904069699235,7101366.58032987,2167053.93077675
14.6998162497797,7101739.44225176,2157677.80261071
14.7055238747728,7101896.7811073,2161619.71661674
14.7112314997659,7102065.93538963,2166101.64353423
14.7204092778443,7102344.4131058,2173281.85280102
14.7486710051876,7103189.10601631,2195393.15396665
14.8899796419043,7107343.43280541,2240722.59451045
14.9843296114977,7110296.70393785,2225622.78736649
15.0453989420283,7112457.44775762,2202134.14146259
15.0872938965815,7114001.91706534,2183116.3955308
15.1157830700504,7114842.08166006,2192751.20280276
15.1341440771708,7115293.35834697,2210937.63704756
15.1525050842912,7115742.32114152,2229077.31617156
15.1990356782029,7116876.61473738,2275048.14346035
15.2089631865946,7117174.09253352,2272720.42721283
15.2188906949864,7117469.3438534,2268904.76800954
15.2326023346122,7117863.27730824,2263650.1559803
15.2749013779198,7119100.24737062,2247445.75592439
15.4863965944577,7124965.04215399,2263327.38764794
15.5146957313559,7125769.34049381,2262103.1918705
15.5429948682541,7126615.6993448,2250715.33481224
15.5652429520937,7127288.29747942,2241783.83652653
15.606266317776,7128489.21404642,2230691.40673682
15.6228605221009,7128889.19886619,2238345.18873131
15.6394547264258,7129291.53283589,2246042.79196873
15.6824394156041,7130337.03465735,2265980.90809071
15.7023140067734,7130667.37780243,2281035.84215256
15.7081925300484,7130591.18044529,2298721.62489714
15.7140710533235,7130478.41140991,2316577.04170738
15.724534205359,7130284.00116421,2348338.93489176
15.7580990061488,7129649.28524332,2450225.73784304
15.7830183887871,7129178.55399662,2525869.65915018
15.7964620938104,7128924.54595823,2566678.57848678
15.8099057988336,7128528.05969034,2587853.84036368
15.8204778771027,7128149.72379784,2598691.57008367
15.8310499553717,7127774.3484472,2609569.75087833
15.8606292970112,7126726.97797372,2640004.31570049
15.8988996831706,7125370.37180703,2679379.67376296
15.9035591939331,7125486.72472525,2664982.52237181
15.9082187046956,7125620.65772354,2643660.1176465
15.9128782154581,7125762.48908145,2622456.36414819
15.9226612526232,7126063.48103082,2577921.35475618
15.9551779800202,7127056.33871242,2429892.11365393
16.0046967453169,7128779.02075071,2205315.11127538
16.0542155106136,7132595.79426352,1988945.67021835
16.0790917489315,7134511.72963361,1880255.29879641
16.0913756027903,7135458.09604676,1826584.16682066
16.097636595819,7135940.36128784,1799228.37578111
16.1038975888478,7136321.76036113,1792641.58247253
16.1100094287221,7136742.08402204,1799732.05518988
16.1161212685964,7137146.55266188,1806669.64171665
16.1278992358809,7137921.80776102,1820061.13920381
16.1737609692468,7140950.78086842,1872199.77095624
16.1883413583191,7141913.52379345,1888775.68373855
16.197259124205,7142502.41598224,1898913.97452565
16.2061768900908,7142685.49196604,1933084.6479826
16.2150946559766,7142738.85653662,1978714.03499825
16.2240124218625,7142787.56797395,2024249.40280954
16.2435145721767,7142889.71001381,2123839.78742092
16.2732933596075,7143048.7888846,2275909.21908949
16.3030721470383,7143071.89930564,2421654.37927443
16.3100567621917,7142799.0144116,2442921.1909256
16.3170413773451,7142511.99142022,2464034.25114389
16.3302679642707,7141962.7737892,2504027.11793325
16.3741184795873,7140152.87315923,2636623.24485068
16.3885241747582,7139558.03933414,2680183.13059835
16.3973458863513,7139193.82924711,2706858.26281123
16.4061675979444,7138956.90870458,2709893.50580051
16.4149893095375,7138714.84732419,2701975.30737701
16.4238110211307,7138478.27515522,2694146.61626066
16.4433127831813,7137960.50645445,2676837.07006725
16.4873986523431,7136784.7039415,2637701.77074223
16.5314845215049,7135718.0354449,2621985.12818667
16.5755703906667,7134559.14379655,2615687.64068614
16.5893342941303,7134265.24802492,2613769.44418168
16.5967518624979,7134083.77117223,2612715.25274707
16.6041694308654,7134261.27753831,2589654.00341897
16.6099769471061,7134543.87147402,2557015.91067395
16.6144875912417,7134770.52275303,2531805.14707403
16.6232581608802,7135215.6357862,2482765.97271854
16.6526764321794,7136698.99445033,2318275.03192224
16.6854331953338,7138351.4468338,2135117.71727849
16.7010017664517,7139132.55516439,2053110.69136252
16.7019032691699,7139149.24824796,2052213.8972893
16.7028047718881,7139200.48336751,2051916.77927772
16.703961538717,7139262.25513145,2051382.15959763
16.7063061468289,7139391.54601875,2050345.12212235
16.7134473019632,7139785.0158523,2047174.13889836
16.7476258757617,7141666.57726094,2031999.49360866
16.7958475659121,7144321.61178076,2010590.05344375
16.8094738844204,7144561.34531473,2046589.91175521
16.8185679573567,7144615.14904197,2083549.67898795
16.8276620302929,7144663.2104264,2120403.32142668
16.8467706943178,7144759.14029167,2197850.35730319
16.8797530057851,7144928.80369079,2331527.60703722
16.8972155049497,7145018.46990215,2402302.92244195
16.9086325947647,7144742.25589267,2436880.80454192
16.9200496845797,7144331.37526308,2467441.67121748
16.9314667743947,7143922.95206587,2498028.66799819
16.968650037348,7142594.8528913,2597643.55348127
17.0533757002509,7139390.5934126,2694166.51065385
17.0675728688164,7138823.86110324,2697350.04377253
17.0817700373819,7138261.27567887,2700600.28125649
17.0948930306579,7137744.33106077,2703606.21518264
17.108016023934,7137678.80488284,2677419.10898074
17.1168087390493,7137786.81058588,2646782.68310914
17.1256014541646,7137900.11391365,2616253.59356455
17.1439724961092,7138142.83625195,2552463.3178288
17.1714725793046,7138501.95593321,2456970.52170618
17.1989726624999,7138861.45312762,2361478.33059225
17.2040502841389,7138885.19375624,2358077.86714587
17.2091279057779,7138947.13914104,2358891.87337606
17.2142055274169,7139003.45456829,2359635.69666158
17.2271318925383,7139144.8298244,2361541.13788331
17.2776292352439,7139702.4931632,2368986.42365132
17.3000390545804,7139951.26366319,2372219.92663212
17.3060999004845,7140164.0626047,2362187.70378004
17.3121607463885,7140364.76480625,2351944.82067081
17.3227407419426,7140708.19926651,2334084.63258461
17.3559826489017,7141800.29324698,2277972.46610064
17.3854495190306,7142767.67325564,2228231.90913254
17.4011639259654,7143267.7310909,2204503.06471674
17.4063404860119,7143371.05505076,2208279.14464914
17.4115170460584,7143489.73792614,2212273.45674382
17.420596840857,7143703.25368437,2219252.6695622
17.4492032595349,7144363.88761897,2241241.06818932
17.4775439159495,7145019.19141703,2263025.74752026
17.4929727791306,7145375.8707946,2274885.43314561
17.5084016423117,7145279.85080161,2309644.44057426
17.519443239647,7144977.62053579,2348801.16022612
17.5277024270471,7144747.64601653,2378020.84723197
17.547453396853,7144193.58492434,2447902.085108
17.5695018940695,7143577.17364666,2525913.34197417
17.591550391286,7142960.5164023,2603924.31155909
17.614592512184,7142593.42885441,2619456.82726476
17.6224108076289,7142491.1138884,2611322.95739382
17.6302291030737,7142395.90167397,2603318.07716225
17.6457701558226,7142212.89459968,2587399.23173718
17.6986631919573,7141579.56993086,2533212.29418843
17.7094498867889,7141439.23094933,2531853.71800618
17.7202365816205,7141309.48528563,2532012.25871503
17.7360423160102,7141117.50785504,2532227.07216998
17.7886499870304,7140477.48613276,2532941.3603756
17.8004584697516,7140360.70898047,2532034.67907549
17.8047343671383,7140460.17407563,2522023.54960652
17.809010264525,7140552.88824382,2511764.19626153
17.8159437233864,7140697.85889833,2495158.88192283
17.8359434999495,7141128.36486126,2447263.87034024
17.8658636488771,7141770.97507529,2375610.24185829
17.8957837978048,7142413.77681521,2303956.81863624
17.9094067015176,7142642.42065727,2296387.58600349
17.9230296052304,7142884.85413447,2300594.06241884
17.9337331455936,7143072.40880014,2303849.90112931
17.9618718505449,7143562.01246444,2312412.21829494
17.9885407447873,7144027.36959754,2320527.88703576
18.0152096390297,7144093.67984976,2349009.78563562
18.0418785332721,7143919.00598817,2393205.47947085
18.060858815046,7143871.88063584,2424661.36446459
18.1017760754361,7143606.47270045,2491538.1617686
18.1220988370592,7143136.72578441,2515111.57602907
18.1424215986823,7142662.94188158,2538641.39635236
18.1960979385318,7141407.63956033,2600786.17798901
18.2067788492541,7141307.94972589,2597233.88765197
18.2174597599765,7141255.0866725,2583973.75892145
18.2281406706988,7141205.67285189,2570777.6414613
18.2542055946785,7141089.42174603,2538572.95217614
18.2839749371762,7140954.57106697,2501789.43615718
18.3003186394385,7140873.62523917,2482103.2842635
18.3061333366827,7140803.63613285,2484267.12781695
18.3119480339268,7140741.46241661,2486606.00253442
18.3227545902293,7140631.80267384,2490935.75661865
18.3568538820548,7140274.47307829,2504592.26880315
18.4466896221912,7139318.79725291,2523312.95400692
18.5365253623277,7138248.13997151,2530830.26319211
18.576675848385,7137712.34912731,2537391.21074289
18.5970428431622,7137440.50131403,2540717.01810782
18.6098804043007,7137433.75196733,2530851.90973966
18.6227179654392,7137461.90783877,2517195.42649165
18.6355555265777,7137491.19586884,2503560.75692619
18.6794998104673,7137593.49852356,2456887.27905237
18.7303973340101,7137863.2982689,2423647.2162095
18.7812948575529,7138250.61040579,2404618.79522568
18.8027798612377,7138371.36406082,2400208.03084128
18.8160308951614,7138284.89156094,2412753.46776817
18.829281929085,7138202.61368317,2425378.60874257
18.8588570208662,7138024.33788814,2453555.0888176
18.9844164087074,7136755.44120306,2526933.03475224
19.0443634117732,7136104.41806921,2528523.81649742
19.1043104148391,7135383.412724,2528176.87915499
19.1124914880066,7135121.11481906,2538810.2859622
19.120672561174,7134865.18839308,2549562.73821537
19.1373202054791,7134350.3774078,2571436.2558983
19.1962082528322,7132519.39298509,2648802.73615359
19.2077074610968,7132270.32932247,2648462.0807095
19.2192066693615,7132042.4522772,2640090.80434127
19.2307058776262,7131817.32278913,2631768.89819264
19.2610033227686,7131227.85912238,2609842.1977659
19.3000760928466,7130465.17349652,2581621.67274116
19.3122740349519,7130209.74099815,2582284.47609596
19.3244719770572,7129958.92423953,2583030.17555018
19.3514077838025,7129410.57331288,2584676.21757184
19.4064233638552,7128387.19723607,2581247.01410895
19.422189990958,7128310.6923232,2565508.36451239
19.4379566180607,7128231.13544741,2549703.35939514
19.4746933707526,7128040.5785478,2512876.2310615
19.5026194568667,7127885.63295763,2488046.95028222
19.5127870013461,7127792.96393167,2490202.53387685
19.5229545458254,7127706.00580588,2492448.96262278
19.5451194537978,7127521.64643154,2497342.48902009
19.6315812394491,7126726.81863939,2514866.57151016
19.6700898438146,7126293.45251852,2521438.9298915
19.6922659504654,7126047.39055072,2525227.20926598
19.7144420571162,7126114.48110391,2506278.37645639
19.7343614509359,7126302.7423182,2478002.0256445
19.7542808447556,7126492.75256836,2449765.30986935
19.780967602477,7126749.59928966,2411936.24304972
19.7946872978462,7126881.05194601,2392487.83959141
19.8084069932155,7126855.71837477,2393905.33357965
19.8202795932431,7126786.4435778,2407071.25338148
19.8321521932707,7126713.33527368,2420165.92703896
19.859945499129,7126537.62083208,2450822.58914838
19.9796930200482,7125012.58888869,2546659.55172433
19.9984767659479,7124709.76162465,2558810.22727361
20.0082629478601,7124713.16039512,2550269.11752973
20.0180491297724,7124726.13226262,2538711.0834127
20.0278353116846,7124740.80387665,2527178.52521856
20.0602796666337,7124791.38220648,2488942.62705445
20.0866796737857,7124831.88510452,2457829.4434777
20.1013059834754,7124828.84524713,2443453.20510364
20.1067751001404,7124737.19616121,2449103.78788156
20.1122442168054,7124657.88785331,2454938.25952999
20.122367746457,7124516.47751817,2465718.49303224
20.1540586371987,7124062.84557327,2499460.41751984
20.1851455446234,7123618.58539263,2532560.14889859
20.1996895896073,7123410.68183108,2548045.82656602
20.2084433724311,7123324.69116116,2546695.27293285
20.217197155255,7123231.40922376,2544801.2724638
20.2322741022252,7123061.47160204,2541547.49751326
20.2806153618772,7122531.05170672,2531124.75845636
20.3364694237469,7121460.39023052,2555689.39951936
20.3725495876602,7120622.11358625,2584278.1260799
20.3954752649574,7120088.88262247,2602428.77333922
20.4108912117989,7119804.438865,2602100.44679852
20.4263071586405,7119534.42277262,2596337.7241836
20.441723105482,7119265.77610408,2590599.92833112
20.4915395678856,7118400.05844435,2572058.77464814
20.5418744034056,7117983.40240409,2539043.66577867
20.5922092389256,7117657.11907567,2503093.6591545
20.618240165076,7117348.64132549,2505915.30915034
20.6442710912264,7116997.68697879,2518115.94670032
20.6703020173769,7116645.5193112,2530291.80983055
20.7519940591386,7116044.37354211,2511430.31110409
20.8674861762895,7113806.94117623,2593319.28010279
20.9071753134726,7112661.0850814,2645948.61569063
20.9198337674577,7112340.06988702,2642842.48114297
20.9324922214429,7112014.22045455,2639657.4782384
20.9608930327097,7111277.84114809,2632511.24435012
21.0734815131106,7108477.47220835,2615758.67654856
21.0938561445977,7107977.62119954,2613847.48761476
21.1142307760848,7107854.98650441,2590198.22456008
21.134605407572,7107867.18597484,2556853.28665372
21.1549800390591,7107880.7817698,2523541.54642321
21.1814969106935,7107900.3903836,2480188.38905101
21.1958561816147,7107910.48308679,2456711.58461665
21.2102154525359,7107837.8453848,2453990.63573378
21.2245747234572,7107762.18301736,2460087.92563837
21.2389339943784,7107683.95476583,2466141.13713963
21.2776810090435,7107469.49767275,2482475.6807517
21.296922632869,7107363.6757893,2490587.98829029
21.3095411498892,7107418.01269644,2484249.75222258
21.3221596669094,7107496.72834297,2473931.85486404
21.3347781839297,7107576.72847226,2463637.22380116
21.3772358605135,7107847.8888208,2428997.83315612
21.3902451299474,7107930.70079962,2418383.85569676
21.3976491225319,7107977.88552247,2412343.1882323
21.4050531151164,7107698.48290654,2428142.94106133
21.412457107701,7107327.490822,2455013.19402533
21.4198611002855,7106950.75804069,2481775.47538483
21.4356204393572,7106144.10328118,2538747.33331527
21.4929856804556,7103216.27536978,2746134.70687028
21.4991986140762,7102899.08413297,2768595.61000706
21.5027842179069,7102846.65263846,2767267.62770689
21.5063698217375,7102760.16238476,2760886.68590291
21.5099554255681,7102682.662537,2754622.30967808
21.517348511492,7102524.36063324,2741686.2443897
21.5419246301221,7101991.91596124,2698680.46889572
21.5906275580951,7100937.97038614,2613457.04610058
21.6126815496725,7100445.06922783,2596672.55058156
21.6347355412499,7099976.52667472,2596457.48093452
21.6501796326922,7099646.36836197,2596270.53962923
21.6935903641025,7098714.94990135,2595743.06542409
21.7318948241022,7098117.15554113,2581785.01750363
21.770199284102,7097560.09291224,2565052.6100193
21.8174033911221,7097000.86189839,2543999.49005015
21.8700946499976,7096607.5186083,2519646.26913732
21.8908055175228,7096451.36717318,2510074.03091595
21.911516385048,7095963.39649524,2525282.92316072
21.926862012493,7095434.64078625,2551666.79040166
21.9380372112561,7095047.19394588,2570829.48691223
21.9669613999066,7094040.60129093,2620427.81197856
21.9902225559934,7093232.29173149,2660316.42887891
22.0134837120803,7092402.60020876,2679541.87040581
22.0367448681672,7091525.16591297,2683384.50057794
22.0534063225846,7090898.54434269,2686169.28695489
22.101622548532,7089106.03311423,2692947.44473276
22.1173873547833,7088684.57259334,2683094.1480312
22.1331521610347,7088259.58802773,2673167.64099943
22.1689029902544,7087290.35582308,2650654.33176762
22.3152332840468,7083858.14339926,2603669.03221063
22.3313067744119,7083368.65196304,2612452.92563344
22.3473802647771,7082881.95876111,2621293.29881712
22.3871536027919,7081682.01562439,2643169.93955525
22.430356038951,7080365.5848456,2651316.03792951
22.4735584751101,7079036.35294831,2652753.25486067
22.5167609112693,7077800.13087236,2648301.60370907
22.5497919693933,7076959.18776034,2637675.58013948
22.5828230275174,7076118.71268198,2627061.16455588
22.6605474129688,7074204.46027499,2617592.33677873
22.7382717984202,7072267.7515591,2617630.12701784
22.7835566559101,7071115.16470474,2620720.3252127
22.8288415134,7070392.02530617,2595307.58757952
22.9118170809764,7069433.07893044,2533592.78782903
22.9240443175697,7069231.292357,2537816.21551837
22.9362715541629,7069032.02117077,2542107.27223171
22.9651069901221,7068566.4089258,2552225.56884994
22.9990953492719,7068015.49040203,2564150.1054294
23.0105637672886,7067606.2498201,2577603.20128488
23.0220321853053,7067180.42544689,2591976.40451251
23.0410793700337,7066484.3024673,2615843.81763758
23.1032183883175,7064200.60059989,2689611.06731583
23.1116644828818,7063902.59091678,2689523.73648345
23.1201105774461,7063596.68082737,2689320.623317
23.1374504754812,7062963.29073513,2688908.0996191
23.1976236266795,7060774.30373016,2687485.58855918
23.2121873798392,7060491.91341444,2673085.53719816
23.2267511329989,7060246.49714064,2655769.86000017
23.2443570515199,7059950.75223889,2634855.32185948
23.285945975814,7059253.54089822,2585451.28156092
23.3275349001081,7058492.62395699,2571767.53435514
23.3551601049584,7057981.07373428,2574985.49277374
23.3827853098087,7057467.83695043,2578172.72807637
23.4335715250435,7056700.46837603,2569262.43806538
23.4843577402784,7056018.91744815,2552685.24880639
23.5036525319311,7055666.88762788,2552694.13019653
23.5167218662448,7055179.61566198,2571327.90951728
23.5297912005584,7054695.9065528,2590029.31534804
23.5607143908368,7053555.76104975,2634278.12767232
23.5836927113843,7052707.19651935,2667156.94653229
23.5963649117042,7052239.32510201,2685289.35525922
23.609037112024,7051934.90954938,2682277.15150577
23.6217093123439,7051662.60122972,2670300.21605475
23.6343815126637,7051393.19279275,2658373.92623749
23.6673759615693,7050695.23600048,2627321.63204861
23.6955081400234,7050098.93138541,2600844.01038646
23.7138436789451,7049720.18778702,2595404.85753477
23.7321792178669,7049356.97961392,2593952.78834085
23.7505147567887,7048992.79503085,2592485.27593054
23.7851801079084,7048303.28088667,2589710.30916723
23.8198454590281,7047279.46788415,2607930.88122389
23.8545108101478,7046023.54970477,2642109.35577223
23.8788704146218,7045140.15925692,2666105.0330002
23.8958607044295,7044522.99903147,2682840.30107928
23.9128509942371,7044089.75372804,2677135.11511693
23.9251979698356,7043800.63336185,2667500.70888883
23.9375449454341,7043513.41209108,2657898.72022399
23.9747818100285,7042649.6262744,2628940.16079261
24.027266239665,7041724.59849508,2590927.72947311
24.0797506693016,7041076.89272058,2555541.39947883
24.0959930592458,7040876.28896989,2544589.36251239
24.11223544919,7040373.89914491,2558925.47965767
24.1236813974546,7039969.09114295,2575137.54491041
24.1351273457191,7039562.09801319,2591310.18048993
24.1678137675254,7038397.21021594,2637495.83290596
24.18830591639,7037667.5941431,2666451.88619273
24.1989359896001,7037289.0455893,2681472.36158605
24.2052772894156,7037172.13420662,2677989.50366461
24.2116185892311,7037048.72257618,2671620.4883551
24.2193965421085,7036900.93766418,2663856.51107685
24.2411018515269,7036490.91457613,2642186.60745608
24.2781723698515,7035788.74463181,2605174.70222209
24.2973937850079,7035424.76391276,2585983.83429129
24.3095791560631,7035144.36109394,2585592.32288242
24.3217645271182,7034866.48074899,2588612.72735156
24.3339498981734,7034587.22492599,2591612.08741716
24.3765814976496,7033608.58368211,2602106.18229348
24.4246069942139,7032230.32642817,2624110.6523087
24.4726324907783,7030595.61664558,2655931.50774845
24.4920242107262,7029935.41778259,2668774.77411089
24.5114159306742,7029576.44402187,2657131.1746568
24.5247523192566,7029447.69723525,2636960.90411997
24.5380887078391,7029322.22445425,2616855.57144725
24.5701191362548,7029024.98891023,2568567.95723254
24.5889727419555,7028848.98637825,2540143.9529291
24.5986586796198,7028758.6566202,2525541.4612646
24.604855802911,7028598.1168746,2528205.79659536
24.6110529262023,7028441.20583194,2534619.42048784
24.6172500494936,7028280.82265124,2540984.21598711
24.6348677608237,7027823.14301226,2559085.20565789
24.6772527292284,7026724.40779732,2602634.69487294
24.6984580312484,7026174.58226103,2624422.4113276
24.7096031273831,7025981.48231414,2621163.05063067
24.7207482235178,7025786.72550226,2615317.32593919
24.7345763195411,7025546.7623517,2608087.98608166
24.7805986680977,7024750.00174038,2584027.26514236
24.7968150101994,7024468.98602501,2575548.96259482
24.8079975097043,7024115.64194902,2582429.47353904
24.8191800092093,7023719.96074502,2594690.10874761
24.8303625087142,7023322.3860634,2606915.87871878
24.8637945084341,7022131.46685145,2643468.04824707
24.8896138263427,7021212.44167439,2671697.89547266
24.9154331442513,7020643.0522933,2663674.46867991
24.9311184403919,7020413.16777194,2643594.07897142
24.9468037365324,7020186.90791823,2623582.8667772
24.9832577850184,7019665.58774432,2577076.3215835
24.9997824543086,7019428.38419659,2555993.77438291
25.0045307741139,7019253.48814852,2560642.6672185
25.0092790939192,7019093.55681412,2566116.2183783
25.0163482407732,7018862.50492376,2574231.12445177
25.0353377090896,7018227.69577691,2596023.04544919
25.0683386831248,7017126.10672238,2633896.53047064
25.1013396571599,7016049.69897606,2668874.39672814
25.1060911871129,7015989.19992827,2664157.11404903
25.1108427170658,7015913.31760444,2659216.03198855
25.1190293231781,7015778.30455162,2650726.40701565
25.1428130061968,7015396.26600554,2626069.51033988
25.1864750376075,7014693.58070519,2580802.30319293
25.1987392972848,7014496.24622564,2568087.23396998
25.2064240099073,7014274.99786902,2571537.82437962
25.2141087225297,7014055.36846876,2577508.153964
25.2239172381425,7013772.50570369,2585093.25150137
25.253638169109,7012913.36341794,2608079.00963988
25.2886575484389,7011902.04394544,2635163.4755353
25.3236769277688,7010994.16448617,2638489.71726307
25.3586963070987,7010120.14612811,2630224.46189197
25.3859175107655,7009441.65455876,2623816.98820066
25.4805187122149,7007328.01116382,2605942.78218097
25.526329697038,7006042.73623842,2618654.0558149
25.5721406818611,7004562.17001284,2647106.08902547
25.5927409428435,7003895.97585622,2659890.28509424
25.6133412038258,7003619.34764984,2642060.8316757
25.6298926530371,7003539.36067339,2613928.00177448
25.6464441022484,7003462.29569293,2585854.15296618
25.6868190700127,7003278.24897266,2517372.92593139
25.7193329473037,7004201.09842378,2418009.55804202
25.7319754503455,7004829.45893586,2367386.73297182
25.7446179533873,7005460.73288766,2316834.18031597
25.7744878907632,7006955.92140155,2197392.26781443
25.7899116726709,7007727.10211757,2135716.23568663
25.7982238054528,7008142.79405112,2102478.07872564
25.8065359382347,7008583.37722368,2090049.58002296
25.8124798812509,7008936.57235083,2085613.13634232
25.8184238242671,7009284.81183588,2081114.90859497
25.8341772092884,7010206.41131961,2069204.06431782
25.9035788019644,7014249.73079827,2019597.77776966
25.9157027584871,7014962.47166654,2020114.2551316
25.9278267150097,7015662.50603661,2020705.59950514
25.9563072034476,7017310.356616,2022088.45374113
26.0880687120729,7024997.88201032,2015741.90739891
26.2525285778252,7034723.50270878,2008170.97594882
26.4169884435775,7044285.49947738,2016394.1069321
26.461356797134,7046899.62804032,2010466.90677266
26.5057251506905,7049507.36594218,2005229.58656977
26.5767715107199,7053687.42364588,2004542.85617405
26.6478178707493,7057786.05889623,2010857.2327621
26.753782866093,7063948.29072139,2006443.17485155
26.8332743733379,7068576.95920055,2002570.52373142
26.8934866927963,7072009.96295262,2013777.26021228
26.9373246985292,7074496.88662894,2015522.72570922
26.9811627042622,7076983.65303793,2016125.91830201
27.0539106771482,7081172.86122085,2008835.86988441
27.1266586500342,7085337.46399309,2006347.79361705
27.1812508692621,7088401.71094673,2014593.60167071
27.2358430884899,7091492.50410696,2014114.95076751
27.3250952076632,7096572.98623854,2008548.26895324
27.4515880198897,7103672.6929676,2013014.43055507
27.5780808321161,7110522.52048343,2032067.94825107
27.635983633772,7113704.30386173,2026568.08671652
27.6938864354279,7116957.34418152,2010334.57147928
27.7400726667155,7119534.79977743,2008736.16145186
27.7756346195956,7121515.33090321,2008868.65806601
27.8311722924288,7124613.14406923,2009090.67809645
27.9894317487159,7133288.07028681,2018857.81424588
28.072594644401,7137768.37684449,2021582.92071596
28.1557575400861,7142127.58495966,2031755.40894108
28.2586639083876,7147604.32796377,2024787.50516455
28.3615702766892,7153076.9239037,2023138.43801325
28.4371508317473,7157085.79379611,2024254.0972458
28.5566365398496,7163368.28862956,2027354.11613501
28.6338907478806,7167366.35234552,2032835.99548999
28.7111449559116,7171361.30291123,2029848.64226255
28.7883991639426,7175203.6846676,2045181.44396391
28.8427914731374,7178002.94878034,2038426.79598477
28.8828923151348,7180081.65253111,2029886.68760877
28.9229931571322,7182139.77124559,2026764.2422849
28.9772974452762,7184940.15440038,2028067.11058606
29.0316017334201,7187727.26028782,2028598.50822624
29.1732401854835,7194832.35939262,2041032.06900977
29.2433526582955,7198330.49030074,2040757.03803224
29.3134651311074,7201842.67423103,2034949.72551861
29.3835776039194,7205319.12631124,2038003.73551457
29.4536900767313,7208808.83153809,2036662.62241901
29.5386475812017,7212969.42907909,2040741.66497467
29.6236050856721,7217069.32449397,2048009.77207658
29.7296103447157,7222220.55329703,2042539.08138601
29.8356156037594,7227355.54102407,2042121.42068391
29.9169126911475,7231327.41860845,2036421.20963517
29.9982097785357,7235246.43493773,2041452.34064371
30.0795068659238,7239090.85687554,2048253.20359573
30.186451567656,7244138.71668851,2047157.32941531
30.2933962693883,7249174.83979211,2047420.67550887
30.4003409711206,7254082.1261747,2057631.58362824
30.483526481932,7257894.88163338,2056250.88882071
30.5434167995943,7260704.61653064,2049180.2398645
30.6165659434602,7264123.32053237,2043702.97146668
30.6897150873261,7267410.86555398,2058851.60491409
30.736034168179,7269535.71733862,2056657.93190582
30.7823532490319,7271668.67913617,2051044.89474999
30.8286723298848,7273771.86512058,2050916.87016542
30.9331731601263,7278461.84039411,2058315.83903302
31.0376739903679,7283078.6168018,2063091.09608042
31.1421748206094,7287712.13453129,2059791.6145528
31.246675650851,7292313.55725566,2061171.27853911
31.3285861199345,7295882.92049662,2065123.6216561
31.4104965890181,7299502.701278,2057943.0818174
31.5229714622991,7304364.8931908,2063924.33818801
31.5972077277817,7307517.28890221,2071443.28257313
31.6444029413802,7309557.25068064,2066455.16357555
31.6915981549788,7311610.67054576,2060827.18687702
31.7383038350937,7313508.41669149,2071024.54377099
31.7850095152087,7315386.05843332,2084742.04471732
31.8317151953237,7317311.69216954,2084574.85227828
31.8784208754387,7319253.16382411,2077756.7880099
31.9251265555536,7321211.88942033,2072177.58979363
32.0098193408171,7324790.44445211,2066620.54031216
32.0648708404934,7327018.27347917,2076041.80190381
32.1199223401697,7329281.62812888,2078832.00401433
32.1605485943559,7330989.45294627,2072147.56314627
32.201174848542,7332694.31635101,2065720.01958607
32.2538570386639,7334875.79218217,2068291.48154467
32.3065392287857,7337055.90505944,2070645.10894025
32.4388321421227,7342515.93018199,2068978.50882707
32.6027896234021,7349231.63553111,2074269.12385778
32.6885419771189,7352669.08124095,2076926.48596439
32.7742943308358,7356044.64640733,2082048.24826863
32.8825382811779,7360327.51749714,2079416.18372573
32.99078223152,7364528.80165134,2085821.7995689
33.0684193520338,7367589.40942526,2080097.63574538
33.1237266166108,7369751.18548301,2078785.59080238
33.1790338811878,7371887.15672255,2082772.73388266
33.2343411457648,7374052.17418595,2081309.33408855
33.3650568084428,7379169.14098978,2077219.2891115
33.4762430032118,7383368.86772327,2089536.81577439
33.552440266133,7386221.56285722,2091300.81915743
33.6286375290541,7389088.85215132,2088143.21332052
33.7048347919753,7391971.20684185,2084553.57965707
33.8242752931126,7396445.03078854,2086890.0733705
33.9437157942499,7400874.96419417,2089452.20835923
34.029839743485,7404031.37950006,2092481.29999508
34.1159636927201,7407236.81274586,2085871.8531913
34.2506109920358,7412166.19616685,2089210.37452404
34.3877115807887,7417040.86314795,2100650.59279531
34.4551535106819,7419464.06835747,2095906.24833228
34.5225954405751,7421845.67768602,2095539.40016301
34.5751675413325,7423629.14789437,2105882.82354429
34.6277396420899,7425470.96914979,2105188.65212021
34.6803117428473,7427356.28889098,2094500.93181602
34.7328838436047,7429158.67206985,2097461.57434642
34.8055830456927,7431613.56831616,2110674.97572539
34.8328448738084,7432583.54685625,2105234.39801072
34.8601067019241,7433552.18304358,2099762.65184584
34.9401197733658,7436384.65771951,2091570.78193433
34.9930956507686,7438260.33891863,2091370.62944872
35.0460715281714,7440004.46711398,2103266.32419456
35.0857269069238,7441289.43459434,2113554.65054333
35.1472800454217,7443377.56548536,2109933.60874676
35.1926469244795,7444923.27039345,2102853.46863259
35.2380138035373,7446496.10371573,2098526.39015146
35.2961090859851,7448514.1902709,2093678.96955329
35.3664931070904,7450905.0160808,2098502.98900091
35.4368771281957,7453234.98569274,2105917.74026607
35.5306491465636,7456269.96435399,2114374.75559677
35.6244211649316,7459301.94798256,2113564.36912358
35.7181931832995,7462360.5015481,2108940.60140936
35.8718536557575,7467394.98433233,2107775.32325121
35.9667130488469,7470501.46841769,2105534.82529223
36.0615724419363,7473539.81055233,2110613.50859201
36.1564318350257,7476472.17230952,2120656.50818693
36.2512912281152,7479383.96728775,2122337.42956723
36.3461506212046,7482246.31719853,2125414.49115464
36.4653145461924,7485766.79088607,2130941.96574519
36.5844784711803,7489385.52289608,2120123.80220958
36.6600905400204,7491674.36739355,2120495.3967422
36.7357026088605,7493946.17450688,2122163.37664819
36.8687549436962,7497923.23418462,2124491.33517192
37.112202628364,7505211.48382972,2115935.51014919
37.2207657481201,7508463.83853414,2118548.94033205
37.2927430399755,7510546.96047082,2126688.87357693
37.3430016898656,7512041.8863346,2123296.36416994
37.3932603397557,7513550.67432392,2118343.28490663
37.4683761128553,7515736.17315907,2121365.98623615
37.5253808417706,7517410.82576849,2121796.91208827
37.5823855706859,7519096.80683692,2118879.90625802
37.6393902996012,7520712.35808434,2124289.47209506
37.7107830716247,7522718.3763271,2132904.88524791
37.7809913416942,7524735.82832459,2125411.03155902
37.8511996117636,7526772.06574696,2121467.67150127
37.9495596098865,7529603.18119983,2121937.22622683
38.0479196080094,7532373.48230825,2127078.70685219
38.1462796061323,7535121.52695556,2128464.4056371
38.2446396042551,7537949.98693649,2119381.8776302
38.3173753363215,7540044.19369112,2115519.74267554
38.3747133309185,7541564.42844029,2132175.01391904
38.4320513255155,7543208.38141076,2127826.06993356
38.4715193225931,7544396.7920389,2113292.73811495
38.5109873196707,7545550.17846836,2105485.24954118
38.5398253695574,7546327.08074156,2114407.87602971
38.5686634194441,7547104.25736899,2123339.18615725
38.6924534486981,7550398.46303799,2136760.92138112
38.7804015843655,7552784.70624689,2130478.48800329
38.868349720033,7555126.06366264,2132951.19476309
38.9562978557004,7557406.77886504,2139038.28205544
39.0658068155183,7560260.31310943,2137896.37024229
39.2426088990272,7564941.83065023,2129752.40736992
39.3698735741933,7568232.93443323,2138754.84696521
39.43380867273,7569936.05036699,2134103.32646688
39.4977437712666,7571717.14221667,2115549.07163868
39.5444936530953,7573144.40651567,2101004.06071826
39.5806124314122,7574267.38178474,2089725.88061192
39.59987505332,7574861.38585414,2083710.93645899
39.6108245147574,7575089.99939006,2092969.27030586
39.6217739761949,7575320.23966829,2103853.54276096
39.6372213629286,7575643.13355577,2119191.12569275
39.6906840584627,7576758.72185446,2172272.85050118
39.7144054512087,7577362.98291086,2172561.99071802
39.7381268439547,7578006.06110444,2157413.45634737
39.7551212035091,7578467.97927407,2146592.71220301
39.8044186217325,7579798.66799921,2119156.34903748
39.8198584144727,7580171.89740566,2123167.86186223
39.8352982072128,7580548.15564603,2127244.35347581
39.871665694492,7581442.37534574,2136845.13344937
39.9780114982286,7584023.52117209,2146409.50269682
40.0843573019653,7586647.13709045,2141088.23863015
40.3378499427133,7592894.21858532,2142589.09573649
40.4530627615776,7595689.71554909,2141290.63358718
40.5682755804419,7598471.56959601,2142376.39167463
40.6834883993062,7601278.42263019,2137893.54398532
40.6964405043691,7601599.78428662,2136810.42926985
40.7093926094321,7601653.49332757,2158270.57273075
40.7197134885118,7601648.04522696,2182551.84380782
40.7300343675915,7601640.30072412,2206782.4101393
40.7572653924116,7601613.98461855,2270716.47295958
40.7809546743826,7601593.1124663,2326336.06962283
40.7955632102044,7601580.03914215,2360634.87403305
40.8101717460263,7601604.19969549,2370346.89635783
40.8247802818482,7601603.57891113,2368846.80488025
40.8364626085613,7601605.11071794,2367689.99408295
40.8679378760622,7601615.40722379,2364573.47878727
41.0253142135664,7601612.37889043,2365957.39041596
41.0711360609112,7601460.99581729,2381716.25784915
41.0990302242285,7601368.83664625,2391317.44644183
41.1157917055027,7601385.25440781,2386176.31588001
41.132553186777,7601405.40497025,2380284.41636841
41.1616942606199,7601422.68807489,2370041.08212534
41.2688892111534,7601454.96092417,2361094.75081588
41.3028865472877,7601434.37050178,2365031.22877039
41.324771295233,7601263.80216171,2379252.1459307
41.3466560431783,7601094.38897188,2393513.9178805
41.4046180417404,7600698.97395798,2424662.57871098
41.4154530601673,7600726.31359142,2416188.90261212
41.4262880785943,7600748.32530697,2407603.89325099
41.4481140953039,7600781.09143823,2390312.15287746
41.4816910158395,7600839.01756349,2363714.74634613
41.5007931453096,7600865.65539926,2349575.20139234
41.5083225262972,7600826.18356352,2353088.33940976
41.5158519072847,7600793.78249078,2356723.81496012
41.5311909689871,7600737.84775118,2364121.65714798
41.5856481337856,7600523.17350949,2390379.22306885
41.6351806062627,7600392.25693318,2392556.84367982
41.6847130787399,7600277.54446987,2385761.83017122
41.7342455512171,7600086.45435266,2389910.13778183
41.7837780236942,7599865.93319161,2399002.95619331
41.8333104961714,7600106.43381929,2363018.38485735
41.8599227012885,7600343.96940484,2331725.97806822
41.8865349064055,7600582.29041944,2300463.27079905
41.899786685359,7600703.11315205,2284896.58167138
41.9040666983588,7600655.04354613,2289821.86945129
41.9083467113585,7600623.02316623,2295597.75899128
41.9145341709322,7600591.87758736,2303905.99843395
41.9314746057043,7600480.2605407,2326651.2589854
42.0021493689396,7600022.27990101,2418785.36379696
42.0103652345953,7599975.13990929,2419318.26757372
42.0185811002509,7599920.30091307,2419723.76837814
42.0348975784872,7599800.32096452,2420535.34438059
42.0918645164115,7599398.58987022,2423377.02087751
42.1124945717045,7599470.09023394,2406353.41312301
42.1331246269975,7599657.30886812,2377221.87441964
42.1491870593017,7599804.0291584,2354571.26986673
42.1962237049631,7600239.101879,2288244.26153875
42.2062416937598,7600194.1674007,2291309.6068446
42.2162596825564,7600138.08855023,2305432.61503862
42.226277671353,7600070.36550999,2319477.09823342
42.2494172686569,7599905.92146278,2351920.38044291
42.2798718927306,7599693.83826741,2394622.02403658
42.2937034705235,7599597.27922053,2414015.50434884
42.3075350483164,7599646.52719012,2413092.69762368
42.3179040441577,7599728.36059272,2399080.97445129
42.3259209943662,7599794.93984254,2388318.16173692
42.3450179712439,7599961.16127485,2362676.60421571
42.3718875523672,7600190.6128471,2326596.82035456
42.3987571334906,7600420.52792508,2290517.48752454
42.4048607213477,7600364.98986402,2295539.38029313
42.4109643092048,7600319.21828454,2304403.68019856
42.4170678970619,7600270.02972855,2313216.65393372
42.4340570458716,7600128.76091612,2337754.55624423
42.4737722725132,7599803.09797814,2395118.21873212
42.4903662342309,7599666.78022524,2419085.84330126
42.4991515472537,7599594.645268,2431775.01699752
42.5045445860282,7599642.13082872,2427648.41453114
42.5099376248027,7599672.28499372,2420882.78278439
42.5167285830086,7599714.28271656,2412418.48860301
42.5351011068554,7599833.0614951,2389513.0915313
42.5726343135405,7600071.22885285,2342717.70638162
42.5927817827949,7600199.33379696,2317598.62544321
42.6129292520493,7600251.98322031,2314099.99530941
42.634796721188,7600276.82303043,2323805.96654092
42.6566641903267,7600307.39659253,2333471.52917486
42.714681425031,7600281.84302855,2361082.64556906
42.7726986597352,7599964.84620864,2394553.96170178
42.8049376687684,7599822.21006536,2407913.89001335
42.8246122613967,7599834.09128684,2398207.27260319
42.844286854025,7599844.0153645,2388449.60442465
42.893013136807,7599860.69003977,2364280.5408653
43.012818007606,7600233.60544006,2336154.15452627
43.0250410815734,7600170.00967176,2345621.67055686
43.0372641555407,7600109.74790873,2355163.56896763
43.0651848437177,7599980.84487439,2376958.86069554
43.0883041653273,7599871.17767064,2395004.36353841
43.1028787106321,7599843.81069398,2401455.78553524
43.1174532559368,7599943.72869127,2387357.10771284
43.1285937779655,7600017.92544793,2376533.41023437
43.1577138623484,7600205.27701041,2348241.27246823
43.182067408767,7600364.00664673,2324581.21389769
43.1960186581075,7600454.76930841,2311027.04802166
43.2099699074481,7600380.109119,2319258.30021692
43.2239211567887,7600272.55767146,2336613.37890081
43.2378724061293,7600163.05064881,2353922.59124516
43.2748023015965,7599866.80233056,2399741.05371473
43.2911094431934,7599737.11150423,2419974.02457849
43.3003574370257,7599671.9928899,2430528.35594163
43.3056331485868,7599738.95784807,2423239.24539411
43.3109088601479,7599788.59957317,2415677.91623743
43.3195392128642,7599854.96737583,2403333.72482265
43.3439415710417,7600066.75035677,2368438.29509693
43.3804010278293,7600380.56243,2316298.4155306
43.39665660953,7600520.64583618,2293051.81313541
43.4063757454688,7600496.9221736,2295098.70783995
43.4160948814075,7600460.4283462,2306059.5827486
43.4258140173462,7600420.81063481,2316955.89087946
43.4496617243909,7600316.59945846,2343695.31542282
43.4995306877313,7600104.32869049,2399613.89062491
43.5122930621192,7600030.63597123,2402597.75158154
43.5250554365071,7599952.44170815,2405043.77801366
43.5479064005019,7599796.51412018,2409425.20535787
43.5842733711559,7599559.15120939,2416403.60787794
43.6206403418099,7599529.22185889,2402701.49070788
43.6570073124639,7599637.74467443,2372974.98117429
43.6825201841314,7599714.33373138,2352140.80431127
43.720356385575,7599750.42463642,2343593.77391472
43.7452290919657,7599746.24426833,2350810.688521
43.7701017983564,7599740.64925885,2357991.50210698
43.8393080813719,7599870.66101715,2354097.26771168
43.9085143643874,7600069.98769654,2337397.20998625
43.9321639154515,7600057.19572076,2345167.03400491
43.9558134665156,7600045.81342612,2352974.84266737
43.9962261874116,7600031.02481405,2366319.1449771
44.0212570578762,7600074.0502907,2363422.3388582
44.0462879283409,7600120.64274566,2358469.50697078
44.0801765943731,7600183.88869725,2351770.77352455
44.1485958511115,7600244.60093503,2353434.27740733
44.2170151078498,7600315.32902548,2357517.85289984
44.2784090565288,7600416.93521188,2350702.93168768
44.3398030052077,7600348.04323552,2363334.13908
44.425332953518,7600150.15794167,2384564.29719166
44.5108629018282,7600028.82369987,2376766.92257056
44.5963928501385,7600143.0374317,2353618.42388644
44.612451143048,7600049.74642057,2361491.68863592
44.6285094359576,7599935.86912458,2373070.99906185
44.6445677288672,7599821.36887154,2384634.25186703
44.7035901275181,7599431.49843054,2421919.65259441
44.7109164697538,7599453.3721306,2416611.35117556
44.7182428119896,7599468.00174532,2411174.31755246
44.7329248286545,7599486.81069908,2400287.08398518
44.7835764284529,7599568.28479817,2362734.41021155
44.828600176019,7599694.56172053,2345330.02416035
44.8736239235852,7599857.78541061,2337226.4044462
44.8946079695594,7599934.79204346,2333444.09552752
44.9155920155336,7599771.68945425,2351443.87624331
44.9314885773767,7599600.43859848,2370984.3452697
44.9473851392198,7599428.27969345,2390499.2602799
44.9975548265102,7598880.53429846,2452087.63398651
45.0062975509319,7598898.71180979,2447826.95693597
45.0150402753536,7598923.97264198,2437281.50857089
45.0237829997753,7598951.9635347,2426788.24537537
45.0469459842013,7599031.94004842,2398984.34175977
45.0898976644384,7599176.01545718,2347424.51892673
45.1163573120753,7599273.19394615,2332554.74150809
45.1428169597123,7599421.7028528,2328369.31306267
45.1692766073492,7599559.4304894,2324154.517005
45.2487779547224,7599713.19977452,2340872.65750874
45.2830197870572,7599716.25740495,2356116.91299916
45.317261619392,7599440.7017482,2385831.21861824
45.3420768227023,7599056.47790082,2417890.50334745
45.3668920260125,7598671.56387203,2449920.30961413
45.3972121924495,7598198.26485688,2489053.85499218
45.404909369905,7598234.66276058,2482622.6749438
45.4126065473605,7598302.6222401,2466129.28841105
45.420303724816,7598374.27666613,2449727.26971071
45.4375348896054,7598543.08196139,2413003.29237478
45.5017355775473,7599139.63117194,2281331.47290724
45.5045774378851,7599112.00088705,2283464.30942742
45.5074192982229,7599111.57405161,2285945.48659379
45.5114099882127,7599116.84746914,2289373.80642732
45.5215504990799,7599113.70964396,2298091.7320929
45.5620794948721,7599108.10456075,2332938.94913008
45.6526218251634,7598885.2527628,2383929.57322765
45.7068141126372,7598634.284122,2402097.03269986
45.761006400111,7598244.82586241,2415504.53032365
45.7912869834688,7598027.19201242,2422994.14159636
45.8215675668266,7598009.19996133,2409133.83747653
45.8518481501845,7598057.81029088,2386458.76231048
45.8821287335423,7598106.85778566,2363802.26088231
45.9007537914185,7598127.60768057,2351168.38220495
45.9069847919961,7598049.38186312,2357299.18561618
45.9132157925737,7597981.44674911,2363603.53611613
45.9247865908063,7597866.99377617,2375295.57649129
45.9619570578036,7597480.35839925,2412848.84206932
46.0007159448049,7597094.21072524,2450074.91440114
46.0035181148541,7597145.85568826,2445562.41155514
46.0063202849033,7597172.92114596,2440721.17973776
46.0103312466321,7597205.80601373,2433844.02930808
46.020487153862,7597305.00174537,2416427.05813825
46.0607634701099,7597691.53561219,2347349.84839294
46.0886856603571,7597960.0466037,2299461.49316781
46.1166078506043,7598005.33037577,2296737.09369505
46.1300447117719,7597983.77874815,2310603.75444389
46.1434815729396,7597958.4582509,2324388.93078969
46.1732217720011,7597892.9267747,2354900.38411279
46.1939895436935,7597849.8698797,2376208.37023377
46.2147573153859,7597899.98508989,2375764.52824274
46.2355250870783,7597965.04050527,2366175.38362963
46.2562928587707,7598031.21769506,2356615.91017398
46.2871833795352,7598132.98271949,2342398.19850784
46.3180739002997,7598069.91210433,2349284.69591039
46.3489644210642,7597914.23044432,2371436.67030965
46.3710524806633,7597802.26900911,2387253.0589635
46.4398990138124,7597354.88726145,2416374.58134042
46.4797647539492,7597049.76158487,2424679.85748898
46.5196304940859,7596875.49130327,2418823.91872481
46.5476411005949,7596833.69565182,2404270.36943172
46.5756517071039,7596792.76251421,2389742.95532063
46.6619381669954,7596721.42892132,2372432.60920109
46.7263031212053,7596728.87805104,2366063.17984691
46.7906680754152,7596794.77188745,2357398.97377885
46.8269752604258,7596601.55064898,2374889.27514507
46.8632824454364,7596339.59654735,2400268.55442075
46.8995896304471,7596077.45724067,2425634.79161683
46.9066470644839,7596131.2971061,2418492.04505487
46.9137044985207,7596182.04286136,2410372.98919451
46.9244395230675,7596238.14833871,2398041.47915738
46.9552433685237,7596429.63463307,2362667.39611754
46.9812108042899,7596589.56313705,2332845.58934949
46.995484737275,7596677.6465059,2316453.09133435
47.0097586702601,7596619.95378866,2321616.88189189
47.0240326032451,7596530.85077429,2337212.06033767
47.0383065362302,7596439.58253838,2352756.35040125
47.0748202568934,7596199.21320457,2392519.38071635
47.0920172012326,7596087.29736641,2411247.65588871
47.1092141455718,7596120.9193838,2409730.17907193
47.1216561146678,7596199.16872681,2395463.10224549
47.131225647032,7596261.92480215,2384547.60701024
47.1551687103157,7596426.01176064,2357235.55524829
47.1826596925592,7596611.28811572,2325874.87844471
47.1970359066277,7596708.3738563,2309475.23959195
47.2070601952078,7596701.5912216,2310777.94492017
47.2170844837879,7596692.47681109,2317788.89809655
47.227108772368,7596681.29605874,2324759.02519939
47.2556075983966,7596644.50102607,2344577.16037966
47.3907190996917,7596354.11929557,2386624.99475572
47.4463281715857,7596403.45334352,2371155.67173707
47.5019372434796,7596483.10136758,2352860.32926466
47.5137558730806,7596415.41644734,2358904.30925805
47.5255745026815,7596359.00786182,2365032.21931032
47.5518078702332,7596242.9609887,2378633.02815262
47.6036834734404,7596046.11679614,2400473.63176376
47.6117641197256,7596099.26344344,2393616.48946265
47.6198447660108,7596146.29685095,2386644.3342825
47.6364712109368,7596232.94106366,2372305.36244455
47.6963112699216,7596560.68371485,2320705.01649861
47.7117807232891,7596604.94890013,2319973.19398631
47.7272501766565,7596652.33507286,2323377.14053807
47.7427196300239,7596698.8569995,2326762.32305057
47.7970982608055,7596858.99709327,2338661.68198624
47.8316930695326,7596775.3620482,2355097.77760285
47.8662878782597,7596670.46274981,2372377.27902118
47.8990659771756,7596583.24079574,2388751.7293604
47.9108266245816,7596600.49031409,2385602.54397652
47.9225872719876,7596620.46880917,2381570.51565077
47.9423654748753,7596635.67309489,2374794.97271927
48.009593011883,7596683.10688119,2357465.95338223
48.041722301651,7596622.76382394,2365597.08442392
48.073851591419,7596563.18850268,2373756.42315375
48.166695684411,7596433.79101668,2377563.77680647
48.2595397774029,7596635.60552881,2348591.71720615
48.3523838703949,7596760.4391553,2350631.91469411
48.3911877038725,7596740.95559412,2366151.22509685
48.42999153735,7596662.48704158,2374775.29418074
48.4687953708276,7596563.64735075,2381341.79059976
48.5220492563659,7596442.84434685,2385665.59594309
48.5753031419042,7596335.41567218,2383263.23451528
48.6285570274425,7596429.30181575,2365329.0328443
48.6709393804365,7596632.71905481,2340230.97047109
48.7047219137588,7596774.17905752,2324554.15922502
48.7254431618908,7596791.38167206,2331377.06528308
48.7461644100227,7596810.46708565,2338248.11054167
48.7984750952539,7596866.15813745,2355596.83778514
49.0575618389405,7596752.60320988,2352474.14788209
49.1023255255804,7596845.43281787,2345186.37677904
49.1179818024547,7596789.24001551,2352790.6005793
49.1336380793291,7596735.48923686,2360453.76125637
49.1717141379293,7596612.65793901,2379091.77306241
49.2571415473702,7596381.1028715,2389307.31809923
49.304761549818,7596283.82723608,2384588.65248305
49.3523815522659,7596392.11743419,2365153.93250209
49.3858324543445,7596468.15352627,2351488.64917759
49.4239225792327,7596292.49590694,2366107.90980454
49.4494953717722,7596097.21302341,2388133.91368933
49.4750681643117,7595896.20831753,2410126.3592804
49.4986929427199,7595707.58683021,2430441.91413352
49.5054205920703,7595757.95447833,2424677.47176997
49.5121482414208,7595804.82403816,2415772.95680998
49.5203018450947,7595864.39794214,2405026.5082027
49.543223139763,7596036.90501087,2374812.61360701
49.5809125969372,7596317.33456866,2325130.42993667
49.6006833259014,7596458.66704195,2300314.34231248
49.6068145032244,7596451.57969925,2303428.52519618
49.6129456805474,7596456.3455198,2306730.66105888
49.6240609757618,7596477.05150664,2312700.13860322
49.6594818085777,7596523.14088829,2331717.13317312
49.76231213929,7596473.28835802,2369853.48070824
49.8651424700022,7596084.53933644,2397571.03932096
49.8934518279365,7595942.84712194,2405323.11997937
49.9217611858707,7595987.64126794,2392228.46407198
49.9422095531666,7596050.10653409,2378116.903616
49.9626579204624,7596113.01785217,2364020.15682824
50.0078149065083,7596254.57135468,2337895.72882881
50.0384751487172,7596362.79167342,2336526.19065551
50.0691353909261,7596471.87486493,2335181.41018481
50.1621753711725,7596297.0690779,2376925.07587288
50.2552153514189,7596126.79017508,2383311.50022673
50.3482553316654,7595799.17645128,2391868.59982198
50.3798042937408,7595601.23256041,2408218.47102758
50.3985684045828,7595483.10895748,2417926.49963312
50.41015421222,7595489.03682689,2412853.46436432
50.4217400198573,7595494.35552193,2406067.410353
50.4381291325241,7595503.619022,2396484.24422842
50.4925480465115,7595536.43337224,2364666.31551863
50.5161036457448,7595495.88047784,2364121.8567385
50.539659244978,7595444.11281681,2369868.10971415
50.5632148442112,7595391.70821111,2375596.54752742
50.6450290198753,7595373.70271209,2370782.66095608
50.6830503789693,7595422.86677647,2359083.25871496
50.7016637451261,7595358.74248538,2359904.2154246
50.7037211428031,7595236.32116548,2367183.47140669
50.7057785404801,7595142.34767243,2374841.42790012
50.7085662541161,7595016.24214213,2385144.39151135
50.7149688852693,7594715.75665514,2408820.86333867
50.7395497137454,7593568.14761166,2499720.77368043
50.7835246496662,7591513.67950344,2662338.8111832
50.8274995855869,7588793.95474474,2769139.22755029
50.8459082062538,7587465.97259456,2799616.81247191
50.8643168269208,7586140.92182285,2830146.92149782
50.8878360364758,7584453.66504858,2869157.6545441
50.9017130824008,7583473.84495716,2888772.44194549
50.9104112290105,7582912.25914432,2885615.35195988
50.9191093756203,7582343.33805772,2882330.17910456
50.9364086670144,7581199.02859958,2875794.8068683
50.9918691711438,7577548.25902257,2854859.25724049
51.092385808562,7571477.26316932,2816173.48215017
51.1578648924459,7567754.74324899,2801149.22483525
51.1922178743508,7565805.93172553,2793980.69967679
51.2265708562556,7563622.08081883,2807810.60618579
51.2514566241236,7561991.39340389,2822378.30186806
51.2763423919916,7560360.56757199,2836935.91694074
51.2993701782649,7558850.28355309,2850405.41860023
51.3074873430873,7558414.44346708,2845461.00432025
51.3156045079097,7557972.68414467,2839530.76408294
51.3286462630747,7557264.38766977,2830021.69310536
51.3751917579729,7554739.91072126,2796085.28226828
51.4028144842514,7553200.47389638,2780288.9323816
51.4122071690678,7552561.20415757,2788018.53832989
51.4215998538842,7551927.36542586,2795856.89573765
51.441206440445,7550615.50046287,2812220.08892899
51.5081765159239,7546258.68984041,2860065.24761927
51.5240844014416,7545122.05129251,2857467.72402427
51.5399922869594,7544098.587603,2854886.36092563
51.5811963789539,7541437.53707067,2848195.30659519
51.6335727884371,7538344.31035361,2826789.67206191
51.6859491979203,7535418.59712667,2798077.76764766
51.7172852554116,7533447.84918914,2803276.86092646
51.7386570337193,7532003.1001584,2819488.63982083
51.760028812027,7530556.96234803,2835659.97271914
51.8180710690287,7526437.8810338,2877416.47807198
51.8761133260305,7521907.95991594,2914363.20272957
51.8911880390047,7520726.93071217,2923955.63656549
51.8990677158403,7520111.56597476,2928971.50812611
51.9040446176455,7519913.04061501,2919532.23010513
51.9090215194507,7519718.42849017,2906662.56695711
51.9139984212558,7519527.8665998,2893851.42701806
51.9276363378448,7519009.93554555,2858738.52206735
51.978459990475,7517071.89875262,2727878.28429137
51.9987592669447,7516298.24564455,2675612.53155129
52.0042166868184,7516018.80321555,2674739.6441123
52.0096741066922,7515765.02642627,2678305.64515958
52.0151315265659,7515506.73155449,2681807.37818755
52.0297530952138,7514810.00520117,2691197.08900287
52.0850329807583,7512184.37447384,2726702.91554204
52.1314138775412,7509420.38274078,2772314.0068699
52.1777947743242,7506394.73823692,2825566.91625134
52.1997959274181,7504959.61449474,2850824.04119215
52.2049796310827,7504763.61109515,2843678.95350243
52.2101633347472,7504544.90834625,2835656.99057355
52.2178243235028,7504226.05544383,2823842.1609371
52.2406612564891,7503279.74318177,2788621.08160749
52.2746896968271,7501867.05709257,2736137.00847161
52.2934226887224,7501089.56135535,2707244.31039447
52.3121556806176,7500220.63352777,2701689.97514706
52.3300953172488,7499374.63267259,2708876.8757851
52.34803495388,7498526.62758267,2716016.93674678
52.395009508685,7496299.05180313,2734708.00119185
52.4201819341423,7495239.15881367,2728465.77730095
52.4453543595996,7494201.99037317,2718074.93480454
52.4705267850569,7493165.0998659,2707693.92154241
52.4894570697568,7492386.25603589,2699887.94374988
52.4999618134131,7491953.75287264,2695556.00787574
52.503916048158,7491645.11371207,2703240.21853057
52.5078702829028,7491353.92156406,2711317.29367194
52.5139782187919,7490915.37393842,2723759.67191808
52.5305324967245,7489705.86101152,2757472.630534
52.5986326055806,7484737.2009718,2896168.89902199
52.6044264052083,7484565.42934805,2886174.70649289
52.6102202048361,7484401.94571536,2868551.21931347
52.6160140044638,7484244.83255507,2851029.31975913
52.6291840601031,7483895.02631734,2811192.11892168
52.6731509625565,7482715.30159164,2678189.47984092
52.6875188756435,7482330.23421056,2634726.31378809
52.6974188687995,7482064.77687823,2604778.51491877
52.704220471656,7481736.13222565,2603230.87182503
52.7110220745126,7481401.57870274,2614399.67226828
52.7178236773691,7481060.20887195,2625439.59483939
52.7319279469095,7480342.90836119,2648340.85097079
52.779283120928,7477949.23950884,2725241.65866334
52.8403057475792,7473924.284477,2817924.03109043
52.9013283742303,7469446.23877937,2903153.94497762
52.9041029906392,7469342.09448678,2898885.92866867
52.9068776070482,7469204.48837501,2894242.84060039
52.9107223527407,7469021.76200927,2887871.73060547
52.9209343092655,7468538.66515751,2870939.36178109
52.9617282063803,7466601.94319606,2803293.9441224
53.0071253448256,7464517.52449811,2734777.47358851
53.0255947716885,7463831.63396912,2721771.92539629
53.0440641985514,7463148.25813089,2708809.48488262
53.093210597046,7461336.40606384,2674321.90908811
53.1132588095708,7460374.09656447,2682982.74441348
53.1333070220955,7459326.10055053,2703655.56614399
53.1492345945962,7458492.36831197,2720047.7662443
53.1960348765272,7456037.28746584,2768208.83816967
53.2105844805938,7455622.57927711,2750965.31613295
53.2251340846604,7455294.87791517,2721075.81919596
53.2364840901981,7455041.22913398,2697806.03772089
53.2664916978368,7454376.95621976,2636287.05286619
53.2994231875912,7453645.46904557,2568771.72094111
53.3023390539306,7453424.87361431,2574185.66767014
53.3052549202701,7453232.43816244,2583274.82712932
53.3081707866095,7453031.2627982,2592252.37880953
53.314299652375,7452606.5005256,2611146.47732913
53.335634970638,7451135.75799888,2676920.09459123
53.3597608222236,7449471.4924398,2751295.17225956
53.3838866738092,7447807.47244181,2825670.58068234
53.3934582733274,7447147.30029081,2855178.01305279
53.3987454597633,7446782.62865669,2871477.40594674
53.4040326461991,7446631.34368693,2865665.45915227
53.4080522021198,7446504.04627295,2855224.11985079
53.4120717580404,7446385.48590727,2844904.04273704
53.4205071272317,7446141.63308542,2823229.60121036
53.4478805994091,7445339.54748512,2752886.77155917
53.4725923216355,7444616.51711532,2689385.55185935
53.4973040438619,7443893.2368277,2625883.97416479
53.5076920030467,7443457.45908614,2625245.09752639
53.5180799622316,7443026.26477746,2634368.69771185
53.5284679214164,7442591.32068811,2643424.50424609
53.5537524321788,7441525.65748366,2665466.82158507
53.5926505912409,7439890.46873801,2699380.77698013
53.6184142244839,7438776.49374723,2708469.27281493
53.644177857727,7437638.29046788,2712080.7345656
53.66994149097,7436500.68824265,2715705.77462709
53.7677966400559,7431542.63526441,2761093.5290181
53.8656517891418,7425486.38208527,2831479.97166247
53.9014404645743,7423169.24488691,2855449.24156555
53.9059153020342,7423023.97274756,2847427.09776515
53.9103901394941,7422855.17083057,2839131.30792848
53.9176887085705,7422585.78146965,2825637.61865976
53.9392121667957,7421792.9598822,2785843.27000506
53.9705025170164,7420638.18563696,2727988.17346671
54.0017928672372,7419468.15534014,2674193.23419437
54.0067619441031,7419234.46769844,2676182.05403428
54.0117310209691,7419015.81615891,2678387.24758162
54.0206165555605,7418634.6590951,2682310.05400089
54.0464511657731,7417509.17673658,2693705.01843006
54.1678227485932,7411412.59637153,2769306.70181425
54.1888011512744,7410248.86910647,2785409.73557546
54.200026426387,7409627.90973965,2793949.40273719
54.2026344784392,7409587.73108745,2788991.88028334
54.2052425304915,7409522.32219311,2783674.16704127
54.2089357274263,7409425.70988724,2776200.6598217
54.2177847274919,7409207.77519628,2758293.21724625
54.2517107007286,7408366.12845853,2689631.41368821
54.2866302814451,7407500.54442396,2618959.66785323
54.3215498621616,7405278.81435508,2672702.63568914
54.329093141729,7404649.05673306,2701417.20955068
54.3366364212965,7404010.12064253,2729959.35259007
54.3506723776623,7402809.39970471,2783074.11473689
54.3944687842869,7399080.2839106,2948822.38755692
54.3989659079257,7398697.09925787,2965841.40056156
54.4020523206003,7398629.69906617,2962828.94642309
54.405138733275,7398543.78057732,2950814.07345163
54.4082251459496,7398469.44165288,2938997.02526927
54.4136248700183,7398344.15754531,2918291.99064081
54.4296267444003,7397960.67672231,2856927.40620282
54.4972140970159,7396346.35241798,2597748.99346262
54.5039416267214,7396023.16010076,2593421.14142108
54.5106691564268,7395692.10910332,2605671.91879376
54.5158056372062,7395432.28951145,2614895.40991502
54.5264854156008,7394884.28803843,2634086.67560522
54.5629872603934,7393025.10758624,2699686.92460093
54.5997619880005,7391151.07948278,2765776.47377577
54.6023139850012,7391108.15375224,2762975.66668371
54.6048659820018,7391032.49087584,2758917.44648911
54.6080898102701,7390945.08363486,2753872.76823463
54.6158044607267,7390737.80658266,2741784.90210157
54.6454342884533,7389934.71664576,2695355.53892265
54.7935834270861,7383445.28435954,2769627.16210188
54.8072755881097,7382863.68294921,2773899.17005704
54.8209677491332,7382339.47296846,2760327.01459676
54.8306427264338,7381972.11251457,2750800.30617151
54.8541990635778,7381084.65673653,2727607.1886692
54.898187219781,7379422.55115975,2684293.03877558
54.9074715476855,7378935.57178809,2689844.05831049
54.9167558755899,7378440.44927121,2699283.58732986
54.9260402034944,7377943.40655807,2708690.97785461
54.9552874366829,7376374.09174892,2738326.74686418
54.9988344189588,7374039.44297697,2782454.21769943
55.0112552788438,7373385.21031638,2783636.89519243
55.0236761387288,7372720.7363522,2783505.06919892
55.0426531185492,7371706.44765059,2783316.42644542
55.0809548646583,7369660.77561596,2782936.6405843
55.1050819191659,7368546.45083164,2776705.15395132
55.1292089736735,7367579.09852708,2747321.94017301
55.1480876241581,7366998.07795182,2724419.2485154
55.1845389515982,7365744.20481685,2680112.05427263
55.200570251314,7365159.38384209,2662135.47921275
55.2052937618277,7364880.91266262,2669008.58199096
55.2100172723414,7364603.33575044,2676156.14295951
55.2177071610612,7364162.52891211,2687765.76695777
55.2389491491816,7362925.48927097,2719824.3731646
55.2657590373918,7361366.13002913,2760288.93186937
55.292568925602,7359806.45876052,2800753.04642662
55.3014357413011,7359353.60415101,2809045.81379117
55.3072379824506,7359227.63462571,2796604.11838972
55.3130402236001,7359088.92291314,2783965.26977099
55.3236936994569,7358823.88492482,2760772.25252993
55.3549821712424,7358062.19120717,2692669.42712912
55.3794439827582,7357465.65804705,2639423.93770085
55.3947143964736,7357093.41187837,2606185.34947891
55.409984810189,7356567.96642135,2602590.90751413
55.4252552239044,7356012.8137018,2615346.08915752
55.436322333943,7355607.82863541,2624536.54354555
55.4646911539283,7354563.70284701,2648093.31688542
55.4909866621816,7353597.97216975,2669930.18990843
55.5172821704348,7352012.1809599,2714717.89862949
55.5489084418028,7349735.60477694,2783323.03099088
55.5722745689528,7348053.33282442,2833988.40090689
55.6471878705028,7344156.2477154,2805932.72775015
55.6578171458633,7343710.82739172,2785842.149844
55.6684464212239,7343271.3404706,2765864.1118245
55.6903890712287,7342373.71738077,2724623.75550062
55.7372442258874,7341298.48944493,2649347.26068089
55.784099380546,7340450.98092939,2577427.67190976
55.7937330468522,7340276.68338364,2562640.01103534
55.7988826906858,7340183.43048961,2554735.15710036
55.8040323345193,7339770.96603957,2569092.32052246
55.807775390826,7339460.9367355,2584751.36891183
55.8115184471326,7339142.49742683,2600292.08211562
55.8194157157358,7338467.37528221,2633100.88572495
55.8463151758363,7336176.59057796,2744856.81331822
55.8932062634427,7332181.83418022,2939667.55366127
55.8982171891416,7331754.98330689,2960485.69477466
55.9032281148405,7331631.04150867,2954825.77179446
55.9086148831129,7331540.5567533,2931015.25661106
55.9140016513853,7331463.89365439,2907432.1737085
55.9235423788907,7331323.77709937,2865635.18084014
55.9527994590492,7330892.39776678,2737462.32314546
55.974005946725,7330580.69229622,2644559.89752628
55.9952124344007,7330268.7449429,2551657.06862681
55.9998158627573,7330201.04360286,2531490.0820154
56.0007831641893,7330105.89716626,2531887.55209028
56.0017504656212,7330049.13690261,2534507.87086063
56.0027177670531,7329996.05711317,2536976.25691131
56.0046249532653,7329893.45037707,2541900.43716783
56.0099848197578,7329603.91359781,2555724.08855505
56.034003448726,7328304.40590735,2617671.74678858
56.0656360065149,7326593.56944206,2699257.53940877
56.0972685643037,7324882.5835095,2780843.11072585
56.1076758689491,7324493.74582356,2779656.330595
56.1180831735944,7324113.05551238,2767810.52068474
56.1284904782397,7323736.53938342,2756038.36076458
56.1531564308436,7322850.89525925,2728138.09942002
56.1872098803329,7321624.38229384,2689615.55114806
56.2212633298221,7319834.83946801,2708088.3300839
56.2354858233917,7318968.40751251,2730428.69909538
56.2497083169612,7318098.61085082,2752695.95822562
56.2828275088153,7316065.66563868,2804544.93686555
56.2998200795726,7315024.2053656,2831149.28158761
56.3047503448806,7314812.75100335,2827561.57611063
56.3096806101886,7314578.31747693,2823236.18655548
56.3172152906797,7314224.54699099,2816665.83305923
56.3402000042119,7313148.42564562,2796620.51963155
56.3790003729211,7311329.54816582,2762779.75454184
56.3996883521585,7310359.89384727,2744736.43448613
56.4068412602535,7309945.63121814,2748343.43535765
56.4139941683485,7309537.11219173,2752575.9121978
56.4263587161601,7308844.08867438,2759882.55286608
56.4628280653143,7306780.92698072,2781418.20441619
56.4902546106717,7305230.21865219,2797615.50520698
56.5176811560292,7303908.06995031,2790369.85641354
56.5450576138818,7302692.32766253,2769942.47238341
56.5724340717344,7301477.77434603,2749546.71525946
56.6519734317304,7297449.43458348,2759028.16959704
56.6818534956615,7295844.81956728,2776412.90635937
56.7002390456119,7294861.57842056,2786852.48303249
56.7114663110302,7294345.33254833,2781923.75078229
56.7226935764484,7293826.95170758,2776893.28468315
56.7463853477269,7292724.26122164,2766276.00942683
56.7906599099761,7290670.3591396,2746441.57402269
56.8214298901585,7289614.00442646,2719071.94110017
56.8521998703409,7288712.4776047,2685655.22614158
56.8829698505233,7287811.18702452,2652251.20801736
56.9001007154303,7287305.27958162,2633888.81906235
56.9050320991804,7287041.30141008,2640055.01988195
56.9099634829305,7286792.790046,2646495.90109302
56.9181227856652,7286391.5023027,2657127.22755301
56.9409285732994,7285252.09207716,2686832.12110721
56.9768873339037,7283457.58797452,2733671.9727985
56.9947722352768,7282564.91617785,2756968.63438463
57.0126571366499,7281790.69222046,2757795.97151516
57.0305420380229,7281038.12880939,2748993.0216378
57.048426939396,7280287.36518015,2740226.72373842
57.0994882281928,7278148.59701141,2715202.40114865
57.1108810986147,7277589.02031485,2719442.13773659
57.1222739690365,7277029.74506438,2724249.84341678
57.1432928437766,7276010.16473937,2733119.55527096
57.1726237973996,7274579.94510934,2745490.05650909
57.2019547510226,7273229.0798972,2752278.36524458
57.207699992317,7273185.05468738,2738336.83516501
57.2134452336115,7273125.9543793,2724137.97897076
57.223133846179,7273014.97841937,2700211.0785982
57.2503591559423,7272721.46644234,2632989.24419056
57.2716757106494,7272490.59803408,2580355.05371866
57.2929922653565,7272259.94785437,2527721.13686883
57.3008212185782,7272132.31270572,2512247.93103522
57.302755985621,7272007.75769456,2516583.79798668
57.3046907526638,7271918.60260474,2521360.92977578
57.3072500451461,7271797.99542929,2527594.33467102
57.3129026256628,7271524.45340876,2541377.64839698
57.3343734254671,7270489.72904639,2593732.75378251
57.3709063142889,7268728.07665047,2682814.61989402
57.3930517935367,7267660.31110304,2736814.35728628
57.4151972727846,7266424.6732622,2765084.22554755
57.4373427520325,7265081.38385525,2781242.05665551
57.4548199990272,7264022.91642497,2794022.46641709
57.4844335584869,7262232.20210736,2815680.61636801
57.5002600907021,7261281.25495359,2826722.17933491
57.5054806107512,7261100.00400829,2819829.20469778
57.5107011308002,7260904.32434805,2812705.52006213
57.5199375468586,7260548.75705822,2800120.22870501
57.5460208375267,7259560.61848201,2764593.10717212
57.6688995048359,7256640.49894374,2576732.74579321
57.6887748084782,7256388.6809852,2543729.4986218
57.6982310422434,7256268.76292834,2528032.1075692
57.7042732947532,7256034.50609074,2532864.47820391
57.7103155472629,7255786.13082661,2544551.13407534
57.7163577997726,7255532.77268158,2556154.33071087
57.7311191397471,7254909.43799704,2584510.52037746
57.7864434882725,7252581.29643295,2690792.43793213
57.803479502747,7251867.25284043,2717410.62421725
57.8205155172215,7251119.95752226,2719666.23792267
57.8333477358547,7250554.45634857,2721322.25789251
57.868207860733,7249013.41094697,2725818.18981994
57.9034571586393,7247493.68972886,2727772.63048039
57.9249705111301,7246765.28988586,2714298.17298992
57.9464838636209,7246034.88079419,2700773.59285637
58.0014482161437,7244165.73463305,2666925.07403003
58.0259089831636,7243382.332164,2663568.37096899
58.0503697501835,7242601.43692004,2660256.07899191
58.0910741621611,7241305.92559509,2654747.69756364
58.1190818290317,7240217.86173547,2665297.77239482
58.1470894959023,7239049.1012961,2682712.07368754
58.1750971627728,7237879.76084498,2700110.18275036
58.1944696130888,7237069.96949796,2712143.2559242
58.2138420634048,7236509.14812838,2701039.44716649
58.2332145137208,7236024.21183189,2680367.26412774
58.2525869640368,7235540.77252248,2659728.86265472
58.2793944839787,7234874.32074744,2631171.24685995
58.2939366404037,7234512.11780618,2615679.05497622
58.3084787968287,7233873.84880223,2624268.73957731
58.3230209532537,7233089.86568036,2650813.94908396
58.3333273515746,7232531.48263422,2669566.72814383
58.3590308662926,7231133.41482153,2716334.28665602
58.3840125113399,7229776.70426939,2761790.3405476
58.3951748300995,7229170.3819313,2782100.85195845
58.406337148859,7228776.19348682,2780400.09129151
58.4174994676186,7228475.79466223,2761007.28207963
58.4255519020383,7228263.03316879,2747096.44655518
58.4443226801357,7227773.1341684,2714667.84284519
58.4731815075002,7227015.92906077,2664807.34500742
58.5020403348648,7226227.09545007,2620127.98962709
58.5067369098927,7226023.70146857,2623868.35851315
58.5114334849207,7225836.52757422,2627840.72584509
58.5196018807504,7225517.9637819,2634724.75231167
58.5434564447873,7224573.46348615,2654820.56225431
58.5938774089258,7222579.301351,2697299.8726176
58.6174513904617,7221749.53201049,2696928.32629336
58.6410253719976,7220939.45961647,2689246.6830447
58.6645993535335,7220130.37911386,2681585.7510368
58.7443282163368,7217960.13336212,2634373.48009301
58.7741363119785,7217313.23471376,2610301.0483724
58.7935584437858,7216892.00843312,2594626.14355424
58.8129805755931,7216073.94935875,2612407.20780146
58.8324027074003,7215096.95589034,2647341.38898341
58.8461464929324,7214403.74235539,2672019.15154505
58.883498657669,7212515.07252624,2739084.28500914
58.9259874061449,7210718.9300613,2749491.93553977
58.9401837761902,7210173.52429572,2738737.19058354
58.9543801462356,7209632.0299423,2728054.99704133
58.9876711379559,7208368.59422351,2703007.65483991
59.044500852002,7206904.82525502,2649741.46687952
59.1013305660481,7205636.97534973,2594762.63518951
59.1117263943865,7205403.14881638,2594095.5675295
59.1221222227249,7205178.01616623,2593521.8146821
59.1451968401571,7204684.62661062,2592246.34447719
59.171978074537,7204108.72404148,2590763.09457654
59.1987593089168,7203533.16782942,2589280.49019604
59.2046794382001,7203149.22005649,2602782.87659202
59.2105995674834,7202731.39182368,2620463.34490018
59.2165196967668,7202310.06313884,2638086.47872079
59.232921663759,7201139.75522054,2686919.29220931
59.2986448624197,7196456.08821479,2882598.55166986
59.3037515104023,7196319.79396117,2876896.31034244
59.3088581583849,7196185.86181082,2862563.57141952
59.3139648063675,7196060.29049269,2848358.75609909
59.3249017073887,7195796.43743645,2817923.39601
59.359969338888,7194940.69773404,2720327.59690275
59.3839023916508,7194357.27547912,2653721.20009979
59.3968541212572,7194041.46829846,2617676.03043256
59.4098058508636,7193775.18814383,2603909.3219363
59.4195038622066,7193614.48409503,2599269.0206997
59.4292018735497,7193450.76278534,2594585.1200496
59.4569289946635,7192979.31405642,2581195.51935232
59.4918642546954,7192387.02996905,2564326.65582376
59.5120329381176,7191810.0964529,2574244.85306032
59.5322016215398,7191102.76703537,2597862.61682934
59.5476574202598,7190559.19016202,2615925.7784666
59.5924544235889,7188979.763959,2668277.80099585
59.6155640516839,7188246.47419639,2673151.66403502
59.6386736797788,7187528.85177229,2666993.95455804
59.6617833078738,7186812.85940973,2660868.64264133
59.6934100213818,7185835.33681072,2652487.79743187
59.7136138891206,7185005.11646049,2662517.88348266
59.7338177568593,7184092.05826679,2680234.15734642
59.754021624598,7183177.90997893,2697924.43851741
59.7834751632699,7181843.36569188,2723712.19059132
59.7996105598524,7181112.75782739,2737839.92255308
59.8058745554671,7180913.13920046,2734109.3448764
59.8121385510818,7180702.18773405,2729560.29362411
59.8225663108486,7180354.51414429,2722015.32532361
59.8549983163764,7179274.50393547,2698549.08913342
59.8984574897205,7177826.03721058,2667102.32883715
59.9065225804585,7177339.82575382,2677255.32163872
59.9145876711964,7176830.8755443,2691593.12136744
59.9226527619344,7176319.33113232,2705889.47162767
59.946527919796,7174802.05771662,2748213.74083708
59.9753814067309,7172969.95463024,2799364.97853601
59.9904801139066,7172011.10738011,2826131.5847802
59.9977140309529,7171551.72412912,2838955.70391907
60.0049479479992,7171371.14749158,2829213.99296854
60.0121818650456,7171251.2102734,2808084.82403737
60.0194157820919,7171137.53524487,2787068.3175656
60.0350005564973,7170898.80928492,2741784.68240306
60.0882519746238,7170073.05554927,2587045.79241323
60.096728766241,7169941.78283114,2562414.04715364
60.1052055578583,7169634.52501555,2560702.95480073
60.1156314986172,7169214.97556412,2577595.95661219
60.1230302552249,7168912.41663975,2589494.67487772
60.1398212989291,7168220.32942516,2616503.50106216
60.2060018045155,7165457.32395217,2716180.42743078
60.2200821004856,7164773.82637989,2722912.34710927
60.2341623964558,7164084.86432667,2729563.13394299
60.2658317356018,7162528.77792502,2744519.20797293
60.2881883940459,7161432.19126573,2755079.67867079
60.3014487690085,7160823.17348451,2758513.25228591
60.3097754911991,7160634.68409019,2745887.19105817
60.3181022133897,7160438.34907851,2733120.87508473
60.3345367566092,7160043.07307601,2707928.19134328
60.3892223624454,7158739.95736008,2624111.53384857
60.4018131108747,7158398.95063611,2609408.04837292
60.4097047339346,7158061.99194487,2617723.003687
60.4175963569945,7157734.55186524,2626188.66195471
60.4329210279231,7157106.17568847,2642620.80567718
60.4840742376462,7154996.38988779,2697460.70809613
60.5004429318131,7154328.75880072,2714189.8367656
60.5061662368505,7154184.39991246,2709694.34503404
60.5118895418879,7154026.97268778,2705000.15779368
60.5224393900037,7153729.54533856,2696363.20303963
60.5541144514683,7152849.57213556,2670441.92607103
60.5996911245528,7151582.15185065,2633142.19987938
60.6051623369759,7151310.00184355,2638881.56673116
60.6106335493989,7151045.55349195,2645491.2806295
60.6194030157892,7150632.65779435,2656060.22327845
60.6435520071088,7149477.89134697,2685153.21760638
60.6737593113122,7148034.85592091,2721547.07776569
60.6889911483316,7147307.11081151,2739898.28962139
60.6965414829866,7146946.37502908,2748994.88759488
60.7040918176417,7146906.90342747,2735943.22007061
60.7096296862576,7146998.52060592,2711461.54517411
60.7140432114029,7147079.61786983,2692102.69725519
60.7225876394544,7147241.71669684,2654605.54137853
60.750751051706,7147765.12442329,2531004.17750743
60.77293069278,7148177.9895283,2433664.68902863
60.795110333854,7148590.71196672,2336325.03914031
60.8057723143962,7148747.98264166,2313976.17797076
60.8129925761123,7148897.98387218,2313722.79886379
60.8202128378284,7149038.70566175,2313322.17207305
60.8345666998167,7149312.4098276,2312538.9528246
60.8860599526058,7150305.58083754,2309732.91843357
60.9446996357678,7151620.14038122,2294739.97327017
61.0033393189297,7153010.4945918,2275403.74911516
61.0619790020917,7154749.24903919,2245768.14950813
61.1072917090606,7156044.93830162,2229904.62261121
61.1291407700043,7156559.13095697,2240094.17616111
61.150989830948,7157075.63649537,2250329.16686609
61.2098166895814,7158488.86589327,2272021.52051384
61.2419901100136,7159304.99063179,2267783.92948508
61.2741635304458,7160119.81565348,2263520.42731014
61.3437414010544,7161723.59120819,2271715.743261
61.3887161867698,7162708.03339214,2283726.92230634
61.4167715290133,7163520.13638916,2271643.78559415
61.4448268712568,7164445.93221442,2246104.34680261
61.4663181430106,7165156.25459894,2226566.03955613
61.4999555910104,7166269.76078971,2195985.57995213
61.5056207230106,7166393.91989334,2199728.52121111
61.5112858550108,7166530.23714739,2203732.78486498
61.5218099909261,7166789.57136917,2211147.85188478
61.5568493338647,7167640.43497714,2235835.11494359
61.5919916419306,7168494.58043171,2260595.4892795
61.6271339499965,7169396.65066195,2262976.48722274
61.6523538697688,7170046.08694271,2259840.77362592
61.6775737895412,7170696.21643267,2256718.45121621
61.7271878018787,7171714.76184359,2273489.4125186
61.7607319594378,7172268.92137903,2297774.86912248
61.7942761169968,7172821.94398539,2322033.1497129
61.808817895583,7173262.09640007,2311953.79051121
61.8233596741691,7173793.35695841,2287934.39227662
61.8345727065858,7174205.59601891,2269465.6040654
61.8642543931609,7175300.83000585,2220574.41662512
61.8867885920606,7176131.10910656,2183455.98609726
61.8977188457566,7176533.92287507,2165451.69350218
61.9053266070116,7176719.54960927,2167061.22980656
61.9129343682666,7176904.7784038,2175264.9178133
61.9205421295216,7177086.10445655,2183404.80693023
61.9403938954871,7177555.97949872,2204653.06586248
61.9774694455847,7178436.38316093,2244337.36935166
61.9970345672581,7178900.82886323,2265279.02196668
62.0096853792413,7179245.59942894,2265996.65812898
62.0223361912246,7179585.78717452,2262555.11830885
62.0349870032078,7179927.47873958,2259138.15739072
62.078159628458,7181095.7506519,2247475.57188659
62.1557635351122,7183251.53217535,2236419.05687822
62.1904844045253,7184220.34915263,2233223.95016932
62.2252052739385,7184902.09237163,2255234.97322969
62.2519983848704,7185345.06268874,2279711.50184182
62.2787914958024,7185787.24841998,2304168.60102952
62.2937902395059,7186033.93026851,2317859.38600686
62.3087889832094,7186486.37801711,2309133.75486031
62.3237877269129,7187037.16288323,2283917.03372496
62.3347278433431,7187441.71497024,2265580.56640389
62.3629170382075,7188488.45566828,2218330.15478763
62.3860728315717,7189346.85944109,2179516.1435421
62.396662653761,7189739.5215823,2161765.4308209
62.4072524759502,7189959.33290436,2167358.49407516
62.4178422981395,7190148.76135635,2184361.94351609
62.4284321203287,7190333.84741109,2201287.42730996
62.4534758831303,7190766.66916605,2241319.96495922
62.4806878697652,7191239.24043252,2284819.2019941
62.494094245978,7191471.93355762,2306249.58134413
62.5075006221907,7191867.18151571,2305265.19832831
62.5181942313101,7192235.63006682,2289734.91469247
62.5263858243676,7192521.98214638,2277913.96984227
62.5460828279994,7193215.19996107,2249483.19706658
62.5749899332503,7194229.50168369,2207757.54672498
62.5946450900009,7194919.36884386,2179386.66927167
62.6143002467514,7195429.37053228,2184354.82898925
62.6281563761837,7195765.83088522,2196981.84040968
62.6420125056159,7196099.6162071,2209560.62272082
62.6795771025395,7197000.6599952,2243664.75076413
62.7317223287569,7197978.21232283,2284263.4505181
62.7838675549742,7198761.00637845,2320465.24819724
62.8001603248081,7199013.84133947,2331423.28070589
62.8051814743092,7199202.79399173,2323754.17526286
62.8102026238102,7199377.82058293,2315826.16880412
62.8187237176699,7199667.52582187,2302402.13305211
62.844449630103,7200557.24619358,2261875.9118507
62.8968290495205,7202366.75702731,2179360.60869436
62.9064828998589,7202582.39852288,2181564.99194119
62.9161367501974,7202783.01744905,2192860.27416541
62.9257906005359,7202979.79898334,2204087.74616536
62.9498992370207,7203466.96021413,2232132.04862079
62.9998321901034,7204479.59227969,2290217.49724941
63.0058838540508,7204660.66591313,2287119.87041088
63.0119355179982,7204829.87125249,2283519.87150918
63.0223750730461,7205112.92574516,2277333.44950009
63.0553621150907,7206023.2991478,2257788.5014778
63.0943106913747,7207097.12566281,2234710.41668768
63.1192244936481,7207759.3465978,2232657.72345369
63.1441382959215,7208423.13218283,2234479.23903706
63.169052098195,7209086.34277328,2236289.78929213
63.2420629786125,7211275.56693332,2218196.56726823
63.2892410354439,7212800.73056097,2195280.57984094
63.3158806481357,7213498.65981762,2202316.13486922
63.3425202608276,7214108.21137138,2223192.18769054
63.3627732839294,7214570.39853515,2239035.86747144
63.3998109806254,7215413.44882504,2268009.63506131
63.4214350799545,7215850.85597911,2272931.40483837
63.4430591792835,7216284.53066164,2277688.15985192
63.4929483952383,7217278.66667142,2288662.51352715
63.5506941791189,7218454.15724825,2288436.91034246
63.6084399629995,7219654.99458164,2284697.69868198
63.6661857468801,7220998.26507636,2271077.59529333
63.7239315307607,7222340.95187269,2262720.24354058
63.7816773146413,7223690.77220868,2261899.38721763
63.839423098522,7225029.31071995,2262411.78100768
63.9751808416153,7228265.31709305,2254521.17870912
64.0452186246026,7229931.54102417,2254963.00199864
64.1152564075899,7231680.16366464,2250715.83380444
64.1666302601103,7233228.55117267,2222060.37056432
64.2068977618666,7234401.89889913,2206259.01707513
64.2278983955842,7234924.27697847,2214985.25156077
64.2488990293019,7235448.75496416,2223753.42276598
64.3069332153661,7236877.39478725,2247130.6724586
64.3929507979792,7238714.8937731,2272406.1580999
64.4789683805922,7240250.06044027,2298781.51400728
64.5375842555723,7241416.75832757,2293081.95773553
64.5962001305523,7242680.80505723,2273959.76572849
64.6405550666149,7243749.56821329,2262908.82903539
64.6849100026776,7244828.865757,2252187.66615984
64.7966235977165,7247820.8327259,2225970.61706544
64.8120982668052,7248113.49286306,2234347.08995576
64.827572935894,7248387.57535687,2246240.39619966
64.8430476049827,7248660.79799702,2258116.95813234
64.9020148377942,7249716.09278435,2300628.86128766
64.9100068535799,7249926.16353348,2295937.41183087
64.9179988693656,7250127.95943743,2291110.49697139
64.9341104427882,7250527.53439266,2281390.3562222
64.9937210236773,7252018.63234581,2245431.29673592
65.0229020421664,7252688.29968344,2245765.34794632
65.0520830606556,7253351.67597327,2251146.80203358
65.0812640791448,7254014.49846901,2256516.39053482
65.1333175509416,7254828.29840587,2288965.18239115
65.1853710227385,7255432.08170737,2334426.84750952
65.2252599082238,7256381.36419862,2309748.58723268
65.3200766214524,7259119.56363384,2205669.96287759
65.3369731251819,7259542.88497875,2212204.44393223
65.3538696289114,7259969.22548285,2218794.1733222
65.3971992470606,7261067.57083484,2235691.72959489
65.4327374551113,7261634.66036076,2263341.39403007
65.468275663162,7262169.9897692,2292220.82849302
65.4992878859405,7262649.13712404,2317423.51996741
65.5107565994739,7262841.1223602,2317317.69790911
65.5222253130073,7263029.78913837,2316480.07904571
65.5426173039819,7263353.49415564,2314998.39778455
65.5896958423962,7264112.68598066,2311582.14883019
65.622029578789,7264835.78560529,2294808.957697
65.6543633151818,7265644.34620499,2271152.79557233
65.6866970515746,7266453.41965489,2247511.21502106
65.7362429312163,7267628.59442224,2242257.47199779
65.7857888108581,7268791.43400522,2248528.97275784
65.8251773585206,7269409.70693543,2274428.32573566
65.8708975292566,7269928.20923143,2318412.12497143
65.8898915197227,7270145.36993605,2336676.99338877
65.9010560732145,7270296.49647124,2344961.85877849
65.9079209575756,7270508.97651343,2335311.26303334
65.9147858419366,7270709.83079479,2325473.89741489
65.9274292207091,7271070.99226577,2307371.87608415
65.9696350042137,7272292.00236011,2246949.04376092
65.9887752152728,7272845.27731496,2219547.04322383
65.9981754586598,7273117.06856778,2206089.26966278
66.0045994520692,7273180.55104696,2210720.67884177
66.0110234454786,7273239.62738119,2221431.27159185
66.017447438888,7273294.39561928,2232071.25508666
66.0339500553349,7273431.36242968,2259414.21534404
66.0802654218057,7273820.81465,2336154.74249727
66.094111010122,7273937.08550678,2359095.53171096
66.1079565984383,7274212.47641068,2358808.73941641
66.1218021867546,7274548.27236535,2340563.11833115
66.131655570017,7274790.51430436,2327643.24293708
66.1560080244286,7275394.58814913,2295708.72921545
66.2691845299491,7277837.07037986,2265376.5656528
66.287223335761,7278198.82699696,2272616.95917323
66.3052621415728,7278555.18628414,2278055.10729439
66.3233009473847,7278898.13925364,2279122.90694979
66.3781276004973,7279943.94539438,2282367.64833975
66.4419197290386,7280898.9476675,2304026.66739698
66.50571185758,7281796.82942639,2326720.49026194
66.5148719946798,7282034.38045319,2317762.79932061
66.5240321317797,7282265.62857182,2308692.20977324
66.5433664163826,7282746.4845897,2289554.24313751
66.5775381047618,7283602.12693142,2255731.8532817
66.5956967773606,7284056.55476896,2237758.51628205
66.6138554499595,7284387.12869418,2242224.47322121
66.6272110119499,7284618.5490847,2250851.27142313
66.6405665739403,7284848.36711407,2259448.68954233
66.6831343907506,7285577.80833496,2286852.51365594
66.7286161889252,7286355.5166281,2298534.30566898
66.7740979870998,7287116.51195347,2299700.55921678
66.8195797852744,7287892.54809277,2299368.85681758
66.8787279159684,7288920.53078905,2296296.19195688
66.956164215469,7290207.69883792,2299632.93931155
67.0021071695392,7290973.52405187,2302202.31500089
67.0291386926834,7291559.08970015,2290441.21222723
67.0561702158276,7292145.4298071,2278636.73321624
67.0871209928477,7292813.74830818,2265119.80052438
67.1180717698678,7293282.01005861,2274544.56925403
67.1490225468879,7293630.27351569,2300644.09554491
67.1710667125463,7293877.27399938,2319206.75498587
67.1923993474593,7294114.55605894,2337169.41701336
67.2137319823723,7294508.72157502,2332425.27711841
67.2361671003312,7294984.85268948,2313828.78877506
67.2586022182902,7295462.87782797,2295274.3921277
67.2977522902182,7296300.60766143,2262897.08388995
67.3215406263133,7296872.97230318,2255024.94849607
67.3453289624083,7297451.40016318,2248453.37746596
67.3829123449093,7298382.71753758,2238068.76256635
67.4293745961891,7299306.42544807,2250575.99461479
67.475836847469,7300116.81446414,2278027.32070473
67.4985242320813,7300512.37468005,2291421.48667095
67.5123761452092,7300818.49595475,2287653.72786133
67.5262280583372,7301130.7405966,2282333.05026745
67.5467863578935,7301574.45892123,2274445.00594955
67.583115486205,7302374.61138729,2260510.99450135
67.6194446145166,7302961.74004871,2270088.53470961
67.6451042758352,7303265.02066923,2291531.92636258
67.6642039992282,7303489.4973611,2307463.27522537
67.6889325200154,7303777.93540476,2328088.97234344
67.7136610408027,7304222.74721087,2326209.41011679
67.7327458998675,7304635.86263051,2310323.04018916
67.7471323695909,7304949.1723286,2298388.01856498
67.7877514154755,7305838.22129431,2264690.24288803
67.8169521739615,7306377.17996278,2261420.68425022
67.8461529324475,7306869.24541586,2273612.5883013
67.8675041872136,7307227.86185583,2282500.51298183
67.934801952012,7308140.77169619,2312415.00144668
67.9697115648772,7308522.92589072,2328865.65471115
67.9934538097653,7308784.93155156,2340052.64153097
68.0171960546534,7309368.67256835,2317642.17309876
68.0339970530604,7309849.88321848,2292460.36612487
68.0507980514675,7310332.8964665,2267318.09485865
68.0984673660606,7311707.70231291,2195981.61937824
68.1070430329003,7311867.35832272,2199026.81543174
68.1156186997399,7312036.65181019,2205887.76878558
68.1241943665795,7312203.4545597,2212712.20625215
68.1506420524244,7312714.98009827,2233763.38664674
68.2828804816486,7315053.51517433,2292285.77235515
68.3592374314225,7316498.45663704,2280628.09301616
68.4355943811963,7317933.21304837,2274804.54362698
68.486313640397,7318843.18750658,2281966.54783458
68.5370328995976,7319624.65950353,2294069.40400398
68.6024615267147,7320592.20845125,2310373.49270936
68.617417789886,7320884.47335173,2304143.69252148
68.6323740530574,7321178.92371816,2297851.50967339
68.6690761379695,7321895.37810563,2282411.92933376
68.6955909047604,7322414.65469249,2271258.79767806
68.7130328719485,7322654.54768741,2276806.08601725
68.7304748391367,7322873.46037024,2286891.09349211
68.7479168063249,7323091.49215041,2296957.55645559
68.7827884794776,7323525.75045258,2317083.39877316
68.8041029257238,7323844.79544317,2323305.17908842
68.8254173719701,7324352.929607,2303556.42103263
68.8406519382619,7324714.30688448,2289402.30425607
68.8836384856638,7325729.3559182,2249463.9466263
68.9259116624256,7326384.04445213,2260792.22869579
68.9424098961297,7326570.82459689,2277900.88694481
68.9589081298337,7326754.9097239,2294953.83038746
69.0010514725363,7327232.50471868,2336491.40384386
69.0066393670283,7327371.38972733,2331617.63455467
69.0122272615203,7327496.74037222,2326537.00024011
69.0224388696931,7327717.185554,2317274.71480624
69.0547952101842,7328431.59433615,2287930.31319238
69.1016401476328,7329464.00783558,2246871.75736504
69.1156353390707,7329769.90944353,2246367.61792816
69.1296305305087,7330080.53793569,2245945.43539189
69.1613621025074,7330791.94435653,2244985.89712893
69.2445715620948,7332408.89149758,2263395.31467809
69.3277810216822,7333864.87774927,2285016.06205559
69.3919948710245,7335034.42079003,2278332.90335029
69.4328207569466,7335666.73962784,2286281.01110674
69.4736466428686,7336276.06729537,2297261.32476164
69.5240204233386,7337002.61578754,2306505.5636089
69.5743942038085,7337696.57591199,2310974.08149474
69.6083201745714,7338229.24004997,2308235.66099329
69.6422461453344,7338945.16896135,2287562.50254735
69.6761721160973,7339660.70292427,2266878.18084235
69.6985868590327,7340132.74811509,2253211.8435637
69.7121523074658,7340351.62482215,2257063.93931483
69.7257177558989,7340564.75726162,2262458.30580289
69.7458436758753,7340901.42817202,2270452.20333794
69.8144673713298,7342045.22298265,2289932.41793515
69.8635365027592,7342926.86972034,2282947.74986781
69.8904133605577,7343409.55550657,2279114.68400823
69.9172902183561,7343618.28083899,2299056.76599852
69.9447812128388,7343679.00867696,2333249.06256961
69.9722722073215,7343746.36969497,2367408.74863164
69.9932315328785,7343795.57836168,2393451.44021711
70.0141908584354,7344171.52093872,2377954.46862728
70.0281610288287,7344493.13427245,2353986.56940061
70.0421311992219,7344818.14646722,2330088.64487194
70.0753763765305,7345598.2525899,2273216.88060771
70.0968150948486,7346099.56283175,2236541.14620546
70.1086376504192,7346333.73287515,2232822.08155244
70.1204602059899,7346581.28502176,2235550.09044282
70.1322827615605,7346826.53729462,2238238.24476344
70.1667226867161,7347537.05568175,2246071.44475238
70.202538691378,7348237.98577616,2255617.10846917
70.2256804468017,7348507.31904813,2273739.734946
70.2488222022253,7348763.64278168,2291902.80654236
70.287478301502,7349195.67971824,2322243.28327796
70.3261344007787,7349716.33408168,2325621.31623548
70.3647905000554,7350263.37713499,2315866.5662642
70.3943503126066,7350682.35149983,2308424.36616943
70.4312439483101,7351424.50342354,2288873.99351512
70.4681375840136,7352212.42796926,2267422.45256998
70.4935680348073,7352738.72754878,2252634.97177937
70.5189984856009,7353117.60412231,2260921.78163388
70.538135553278,7353375.21522029,2273204.89654921
70.5572726209551,7353631.83058431,2285465.86594463
70.6223098605907,7354422.28440887,2319513.61206341
70.669067430153,7354874.07545014,2333404.37376333
70.6969311028748,7355143.52799992,2341685.81060938
70.714405925203,7355417.65621921,2334673.09673492
70.7318807475312,7355704.20934721,2324929.42348686
70.7541451736488,7356069.97280896,2312529.51927185
70.7973260269765,7356780.78395281,2288480.68208664
70.8124678404442,7356975.46962563,2290691.73381868
70.8276096539118,7357169.23354267,2295318.27268464
70.847797603506,7357426.10944658,2301471.11604262
70.9187734226346,7358321.42685817,2318050.01377297
70.9897492417632,7359191.5278558,2320489.0961269
71.0370145887855,7359541.77186433,2338817.75243766
71.0842799358078,7359833.52531712,2361846.11221055
71.1315452828301,7360338.47248031,2353168.97538529
71.1788106298524,7360933.77793012,2328481.88101821
71.2125766717396,7361459.6522201,2309889.42481353
71.2621593602112,7362437.66304784,2280136.07802601
71.2955939881356,7363091.28951537,2260074.2186659
71.3160914968514,7363444.46409171,2261019.04383718
71.3365890055672,7363794.08815155,2265726.66019916
71.357086514283,7364143.09140999,2270421.35631091
71.3957241012636,7364799.71048117,2279270.62219962
71.4151990917564,7364853.25917985,2301574.95118752
71.4346740822493,7364842.02190352,2329096.46722073
71.4541490727422,7364830.08711426,2356599.16124522
71.4782841844483,7364813.87285826,2390682.57103638
71.5024192961544,7364849.8220362,2417919.85948397
71.5080680902168,7364965.55017672,2409885.30543746
71.5137168842792,7365067.05964655,2401630.59029933
71.5237940576507,7365238.1791325,2386926.18031299
71.5547613759486,7365781.56894358,2341745.25101377
71.5824463420156,7366266.26085995,2301352.11436561
71.5967719016104,7366517.17287943,2280450.81838745
71.6110974612051,7366669.53741335,2282022.68789673
71.6214163691122,7366779.33510271,2288124.55338079
71.6317352770192,7366887.00949619,2294190.21418165
71.6629747628838,7367209.39266198,2312556.10313643
71.7471524300167,7368163.39984029,2328265.1164973
71.7856677630139,7368621.02714403,2323213.42922177
71.824183096011,7369275.93903983,2305420.72923604
71.8705475468549,7370191.82909411,2274751.64526249
71.8930688367741,7370637.23749578,2259860.57663492
71.9155901266933,7370916.73045573,2267753.01975535
71.9381114166125,7371144.18272835,2286069.89769288
71.9606327065317,7371370.28929315,2304354.78292684
71.9983241475926,7371745.76532825,2334955.42678375
72.0207467332497,7371916.30090018,2341096.32559282
72.0431693189067,7372082.69942222,2346193.15083763
72.0805084477298,7372342.67489983,2354680.38043717
72.0970645643138,7372461.33904349,2358445.65181482
72.1074704235077,7372706.50801601,2346330.41338071
72.1178762827017,7372991.60633464,2328147.95821773
72.1282821418957,7373278.80859744,2310007.96576369
72.1582496222314,7374110.06195087,2257764.38385398
72.1850066000006,7374850.80049141,2211117.05503579
72.1968809094635,7375179.64041519,2190415.86418524
72.2087552189263,7375309.74350436,2198783.62560344
72.2173526506174,7375388.53105676,2212806.97023067
72.2259500823084,7375463.28014812,2226760.52680841
72.247330677633,7375643.85239631,2261467.42462913
72.2785571199285,7375910.90994879,2312158.18584996
72.2945083625401,7376047.13477695,2338052.06704945
72.3104596051518,7376277.77441186,2341255.50928193
72.3305054836034,7376583.87936506,2329724.92483436
72.3452313602381,7376810.57324775,2321293.74152132
72.3866770837556,7377453.54910336,2297564.99677393
72.4253332739046,7378024.0688393,2291529.65237896
72.4639894640535,7378591.31530153,2294098.5778161
72.5026456542024,7379172.52025659,2295273.19275252
72.5313824342672,7379750.75114925,2282093.66181799
72.5601192143319,7380327.49462953,2268873.95290668
72.6007471216794,7381134.15248282,2250917.48630643
72.6126287043747,7381289.05868348,2257139.85190744
72.62451028707,7381449.17016924,2263462.08989095
72.6500327073426,7381801.47362215,2277038.85588016
72.6953731788389,7382421.32626227,2301155.5183709
72.7232288726498,7382809.32708877,2303445.32399368
72.7510845664606,7383192.12365821,2303159.97088719
72.7871617001792,7383688.22634559,2302798.24568124
72.8325860949263,7384155.92207077,2315215.16766303
72.8780104896733,7384566.39313315,2332777.96941334
72.9234348844203,7384914.75285011,2346419.28227588
72.9688592791673,7385200.05671777,2356336.76217328
72.9955534981137,7385367.93799803,2362168.09655965
73.0131356277088,7385609.93649607,2353167.79665912
73.0307177573039,7385883.24097155,2339643.73072225
73.0482998868991,7386157.32823618,2326137.81600536
73.1124448035311,7387200.7790011,2282615.38934703
73.1631279517268,7388169.2189094,2267220.26675942
73.2034981675827,7388914.23513288,2258118.81409624
73.2180386937676,7389082.37099664,2266846.50458846
73.2325792199524,7389253.70312745,2275641.51487402
73.2675871314928,7389672.98673449,2296815.19273649
73.2952148287585,7390001.82508672,2313524.03680135
73.3135948919282,7390289.18880728,2311528.87175221
73.3319749550979,7390586.81016594,2304741.65075609
73.3503550182677,7390885.29433261,2297972.76464532
73.3857077718084,7391461.18959236,2284953.49043614
73.4210605253492,7391832.17721471,2295459.00834046
73.45641327889,7392085.26572834,2322208.31257701
73.4817350632234,7392265.79473442,2341345.74200923
73.500336233033,7392401.45317632,2354842.98124297
73.5066550283867,7392531.41904407,2349068.12970031
73.5129738237405,7392650.10719878,2343110.61316506
73.5248064627109,7392862.68468122,2331971.35541066
73.5636622003159,7393577.39610763,2295397.83356532
73.5894871098563,7394051.67600982,2271089.04361747
73.6153120193967,7394307.10429643,2277381.34750787
73.6322627388091,7394402.57090145,2295652.50608039
73.6492134582215,7394495.35190496,2313864.46612799
73.6914876136389,7394720.2290273,2359283.87705149
73.7105597397777,7394992.13101031,2356497.80558814
73.7236488389609,7395238.93319465,2341266.94115245
73.7367379381441,7395489.21753512,2326108.58754505
73.7678341560201,7396090.83905543,2290094.7442328
73.7913183391298,7396543.0511777,2262895.52941898
73.8148025222396,7396905.73572849,2258734.19092185
73.8373897379671,7397235.58322257,2268076.23323436
73.8599769536945,7397561.88952474,2277376.97179731
73.8961781385811,7398081.1702975,2292282.5887376
73.9187732539381,7398155.07987104,2313774.97490414
73.9413683692951,7398183.91948756,2337845.95032572
73.9706698269701,7398221.05369366,2369051.24200432
73.9892714629891,7398243.97106312,2388861.24626525
73.9990953977561,7398256.29744768,2399323.45424535
74.0050336987155,7398383.89358528,2392619.22488341
74.0109719996749,7398501.26475012,2383170.82902776
74.0184921345804,7398653.71696606,2371258.09571573
74.0394987374332,7399083.7770329,2337975.83574337
74.0735281685172,7399777.55079333,2284059.32826211
74.0937453186238,7400189.92345638,2252027.2829122
74.1139624687303,7400547.05351541,2245034.4577601
74.1341796188369,7400908.80139261,2249622.79422474
74.1543967689434,7401268.63889571,2254171.22494621
74.1895706205094,7401890.9777851,2262084.07824883
74.2247444720755,7402111.09286718,2296709.072959
74.2599183236415,7402175.21037681,2342803.53495021
74.2950921752075,7402238.78881675,2388876.64476624
74.3103792358675,7402373.84076345,2388353.30183142
74.3256662965274,7402528.75293909,2377700.21480075
74.3409533571874,7402685.90156032,2367093.60509288
74.3822891187724,7403116.27118802,2338413.69737072
74.4237528221622,7403959.93268997,2290786.32289784
74.4652165255521,7405099.51383083,2228889.3748319
74.4961751367095,7405950.72399466,2182691.75128006
74.507410666518,7406087.36190428,2188911.33169456
74.5186461963265,7406185.1395128,2207671.85146023
74.529881726135,7406278.98306094,2226353.15555152
74.5560761648788,7406490.78837403,2269910.73409031
74.6723614150316,7408145.47718803,2286226.15057503
74.7067063784493,7408638.26078571,2272068.65319865
74.7201042326684,7408678.76495834,2287641.54922397
74.7335020868876,7408722.74715383,2303284.28411359
74.7656303825142,7408835.14279193,2340794.27381921
74.7880457002235,7408911.63659042,2366963.173005
74.8003834865906,7408961.70482263,2380455.90946727
74.8048587537919,7409065.5300973,2374986.52224751
74.8093340209932,7409151.43262157,2369254.32769091
74.816756655997,7409284.80430204,2359778.86311186
74.8386635951476,7409696.63072811,2331816.42165384
74.8707842697198,7410298.37645954,2290815.10548643
74.902904944292,7410861.24225981,2256274.54214624
74.9100830969976,7410898.88972052,2263083.56905614
74.9172612497033,7410947.19465065,2270068.25260057
74.9306582594127,7411047.71518776,2283089.72793141
74.9765044914149,7411374.1731779,2327645.91243368
75.0417634018588,7411898.04572335,2346723.31037326
75.0819552420515,7412227.87152406,2342949.51728772
75.1221470822442,7412574.39149181,2339752.6413461
75.2121777272264,7413490.96521972,2326393.86699402
75.2388224252759,7413943.73850746,2308740.18065539
75.2654671233253,7414395.53174068,2291055.27994887
75.292372653049,7414849.32001124,2273196.35010202
75.3192781827727,7415169.36013646,2278378.4182337
75.3461837124963,7415453.53188047,2292904.84265263
75.37308924222,7415736.78888225,2307407.79049844
75.3988727099802,7416006.44953132,2321305.20096051
75.4076062388746,7416187.60324484,2315448.4085018
75.416339767769,7416376.1005552,2307826.47902651
75.4289200988107,7416624.89486064,2296866.76064728
75.4666830990198,7417405.09577158,2263977.32671352
75.4888892090058,7417863.00112382,2244636.18517021
75.5025035948879,7418092.90217788,2238233.12352192
75.5161179807699,7418145.48431877,2256709.97194162
75.5257862375599,7418186.24410549,2269896.6701751
75.5495105425033,7418292.6876296,2302251.38772757
75.5843439862729,7418445.31358384,2349755.17994947
75.5980194836147,7418505.37104654,2368405.14320825
75.6068995789435,7418604.00976972,2367886.69909869
75.6157796742722,7418694.09767063,2363424.97435437
75.624659769601,7418786.29493347,2358997.2603285
75.6525065420165,7419078.83246229,2345109.5145989
75.6942203592021,7419515.09513063,2324304.91704172
75.7144413901949,7420042.8861364,2294497.55708778
75.7346624211878,7420679.34928257,2256533.19465292
75.7548834521807,7421316.77050979,2218596.94337217
75.7838886986349,7422233.49066542,2164181.07212284
75.7999628919097,7422740.88618374,2134024.50663167
75.8058666838319,7422925.68006049,2132363.91996119
75.8117704757541,7423123.78288533,2130954.73187235
75.8226563225926,7423498.52749712,2128333.80650605
75.8591544552954,7424737.46500445,2119545.31306015
76.0416451188096,7431031.68050159,2101762.48208421
76.2241357823238,7437257.39233714,2105539.18106947
76.4079227154556,7443452.07070055,2105799.85858312
76.4514146162942,7444826.14931781,2115213.55414458
76.4949065171327,7446196.89420672,2124649.39438332
76.5237537283827,7447194.38698825,2117583.31220933
76.5526009396327,7448203.11437885,2107575.00508761
76.5884839091317,7449458.15312231,2095134.09301591
76.6272243225462,7450753.24983753,2096156.44185001
76.6659647359607,7452030.47261938,2103396.71169444
76.7047051493751,7453305.84626509,2110262.14029799
76.7789565060594,7455656.06652319,2118318.68590868
76.8532078627436,7458113.58867704,2110236.51740716
76.9274592194279,7460621.27334018,2099054.41727018
77.1181942899269,7466895.19849123,2112529.93694245
77.1429824357952,7467736.96591556,2107223.4043258
77.1677705816635,7468577.17926724,2101878.72358697
77.2373384332233,7470860.08869365,2100876.92966515
77.3069062847831,7473097.96556957,2110424.55183658
77.3764741363429,7475377.75130977,2104995.76558843
77.42648178366,7476996.58613731,2104562.22462574
77.4926197832921,7479118.72928648,2108124.94581589
77.5587577829242,7481236.2042501,2108303.9026532
77.6248957825562,7483323.68137625,2110568.73481464
77.6910337821883,7485366.28267765,2117043.66505049
77.7454413383478,7487117.55051594,2110638.49686239
77.7998488945073,7488880.068265,2101881.94412829
77.8475148463866,7490397.87957048,2103714.8922043
77.8951807982658,7491916.11131894,2105597.39343387
77.9803523375741,7494531.57012456,2114662.89416587
78.0655238768824,7497192.00436218,2111196.98353064
78.1506954161906,7499887.00579053,2105433.10044125
78.2358669554989,7502529.57233472,2108737.15982595
78.2958884004011,7504330.91356528,2118853.03327774
78.3559098453034,7506129.92656665,2119242.23432277
78.4029454639562,7507545.28567795,2118821.52320957
78.4889229199062,7510154.59847862,2113906.40149314
78.5749003758563,7512700.60424971,2119067.29614023
78.6608778318064,7515220.62794125,2122086.80097412
78.7667030077362,7518393.15096939,2114217.90274163
78.8478361465993,7520822.21260582,2113808.58809679
78.9289692854624,7523265.14178121,2111941.80144186
79.0101024243256,7525792.13650635,2099208.05914241
79.0459435364766,7526828.78661848,2107712.65482197
79.0817846486276,7527866.26673342,2116242.38820783
79.1505620508912,7529879.38624965,2118443.91787352
79.2193394531547,7531866.88813503,2118335.15694617
79.3082438192913,7534381.89809663,2125721.38026171
79.3665101691553,7536093.05372163,2118058.4381181
79.4247765190192,7537800.49938894,2113460.92743583
79.4830428688832,7539508.284162,2113073.86687022
79.5413092187471,7541133.08034012,2120514.79735093
79.6112610299903,7543057.79023658,2130155.31210593
79.6737301133994,7544824.45590393,2123811.10870566
79.7361991968085,7546531.9814753,2126249.87518434
79.8144018659074,7548656.61980754,2131990.12184636
79.8715187827653,7550311.9103095,2118690.92177832
79.9286356996232,7551915.1584352,2116361.29842815
79.9857526164811,7553477.08062344,2125074.65212366
80.042869533339,7555153.04765701,2115672.43096979
80.0999864501969,7556861.59670092,2100180.198062
80.11908412285,7557379.74166284,2104828.7411654
80.1381817955031,7557900.14676493,2109537.97739714
80.1866156622222,7559227.24161015,2121481.10576124
80.2426688320207,7560793.29279719,2121376.62575024
80.2987220018191,7562365.48153213,2116849.28700542
80.3547751716175,7563861.47623758,2123632.14692129
80.395235875981,7564939.28956007,2128733.11876726
80.4542772017631,7566576.88366234,2122964.8344994
80.5133185275453,7568182.02580266,2120567.72306561
80.5723598533274,7569680.20780655,2133936.46277285
80.6314011791096,7571177.93562609,2140272.33164871
80.6904425048917,7572669.43507361,2140346.80747654
80.7494838306739,7574159.27326955,2139632.02462435
80.8632958176451,7577104.18977424,2132613.70456681
81.0030084238589,7580678.41622779,2136419.23017857
81.0673916619832,7582331.58615526,2133866.66493799
81.1317749001075,7583898.39948419,2140407.96442249
81.1961581382318,7585384.23303296,2156384.63044515
81.2317223973287,7586269.73856562,2151037.23182529
81.2672866564256,7587158.48070536,2143916.61646717
81.3187111852187,7588421.00437674,2139139.50905284
81.3701357140118,7589652.268223,2144117.66881687
81.4215602428049,7590866.88136031,2148807.39568477
81.5303359341532,7593363.17447305,2155307.30042018
81.6391116255016,7595874.65453453,2153168.4914208
81.7709600595125,7598896.46839669,2155023.3573582
81.8551908556145,7600856.50986734,2150900.15133578
81.9394216517165,7602827.22334408,2147045.02034003
82.0552708412536,7605592.51756071,2140996.44743926
82.1511985540704,7607914.65534682,2137116.60440156
82.2471262668872,7610243.54631218,2135346.65724007
82.4000230330554,7614015.1786722,2131779.35075604
82.5185192311136,7616958.97137356,2127650.75950129
82.6036563703706,7619054.03530412,2128999.98009791
82.6651054900578,7620472.15969762,2138241.02941007
82.7044431302712,7621395.38605053,2142099.28527075
82.7437807704845,7622425.45953421,2129610.30944285
82.771752390358,7623157.46993807,2120710.83334709
82.8654671024086,7625460.53648822,2125240.08544347
82.9373222084321,7627121.03227457,2138643.44855022
83.0091773144557,7628765.21166388,2144645.90140503
83.0409298928704,7629623.46820546,2129182.86204096
83.0726824712851,7630480.76193628,2113684.89983804
83.1612565797807,7632658.29413818,2120067.97221794
83.2233872887398,7634113.02980187,2134568.57333078
83.2855179976989,7635528.34742733,2139660.96444146
83.3476487066581,7636983.65600484,2136582.61887029
83.4097794156172,7638459.07555689,2130740.2092369
83.4867340501723,7640345.24923831,2121830.91165145
83.5453089945862,7641681.85678269,2131151.56080085
83.6038839390002,7642981.19686553,2143488.49308246
83.6335671517469,7643709.93492276,2137165.37280865
83.6632503644936,7644429.40086715,2130807.37321937
83.7474590913984,7646350.77945148,2133491.7221279
83.8316678183032,7648274.40526917,2137512.4093437
83.894225590266,7649788.55406902,2122071.71370627
83.9266354927655,7650519.09858918,2125506.81621638
83.959045395265,7651243.07422628,2131484.61038787
84.0013488248914,7652190.28232931,2139077.31652609
84.0671283157291,7653630.66775966,2141181.15027362
84.1329078065667,7655080.24076292,2141305.58650476
84.2249062532412,7657076.08507335,2142985.97135337
84.3169046999156,7659010.544382,2150008.36474345
84.3846218250091,7660552.75927485,2134627.60063818
84.4357240712963,7661594.20073208,2142587.73709501
84.4868263175834,7662591.34364746,2159080.08986921
84.5379285638706,7663564.03867216,2165729.40436168
84.5890308101578,7664524.46669608,2168917.06954145
84.640133056445,7665569.45490593,2161080.59539602
84.6912353027321,7666634.21536892,2150186.53750878
84.7541828449985,7667968.59498871,2145398.89229134
84.8171303872649,7669280.30134995,2145481.99154626
84.8800779295313,7670531.5978318,2154875.34710498
84.9812682031701,7672569.8329135,2152278.73306816
85.0553126991318,7673997.12804132,2158269.77661196
85.1293571950935,7675425.83001923,2161683.31825303
85.2034016910551,7676888.30212844,2155326.63776106
85.2774461870168,7678404.63670782,2149227.44049184
85.4867622773058,7682578.2455398,2154914.5778184
85.5692977957589,7684245.8446156,2149262.79027022
85.6518333142121,7685812.05918461,2156877.94915413
85.7682659831319,7687971.48048425,2162948.56986652
85.8460898597843,7689378.3012336,2165640.02796797
85.9239137364367,7690808.66412858,2165555.02740311
86.001737613089,7692355.22674475,2148478.32234658
86.0512233970512,7693310.76263193,2149996.64761266
86.1007091810134,7694269.06328471,2151626.20787391
86.173769916366,7695571.61197817,2163238.04760895
86.2468306517185,7696855.98117706,2168579.45066318
86.4160179081477,7699899.85405294,2161300.7282777
86.4899817758377,7701213.870715,2166288.77450024
86.5639456435277,7702500.29441864,2168412.08690912
86.6547671862524,7704079.86115174,2169082.0265302
86.8280243251644,7706994.4713131,2175487.04214186
86.8923633628677,7708004.62809965,2181917.37796666
86.9340496929518,7708746.19103571,2174470.80435277
86.9757360230359,7709502.29597599,2164368.83594631
87.0293600346223,7710458.44762401,2159619.59978965
87.0829840462088,7711407.42636021,2161760.29244039
87.1366080577953,7712370.47237821,2160051.10153151
87.2316929051998,7714080.45022716,2158829.90030425
87.3267777526043,7715687.6154148,2168583.44406484
87.4218626000088,7717209.31605609,2177415.13168922
87.5169474474133,7718771.53591683,2173031.45448453
87.5959252793697,7720161.81837479,2160018.79352636
87.674903111326,7721567.94060916,2157458.85452669
87.7342956407042,7722568.27716865,2162325.00662107
87.8098577415793,7723807.37750688,2171496.31273245
87.8704453342209,7724869.43356976,2162758.42500202
87.9310329268625,7725896.83338404,2161537.13581592
87.9916205195041,7726896.87481662,2167561.41847473
88.0522081121457,7727936.55305492,2164098.53356237
88.1127957047873,7728967.2031892,2161322.18114297
88.1886953870926,7730201.30831986,2168363.05721859
88.2394443026615,7731105.8221621,2161296.93169549
88.2901932182305,7732029.39888213,2150808.10099861
88.3409421337995,7732890.03171313,2154632.71502321
88.3807767822106,7733557.04187801,2160367.56218963
88.4316554356933,7734418.35095081,2162395.55138137
88.5604831656433,7736522.00747688,2167497.61206439
88.7248584006486,7738989.2627911,2181110.11918038
88.8892336356538,7741562.64769135,2166482.37534084
88.9353283091118,7742262.09434026,2169452.44347839
88.9814229825698,7742948.33458898,2175779.70755032
89.0275176560278,7743661.14877032,2176599.1851318
89.1038367341234,7744824.4129374,2172540.24276211
89.1549239526916,7745533.85300227,2180212.14756756
89.2060111712597,7746256.950345,2185822.08470595
89.2570983898278,7747065.12539193,2175744.89035086
89.2941355366317,7747650.99325577,2168426.46126167
89.4284448912227,7749909.70544585,2155628.89284617
89.5600294333959,7751883.3251988,2177550.84875375
89.6331841489885,7752929.98474006,2183442.9616711
89.706338864581,7754034.57948922,2171352.2174128
89.758187379791,7754790.10656302,2174096.44393819
89.7985072262612,7755377.90647764,2176242.93681609
89.8790570699069,7756592.42565476,2172067.29516612
89.9596069135525,7757739.44391682,2177272.36276671
90.0401567571982,7758833.34258561,2183754.38379136
90.1751891162964,7760746.0215088,2176975.48172103
90.2415519700743,7761631.64103443,2181741.58195349
90.3079148238522,7762479.00298796,2192632.18749772
90.3742776776301,7763363.67785522,2187960.22106591
90.4226756597342,7764053.68125536,2181502.5735552
90.4710736418383,7764791.7084456,2171547.74829561
90.5194716239424,7765494.39388284,2168661.09596878
90.5551618056086,7765982.67990936,2174380.83644716
90.5908519872748,7766470.52037329,2180086.64629732
90.6434994036851,7767140.64662979,2186251.63976898
90.6961468200953,7767804.24758706,2191936.35452625
90.7119471879827,7767766.70261534,2212997.91903055
90.7277475558701,7767679.48607804,2240588.77654839
90.7435479237575,7767591.37172001,2268151.19574313
90.7927226187636,7767311.59152135,2353931.50605254
90.8228928142812,7766937.8889327,2385665.97133379
90.8530630097988,7766484.44647788,2410600.61000416
90.8832332053165,7766031.35959854,2435548.44356807
90.9224182043125,7765605.87781818,2436926.80512615
90.9471439398996,7765392.35277645,2422906.29226236
90.9718696754868,7765180.10499592,2408927.08705704
91.0382974569516,7764371.31890544,2413552.73729803
91.068755428515,7763928.80575328,2430030.12683121
91.0992134000785,7763485.41309432,2446475.15699629
91.1112897149782,7763355.9212085,2443458.57495693
91.123366029878,7763230.33328133,2439676.0585834
91.1446393494963,7762988.42624958,2433015.36658808
91.186371838325,7762531.04774158,2419957.17651598
91.2281043271537,7761885.72756007,2431070.69579335
91.2698368159824,7761163.99526502,2454084.65420085
91.3027527296861,7760604.78982386,2469978.10301627
91.322297232735,7760334.56342696,2464691.68070852
91.341841735784,7760062.37145209,2459347.46997888
91.3890534962889,7759394.40314998,2446432.40254437
91.4788853218661,7758298.28701033,2429025.71526544
91.5363100268669,7757871.19680392,2402223.00091664
91.5937347318678,7757601.76669435,2365833.66039885
91.6175008678851,7757320.0913399,2375384.5258067
91.6412670039024,7756998.92261621,2394002.53766818
91.6650331399197,7756677.19342845,2412596.31309031
91.7058398753817,7756154.16955828,2437578.30386064
91.7207030617792,7756028.68218192,2431444.93434123
91.7355662481767,7755900.78755191,2425250.08009945
91.7714938376608,7755581.69400264,2410273.08494905
91.8663544888304,7754840.9310337,2389973.78203509
91.96121514,7753501.95766994,2440651.5460487
91.9899674378304,7752995.62214267,2466535.76207854
92.0187197356608,7752809.42539442,2449600.16555315
92.0369238948303,7752773.60274668,2424015.2242608
92.0551280539998,7752739.55915731,2398485.83498712
92.1000712492363,7752661.74889509,2335632.55985354
92.1041339547973,7752587.04242389,2339512.27988161
92.1081966603584,7752530.22791581,2343684.48400086
92.1146050260914,7752454.02175141,2350229.17606033
92.1329526000128,7752210.70694475,2368963.41709763
92.1818389178886,7751567.93172547,2418885.17216033
92.2307252357643,7750954.17562393,2436542.72590202
92.2701680147511,7750445.00674233,2435198.33104467
92.2976080641873,7750094.36777131,2434280.59444802
92.3141657481851,7750039.99925141,2421187.42968249
92.3307234321828,7750001.13926507,2405849.79296993
92.3529060713426,7749949.40413549,2385313.7579541
92.3889031459961,7749867.25946248,2351989.36926179
92.4249002206496,7749633.7141784,2353862.199166
92.4533132661324,7749415.16851107,2367950.8493878
92.4753595225704,7749245.16396796,2378861.12043702
92.5459061551352,7748724.89745105,2389127.66557261
92.5899197205689,7748404.37406665,2387203.68398569
92.618367580138,7748014.94853016,2402574.23808643
92.646815439707,7747516.96224156,2427255.73283123
92.6752632992761,7747027.88696901,2451918.25968617
92.6940879045079,7746702.18953775,2468236.87194974
92.7129125097396,7746536.31086907,2461444.00606227
92.7317371149714,7746413.47751958,2443701.93519797
92.7505617202032,7746291.86347695,2425998.61690812
92.8026063535118,7745969.59815548,2378801.24903154
92.8200718252054,7745905.30415059,2374089.7501956
92.8375372968989,7745843.5840929,2369434.27637174
92.8808086850481,7745700.11538956,2357903.45903102
92.93530874837,7745315.6408043,2369941.62145338
92.9898088116919,7744835.8531238,2396583.68731376
93.0299137628749,7744582.09538489,2393489.93385086
93.0602771427634,7744407.21488283,2385190.80442276
93.0906405226518,7744232.47401171,2376903.06036363
93.1181176040978,7743945.13341924,2385009.6744964
93.1455946855439,7743604.15922786,2401363.98038936
93.1730717669899,7743262.77400802,2417698.97880052
93.19749203318,7742957.25448679,2432215.43952217
93.2110361361276,7742898.45282219,2425302.64018639
93.2245802390752,7742847.27506699,2414775.50479653
93.2381243420229,7742796.88923751,2404267.24239449
93.2864144596092,7742621.25551785,2366801.67606138
93.2996902397506,7742572.49978805,2356501.25416548
93.3077229114016,7742463.23729536,2361936.73983138
93.3157555830526,7742358.46660255,2368022.34477354
93.3292557949488,7742203.00507026,2378238.34390279
93.3717545594223,7741683.49004384,2410387.24936806
93.4330720876688,7740750.3294766,2448044.32640918
93.4943896159154,7739649.91652104,2478168.55107159
93.5100081520822,7739520.88747015,2469043.28247816
93.5256266882491,7739460.80535437,2450123.79876282
93.5412452244159,7739396.7083222,2431245.56344356
93.5841195006371,7739228.27988083,2379425.29977003
93.6260920368149,7738758.78197608,2384495.1886249
93.6418842154901,7738531.53666046,2399408.42053186
93.6576763941653,7738302.03120582,2414263.41861016
93.6968253339964,7737723.78345084,2451086.33971675
93.7107470794934,7737570.13975614,2450973.08147021
93.7246688249904,7737413.36886325,2446745.63006873
93.7385905704875,7737257.48351475,2442538.68864476
93.7870777894259,7736718.80944478,2427887.47863818
93.8266010950051,7736564.0059099,2399148.28769376
93.8661244005843,7736538.85702682,2362119.16307038
93.8930313533034,7736521.71410875,2336918.61365124
93.9115253182837,7736402.39414455,2337747.26292164
93.930019283264,7736267.83608225,2349924.68397796
93.9485132482443,7736123.79792514,2362058.84372379
93.9990579119789,7735722.70678416,2395219.01209044
94.007343842016,7735732.21321962,2390450.06566863
94.0156297720532,7735734.10943832,2384175.70786947
94.0279940957872,7735739.72622596,2374836.75682332
94.0672361227948,7735760.30571803,2345198.34250152
94.0894386465236,7735770.8902384,2328428.3181842
94.099381243025,7735775.77211277,2320918.63573443
94.1054500484199,7735662.57238787,2328565.34437382
94.1115188538148,7735562.76051944,2337917.72406793
94.1200127454547,7735419.98143835,2350967.1694161
94.1454457079748,7734987.24311688,2390043.92612812
94.1972721885818,7734109.32954239,2469675.09696073
94.2068295933924,7734047.6691421,2467686.59175712
94.2163869982031,7733986.74326029,2458560.04690892
94.2259444030138,7733928.41379112,2449486.76055441
94.2513587811003,7733780.53999437,2425358.08316513
94.2881511605894,7733562.45515682,2390424.51202597
94.3249435400784,7733308.78143989,2381312.87484817
94.3617359195675,7733055.95750179,2384680.31114857
94.3903344625796,7732859.17917786,2387282.00117709
94.488960906669,7732216.42996395,2384813.13492933
94.531340673136,7731781.28062434,2398113.78785712
94.573720439603,7731295.58054411,2416746.44528318
94.5979148833824,7731018.3595832,2427380.12819479
94.6128284248483,7730930.55286842,2421871.38402533
94.6277419663142,7730845.69581674,2414268.12518702
94.6481206910172,7730730.24467809,2403891.91663526
94.6825001900786,7730537.38995092,2386387.56225399
94.7039764646784,7730375.18843079,2380423.94110654
94.7254527392783,7730062.74420938,2396733.30443237
94.7412823063915,7729833.47429851,2408788.21617613
94.7863919997362,7729187.17425784,2443145.48463222
94.7990938326158,7729004.46294549,2452819.09630419
94.8068283951433,7728993.56880235,2446432.22662862
94.8145629576709,7728974.53693811,2438159.98207395
94.8252442808601,7728950.24613318,2426766.15893878
94.8592719879194,7728877.68595625,2390467.50657805
94.8872886209347,7728816.50093536,2360580.23465648
94.9153052539501,7728662.51502019,2353644.5096176
94.9361780139848,7728517.30908319,2363006.04094641
94.9518283404404,7728407.15081984,2369989.3271515
94.9964731170388,7728085.9571592,2389906.54509613
95.0160683624982,7727999.98499855,2387382.25348894
95.0356636079577,7727916.8520274,2382277.30834978
95.0610760373863,7727809.35693744,2375667.87550837
95.1639377155227,7726848.05074832,2411045.89978638
95.2165802935719,7726200.1520987,2437568.99961426
95.2692228716211,7725527.14799808,2439746.28720025
95.3003288329177,7725135.03933734,2440829.14941768
95.3189370044751,7725027.07288207,2429814.84590205
95.3375451760324,7724920.17991313,2418740.02637349
95.3821450022857,7724653.714781,2392191.68586602
95.4267205808992,7724330.79649411,2386066.78395107
95.4712961595128,7723983.20759601,2393766.34170332
95.5048189379297,7723721.30865527,2399212.32994809
95.5694865303738,7723134.69873033,2405856.43551762
95.5995671624814,7722864.56376594,2408946.66629531
95.6175989555611,7722818.3665105,2399290.59654362
95.6356307486408,7722774.38019962,2389281.79662588
95.6723298560798,7722670.09676532,2368908.8527357
95.6931687127872,7722614.29022423,2357342.75575564
95.7140075694945,7722368.82705085,2368453.76946163
95.7348464262018,7722057.88866322,2390965.90111031
95.7556852829091,7721745.90047169,2413441.68537007
95.7847238237928,7721306.68966817,2444759.11916368
95.8017139538542,7721066.70031886,2460343.19543608
95.8120690929004,7720987.77718901,2454724.78493249
95.8224242319465,7720903.14212382,2448991.54139285
95.8436293693323,7720716.52206522,2437252.24661293
95.8926674900055,7720297.58554344,2410111.33724892
95.9240694122096,7720030.5239461,2405418.45537394
95.9554713344137,7719771.78417272,2404679.92980237
95.9868732566178,7719512.90879512,2403934.05802655
96.0281770884825,7718916.02649061,2424738.86283499
96.0694809203473,7718212.37504135,2455850.66201313
96.0905651775496,7717853.22762775,2471725.26922482
96.1116494347519,7717679.44819771,2464822.51492414
96.1278286960513,7717628.33301244,2444939.18588115
96.1400294639943,7717591.48516043,2429992.43435933
96.1724420082206,7717501.45146319,2390287.30837367
96.1916678551323,7717446.33274525,2366734.7449738
96.210893702044,7717265.89098728,2365327.330899
96.2301195489558,7717033.38141693,2381402.08735129
96.2437570684434,7716866.95841665,2392760.89853658
96.2804077808676,7716411.90451957,2423284.09952436
96.3293259171598,7715963.20741955,2427606.85559605
96.3596240352056,7715732.57272702,2415009.4563651
96.3899221532515,7715502.89656837,2402445.75300639
96.4330963407866,7715129.07027545,2402275.71855445
96.4762705283218,7714745.15205454,2407593.00095448
96.519444715857,7714461.58733111,2402312.77888193
96.5497809622767,7714337.28876091,2389374.85705895
96.5801172086965,7714213.61743146,2376458.45327068
96.6276211308707,7713888.73414192,2378941.71059764
96.6751250530449,7713483.36876312,2397983.04114461
96.70876586262,7713144.56689147,2412265.44069561
96.761393169697,7712397.06926588,2438268.22790717
96.861837035343,7711648.97300531,2398619.85170456
96.9106527740975,7711419.6327855,2367069.21597502
96.9404729841097,7711161.23093012,2380904.80723008
96.970293194122,7710903.74643213,2394774.48239762
97.0535074644734,7710265.39223053,2402987.54515761
97.1696421395798,7708933.2677471,2438721.66782605
97.1953541965295,7708571.30391159,2453792.56905071
97.2109433908248,7708470.80726702,2447584.79371115
97.22653258512,7708398.95044497,2434587.73718172
97.2421217794152,7708328.17312007,2421620.39946435
97.2901239678206,7708115.8055925,2381692.97431869
97.3257076092242,7707986.70933577,2370115.47726299
97.3612912506277,7707880.57658488,2365592.24072519
97.3968748920312,7707774.19033519,2361057.14503419
97.4179419676245,7707557.71221407,2373267.15132209
97.4390090432177,7707324.47544406,2388189.9838075
97.4656090792772,7707029.78634111,2407022.01747649
97.4925035998848,7706730.60970855,2426061.96040453
97.5193981204924,7706617.12950208,2416657.98427837
97.5396640329257,7706568.31130831,2401073.45106359
97.559929945359,7706520.31162769,2385516.40460549
97.5911204141938,7706450.05540808,2361574.77422489
97.6223108830287,7706304.91933294,2360259.29463948
97.6535013518635,7706146.58156182,2368142.11744486
97.6846918206983,7705987.83967874,2376006.67461029
97.7429388044211,7705375.13956813,2406720.48876633
97.8011857881438,7704664.0313664,2441863.8314416
97.8103995178514,7704615.70019504,2437186.24502184
97.8196132475591,7704561.45240078,2432392.62545199
97.838716403488,7704436.59439607,2422457.30332821
97.9082929331693,7704002.49705066,2390229.78926988
97.9492253373368,7703763.25184615,2388514.5408968
97.9901577415043,7703524.51174372,2386824.00842164
98.0412477258692,7703450.12972239,2367231.79975082
98.0923377102341,7703422.19389944,2343403.62688021
98.1201795464236,7703317.08397927,2347053.99168819
98.1480213826132,7703190.2456632,2357174.51647498
98.1758632188027,7703063.06296726,2367280.37693712
98.2782167436599,7702514.68848098,2383189.70913053
98.3536557911742,7701989.34651521,2394074.85363661
98.3991057758796,7701641.2424607,2401624.82126778
98.4256502833487,7701544.05484596,2393910.32570531
98.4521947908179,7701443.93439506,2385722.01853127
98.5053845630919,7701204.26083733,2372878.42708343
98.5255899803425,7701038.34150372,2380079.56864985
98.5457953975931,7700873.81115531,2387323.45020404
98.599857435578,7700441.41081364,2406708.91014608
98.6093822806222,7700441.22689489,2400881.64451197
98.6189071256664,7700437.64322752,2394803.44473221
98.638075979709,7700417.00058415,2382575.47929319
98.6835350375829,7700381.38175778,2353582.98440181
98.7289940954568,7700109.24630274,2362532.9750895
98.7558877628038,7699884.25042148,2380764.23056477
98.7827814301507,7699658.38460127,2398963.64639386
98.8605409337627,7698409.75042228,2460272.27796131
98.8879577090336,7697904.7474815,2482767.73624347
98.8975752510396,7697736.36014297,2490660.92270422
98.9071927930456,7697786.0496563,2475884.82343188
98.9145727846605,7697846.24770381,2458224.8398691
98.9219527762755,7697909.85921945,2440629.06680061
98.940919841638,7698080.3841444,2395401.68174489
98.9666019458478,7698307.13999436,2334159.80730255
98.9922840500576,7698534.48941433,2272918.68731911
99.0008687493392,7698580.33319025,2256049.97096741
99.003126966405,7698521.81720077,2260074.3592338
99.0053851834708,7698494.71212707,2264482.68585797
99.0085056487516,7698460.29611027,2270502.33494035
99.0159802900364,7698363.60633419,2284934.03846165
99.0451573114297,7697993.58136075,2341270.40728755
99.1910424183962,7696780.72707549,2395066.81327741
99.2093093608955,7696632.64833908,2391852.22401361
99.2275763033949,7696478.374143,2396043.5077985
99.2458432458942,7696323.09830114,2400207.55657891
99.3027534626485,7695850.99242182,2411174.10823458
99.3200394702712,7695807.85831189,2402511.06738844
99.3373254778939,7695762.54247613,2393786.51514962
99.378964447698,7695643.67345535,2372767.35989628
99.435135767785,7695422.73321309,2366736.31778592
99.4913070878721,7695189.85170521,2374219.41559922
99.5198728978706,7695205.74388502,2363936.65664447
99.5484387078691,7695270.96882821,2347352.25072439
99.5770045178676,7695336.48737619,2330781.97342722
99.5957494932531,7695380.78020198,2319909.15016396
99.6144944686387,7695227.41889575,2332082.49808102
99.6332394440242,7695006.27997595,2356179.49155242
99.6519844194097,7694783.75454435,2380233.53028988
99.70258040535,7694221.29468576,2438233.77310162
99.7071971991548,7694261.23889996,2431927.89892044
99.7118139929597,7694283.93161172,2425357.82816013
99.719459955677,7694307.46703676,2414505.9248042
99.7414755205804,7694399.58904418,2383266.18318997
99.77000287716,7694516.31142507,2342783.59563067
99.7985302337396,7694633.48428342,2302301.41531275
99.804995705537,7694546.49341949,2307330.85541545
99.8114611773344,7694467.02677246,2317043.21004704
99.8179266491317,7694384.09530047,2326699.05266452
99.8356290772464,7694151.45352988,2353143.65217029
99.8707308772468,7693694.95321736,2405582.28421429
99.8911368067941,7693429.20664208,2436066.3051047
99.9033178578064,7693325.38485142,2447496.96373824
99.9115918655999,7693368.52473509,2435122.32161771
99.9198658733933,7693404.91202978,2422627.53453742
99.9369463350133,7693468.05305731,2396839.48092682
99.9978829954227,7693711.69074502,2304846.09004276
100.005982664962,7693613.39365668,2310201.02385117
100.014082334502,7693513.6018309,2322329.00085278
100.022182004041,7693410.50642725,2334395.20955269
100.043135230354,7693136.87659155,2365614.26375472
100.076781957236,7692702.01333001,2415748.14375649
100.095341035177,7692461.82856522,2443400.89548555
100.113900113117,7692261.66686472,2448610.24181149
100.12796086941,7692100.9119845,2446631.29369013
100.142021625702,7691941.43683906,2444681.29699945
100.185722945334,7691451.06295007,2438621.71384665
100.235818168248,7691327.52824748,2398959.50079067
100.285913391161,7691367.49594612,2346086.60708628
100.323926070443,7691138.12497725,2351669.05479841
100.345612608387,7690952.71676347,2370478.98804643
100.367299146331,7690759.99309251,2389238.25944419
100.394369573104,7690513.99169119,2412652.09562403
100.412983309963,7690389.48276582,2414944.70437884
100.431597046821,7690265.69104278,2411036.1173217
100.450210783679,7690142.74261788,2407149.92681176
100.512279552545,7689682.07908198,2401197.21924577
100.558183421313,7689186.05965491,2417935.18920758
100.593855397793,7688800.57528331,2430953.60881444
100.614369805125,7688698.5060408,2423968.23151094
100.634884212457,7688630.53541401,2410593.8859409
100.655398619788,7688563.19738797,2397240.24314271
100.675861733369,7688498.09206617,2383920.88710643
100.69632484695,7688431.8853005,2370600.98964699
100.705668375166,7688082.66587918,2389306.49862632
100.715011903382,7687605.76862731,2425155.3935726
100.721883327352,7687251.22124614,2451425.53600938
100.737265036088,7686447.46465877,2510237.04140905
100.796576330694,7683364.21458168,2737018.98257308
100.806313033867,7682799.61027646,2756700.76223236
100.81604973704,7682146.71523364,2766239.82126321
100.825786440213,7681497.78879572,2775850.33422974
100.849165446,7679948.85330776,2798927.96150606
100.891842785229,7677114.75184512,2841049.13617949
100.919740641011,7675186.01414659,2854827.10648959
100.947638496794,7673213.07887396,2862785.26045574
100.975536352576,7671240.51344668,2870755.5137121
101.03141346542,7667492.21639932,2865314.6018223
101.087290578264,7663884.33328893,2843014.67946285
101.126427504731,7661115.01626488,2853176.44374067
101.165564431197,7658244.62504773,2875935.06713217
101.19577916924,7656028.6147573,2893492.2508554
101.224796331682,7653862.81330958,2898651.32736585
101.253813494124,7651686.23089798,2901755.45101394
101.293772789908,7648688.84452754,2906033.93524569
101.311796962099,7647632.89924228,2888401.42422397
101.329821134289,7646705.93524588,2860076.21868585
101.347845306479,7645779.96008908,2831789.66684334
101.397368833865,7643243.26465154,2754075.64511939
101.40553193378,7642675.16224199,2757546.13835189
101.413695033695,7642085.55984672,2769387.09341413
101.42185813361,7641492.47867013,2781156.30211441
101.441844361215,7640032.16650653,2809972.65618601
101.475394310987,7637586.49506262,2858350.49355162
101.493909751431,7636236.38414612,2885048.36024051
101.512425191876,7634990.70797078,2888649.69928963
101.53094063232,7633763.48420089,2880534.9208019
101.549456072764,7632537.72300132,2872460.98185618
101.599094745177,7629259.44552797,2850822.86813125
101.609784001812,7628397.10676868,2859436.27388011
101.620473258448,7627534.62412662,2869454.70927604
101.636135173789,7626269.98502426,2884118.37131518
101.693355576293,7621646.00955509,2937689.55188711
101.712714952174,7620393.47077148,2925769.17809383
101.732074328055,7619263.62925925,2897629.18505585
101.746008313513,7618451.53982616,2877413.79679916
101.783593216154,7616268.75735015,2822894.19878206
101.826497419758,7613546.84402989,2812506.26381534
101.843074081117,7612458.56590966,2821112.00992825
101.859650742475,7611368.12071468,2829665.08934338
101.901575830813,7608597.68329001,2850780.47867591
101.931330013401,7606553.09177509,2856430.05096134
101.961084195989,7604507.45459233,2862054.15333477
102.050310542662,7598555.17143581,2857832.33162832
102.082802522657,7596437.20906266,2850306.44928407
102.101209442124,7595272.66173288,2844184.67438208
102.108441870874,7595004.03609973,2831272.12542044
102.115674299625,7594729.16658249,2818224.49084078
102.13025421393,7594162.83745611,2791925.3020403
102.176846321504,7592370.64823548,2707896.83002935
102.192091658006,7591783.66387225,2680401.16732611
102.200865883025,7591416.41382827,2667445.02425227
102.206089226192,7591067.87685308,2675766.64977259
102.21131256936,7590744.57858859,2684362.79919477
102.220033849083,7590199.20792565,2698683.08558946
102.24603299997,7588571.09523514,2741373.43682931
102.297375790623,7585359.08830634,2825681.68243584
102.308900747909,7584653.33091736,2830310.36005155
102.320425705194,7583927.94303732,2830445.1999718
102.33195066248,7583204.05716722,2830607.3733721
102.368912964017,7580887.02844341,2831129.39219196
102.471885916912,7574553.87650337,2823760.13842409
102.574858869806,7568979.70911374,2774702.54102545
102.648723191223,7565352.92024939,2746562.07823647
102.684694663798,7563637.31021595,2737250.8837003
102.720666136374,7561493.12326888,2760176.83191657
102.739641024948,7560212.47059897,2785107.83950863
102.758615913522,7558930.3098515,2809991.94148849
102.784101757911,7557203.20634439,2843410.5232052
102.79661545758,7556356.3969917,2859820.55070563
102.809129157249,7555701.20475144,2853671.50238873
102.821642856919,7555080.27698463,2838691.36682971
102.834156556588,7554461.50119931,2823759.64569829
102.867242946893,7552832.55113571,2784283.50822095
102.891599202653,7551631.39584459,2755221.1905201
102.915955458414,7550353.79296364,2749188.36644484
102.946065622595,7548755.80028132,2757102.49688734
102.967997357119,7547591.19045321,2762844.30147232
102.996130108179,7546094.2702559,2770205.77117717
103.013594222056,7544896.84943843,2787850.3551103
103.031058335933,7543633.58685699,2809378.56577206
103.04852244981,7542369.96591436,2830892.35152831
103.074584102205,7540482.5303798,2862995.92249238
103.100645754601,7538617.00489541,2893097.38111052
103.103059155453,7538541.41572161,2888818.31056689
103.105472556304,7538430.52554722,2884155.28951899
103.108817977023,7538287.88755996,2877763.25879431
103.116968176643,7537939.89348156,2862177.81233836
103.147851877685,7536614.33976043,2803113.5130212
103.186564368568,7534953.81047355,2729078.33914606
103.22527685945,7533378.36633018,2696147.18660438
103.250080327606,7532419.1718301,2689289.7994466
103.274883795762,7531458.40941306,2682394.90627065
103.342666749326,7527597.33209642,2754878.3841713
103.360119422196,7526429.75918814,2787555.13953278
103.377572095066,7525260.33834291,2820176.46367726
103.39727408046,7523935.04770753,2856998.05093362
103.407433186327,7523345.14965708,2858120.95270548
103.417592292195,7522751.51533028,2852235.78300587
103.427751398062,7522160.47373275,2846399.26208593
103.455241731847,7520567.36104112,2830607.2888333
103.56743098777,7514566.22530645,2771797.51432418
103.592274660987,7513308.22125019,2759607.65638437
103.617118334204,7511690.47845258,2778098.09714322
103.641962007421,7509927.45793859,2810792.27852498
103.66052783709,7508609.27486241,2835198.24730115
103.679991899768,7507224.43192862,2860781.75000284
103.699455962446,7505841.04872748,2886366.56033333
103.702467227784,7505767.86500968,2880742.26677764
103.705478493121,7505673.11392763,2872331.85488198
103.708489758459,7505585.2993348,2864006.98444411
103.715420382354,7505385.27791854,2844828.39957701
103.740114034374,7504665.16949448,2776491.79556097
103.775238396899,7503642.26349953,2679291.41363774
103.789191750322,7503235.7934653,2640677.84239966
103.797481173894,7502994.32891941,2617738.26702161
103.805770597467,7502573.54170233,2619559.21138214
103.814060021039,7502143.72628904,2633066.01762778
103.822349444611,7501708.50169612,2646472.15174891
103.84055110523,7500743.82064716,2675912.22723734
103.881868616356,7498562.81438423,2742747.45993458
103.896759375281,7497776.46712885,2766834.25423119
103.911650134206,7497062.54562269,2768831.50670511
103.922244553127,7496549.20539086,2765644.09214558
103.932838972047,7496037.59033983,2762487.59423716
103.965777285068,7494451.34496421,2752674.69741609
103.99127252739,7493222.25102964,2745077.74807168
104.016767769711,7491568.94412517,2768067.81375997
104.042263012032,7489723.07083107,2807375.180205
104.06049698237,7488402.20568049,2835458.65461654
104.079844222266,7486997.64462257,2865253.2125684
104.099191462161,7485594.61548258,2895049.15490328
104.103595127569,7485465.07924879,2886980.41757487
104.107998792977,7485323.61674256,2874874.89027211
104.112402458386,7485188.18880918,2862849.60789652
104.12312897122,7484862.60378505,2833547.01889806
104.160911288371,7483706.89065392,2730326.59735773
104.186360804612,7482929.1126796,2660800.14697742
104.197734773851,7482581.41661946,2629727.06689978
104.204477195024,7482257.30978745,2628440.60956749
104.211219616197,7481939.62140696,2636661.87871155
104.217962037369,7481616.35684212,2644783.63056572
104.233231049818,7480876.62310188,2663183.17753284
104.28730498406,7478269.12567434,2728352.13671829
104.339624230641,7475229.62536105,2777189.30532656
104.391943477221,7472017.84033627,2821411.43935814
104.413395052009,7470943.66141649,2814110.56324105
104.434846626797,7469981.55762022,2791065.20489869
104.450456516735,7469282.67125773,2774330.5913172
104.494445492567,7467319.26592896,2727178.43063161
104.51980936422,7466155.11630985,2722463.91865213
104.545173235874,7464998.11427629,2724239.55653561
104.570537107527,7463840.52330162,2725999.55404742
104.606039023758,7462092.71940148,2735655.55304007
104.627594317166,7460673.96346305,2763038.02812069
104.649149610574,7459256.54669158,2790468.58171592
104.684308378539,7456950.33549413,2835215.76386061
104.69660840734,7456142.60803198,2850869.06053289
104.708908436142,7455569.32459791,2842246.25307624
104.718696048927,7455151.33041553,2827602.47905382
104.728483661713,7454736.1933939,2813015.35324562
104.753822286964,7453667.853603,2775252.23188578
104.792625110025,7452028.01654349,2717419.03645946
104.80895604795,7451111.28180914,2718657.72992037
104.819767107144,7450423.43175413,2733984.80629901
104.830578166338,7449731.16100882,2749217.16170163
104.854286321083,7448203.59498716,2782619.32237815
104.890571137112,7445871.54764419,2833746.16408242
104.913705571871,7444413.25230575,2846462.18528997
104.93684000663,7442944.34030358,2845133.04253718
104.954321909896,7441835.60001075,2844158.58368406
105.00588080434,7438676.91671627,2835163.13559842
105.020219185415,7438024.36482343,2819384.282364
105.034557566491,7437369.5276324,2803541.29047642
105.068893007268,7435793.23340099,2765597.97736085
105.091150402434,7434773.52285251,2741004.26792517
105.113407797601,7433616.45981723,2738717.85398933
105.135665192767,7432401.21216186,2751567.60301483
105.152093866461,7431502.91564334,2761019.12051466
105.199436675847,7428908.72101201,2788249.96051007
105.21316671973,7428249.44588983,2783356.40803195
105.226896763614,7427584.64277328,2777801.94657831
105.250915693866,7426422.63011542,2768092.01666854
105.295706736644,7424256.63497046,2749986.7083277
105.320180534739,7422958.06691919,2755103.16204504
105.344654332834,7421643.79911331,2763524.98941823
105.369128130929,7420329.26513966,2771938.78149136
105.476363202676,7413631.14138207,2840158.0634584
105.492857591989,7412543.65408879,2852618.57197147
105.509351981302,7411748.018597,2841439.17270161
105.520820273421,7411313.93683666,2820618.53754689
105.53228856554,7410883.31497998,2799877.81534242
105.558690884261,7409900.28767714,2752131.13223122
105.583890583074,7408958.76688961,2706555.86053314
105.595763410022,7408515.39454364,2685083.55562959
105.607636236971,7407900.90188842,2686172.50141546
105.620953816432,7407162.21164339,2702177.28852942
105.634271395893,7406420.05485768,2718106.40057747
105.665020608127,7404698.19473275,2754882.26818865
105.690521073553,7403272.96404814,2785383.53640351
105.71602153898,7401928.00614055,2793064.33119942
105.747748369333,7400270.91810377,2785411.61081149
105.779475199687,7398618.67280368,2777795.81968309
105.805629216544,7397168.31311663,2777997.14670884
105.8317832334,7395410.26088102,2802189.26688464
105.852360399611,7394027.79088877,2821245.52767071
105.877621468588,7392333.03255327,2844642.33243984
105.902882537566,7390730.14191015,2860166.80259135
105.908847174624,7390519.8894046,2849357.86808882
105.914811811681,7390298.20574012,2838356.21148779
105.925785778848,7389879.15891072,2818125.9954743
105.95789973466,7388670.23193632,2758939.54848952
106.002109245451,7386958.0913945,2683973.64394944
106.006443032522,7386684.41991809,2689192.51325527
106.010776819593,7386439.03653845,2694727.61309165
106.017502300731,7386051.38944291,2703274.97529221
106.037006282951,7384925.91355167,2728065.62409535
106.070370959952,7383003.15751969,2770477.02534773
106.103735636953,7381138.50550174,2804974.65606192
106.111417638526,7380814.01215152,2798433.44111744
106.119099640099,7380480.99756865,2791746.90005488
106.134121944588,7379819.35931336,2778675.15944406
106.182128127812,7377720.5504654,2736916.06449294
106.233646339541,7375040.35963856,2747054.21165913
106.25455636664,7373873.43714245,2763186.02202001
106.275466393739,7372704.95859978,2779279.21649227
106.294186767955,7371655.93564105,2793684.63577007
106.312907142171,7370827.70672623,2785609.75243201
106.331627516388,7370071.56682598,2767052.83860603
106.350347890604,7369316.95714033,2748533.4891052
106.402986534586,7367170.06362671,2701165.58782701
106.410402979386,7366791.44779651,2705447.75679815
106.417819424186,7366421.30217634,2709871.53558163
106.432564047637,7365694.93948816,2718660.44848796
106.480752647729,7363306.34576649,2747372.71357049
106.541244505844,7359595.48844137,2802010.59922265
106.60173636396,7355593.71230338,2861264.53537098
106.606389996572,7355408.08853132,2855186.98015884
106.611043629185,7355197.33029901,2848848.35063187
106.618819626208,7354850.80455487,2838291.73100817
106.642035508149,7353817.72148756,2806772.99143484
106.685668949087,7351873.62378555,2747531.17523647
106.729302390025,7350087.74135671,2717198.83396869
106.772935830962,7348397.31821098,2701212.37898799
106.805196235306,7347087.87089766,2694669.49698602
106.826019496905,7346059.93516677,2708422.92257111
106.846842758503,7345033.84033576,2722221.99441805
106.901444789137,7342366.18501578,2756462.19849345
106.909119553085,7342083.40349323,2751265.06178611
106.916794317033,7341792.77815463,2745931.44284455
106.932188645065,7341200.53687784,2735237.8306735
106.982776293495,7339268.53839545,2700109.38060848
107.034791176898,7336771.35158669,2719175.99975568
107.065677383014,7335154.48388992,2746934.43659898
107.096563589129,7333536.47996398,2774658.99223512
107.111744768263,7332850.94219202,2771789.7110916
107.126925947398,7332180.80597402,2763853.83064367
107.142107126532,7331511.83605517,2755941.1067687
107.192824508129,7329280.32356925,2729508.17404159
107.217357373309,7328551.72491897,2703287.46259366
107.241890238489,7327959.75063124,2671362.26591469
107.266423103669,7327368.11216052,2639452.42520903
107.357711120955,7322853.61034715,2739657.92177731
107.3684888233,7322167.87948569,2766717.89191055
107.379266525646,7321483.73449758,2793677.44704744
107.394742083727,7320494.25855993,2832386.46626519
107.410217641809,7319851.76754265,2827461.28311866
107.420149251391,7319503.99198838,2809249.42089217
107.430080860974,7319161.9639329,2791145.90478147
107.450951075403,7318452.13308798,2753103.92448034
107.486308733905,7317243.04591283,2688647.92045911
107.521666392407,7316278.20487057,2646553.00942832
107.55269686276,7315587.21373663,2622232.53816119
107.583727333114,7314894.65283346,2597884.80962658
107.594514229299,7314652.50212602,2589419.88243913
107.601262886745,7314417.05356529,2589048.80573832
107.608011544192,7313889.86072036,2611260.09195787
107.613013003646,7313507.78454895,2627858.06297505
107.623153155061,7312740.05679834,2661494.42228668
107.657320034763,7310140.1777414,2774823.39217921
107.695436874842,7307240.71714156,2901255.33430451
107.706894630056,7306708.43381856,2900138.94218106
107.714009102168,7306446.38897028,2882424.14767146
107.721123574279,7306193.96683285,2864881.85056788
107.734455149126,7305731.51404333,2832004.55196956
107.774984805918,7304309.77258481,2732038.16867212
107.805393036393,7303355.07771626,2662372.34974479
107.82646455072,7303071.62405531,2631447.30313425
107.847536065047,7302791.09942152,2600561.74304962
107.877493227752,7302395.55464009,2556654.34414574
107.8916117177,7302208.38282908,2535960.54487982
107.898905706152,7302111.73329961,2525269.68568061
107.903678705193,7301892.93043737,2531333.75587979
107.908451704234,7301675.66927741,2541926.06626399
107.913224703275,7301453.2171844,2552442.0819546
107.925276638082,7300888.28243927,2579007.42181854
107.970632212252,7298769.38579811,2678985.76792656
107.987876882499,7297963.46101439,2716998.17547213
107.997390095943,7297518.92407266,2737968.23300304
108.006903309388,7297229.11394118,2736298.55345061
108.016416522833,7296948.85615258,2725437.90711618
108.025929736278,7296672.61159562,2714647.13329869
108.049179014415,7296003.36073084,2688274.47731892
108.081239597287,7295077.07906764,2651903.49340677
108.096567392823,7294634.43171121,2634515.30874416
108.111895188359,7294019.26291269,2640341.03254018
108.122757405971,7293566.93369751,2649463.56654136
108.133619623583,7293112.72299981,2658552.50476298
108.16689735957,7291717.64946547,2686397.94421467
108.191132650616,7290702.65632255,2706678.14930602
108.215367941663,7289855.67775599,2704440.76768998
108.240825444078,7289044.45305876,2688091.78281766
108.266282946493,7288233.61557148,2671778.98705155
108.306398709556,7286905.12251483,2653280.15347841
108.322577917433,7286261.74183188,2661237.33539242
108.338757125309,7285620.92730865,2669247.04554909
108.380226526363,7283984.23481272,2689779.84313068
108.439420084429,7281397.63305022,2714902.9717025
108.498613642495,7278694.73366088,2737914.0620824
108.507486905333,7278429.70572649,2730494.9492522
108.516360168172,7278174.45776781,2720841.3347045
108.528339262991,7277831.54158735,2707836.21270712
108.567553614409,7276712.08008546,2665263.10723425
108.590079541012,7276068.36101952,2640807.1239285
108.612605467616,7275123.38453077,2647141.78377148
108.628800318483,7274309.91523951,2669619.30180603
108.64018505628,7273735.55032782,2685366.03204803
108.669291791404,7272261.47116654,2725622.67619919
108.688137328241,7271308.47601932,2751688.7620582
108.6976936888,7270825.1066792,2764906.37075989
108.707250049359,7270571.91711826,2755680.33565152
108.714415094792,7270404.55476825,2742975.85077636
108.721580140226,7270240.95784739,2730332.94691013
108.740401300203,7269815.53569475,2697118.25229694
108.77290116435,7269077.52892847,2639760.8332628
108.792696390824,7268628.27629165,2604825.64606067
108.812491617299,7268045.16432949,2598796.31573301
108.82916024028,7267528.02157283,2608415.69386992
108.845828863261,7267006.12951077,2617972.67277269
108.886670203649,7265721.18107282,2641386.37931721
108.930466089992,7263747.82791475,2685905.02279285
108.974261976335,7261519.29629928,2739041.3881041
108.993177244116,7260556.78241066,2761985.9588704
109.012092511897,7259753.15349703,2761648.06908724
109.034162015792,7258895.34407142,2745432.01262792
109.056231519688,7258035.12543626,2729260.96914461
109.095725063437,7256500.34442607,2700326.85671885
109.119796193425,7255586.81595249,2695323.34634947
109.143867323413,7254686.60182008,2693145.72893236
109.174094399595,7253555.6660647,2690401.70276443
109.302306489495,7248919.69193828,2678115.66943158
109.313203324937,7248713.17337528,2666475.12719789
109.324100160379,7248502.07458897,2654734.00767628
109.347502193357,7248040.96288793,2629519.34103579
109.376939749121,7247465.08405543,2597805.40985458
109.394463798441,7247122.0158646,2578925.77274931
109.411987847761,7246566.0522432,2585262.97452968
109.42951189708,7245943.91730634,2603681.3724064
109.44347113537,7245446.54575323,2618314.96453463
109.483227784708,7244025.71461325,2659990.45879843
109.532353122386,7242005.08535268,2694600.53406709
109.581478460063,7239835.14176867,2720342.49085965
109.630603797741,7237981.0431919,2711414.47006962
109.661073489285,7236936.27279347,2692681.37680156
109.691543180829,7235892.685017,2673977.45634015
109.714458954117,7234958.24092044,2677264.66742111
109.737374727405,7233956.88090741,2690980.28232227
109.760290500692,7232953.3308379,2704664.55441329
109.806958592599,7230877.93089882,2730230.20177667
109.853626684505,7228630.29458997,2742569.21902435
109.9,7226396.04026003,2754815.8516358
