0,4104039.62397836,1956116.60325445
5.69301742539422e-06,4250717.60919063,1990541.48249249
1.69277371836917e-05,4516690.37414732,2053511.04580966
2.81624569419891e-05,4754179.04398396,2110539.00108376
3.93971767002866e-05,4966258.08638404,2162307.06247501
5.0631896458584e-05,5155666.87540474,2209393.83568294
6.45117707736578e-05,5362031.14039289,2261838.10867938
7.83916450887316e-05,5541539.47296187,2308678.46336121
9.22715194038054e-05,5697711.29384982,2350579.94082044
0.000106151393718879,5833600.81213622,2388107.84822892
0.000123540892144287,5979311.29414909,2429696.13574029
0.000140930390569695,6101755.18543572,2465988.81587042
0.000158319888995103,6204671.01184708,2497673.33449683
0.000179417000652829,6307833.22634595,2530773.91460092
0.000200514112310556,6391425.86423237,2558842.56231336
0.000221611223968282,6459182.88440127,2582629.92729375
0.000247979848760758,6526204.45341581,2607314.88555702
0.000274348473553235,6577780.45891842,2627336.81925267
0.000300717098345711,6617489.57116069,2643549.48721092
0.00033522695046666,6656085.674531,2660185.00967902
0.000369736802587609,6683513.39007262,2672739.02793469
0.000413080331106346,6707089.75296037,2684216.78173145
0.000456423859625082,6722454.47019647,2692209.27610913
0.000512242605745156,6734707.04938826,2699022.94088719
0.00056806135186523,6741769.38926114,2703243.57662888
0.000644161975950344,6746898.46128761,2706532.62165531
0.000737306081084115,6749667.65055981,2708456.13377754
0.000858166576937675,6750952.1003716,2709415.64265456
0.000979027072791235,6751326.00775587,2709700.71090508
0.00109988756864479,6751436.32708343,2709766.33225845
0.00122074806449835,6751469.53278139,2709761.65363348
0.00134160856035191,6751479.98169927,2709734.69063588
0.00149099081820708,6751484.21650454,2709692.35476489
0.00164037307606225,6751485.88485704,2709647.2334539
0.00178975533391742,6751487.0075996,2709601.48911054
0.00193913759177258,6751488.01335228,2709555.60635737
0.00212120628219086,6751489.20761072,2709499.6456591
0.00230327497260914,6751490.39520227,2709443.67674179
0.00248534366302741,6751491.58188709,2709387.70667992
0.00266741235344569,6751492.76844807,2709331.7364587
0.0028991653206432,6751494.27878466,2709260.49263287
0.00313091828784072,6751495.78911836,2709189.24880323
0.00336267125503824,6751497.29945194,2709118.00497346
0.00365416306101678,6751499.1991034,2709028.39665969
0.00394565486699532,6751501.09875485,2708938.78834585
0.0042985590629724,6751503.39863072,2708830.30107701
0.00465146325894948,6751505.69850658,2708721.81380805
0.00509660620318314,6751508.59950217,2708584.97116688
0.00554174914741679,6751511.50049774,2708448.12852552
0.00613789097015954,6751515.38555269,2708264.86689556
0.00685734233009133,6751520.07421561,2708043.69833471
0.00776475296905894,6751525.98780873,2707764.74868464
0.00897730748203478,6751533.8900238,2707391.99390024
0.0107548083281287,6751545.47399288,2706845.56737874
0.0138368138832568,6751565.55941624,2705898.11940514
0.0217888353247496,6751617.38272227,2703453.56618624
0.0545769922838007,6751831.06306751,2693374.06687758
0.0963497155871141,6752103.29581002,2680532.59682901
0.12310788834738,6752636.13871193,2662127.0075627
0.149866061107645,6753223.61663878,2642054.11745379
0.188213151872088,6754064.02441423,2613286.18270488
0.201423680903366,6754445.51821269,2599899.97769617
0.206546459157369,6754869.21125246,2583337.55806055
0.211669237411371,6755283.52659026,2566595.77305468
0.220996966481522,6756040.70878446,2536135.46874317
0.250877552849634,6758466.27691171,2438559.34214876
0.298029329807147,6762293.82930851,2284583.2194946
0.304719591312488,6762760.17657325,2280239.66433206
0.311409852817829,6763249.03461806,2283954.14264174
0.31810011432317,6763730.76661303,2287577.57440287
0.333392918687675,6764833.7136656,2295873.53089228
0.389158507331698,6768855.41039978,2326123.66906315
0.427806168056165,6771585.29349898,2335560.5616779
0.466453828780632,6774288.36298141,2340427.98675423
0.505101489505099,6776984.08700947,2345035.19974778
0.576431006733725,6781878.84517474,2350290.62904129
0.647760523962352,6786822.21703515,2349103.31590629
0.719090041190979,6791788.22818668,2345754.26230209
0.806634082896355,6797746.82662638,2352830.3664591
0.816146822800112,6798216.65750663,2363702.05008812
0.825659562703869,6798688.48136856,2374664.2661774
0.846238994926525,6799708.45775371,2398370.735087
0.888659439308607,6801810.69192876,2447236.74820307
0.931079883690689,6803636.65496668,2475594.74711591
0.964284479690101,6804987.80496118,2491858.54751951
0.997489075689513,6806335.45172313,2508124.2439451
1.01638018950277,6807224.26443321,2503175.62543531
1.03527130331603,6808124.26959403,2495928.7941834
1.05952822912882,6809278.18038478,2486629.92113466
1.1088347096551,6811574.00276968,2473455.48336025
1.14141244375456,6812968.43966908,2482248.36401369
1.17399017785401,6814358.9258706,2491055.83206356
1.19381115581487,6815205.02689236,2496414.57814083
1.21363213377572,6816365.18633404,2480958.51353055
1.23345311173658,6817660.89380431,2455762.3245808
1.25327408969743,6818946.26565778,2430578.59562522
1.30209157695975,6822142.9537671,2369925.98664112
1.31966899659766,6823461.41726859,2359003.42312995
1.33724641623557,6824784.28996651,2348139.47515218
1.37987167756398,6827992.11771018,2321791.04603421
1.44380614606808,6832939.60939458,2300421.13604725
1.50774061457218,6837947.37739314,2288910.91338722
1.55700078979891,6841824.31168181,2288106.11846361
1.60626096502565,6845699.28345989,2286876.14069195
1.69794825157996,6853014.44925353,2278971.67552763
1.7073800333114,6853598.16325014,2288594.49691343
1.71681181504283,6854137.43917852,2301361.841876
1.72814794429209,6854790.86221654,2316676.17853087
1.76293634947041,6856791.77313548,2363675.64537727
1.78635435651183,6858138.77506591,2395313.61548505
1.79868784419354,6858848.1892708,2411976.27883078
1.80631619608908,6859355.57461787,2410820.33564948
1.81394454798461,6859857.25048912,2406995.2396748
1.82346849059389,6860483.07430831,2402253.21871837
1.85049424169756,6862263.39710264,2388797.66704545
1.98562299721587,6874105.67144545,2172972.22383721
2.01646457399562,6876995.17270091,2151715.33452624
2.02634384269026,6877890.81302401,2158609.92690307
2.03622311138491,6878778.66162009,2165399.21190147
2.05682394866216,6880630.55013419,2179567.38981401
2.10233434237479,6884646.37391825,2213743.82453744
2.11010064553574,6885109.62657228,2228609.82632945
2.11786694869669,6885564.41807157,2243600.91404007
2.13404329554454,6886523.50668283,2274805.59949788
2.20039485516249,6890459.01502875,2401966.64484691
2.20443842380329,6890729.36975749,2401392.11574773
2.20848199244409,6890979.84909184,2400562.75076174
2.21491873705988,6891382.10699674,2399279.26187516
2.23464394753398,6892616.09706635,2395341.65751118
2.33326999990447,6898956.84233786,2372120.5985371
2.37159615643132,6901538.59177004,2360376.94909595
2.39342681206205,6903011.59319794,2353690.15508018
2.41525746769277,6904199.43976552,2368207.69233264
2.43708812332349,6905258.69054126,2392125.25083598
2.45891877895422,6906338.2667436,2416025.99724855
2.47792544156726,6907270.97750119,2436830.12952072
2.4969321041803,6908203.89050902,2457634.57610631
2.50538199461234,6908923.69381573,2444254.4778854
2.51383188504438,6909754.69761245,2417005.51972803
2.52027449963614,6910394.08460274,2396320.50415108
2.53473961921945,6911829.16200328,2349865.32788847
2.59326268735628,6917633.58813292,2161916.83513683
2.59939245229905,6918241.56475103,2142230.92146833
2.60325852625964,6918573.9115439,2141122.78509283
2.60712460022023,6918939.61657364,2142688.1911585
2.61099067418082,6919301.67411707,2144182.06753275
2.62071730607736,6920210.7690907,2147961.43755916
2.66180000566956,6924050.96253104,2163921.20584146
2.69372725578027,6927035.29219181,2176324.33541347
2.70874080439385,6928032.96576888,2202724.36837352
2.72375435300742,6928789.14603761,2244481.87335002
2.73458496078744,6929327.84213004,2274554.40440452
2.76250629006095,6930716.42364458,2352087.08852228
2.79434690799975,6932300.26325052,2440502.910832
2.79874321887962,6932518.94250149,2452710.69212073
2.80313952975949,6933020.98459093,2442053.94743451
2.80753584063937,6933536.5111413,2420778.40792432
2.81193215151924,6934065.0307833,2399684.82147596
2.8198661950492,6935017.01557809,2361589.6193001
2.84603513844828,6938155.04837614,2235942.46766641
2.89349498864967,6943846.44857373,2008069.53325296
2.90136078857095,6944763.48007179,1976911.83364061
2.90616854278053,6945301.66626929,1977965.90833021
2.91097629699011,6945862.66768576,1979284.81864106
2.91872927366333,6946764.15950527,1981372.56644885
2.94503505074796,6949821.10969872,1988468.45275409
2.98750135085037,6954756.30542584,1999923.01071578
3.02996765095277,6959835.6006831,1990727.29978057
3.07243395105518,6964985.11524842,1972737.67397137
3.10060798409777,6968386.1611924,1961203.16038128
3.11809948546221,6970455.84778021,1964160.42560082
3.13559098682665,6972529.17292063,1967178.3576623
3.17807498807629,6977565.43420674,1974502.83249688
3.25181583934661,6986075.16401666,1995485.72125659
3.29618980341336,6991136.28473321,2010240.95575641
3.32230520563707,6994168.28223016,2007137.61036702
3.34842060786078,6997203.41464517,2001945.56481937
3.383248205152,7001247.12064982,1995037.1796355
3.55738619160813,7021641.69048309,1977848.13940079
3.59286183597096,7025800.0641077,1976656.36937833
3.61748737460234,7028536.43808765,1987784.87868159
3.64211291323371,7031218.89518334,2003929.50792526
3.66673845186508,7033900.45153254,2020059.2101836
3.76025879296631,7044567.13940259,2001387.99463432
3.81560620525293,7050959.72443626,1978813.38567029
3.87095361753956,7057217.96221326,1994218.48682375
3.92630102982619,7063437.01973126,2004406.09162253
3.98164844211282,7069618.71061721,2008746.60988541
4.03699585439944,7075377.72734626,2042714.59329056
4.09234326668607,7080937.65513188,2091544.93802781
4.13151390330646,7084666.61834373,2113808.26471675
4.17068453992684,7088344.67397692,2133023.31213311
4.20985517654723,7092014.85428193,2147430.1667642
4.24902581316761,7095674.1950495,2147341.93750475
4.288196449788,7099346.03747959,2147240.98262158
4.3587940832829,7105778.331427,2159103.30315557
4.40275849418723,7109772.44578569,2166894.28989196
4.43078266330824,7112383.43540269,2161127.73565045
4.45880683242925,7114993.53311428,2155326.88810363
4.53933075115802,7122498.33200438,2145371.96188746
4.59208550577137,7127414.46769057,2143496.15834269
4.64484026038472,7132187.12746088,2154343.23873773
4.68405429288567,7135706.64762055,2164111.50295587
4.74046092398606,7140762.43349421,2167979.07898732
4.79686755508646,7145834.4031179,2167781.04247776
4.83384163704827,7149010.75841412,2176824.14599156
4.87081571901008,7152183.21366248,2186747.9936968
4.89711866640347,7154443.24754022,2193805.71347625
4.91362246685936,7155960.36434013,2187255.97547813
4.93012626731525,7157494.44991575,2178257.95039474
4.95119994027694,7159443.39025409,2166785.76286985
4.98550624235703,7162624.41331309,2148107.81880049
5.01981254443712,7165640.87362739,2150369.82191283
5.0541188465172,7168569.18897132,2168220.79752917
5.07818606322332,7170662.57636861,2180711.18608073
5.12821277814193,7175026.84081449,2186349.83508394
5.1628781005504,7178081.59925571,2179218.96115067
5.19754342295887,7181137.7989321,2172111.06423081
5.31014848656511,7191154.02677478,2163977.75541561
5.33763181758087,7193451.99275834,2175095.70889107
5.36511514859663,7195757.91673018,2186250.83198761
5.39492370515591,7198259.96618808,2198349.06132135
5.41437990460444,7199975.74717365,2194412.12357355
5.43383610405298,7201718.72990773,2186144.2546185
5.45329230350152,7203444.49854604,2177896.13818301
5.49138361775464,7206841.78026224,2161744.47296912
5.52947493200776,7210156.89993934,2165793.53815902
5.55664858233988,7212440.56945164,2172997.33732689
5.58382223267199,7214774.89198651,2180179.65165253
5.64126777588675,7219743.04939937,2179757.59791015
5.69871331910151,7224727.38430655,2173144.97628016
5.75615886231627,7229667.11761546,2175341.61852251
5.79962525790243,7233404.41511201,2177169.20654061
5.84057053186846,7236794.01681117,2186563.30487874
5.88151580583448,7240182.64725716,2196048.34524184
5.94799501559642,7245717.88360191,2197247.47311654
6.01447422535836,7251223.59251438,2196161.02758791
6.080348239254,7256567.32153016,2206691.52401246
6.14622225314965,7261985.6075986,2203332.1460097
6.21209626704529,7267434.0467778,2195762.5581972
6.29749045423807,7274463.56169308,2196151.74341456
6.38288464143085,7281343.75622006,2206765.38356742
6.44454545868575,7286302.88549497,2208040.15805771
6.50620627594066,7291273.22298565,2207502.99124133
6.6119819008258,7299614.61715357,2218065.71425596
6.69024149488424,7305697.97996075,2224275.72070413
6.8048879998183,7314567.49034389,2227302.14071112
6.86166475694986,7319068.07214036,2217178.29232367
6.91844151408142,7323520.33451915,2213428.29348014
6.9603729940023,7326736.96693652,2220565.23791107
6.99725352584118,7329577.68291942,2226838.5142879
7.01982066239539,7331405.97575672,2219932.68157493
7.04238779894959,7333246.73988421,2211463.17278126
7.07520618520591,7335912.07787931,2199154.94737895
7.13224715960589,7340421.50379668,2199154.6407444
7.17114246661153,7343436.60090068,2210497.60029617
7.21003777361717,7346447.63619174,2219102.72544104
7.2489330806228,7349438.2435925,2219806.03585401
7.30324760425464,7353621.63637135,2221037.79781328
7.42387636579228,7362704.56897547,2232815.18241395
7.51872313453677,7369788.84575084,2238041.25061614
7.58347709673091,7374652.26880882,2229563.18110504
7.64823105892505,7379478.97366867,2231536.7263335
7.71298502111919,7384261.84461637,2236918.49772157
7.77773898331333,7389007.11609248,2241436.65543265
7.92421235615044,7399539.05990097,2252343.90506198
7.98999722347631,7404187.48783675,2260838.59597912
8.02539363657182,7406817.8464798,2250145.3834353
8.06079004966733,7409509.33036439,2233324.68265279
8.09618646276283,7412201.40362506,2216516.21089511
8.12213579475469,7414116.11343501,2218545.84009834
8.14808512674654,7416018.70312719,2223141.99745534
8.18044111320392,7418410.84244093,2228863.35443295
8.31135894994498,7427673.6653752,2257589.42418979
8.37569576028424,7432154.49454631,2260097.80823341
8.44003257062351,7436723.46461744,2253661.35004088
8.57063845963782,7445962.72706344,2250653.15159003
8.64275950404517,7451049.83888117,2251846.74587899
8.71488054845251,7456085.57958742,2251860.75857071
8.80476615171503,7462195.60941564,2268619.73200174
8.84533488416126,7464988.75856174,2264816.84124376
8.88590361660749,7467780.64484478,2260989.71113091
8.94277042758358,7471549.00795591,2270132.41951406
8.99963723855967,7475275.04773922,2284116.32502122
9.01702062793515,7476482.63837798,2278891.05982748
9.03440401731063,7477688.72311836,2273400.98652957
9.07133030800303,7480244.81734834,2261742.38232163
9.13903669124895,7484833.01049007,2259827.24873864
9.20674307449487,7489359.71423267,2270735.9564742
9.25937611474104,7492901.1509516,2267920.58871573
9.29947881264163,7495598.84604509,2265763.45307248
9.38080067168429,7500990.20492602,2270661.02992252
9.46212253072694,7506401.72555673,2269383.61219613
9.54344438976959,7511765.15621646,2270906.07491957
9.67005728974338,7520028.77734992,2277105.06138074
9.79667018971717,7528404.08284941,2264452.81080716
9.82998411898226,7530542.32918572,2269496.94411192
9.86329804824736,7532670.28682247,2275667.21849351
9.91686741224817,7536078.29910886,2284901.8422077
9.99869215947661,7541150.21226444,2296704.29950556
10.026567604938,7542930.94647596,2292513.79673886
10.0544430503995,7544715.18345386,2287883.57768587
10.112268371171,7548394.76707053,2281170.89982756
10.1700936919426,7552029.20275687,2285268.36942969
10.2279190127141,7555606.65596095,2291545.27043935
10.3003124514991,7560011.18981142,2302227.92303896
10.3261642553926,7561659.03818332,2296039.95211501
10.3520160592861,7563304.88063006,2289812.39377822
10.3920175580031,7565848.73315527,2280176.13637837
10.4194138739554,7567490.72624382,2285580.5700704
10.4468101899078,7569100.30774621,2296041.23265434
10.4742065058601,7570709.27487106,2306488.97544885
10.5064707960719,7572692.6265619,2313365.05048883
10.5387350862837,7574666.77822038,2298303.50152918
10.5628102049567,7576270.12149515,2287059.19117275
10.5946947863066,7578319.10647327,2272155.03957675
10.6154262647031,7579585.61923976,2274193.44620255
10.6361577430995,7580840.09798732,2280403.56532419
10.656889221496,7582093.8027511,2286599.28047001
10.7058194046791,7585079.6066693,2298930.37305558
10.7391441186241,7587109.64236065,2295681.22259231
10.7724688325692,7589159.32178238,2292410.01040051
10.8780276676117,7595553.08996821,2296187.84501441
10.9835865026541,7601885.54643876,2299377.53782575
11.0891453376966,7608133.07873005,2304504.26975757
11.1947041727391,7614290.22274789,2309391.11047818
11.2658182456949,7618506.48183801,2303840.02459229
11.3369323186507,7622630.17869968,2307260.37021271
11.4080463916065,7626683.94808043,2317795.77793225
11.4791604645623,7630778.41940336,2313077.90324542
11.5289973484057,7633649.74224858,2310908.06337911
11.657904923663,7641021.45295813,2313791.80194549
11.754989530086,7646433.93448997,2322748.86749253
11.852074136509,7651777.13273833,2327509.09400999
11.9725082420993,7658656.07354051,2305247.43068344
12.0026707346977,7660396.04496622,2298131.88075322
12.0203752578213,7661309.36407589,2307828.90314956
12.0380797809448,7662221.59787308,2317588.65001547
12.079679769669,7664371.17296412,2340519.82569219
12.1299109560193,7667176.7087929,2335007.94776123
12.16070172704,7668970.52507637,2317620.87576295
12.1914924980608,7670765.8249543,2300265.86823699
12.2289333721121,7672883.46319339,2300015.97723089
12.2663742461635,7674990.04656061,2306018.95925199
12.3038151202149,7677094.36305371,2311744.16163599
12.3794074586895,7681248.57366389,2318503.40896568
12.4549997971642,7685303.73813452,2328672.90133134
12.5629744504609,7691034.87368674,2333988.04925928
12.7209642548278,7699496.53172785,2326626.43739534
12.7948264187616,7703398.07250354,2332253.40154667
12.8686885826954,7707279.57966148,2333647.00569292
12.9425507466292,7711124.58951153,2336249.43157602
13.1548206299546,7721758.38614154,2359362.58971374
13.1923178890555,7723558.8466543,2365712.42711007
13.2181029363547,7724913.79433297,2357909.77570804
13.2438879836539,7726306.1507212,2344810.00419649
13.2696730309531,7727699.09651907,2331724.37899713
13.3662021852937,7732825.33094385,2322428.30922895
13.4120200565521,7735192.43718208,2329541.07451891
13.4578379278104,7737429.40864199,2344683.75987693
13.4955536310802,7739253.26242487,2357147.88382183
13.5192726056854,7740465.70042298,2354002.2967128
13.5429915802905,7741684.34150503,2348232.41426912
13.572567788156,7743204.34010118,2341047.17867978
13.6970960190713,7749641.01250333,2329987.04956797
13.7506935181618,7752289.68837585,2339609.45073163
13.8042910172522,7754940.44055573,2348996.30021571
13.860469290928,7757717.96344368,2347327.35550861
13.9166475646038,7760480.76032703,2347482.38341964
13.9728258382797,7763199.61867868,2352041.32176875
14.1612046671317,7772284.77267299,2351992.40377227
14.257370024106,7776890.01890648,2354767.56270945
14.3535353810803,7781402.36112189,2362331.27336183
14.4497007380546,7785762.76395619,2372752.0756263
14.582432063197,7791732.71418224,2375462.43044579
14.642581040932,7794659.64484246,2355712.7935788
14.7027300186671,7797673.82443229,2331472.31159659
14.7154073359332,7798257.16989987,2335249.35523991
14.7280846531993,7798844.20466223,2339093.36441522
14.7578731351523,7800230.31698755,2348123.27720766
14.8941790965897,7806653.73776285,2352426.89070062
14.9334623270955,7808486.80488741,2353697.28577719
14.9727455576013,7810311.78079605,2355834.79233525
15.0418663450289,7813497.88054935,2360138.16251158
15.2083658679969,7820958.9650309,2373657.24230725
15.3238941009274,7826043.58663864,2374790.65716695
15.3873541887434,7828923.75752764,2364865.56911928
15.4508142765595,7831730.5293919,2368197.13063997
15.5002787889761,7833906.54405997,2373372.98519253
15.5625221729819,7836626.30070866,2374277.65318014
15.6247655569877,7839360.73329732,2373328.42594347
15.6870089409936,7842115.96677324,2369556.16951515
15.7297113915348,7843825.06975953,2383010.96620766
15.7724138420761,7845463.07924374,2403586.78239558
15.7977268914134,7846433.93557459,2415777.57749684
15.8134204473278,7847094.36432022,2412583.06762869
15.8291140032421,7847755.05952191,2407451.37029776
15.8504995982935,7848656.60649236,2400470.44593519
15.9270084577331,7852007.056647,2374544.20270823
15.9865986232885,7854758.33433562,2352976.69359398
16.0461887888439,7857456.22629213,2352091.01435831
16.0881147368904,7859349.45930312,2355742.36685039
16.130040684937,7861109.26451969,2367433.74118088
16.1719666329835,7862820.00844821,2382358.77205919
16.21389258103,7864554.43807727,2390634.24043189
16.2442599754733,7865834.62991333,2386786.37702823
16.2829101688243,7867464.43502324,2381897.68671868
16.3894202397791,7871930.17274733,2380902.29946337
16.495930310734,7876338.20498069,2384626.54219655
16.6044071608198,7880826.98889216,2383041.96444514
16.7128840109057,7885268.06023819,2385752.28781343
16.8463291718585,7890525.92816782,2398500.41228707
16.9797743328114,7895825.7659993,2390214.49778349
17.0324061956964,7897818.7383314,2397332.39849986
17.0850380585813,7899736.85711232,2414643.64330821
17.1271136809372,7901319.26446021,2415176.87177546
17.2019941565571,7904204.0349132,2402053.11360305
17.2224187097997,7905124.95817775,2390177.26789553
17.2428432630422,7906044.75596886,2378263.88811337
17.2981475807819,7908529.34567491,2346004.24043416
17.311628334158,7909047.65826798,2351283.02029545
17.3251090875342,7909565.44561394,2358817.11487864
17.3424284836604,7910229.78218275,2368480.13199281
17.4047699098154,7912672.07185059,2399878.05941513
17.423075218013,7913365.78762351,2397046.49203669
17.4413805262107,7914101.24372558,2394168.30479452
17.486371951436,7915900.97723668,2387093.61065908
17.534912510747,7917752.74694149,2392104.08071171
17.5834530700581,7919573.60976664,2402116.65401806
17.6319936293691,7921408.46277104,2403552.91700212
17.7084656352624,7924319.43159039,2400225.71357843
17.7849376411556,7927123.73608892,2408812.71149058
17.8428706681444,7929339.2120919,2402681.49629451
17.9008036951332,7931581.54973047,2392263.30305736
17.9375299540404,7932964.98687771,2394996.53945697
17.9742562129477,7934349.23862215,2397753.44518181
18.0863152570321,7938407.37354774,2413230.90370248
18.1583103949225,7940979.74454283,2415156.9557633
18.2050392684803,7942665.00654317,2413543.74320524
18.2517681420381,7944486.64397812,2400114.63275188
18.2870969819922,7945863.71216543,2389949.78071847
18.3321304623451,7947435.90653203,2400622.81949807
18.3771639426981,7948947.13464597,2420925.54317386
18.4078484913201,7950001.16512371,2429535.32757394
18.438533039942,7951108.21563072,2422742.29355294
18.469217588564,7952215.03128436,2415941.38214068
18.5398382091649,7954621.48261729,2419984.59930932
18.5791808560262,7955909.11864362,2430797.53281928
18.6057889852473,7956706.20134454,2442043.8804697
18.6323971144685,7957256.83875056,2467694.60397957
18.6590052436896,7957807.87917339,2493362.53185773
18.691229105705,7958477.17858224,2524448.7882931
18.7234529677205,7958513.6302309,2579198.7094825
18.7479485244371,7958370.94260038,2627691.57519974
18.7724440811537,7958228.08630977,2676166.72516192
18.7929898265585,7958106.5132198,2716824.35727446
18.8135355719634,7958035.89243064,2729123.88455878
18.8340813173682,7957950.71492889,2726278.85049959
18.8489671985054,7957890.46626223,2724252.72977666
18.8902608832955,7957730.05964718,2718637.29736794
18.8998527124192,7957692.16446132,2717332.2898059
18.9019466518776,7957806.91134078,2710687.2566066
18.904040591336,7957893.40849212,2703052.98324196
18.9066673548785,7957997.68864447,2693562.28899834
18.9122049064027,7958231.68639403,2673541.29586589
18.9322742890453,7959072.81484421,2600977.60842196
18.9603526902747,7960251.06726204,2499457.54729113
18.9884310915041,7961429.00785339,2397937.14997144
19.0184963794606,7962605.34701212,2359051.41491239
19.0281725433933,7962999.23859432,2360956.83142697
19.0378487073261,7963386.52714259,2362750.80917812
19.0578647351031,7964176.8740023,2366467.40220278
19.1018111140893,7965890.84153304,2375678.49662112
19.1186166054999,7966414.55403751,2388567.22403038
19.1354220969105,7966925.89687234,2401505.73259751
19.1782403777955,7968236.46186986,2434472.11501802
19.3923317822203,7975101.59503769,2406210.54073439
19.4107582570129,7975703.73204446,2405103.98840795
19.4291847318054,7976286.8274748,2412530.3827821
19.447611206598,7976868.60035979,2419925.07310924
19.5019448451706,7978602.94129981,2438969.19910132
19.5093129967634,7978932.75543828,2431536.79647165
19.5166811483562,7979254.45714577,2423964.07439183
19.5311663284574,7979875.28877095,2409087.2024997
19.581733433512,7982061.29341555,2357158.69570392
19.6378419728123,7984263.69074482,2355985.84272601
19.6707084769495,7985507.59307359,2371454.48866359
19.7035749810866,7986768.9352635,2383692.44170806
19.7230343229822,7987601.78982066,2375289.4190609
19.7424936648779,7988432.24181897,2366828.99027929
19.7894870094761,7990428.90045936,2346395.42532805
19.8532284588336,7993211.17464661,2334493.08553862
19.8842011043712,7994561.06601337,2330246.85960998
19.9037506616823,7995372.97461543,2332366.6245439
19.9233002189935,7995964.67133236,2355105.00629729
19.9381325065609,7996414.93170049,2372391.63633243
19.9801969700181,7997698.06412717,2421418.13770141
20.0008160706549,7998337.24041484,2443753.35685925
20.0067683569834,7998600.61712527,2438307.7670659
20.012720643312,7998850.19223938,2432651.18685908
20.0232224116135,7999276.50383169,2422690.35585972
20.055764411499,8000620.50480297,2391830.77128875
20.0843120908569,8001798.06944399,2364757.58977027
20.0993223882641,8002417.39630067,2350522.70408117
20.1074621970572,8002651.62894677,2356840.74944876
20.1156020058502,8002899.26340566,2364683.9746637
20.1270113882175,8003242.94113248,2375651.36958414
20.1624023692686,8004306.51722598,2409670.86182325
20.1911652185173,8005172.27824518,2437320.27390979
20.219928067766,8006078.67059452,2443326.29318054
20.2486909170146,8006984.11805978,2439519.16802678
20.2774537662633,8007890.29586785,2435734.10390078
20.3402936686762,8009749.1705534,2443164.3104354
20.4031335710891,8011552.22739864,2456626.85879678
20.4146691662578,8011972.83481509,2449202.26247794
20.4262047614264,8012389.51082394,2441696.94427313
20.4522465103725,8013320.36396686,2424755.20133179
20.4880834566633,8014606.68587139,2401443.64797978
20.5239204029541,8015667.01510333,2411352.57170612
20.5487766107267,8016342.31459126,2429918.44764026
20.5736328184993,8017016.62201638,2448453.10171552
20.6452598789821,8019026.72399252,2462511.33666594
20.6842699855517,8020136.94999346,2457565.10894027
20.7232800921213,8021344.95663081,2447861.50441707
20.7944166863328,8023635.19921605,2424188.85746563
20.8317907359961,8024781.49683195,2426815.92339126
20.8691647856594,8025922.71977395,2432154.18738941
20.9157679414229,8027289.23397883,2441088.62900899
20.9623710971863,8028539.54042856,2454539.20364512
21.0362294480111,8030323.81008782,2483434.37425131
21.0782144765169,8031203.77312706,2504376.53310185
21.0990531292025,8031640.53202339,2514767.29486604
21.1058133368835,8031891.01784202,2507637.04970893
21.1125735445645,8032136.25679697,2498524.55712602
21.1218284655614,8032474.46504904,2486084.7148719
21.1499811365103,8033508.08171595,2448241.2755684
21.1835695873111,8034739.12138501,2403089.93161385
21.2015512236027,8035375.26903303,2382413.55029692
21.2075397478431,8035512.045135,2387944.7776213
21.2135282720834,8035661.06313412,2393663.4541844
21.2245022177457,8035947.32759514,2404124.9234562
21.2596511404982,8036842.40515277,2437626.88822206
21.2931442471111,8037696.80597807,2469552.09510645
21.29893023124,8037844.34644238,2475067.16924044
21.3026863429963,8037637.13093671,2492931.1800339
21.3064424547526,8037387.31178132,2517556.03635507
21.3101985665089,8037129.79786362,2542047.46847199
21.3176972170895,8036609.42419852,2590964.29142607
21.3427564698618,8034883.68992996,2754438.82804298
21.3788727133457,8032394.60601405,2990041.76815931
21.3911175496241,8031550.85596621,3069920.66998278
21.3979731853537,8031078.42831268,3114643.21119009
21.4048288210833,8030555.55397433,3134838.41166602
21.4116844568129,8029912.67351791,3143705.5271306
21.4185400925425,8029277.77005168,3152689.77160097
21.4333720516393,8027916.28360929,3172125.9921744
21.4807534408699,8023549.48230197,3234198.28888126
21.53752855983,8018517.28225735,3249563.50214953
21.5710757362249,8015585.11299884,3240546.38815514
21.6046229126197,8012645.91698957,3233210.16070675
21.6381700890146,8009656.24254208,3236319.47392012
21.6717172654095,8006666.78749314,3239443.65833834
21.7877433629512,7996556.63506526,3229677.50223607
21.821381595945,7994297.94519839,3191614.8643545
21.8447142818854,7992971.74534671,3151714.09514354
21.8680469678259,7991646.17741456,3111849.81168812
21.8978674880681,7989957.22602416,3060907.05394191
21.9066485114535,7989864.49347916,3031912.48319434
21.9154295348389,7989876.81411047,2998049.20705476
21.9242105582243,7989890.57566781,2964225.92085924
21.9507067872882,7989938.17643895,2862166.30599897
22.0007177125549,7990078.19524295,2667515.96098563
22.005448467102,7990458.40457723,2636233.09069903
22.010179221649,7990822.71378254,2604632.14582326
22.0178389786701,7991395.19898279,2553498.44385614
22.0393976281195,7993035.15808892,2409589.31651912
22.0607477068094,7994656.77993676,2267070.10468121
22.0820977854992,7996278.88841343,2124551.24977062
22.0919998736555,7997031.25173054,2058451.57041554
22.0979014717939,7997479.64514163,2019056.47002055
22.1038030699323,7997793.45754677,2009650.83721953
22.1102110244337,7998201.2186127,2019336.19280368
22.116618978935,7998602.06590055,2028802.57664321
22.1283176411124,7999319.44846194,2046110.08369589
22.1701652223277,8001911.57043127,2108019.1113222
22.2581779732851,8006708.93774661,2215691.83336518
22.3034630107639,8008997.75351605,2261748.97757826
22.3186075620082,8009749.81397159,2263575.09392968
22.3337521132526,8010498.02465375,2265326.77904628
22.3697550710615,8012266.48687227,2269491.82331317
22.4078146151541,8013950.90407913,2280878.97193117
22.4458741592468,8015588.60394899,2319622.74004756
22.4746798736392,8016580.72105778,2348942.15364648
22.5413722137533,8018752.41181642,2406207.78418849
22.5826559672265,8019945.55855074,2437584.24756229
22.6239397206997,8021200.59038485,2446865.48209815
22.6652234741729,8022475.19953455,2439894.73068663
22.695739182854,8023417.81683198,2434760.65226413
22.8009408515643,8026714.46920782,2429568.52304424
22.8777026899465,8029104.76767013,2430279.05133213
22.9544645283288,8031460.02605389,2433727.57805807
23.0918320763885,8035592.93710844,2438229.96332117
23.2100676648404,8039048.56741944,2444937.14447517
23.3283032532922,8042540.14913519,2440595.68625972
23.4029098731957,8044829.52480583,2429878.26941421
23.4520401024282,8046284.29716241,2434248.34895368
23.5011703316607,8047747.06984321,2438298.28413191
23.5388906923775,8048948.05538567,2430686.27160918
23.5766110530943,8050152.31212064,2423050.14998708
23.656372567087,8052642.88297431,2421988.85077504
23.7361340810797,8055059.91683716,2429516.75050456
23.8158955950724,8057369.05026683,2440974.65684212
23.8956571090651,8059521.83100062,2457115.18517097
23.9288706282925,8060491.93874292,2451820.6393796
23.9620841475199,8061468.6043875,2444663.61643599
24.0111248633695,8062909.04593387,2436416.40239055
24.060165579219,8064349.64628675,2436135.13386885
24.1208254748252,8066089.3672621,2439252.34290203
24.1814853704314,8067752.87668194,2449052.409619
24.2658761596679,8070165.24768018,2443655.7182572
24.3307345235297,8071959.82545852,2445075.08867271
24.3789459382461,8073220.96959833,2456540.47100481
24.4271573529626,8074524.35651763,2458044.5636972
24.475368767679,8075852.69013652,2451737.17942207
24.5235801823955,8077157.16082157,2450220.18914518
24.571791597112,8078441.96793989,2453763.49334095
24.6200030118284,8079804.68485149,2449339.57311304
24.655376145488,8080875.59719343,2437734.4023015
24.6907492791476,8081947.02471725,2426146.07060617
24.7331001807135,8083194.74592843,2425679.2016609
24.7754510822795,8084436.79687068,2429024.01187975
24.8178019838455,8085620.56329488,2435644.45983473
24.8601528854115,8086729.82217546,2446860.85901731
24.9025037869774,8087841.50014935,2457197.25804928
24.9428673461554,8088937.63993077,2453721.06941458
24.9832309053333,8090033.25935418,2450219.75270701
25.1081764239283,8093402.29275781,2449179.8361419
25.1839917128306,8095341.03126479,2458436.70633194
25.2598070017329,8097318.85133043,2456815.86442454
25.3356222906352,8099347.90166378,2450449.70462787
25.4114375795376,8101398.2187465,2445338.73195843
25.4872528684399,8103310.40986311,2458947.43985883
25.5439343294476,8104703.50329941,2464240.83522738
25.6125389060131,8106389.79774292,2466788.07645146
25.6811434825786,8108137.55041293,2459783.04479696
25.7497480591441,8109828.50316014,2462215.06856913
25.8183526357096,8111575.6505031,2460332.58226289
25.8731989989955,8113125.70978605,2441349.75813304
25.9431719130817,8115034.96581296,2437195.92596831
26.009288473688,8116781.03558494,2446268.73159358
26.0754050342944,8118363.88637079,2462237.14402155
26.1415215949007,8119990.43324489,2464640.74340919
26.3411866539128,8125076.98771628,2451681.82879872
26.4660792081951,8128129.00311736,2462864.41970113
26.5909717624775,8131079.25253284,2468128.1295077
26.7158643167599,8134055.3679837,2464800.93937076
26.8758291946068,8137786.00906953,2472454.6501823
26.9893579803208,8140198.54463662,2487050.75371446
27.0363237115901,8141429.99682452,2467049.72404029
27.0832894428593,8142724.96993472,2439354.27969507
27.1302551741286,8143964.34691495,2433419.27685795
27.1799328672868,8145257.47303308,2440018.54159939
27.229610560445,8146411.36345371,2454283.56019078
27.3080098381495,8148115.29840581,2480641.05574466
27.3432040364347,8148930.88068941,2474783.51418923
27.37839823472,8149752.68972366,2468895.24144605
27.4789160638353,8152054.90574218,2467733.25071167
27.5794338929505,8154378.16490369,2465632.63828743
27.6799517220658,8156510.75826207,2481353.86638297
27.7527047092973,8158169.67701781,2472511.33019271
27.8067953395484,8159423.55344388,2462321.99448741
27.8508270556512,8160336.93882061,2472188.58214223
27.8948587717541,8161253.36509978,2482079.12730897
27.9579133686808,8162376.99396986,2499509.59525285
27.9932605053803,8162994.96180066,2509445.87394155
28.0171497054482,8163537.32491304,2501500.8587458
28.0410389055161,8164112.73123382,2487631.69054533
28.0649281055841,8164688.48934946,2473778.26991791
28.1540923843268,8166639.89186069,2469785.81784669
28.2432566630695,8168717.29967421,2463388.96137874
28.3324209418121,8170939.70149356,2442952.73984703
28.4215852205548,8173000.28297312,2460038.01992056
28.4841276919751,8174352.43578937,2469774.5691613
28.6191227451243,8177112.6082134,2484448.40896817
28.8141961776973,8181199.12829327,2470345.00865206
28.8727844520163,8182451.9877035,2471744.68894343
28.9313727263352,8183663.84083741,2475802.7099797
29.0172434627712,8185398.58313795,2482518.23650011
29.0891104483528,8186875.06839084,2479332.55543248
29.1609774339344,8188170.25821455,2494027.81982293
29.2120917806579,8189096.87900516,2501708.2211064
29.2632061273814,8190096.30062878,2492883.49561111
29.314320474105,8191094.70358322,2486352.64763558
29.3654348208285,8192101.56670482,2485789.04887449
29.4791499004216,8194739.2478395,2448735.10926168
29.5240113825462,8195743.68708536,2447364.27832953
29.5688728646707,8196676.79688422,2463127.64366942
29.6014121748346,8197355.60765185,2474275.2462212
29.669225114666,8198632.6575728,2484949.13650785
29.7191231380012,8199559.76828814,2491206.99631583
29.7809624333108,8200672.12439104,2495751.68919469
29.8690985394004,8202449.26092713,2480282.97197225
29.9331784851182,8203721.7528764,2476935.84233997
29.9972584308361,8204952.80454241,2485189.04854057
30.0613383765539,8206116.06522339,2491120.50868024
30.1442426210416,8207674.91087205,2489527.908769
30.2271468655292,8209278.94530664,2483406.54992701
30.29078013827,8210479.15445806,2484275.52472652
30.3327491766262,8211130.66618202,2498053.43162946
30.3747182149824,8211729.96802688,2515609.12275496
30.4012853715612,8212115.11739256,2525775.3227076
30.418558546862,8212431.44149901,2520200.69466361
30.4358317221628,8212745.5331314,2514564.08797405
30.4784108854343,8213507.86791972,2500664.81041022
30.5513030985078,8215034.06653438,2473336.76889739
30.5929962574251,8215986.01274022,2456849.76219645
30.6200894367349,8216501.71576642,2460648.34592579
30.6471826160447,8217006.39647528,2469638.24656125
30.6742757953545,8217510.89598354,2478616.63463097
30.7388433240311,8218808.8576045,2478838.60451973
30.8034108527077,8220153.23953691,2466242.86338306
30.8421238917471,8220881.17476232,2473142.35657996
30.8808369307864,8221609.61642094,2480071.80306254
30.9944781151286,8223590.24978066,2497694.21243576
31.1488888832646,8226288.30488162,2491258.71039612
31.2528089355603,8228204.82482453,2485365.86160633
31.356728987856,8230063.89782071,2490095.21951899
31.4389082003056,8231442.38284627,2497350.7847392
31.5210874127553,8232773.76328465,2505128.63952846
31.6032666252049,8234224.56668832,2490766.98583382
31.659979476491,8235216.29910606,2491239.40313034
31.7166923277772,8236179.17709631,2493994.41689235
31.7734051790633,8237075.32722197,2502244.89529147
31.8959758773322,8239122.75846772,2496123.09476522
32.0185465756012,8241312.89574192,2486364.94874783
32.1012953172677,8242840.55351052,2480805.92875487
32.1515008850294,8243663.51559418,2490057.05204143
32.2017064527912,8244492.95449244,2498896.79119909
32.2428040402065,8245193.01531782,2496016.17925866
32.2839016276218,8245898.66038081,2493117.31785038
32.3671910281759,8247251.32814253,2497914.86304417
32.4504804287299,8248623.1943563,2496877.85882334
32.5928217889506,8250943.71531254,2500904.70318739
32.6896815981137,8252461.5478766,2502999.52377586
32.7865414072767,8253962.31428519,2504376.41411162
32.8996430267932,8255572.65590916,2515743.10130544
32.952993387351,8256359.93723684,2512669.56516137
33.0063437479088,8257177.12061877,2507271.82063656
33.0596941084665,8258211.49287317,2485090.00911552
33.0988543203977,8258971.13862673,2468796.80809866
33.1164903541248,8259259.93140918,2472220.14906774
33.1341263878519,8259544.36603942,2476467.27833559
33.1660788412156,8260084.55482188,2484163.50130432
33.2863957282059,8262001.87040117,2499245.64129472
33.367668762955,8263149.4604056,2510983.43423827
33.4489417977042,8264427.63622974,2502647.12273748
33.5554430979538,8266164.30106065,2494164.63025694
33.7417675729326,8268926.55706178,2505785.50622698
33.9280920479114,8271651.32975872,2512096.28508581
34.1144165228902,8274091.72576451,2518696.66413114
34.1441076326454,8274610.92865279,2505645.69953833
34.1737987424006,8275129.68062504,2492562.82775934
34.2602437648623,8276394.45262807,2500972.6900052
34.3226643264642,8277229.4020165,2515028.91508031
34.3861181788191,8278073.4251508,2517188.65250408
34.4495720311739,8279082.93979075,2502311.49070575
34.5000142076762,8279921.00331023,2486654.26668421
34.532968761753,8280460.24184181,2486952.74791656
34.5659233158299,8281000.05237454,2487280.45892952
34.6636087006392,8282404.78010907,2505228.66657162
34.7385095308427,8283467.22610705,2509756.98493572
34.8134103610463,8284553.82538622,2502928.28220858
34.8883111912499,8285526.09602587,2515173.36940071
34.9476573670879,8286308.95473835,2516028.55034513
35.0070035429259,8287105.65259676,2513718.61649425
35.0663497187639,8287995.2891866,2504126.91284182
35.1256958946019,8288819.71512009,2503847.91590511
35.1689093334811,8289367.81848468,2512637.75743613
35.2121227723602,8289924.61093658,2518261.55601958
35.2553362112394,8290491.43234741,2515706.87362096
35.3418298781624,8291565.215199,2519809.44343262
35.4283235450854,8292620.96492491,2523437.91789836
35.5148172120084,8293816.27231518,2507888.3009165
35.7153744918994,8296662.39429924,2503003.47769065
35.8585742300041,8298721.75695257,2501387.09903147
35.9673868734668,8299999.42434517,2525574.53003328
36.0101443924125,8300486.61655523,2533177.63794114
36.0529019113583,8301104.22403323,2517288.71626562
36.0956594303041,8301722.05021091,2501389.63818786
36.1263494689533,8302092.59418515,2505436.96078019
36.1570395076025,8302459.17540139,2512110.04402999
36.1974845960936,8302942.54840145,2520899.82605093
36.23663201613,8303477.72148956,2515561.56138256
36.2757794361665,8304024.9613329,2509234.55504684
36.3446885225775,8304873.5746465,2512460.27904082
36.4599587210003,8306057.90368673,2537207.70364612
36.5410994419541,8306837.51348696,2542649.93994979
36.5829712522818,8307264.84514955,2537323.00771459
36.6248430626094,8307922.96317174,2515138.19167328
36.666714872937,8308724.87009663,2481218.95481157
36.6934311964767,8309236.38169167,2459587.00673822
36.7201475200164,8309600.89732293,2466170.91099997
36.7392535389938,8309841.98631964,2477638.15986773
36.7583595579712,8310082.67462026,2489083.76020024
36.8002894094929,8310605.98908952,2514056.53370317
36.8255866676048,8310898.23926662,2516595.50044562
36.8508839257167,8311189.22060757,2519088.90429434
36.9168688231387,8311943.84613597,2523342.45562004
36.9828537205606,8312718.08021804,2521019.17537407
37.0861081848693,8314039.54904612,2510372.37223413
37.1521044965719,8314818.24476042,2515415.02803927
37.2181008082744,8315588.20260443,2520811.83184551
37.3052588144031,8316624.4112881,2517842.66457235
37.3745911899731,8317371.79747427,2524822.97421333
37.443923565543,8318190.61563099,2521010.25578458
37.5393368919946,8319284.67802866,2520222.06408659
37.6347502184461,8320263.63346226,2531670.42165054
37.6869921081092,8320796.99092724,2531558.21898258
37.7392339977724,8321566.89937567,2510664.21074047
37.7806434395266,8322233.63427234,2488568.68932294
37.8220528812809,8322772.02103166,2488487.30324946
37.8525692859535,8323105.660558,2502889.45721325
37.8761009114516,8323362.50467004,2513971.0917912
37.9512237917907,8324073.37869436,2534380.15925152
37.9939677600918,8324448.47590322,2541985.95252801
38.0235171011857,8324801.74482215,2535176.73427392
38.0530664422795,8325172.36392685,2525191.8387577
38.090168343156,8325637.5749627,2512661.71095324
38.1281989974566,8326051.65574085,2514415.56520247
38.1662296517572,8326450.69617808,2521349.30298889
38.2042603060579,8326856.34023341,2526966.57801536
38.2546345668868,8327456.17874868,2520526.78511594
38.2935921455353,8327920.3886902,2515535.66631475
38.3770909650531,8328868.61906817,2518120.55215935
38.4605897845708,8329792.0269703,2521050.8529012
38.5919127769578,8331105.05005974,2533081.95524196
38.6564101002184,8331797.69344458,2527525.85065887
38.7209074234789,8332414.60223789,2529388.33406682
38.7674649512253,8332744.26808022,2544898.75078152
38.800423513023,8332988.06573419,2555473.43777392
38.8119523777401,8333151.27995485,2548330.04817651
38.8234812424572,8333318.20946896,2541092.68655941
38.8489970507082,8333671.860327,2525073.00597095
38.9017843176828,8334411.60877557,2493330.51513825
38.9182833948768,8334607.85218645,2495868.91637644
38.9347824720707,8334806.51484022,2498476.12073079
38.9739775331165,8335292.4791171,2504675.37409325
39.0896440072098,8336544.3253396,2524404.14412273
39.1620633893836,8337298.88978661,2524615.48586531
39.2344827715573,8338059.9384983,2524137.48686739
39.4142055393259,8339957.5904018,2521953.53249363
39.4668446689136,8340427.47711174,2531201.32642997
39.5194837985013,8340945.47424652,2533214.78289757
39.5594131961413,8341389.28984759,2525273.53920015
39.5993425937813,8341833.40183006,2517342.83345347
39.6356725878312,8342163.92391857,2523482.36293279
39.6720025818811,8342490.62357148,2529901.61671314
39.7558643909675,8343336.75772765,2528242.52402213
39.8604845903627,8344459.39918329,2519862.60722742
39.9651047897579,8345411.92592201,2534674.64316527
40.0697249891531,8346314.59555158,2538409.61790659
40.1449651444483,8347185.26886689,2517984.75838156
40.1924293059558,8347816.45318293,2498831.5998814
40.2199549039736,8348071.67222844,2504781.96862381
40.2474805019914,8348298.52616492,2517361.06215426
40.2750061000092,8348525.33714033,2529926.20143368
40.3362810756236,8349091.50353135,2536190.47158393
40.397556051238,8349689.79268843,2527351.77462428
40.4436866728951,8350149.52903804,2525989.61524158
40.4898172945523,8350607.7673012,2524936.63385005
40.6084774716108,8351827.30849226,2522036.4101173
40.7789540590454,8353382.90034117,2535976.23032544
40.869399104985,8353957.81641038,2555000.13167194
40.9598441509246,8353930.6888557,2607199.33736621
41.0737059053826,8351709.09509119,2784292.88703023
41.0901473886981,8351246.72914273,2817118.40388023
41.0993069306828,8350988.75642105,2835387.8672438
41.1049487475812,8350444.51860096,2860229.98923245
41.1105905644797,8349877.88878636,2887380.92808101
41.1181545750469,8349115.28638013,2923731.70240357
41.1396534423817,8346939.13893273,3027051.1231742
41.1657797424658,8344298.74689661,3152612.48740849
41.19190604255,8341657.65550318,3278172.69086085
41.2004932945844,8340794.3438836,3317359.03982709
41.2025530069756,8340616.31291258,3318620.62487129
41.2046127193668,8340383.2843094,3319393.21740627
41.2073188923767,8340090.59061161,3320501.74959011
41.2136941887026,8339404.29982373,3323095.62884661
41.2373383180031,8336847.10939638,3332707.18045503
41.2915219967428,8330990.46368726,3354738.3270896
41.3230646048811,8327723.9676811,3350418.04461437
41.3546072130195,8324498.58721687,3339663.32919548
41.3861498211578,8321272.79471496,3328916.40260984
41.4559031343984,8314196.83896954,3320829.85101848
41.5256564476389,8307171.19921568,3316152.44014842
41.6157881587808,8298184.46423953,3309349.16203524
41.6851217009032,8291325.94910244,3305499.98551765
41.7328752555896,8286349.7945564,3318759.11830531
41.780628810276,8281267.11165439,3339313.55224853
41.8283823649625,8276429.35379915,3334263.70623484
41.8761359196489,8271739.07092278,3311511.34607844
41.9106042408574,8268289.49263082,3303325.98861194
41.9356851914655,8265692.3879076,3311060.25303316
41.9817463303987,8260922.00392098,3325250.42587774
42.0363499470443,8255376.84257653,3324828.75786876
42.0909535636899,8249879.27833076,3315650.87553009
42.1455571803355,8244377.97671999,3314163.16300207
42.2001607969811,8238877.94047787,3314226.53945621
42.2869530944508,8230110.96779593,3315443.82800473
42.4254472903894,8216207.44479446,3311581.56656276
42.4860834877485,8210099.02615284,3313227.02585384
42.5467196851076,8204357.83586202,3292869.2686502
42.5923204964174,8200118.50885934,3272577.45619481
42.6199760439337,8197399.71368602,3276919.26560306
42.64763159145,8194637.47296939,3287816.70293486
42.6752871389664,8191875.32415773,3298702.72779729
42.7408220624626,8185401.17799764,3304470.96385423
42.8063569859589,8178974.57540568,3297987.41674044
42.8718919094552,8172648.88942578,3291347.94906361
42.9422072157693,8165694.81193329,3297902.41178907
43.0125225220835,8158713.82434449,3306227.47897514
43.0584281314364,8154403.3753045,3289184.25655674
43.1043337407892,8150074.38904233,3274579.8271435
43.1335892914665,8147218.05230296,3280373.07204947
43.1628448421438,8144361.91614139,3286196.52493569
43.244250673389,8136786.85880479,3273660.35252059
43.3022287228935,8131585.84213073,3248816.86326343
43.3198186675314,8129945.18273677,3252137.6077775
43.3374086121692,8128306.55090416,3255513.84832698
43.3822727013012,8124139.27920965,3264139.55686923
43.4404848257467,8118986.26503175,3253182.31192174
43.4986969501922,8113938.68486364,3232426.66917539
43.5176406438574,8112192.03449443,3237383.70350636
43.5365843375226,8110444.58760171,3243284.83835889
43.5695789365413,8107401.1687754,3253561.31001921
43.6439734664326,8100646.69568359,3257169.27468086
43.7183679963239,8093914.0772392,3251882.86663617
43.7927625262153,8087056.05240401,3261197.52697866
43.8671570561066,8080296.7403369,3256542.42051598
43.9220263260695,8075341.08559797,3252528.58238599
44.0288486823035,8065938.31040665,3237725.83904993
44.0813797037603,8061555.87718656,3218988.06987497
44.133910725217,8057864.26559788,3172737.53450628
44.1623757756361,8056062.06846677,3139382.03356618
44.1908408260552,8054259.85260436,3106043.55524113
44.1978197108333,8053819.5612577,3097871.28409183
44.2047985956113,8053885.69529693,3063555.49342601
44.2117774803894,8054096.65099149,3016218.65173409
44.2187563651674,8054318.7475312,2969016.42864659
44.2335657984896,8054787.62951414,2868838.23683974
44.2874566982633,8056491.22092094,2504291.36244467
44.2975030930055,8056809.18533112,2436332.66523241
44.3075494877477,8057316.84683109,2396346.82262019
44.315019056615,8057792.43760638,2374016.60010139
44.3224886254823,8058262.52121624,2351611.21751427
44.3416102682614,8059457.95546188,2294262.34900374
44.3665739662137,8061023.30389313,2219393.99715324
44.3915376641659,8062587.94095703,2144524.91969888
44.4167142255161,8063767.45468111,2152449.73735027
44.4259201108031,8064165.23372413,2171264.20930446
44.4351259960902,8064556.08200475,2189950.48684282
44.4545200501985,8065366.27278832,2229326.09876272
44.481816546216,8066514.6749533,2284747.94745216
44.4961188517758,8067115.91909551,2313786.33007179
44.5104211573357,8067798.05846788,2316722.50146785
44.5247234628955,8068468.81448479,2309465.54807215
44.5390257684553,8069141.9402907,2302258.646588
44.5783250757599,8070999.60646467,2282455.34982746
44.6401611706801,8073804.49617097,2280901.02821524
44.7019972656002,8076566.59173777,2294593.12522971
44.7321123890741,8077974.88343891,2288168.18744821
44.762227512548,8079381.79985966,2281703.35078484
44.7909203269261,8080718.07967285,2275542.16584701
44.8196131413042,8081773.16496853,2298048.72262172
44.8483059556822,8082720.97248425,2334124.92200981
44.8711939609326,8083476.51658627,2362878.38802296
44.9461463544436,8086456.75659712,2353992.09769558
45.0210987479545,8089635.1834362,2306783.56187805
45.0960511414655,8092660.5731898,2327801.87720977
45.1173888218182,8093623.61949749,2319808.43283511
45.1387265021709,8094599.48153862,2308517.118188
45.1655626942313,8095827.15139325,2294328.71153677
45.1953126759455,8097189.64281385,2278600.17258837
45.2122770612126,8097820.63424013,2287988.50084043
45.2292414464797,8098419.62216922,2304668.70457406
45.2462058317468,8099017.51224991,2321319.42103812
45.3008983536276,8100948.98110449,2373302.31432054
45.3079123072962,8101280.8035914,2367034.66485556
45.3149262609648,8101600.44598886,2360564.73937913
45.3280138684453,8102179.54517335,2348507.99153163
45.3720197563611,8104154.46742464,2307975.65334467
45.3957000535249,8105216.09831493,2286163.5234709
45.4114305342094,8105852.36860931,2287093.96541616
45.427161014894,8106484.65420835,2294079.36172917
45.4428914955785,8107115.8110801,2301038.1063781
45.4956773220171,8109228.34435699,2324388.87163648
45.6226522658376,8113970.54487388,2349942.26964029
45.6632303774271,8115591.04198924,2337008.75973613
45.7038084890166,8117200.3396324,2324924.58075779
45.7693451152385,8119876.46108265,2319123.43501173
45.7963086718784,8120972.49444665,2316740.58291659
45.8134865520601,8121512.77516176,2329801.32324532
45.8306644322418,8122023.65558532,2347031.35576344
45.8478423124235,8122534.00184481,2364244.91154148
45.9140872197145,8124441.33870959,2421881.7265057
45.9618143523795,8125649.62603229,2439930.32279697
46.0095414850446,8126857.7155226,2454459.81512741
46.0572686177097,8128057.62558362,2454834.61860189
46.1049957503747,8129265.45915191,2454412.42700584
46.1802814433776,8131280.89885057,2443040.12662037
46.2555671363805,8133053.93676762,2460284.24679799
46.3116461934857,8134334.49715137,2475150.34933253
46.3794227545881,8135949.15171872,2467032.25866764
46.4326350952195,8137194.89238703,2465710.10477119
46.560237991545,8140173.99947912,2467863.18992689
46.6878408878706,8143129.95247856,2468583.03607299
46.777228955834,8145271.7024673,2461621.30965128
46.8666170237974,8147334.92405997,2466730.6467437
46.9560050917608,8148967.44352527,2503968.57348884
47.0019103150207,8149710.10303524,2528677.09884455
47.0096639952697,8149927.44061189,2521576.38003036
47.0174176755187,8150136.6906044,2514329.41909173
47.0333156919322,8150550.33538141,2499478.25968391
47.0892065650315,8152028.15116404,2447277.77868282
47.1209888370501,8152760.44655744,2445016.573275
47.1527711090687,8153462.50591843,2457139.21102955
47.1775900733949,8154010.33969781,2466584.01187358
47.228870720983,8155315.03751968,2460271.96055569
47.2644754291054,8156302.31373611,2441794.88536824
47.3000801372277,8157288.48758277,2423422.25170549
47.3117628631365,8157544.52014923,2428771.29493379
47.3234455890453,8157802.56575344,2434223.00178017
47.3491988792798,8158385.64779988,2446239.8732177
47.4531803346908,8160678.86366284,2473617.70182715
47.5261984046194,8162245.40042108,2477439.2891687
47.5801487056328,8163395.96082697,2478760.80861114
47.6983658217567,8166064.47284164,2464579.58307023
47.7537799215375,8167294.57569447,2467151.59779593
47.8091940213184,8168503.8351023,2470458.53128092
47.9053016713638,8170540.9021445,2478719.96518664
47.9715493165753,8171988.11074333,2473776.77743648
48.0377969617868,8173255.7275068,2486418.5659166
48.1040446069983,8174407.99425081,2510127.53641568
48.1277161845072,8174868.12420894,2505928.28647189
48.151387762016,8175326.75901786,2501684.37168702
48.2161683964443,8176674.05151261,2484157.91665595
48.2809490308725,8178319.86949215,2448741.66108849
48.3457296653008,8179858.27797325,2446773.59664069
48.3966414040084,8181041.70072973,2456289.92904531
48.447553142716,8182097.03075938,2467812.41691915
48.517015661728,8183530.97782483,2479378.47585524
48.58647818074,8184976.2769071,2477434.36535413
48.6559406997519,8186389.0386716,2479509.56341376
48.742845624657,8188114.0503098,2484127.22702723
48.8701550656734,8190652.61046794,2482100.35897066
48.9974645066898,8193307.50249795,2472990.98111185
49.050802270372,8194329.99189344,2481010.72789748
49.1041400340542,8195326.58991949,2490851.57649922
49.1504827241505,8195962.59548423,2512010.09692066
49.1968254142468,8196598.40173916,2533186.48368935
49.212920856111,8196911.35849874,2527771.38709098
49.2290162979751,8197231.43912499,2519059.93564177
49.2493229070605,8197635.80321955,2508086.32748555
49.3249980978792,8199229.23110301,2472991.6272425
49.400673288698,8200996.68230099,2449986.99474019
49.4320643112717,8201703.72287481,2451808.35407617
49.4634553338455,8202411.45358109,2453661.99702713
49.555307877026,8204309.94268038,2471293.02039082
49.6871595839214,8206866.95517051,2483582.5081057
49.7856327444396,8208740.37404785,2485915.99868316
49.8841059049577,8210600.81286545,2486608.64175224
49.9716260588872,8212161.51771098,2494228.28100159
50.0591462128167,8213811.56163532,2487659.5962134
50.1466663667461,8215431.83593994,2487224.34349363
50.2742129554968,8217606.38091142,2502676.85121459
50.3671681887802,8219071.91652066,2511069.29278591
50.444135383386,8220467.05650124,2496314.36195573
50.5211025779917,8222017.08843023,2473019.19686841
50.6711494049552,8225020.14081319,2473730.60105051
50.7687375940406,8226921.02956214,2476815.52871103
50.8663257831261,8228628.87542394,2493070.139077
50.9639139722115,8230311.46466214,2495975.40698105
51.0615021612969,8232032.13222699,2491539.09840669
51.1590903503824,8233684.74660173,2496920.51105779
51.2813139800793,8235759.19660802,2495501.809093
51.4035376097761,8237798.06907523,2499066.32831431
51.4637511170296,8238632.88411445,2513528.77236772
51.497295728625,8239097.80759306,2521593.39012755
51.517741255592,8239500.73387842,2512476.85448848
51.5381867825589,8239911.87453463,2501113.11786289
51.5667693208323,8240486.69085489,2485235.41316251
51.6381733120528,8241842.8292941,2472982.38186648
51.6857069659522,8242711.1342625,2480860.14914476
51.7332406198516,8243533.68013432,2486573.46672955
51.8392008623846,8245275.39348025,2498556.03583991
51.9834456987163,8247598.84426725,2498706.89393052
52.127690535048,8250038.9617475,2492949.07810305
52.2227762484144,8251522.35729443,2503883.85857999
52.3178619617808,8253004.46606317,2503822.6376641
52.4129476751472,8254601.53211304,2492327.36218328
52.4841906871481,8255729.42011046,2499023.09858463
52.5403007927383,8256652.8137933,2497411.05372829
52.6110804497042,8257812.99411927,2493904.83501678
52.7070143126261,8259300.97046708,2502882.64900809
52.802948175548,8260788.06633089,2502138.96262604
52.8988820384698,8262231.64803234,2505662.69689657
52.9948159013917,8263703.65930221,2502811.70847259
53.0907497643136,8265166.33916814,2503074.66685646
53.1866836272355,8266465.38927546,2517001.80561659
53.2290295912915,8267186.47892909,2505881.84670009
53.2713755553476,8267968.61946291,2486424.4969403
53.2999347072429,8268495.9599276,2473308.85363512
53.3170283858617,8268743.68679598,2478642.59819418
53.3341220644806,8268992.95029297,2484105.10295924
53.372794556339,8269572.51801413,2496468.69132589
53.4660477679281,8270941.83383447,2506568.96392432
53.5593009795172,8272299.62097486,2507123.7875439
53.6525541911063,8273674.42378955,2505246.8895971
53.8056258146201,8275863.19704805,2510674.00674824
53.899482435259,8277018.75808941,2525387.8475649
53.9933390558979,8278140.49014914,2528218.07130522
54.0296198031656,8278777.95891356,2510725.59318028
54.0659005504334,8279453.52474533,2488964.66424856
54.1021812977011,8280117.53792148,2469371.70060528
54.1154903068702,8280297.71795221,2474637.10387226
54.1287993160393,8280481.22200394,2479984.00936977
54.1598655712975,8280923.67184089,2492467.44590149
54.2911011961991,8282717.44769911,2513452.66441456
54.4223368211006,8284643.82934252,2501713.98008385
54.5170865595037,8286028.38995842,2502559.63557976
54.6118362979067,8287344.97721188,2508668.02675001
54.7065860363098,8288653.60192422,2508948.48422177
54.8013357747128,8289817.08210293,2522178.47816276
54.8433531423131,8290416.43248487,2514754.02971432
54.8853705099134,8291016.15680749,2507306.44338637
54.9577035713624,8291981.56235176,2509629.83226355
55.0300366328113,8292948.73202359,2512247.89927364
55.1215332635909,8294183.35186134,2510130.2972611
55.2130298943705,8295408.26598659,2511496.07285119
55.3942859650478,8297858.38195169,2504908.78697712
55.4346155405628,8298323.83606636,2512790.98102082
55.4749451160778,8298776.79845871,2522644.57465134
55.5340800380457,8299496.74818505,2524188.01825934
55.5932149600136,8300248.70267401,2516145.1785736
55.6523498819815,8301139.5541734,2502732.9676958
55.7114848039494,8302015.71994184,2493877.16486246
55.7706197259174,8302773.16637836,2507016.95515691
55.8176612250926,8303371.43485481,2514149.91750812
55.8647027242678,8303954.93354755,2515674.58053019
55.923299058819,8304692.37263721,2516910.76329407
56.0240732853839,8305944.47878537,2515331.99521198
56.1248475119488,8307243.50885037,2511668.31849005
56.2256217385137,8308438.90001337,2520582.33500361
56.3064121271851,8309344.92647165,2526292.06904302
56.3624804433675,8310058.05351311,2518067.63855058
56.4185487595499,8310756.6371567,2513482.09424929
56.4746170757322,8311434.37192365,2516357.12957293
56.5593710507178,8312554.79555529,2509027.11580467
56.6441250257033,8313611.67833812,2511578.23416066
56.7288790006889,8314569.55393805,2523769.82197763
56.8136329756745,8315524.36772462,2524406.17442736
56.89838695066,8316636.57941315,2507339.41029059
56.9389056275583,8317106.70157439,2512096.59734562
56.9794243044566,8317569.99900363,2517418.32424236
57.0630857198748,8318557.41603127,2519170.04319886
57.1467471352931,8319521.80791557,2519955.46638241
57.2707623317719,8320746.13691804,2537509.15927101
57.3298937578192,8321463.91757181,2527330.94980836
57.3690199496944,8322051.4666266,2505154.8933369
57.4081461415695,8322598.64508451,2490756.82690018
57.4373401213725,8322907.23500999,2502242.72600521
57.4665341011755,8323215.91611146,2513751.77381433
57.5586689307354,8324244.60340127,2522481.12910159
57.7392800917437,8326320.70285776,2522751.45346759
57.919891252752,8328373.30171621,2507721.16520845
57.9362672715466,8328527.4945067,2512876.79196463
57.9526432903413,8328683.47614321,2518095.32906842
57.9928859972287,8329080.28896139,2530924.97291846
58.0420939597609,8329578.75484571,2531738.63335676
58.0913019222932,8330076.95862611,2529995.28566037
58.1578163939403,8330840.29234528,2521562.94043848
58.2243308655874,8331592.90107647,2517373.02694828
58.2908453372345,8332312.77679207,2522228.82600233
58.3573598088816,8333131.25462412,2514017.99981087
58.4099065964587,8333749.87096111,2510536.61249505
58.4624533840359,8334215.61954212,2527332.02425789
58.515000171613,8334730.79239757,2535517.0517981
58.5531058706826,8335169.7353884,2525645.98867402
58.6023899103167,8335753.5614525,2513854.39574579
58.6345768341987,8336074.24065742,2518630.85342115
58.6667637580806,8336395.21128068,2523437.20679632
58.7613334418686,8337435.24059285,2520734.35583623
58.8497126661582,8338383.47887928,2520874.9817375
58.9380918904478,8339314.58669013,2524500.03159935
59.0070626614138,8340017.1879099,2524361.30178341
59.0523868293779,8340327.24630679,2539180.2737886
59.097710997342,8340639.37383106,2554018.79128827
59.1298122768577,8340932.93047118,2549056.63402074
59.1619135563734,8341225.00686961,2542848.37402578
59.2149062132029,8341727.16394568,2533593.91164741
59.2924996629244,8342543.82188109,2523800.68541127
59.3826096622906,8343699.5645593,2503350.56527248
59.4386375097233,8344339.984627,2506921.42222221
59.4946653571561,8344946.16276948,2518139.31137018
59.5506932045888,8345520.49156678,2522004.1841928
59.6067210520216,8346070.94385605,2525820.39674824
59.6769805151078,8346657.16319306,2537484.32375202
59.747239978194,8347364.57463825,2530296.25589248
59.8174994412802,8348101.4059216,2518972.41777406
59.9422513781903,8349286.6097123,2531834.29803585
60.1110723324703,8350719.40525856,2536511.59812212
60.1495623437344,8350980.70190129,2543483.16806674
60.1880523549986,8351241.57435563,2550474.65612286
60.2578945455469,8351808.96432798,2545006.05953177
60.3277367360952,8352515.97354533,2528294.41434875
60.3768755156705,8353141.70745596,2508492.87446756
60.4260142952458,8353779.49806848,2497590.87355849
60.4751530748212,8354437.07697944,2494692.84297452
60.5242918543965,8354949.81030123,2505399.97435601
60.5621459425135,8355243.70790611,2524521.91644892
60.6000000306305,8355537.40278917,2543624.62800614
60.6160393419113,8355699.53987932,2540683.31273352
60.6320786531922,8355860.69767596,2537673.52048843
60.6707926769259,8356235.32672187,2530402.79317195
60.7599123063797,8357044.06466264,2530227.56582303
60.8490319358336,8357841.60308916,2532406.7792231
60.9381515652875,8358619.35497745,2533350.42331085
61.0787181709991,8359753.87797208,2540256.14322928
61.2192847767107,8360882.00587981,2538601.47519061
61.2828364421327,8361517.60162889,2525218.98861503
61.3463881075546,8362033.55411893,2531711.7019151
61.4099397729766,8362557.17155688,2539634.78814167
61.4504318935005,8363037.08613671,2523946.21770009
61.4909240140245,8363517.26748259,2508234.87916585
61.527648451385,8363898.88340907,2508552.87096538
61.5643728887455,8364274.20497355,2513744.42695646
61.601097326106,8364645.10877743,2519022.73145935
61.6785306346193,8365237.38231438,2536610.34094744
61.7559639431326,8365868.82754712,2538088.82314499
61.833397251646,8366525.66684339,2533992.70007905
61.9108305601593,8367203.66657765,2531053.73518127
62.0386194713866,8368286.92802742,2534052.95232482
62.166408382614,8369313.14555438,2536034.96826854
62.2495252051626,8369917.08152826,2541465.24672832
62.3326420277113,8370503.89446583,2546289.95419024
62.4157588502599,8371139.27177641,2539561.57036892
62.4988756728086,8371761.0659095,2540999.12451459
62.5247326437579,8372086.95780044,2529377.80331038
62.5505896147072,8372422.37700437,2517158.5106918
62.6020388391758,8373055.06725264,2494743.97456258
62.6173483045876,8373162.16187931,2501825.82678336
62.6326577699993,8373271.84661937,2508988.56848864
62.6677802432825,8373539.58627494,2525426.90341821
62.745888619778,8374144.66211796,2539070.8168342
62.8239969962735,8374747.6939082,2537724.98559685
62.885443197748,8375210.46689896,2538852.63584892
63.0566726914429,8376480.61112192,2541731.49836116
63.1505246675216,8376834.39182134,2569975.72272659
63.2443766436003,8376745.37765964,2612315.95814327
63.285485287448,8376607.21207318,2628117.60462258
63.3265939312957,8376649.88288184,2619183.01906983
63.3677861998253,8376773.67989226,2596496.08938442
63.3877431336762,8376833.33272795,2585512.36506281
63.3979621170128,8376865.35170871,2579889.78594734
63.4050424879182,8376688.16689993,2591788.54303587
63.4121228588237,8376482.99717403,2610692.54488875
63.4192032297291,8376274.44382853,2629525.61021788
63.4376937818651,8375719.39941781,2678712.94909143
63.4815822685671,8374411.84313174,2795468.20261031
63.5254707552691,8371550.48072231,2948347.58641567
63.5533852076346,8369030.23395693,3062450.34941588
63.5812996600001,8366511.08361022,3176516.08357355
63.6006527331816,8364832.69635309,3248567.37394957
63.601118368829,8364922.20628949,3246524.2999354
63.6015840044764,8364927.98301562,3243135.16112367
63.6022523374463,8364927.69217409,3238568.76095404
63.6037299910881,8364935.91206029,3228398.13694722
63.6081569930219,8364956.71660797,3197945.10579176
63.6212756422761,8365021.95724138,3107702.66091224
63.6722978836191,8365272.71699527,2756720.73436461
63.686337294793,8365341.76050374,2660143.7897454
63.700376705967,8365408.49356018,2565828.08032459
63.7011604482043,8365353.41767235,2564569.03379949
63.7019441904417,8365374.03716386,2564143.43820729
63.7029659428509,8365387.44629485,2563374.32143925
63.7050032287064,8365413.37457185,2561903.54083164
63.7108719169788,8365490.59930439,2557652.11358529
63.7372405188199,8365831.95199098,2538549.61036491
63.8690835280254,8368264.0933522,2424780.82141107
63.8931701151161,8368826.48068989,2400941.08398665
63.9172567022068,8369240.26422625,2406342.55161437
63.9365220453841,8369547.29410257,2420180.08631931
63.9557873885613,8369853.65706717,2433986.25567902
63.9840460329409,8370297.721663,2454235.00470487
63.9991547595738,8370536.47051884,2465061.98298086
64.0077597464396,8370798.42791416,2455557.37697307
64.0163647333053,8371049.22754086,2444072.49212558
64.0283569433703,8371400.50349275,2428094.74031641
64.0679577863224,8372567.07200303,2375332.34864632
64.0879489363937,8373154.71902713,2348696.28777019
64.0984864026378,8373464.65542436,2334656.45467838
64.1053009803098,8373550.186316,2340440.82323102
64.1121155579819,8373646.72031062,2350959.32593544
64.1189301356539,8373740.05345732,2361424.29983354
64.1385635795796,8374001.18939155,2391580.93538962
64.1614630990318,8374309.66984302,2426756.16906842
64.184362618484,8374617.39951041,2461930.46896985
64.1935569688321,8374740.99224039,2476053.28135294
64.1986999161319,8374810.12396612,2483953.00931999
64.2038428634317,8374354.87258174,2518112.48432618
64.2078665172429,8373941.25763565,2552824.97742183
64.2118901710542,8373518.22520516,2587381.15895128
64.2200317048148,8372650.9221631,2657326.14491274
64.2467645752228,8369824.07153752,2886998.89159679
64.283963992093,8365887.41175236,3206590.04710049
64.3000797362815,8364184.05068617,3344358.5234155
64.3005817496375,8364222.05722311,3345296.84323557
64.3010837629936,8364169.35365677,3345007.9101587
64.3017940727029,8364094.46060153,3344883.5504888
64.3033146878368,8363940.05343505,3344544.03607834
64.3077494993509,8363486.5668473,3343571.04161544
64.322305935594,8362002.07006147,3340377.96830388
64.3836722679156,8355740.19439062,3326912.47749599
64.440396111655,8349816.47679769,3330938.60393025
64.4971199553944,8343844.00680803,3341695.13005206
64.5363672386004,8339772.86704032,3338811.46268015
64.5756145218064,8335703.9906453,3335080.93811031
64.5895955030807,8334254.36725863,3333750.83019611
64.5976666288739,8333417.608337,3332983.21105807
64.6057377546671,8333057.29445917,3305374.47459445
64.6138088804602,8332815.30522218,3265917.85128448
64.6218800062534,8332577.16414569,3226561.49234761
64.6399661005648,8332060.01866484,3138376.23994937
64.6992280536352,8330343.64287985,2849402.57853891
64.7017157285377,8330073.77516967,2851554.94602702
64.7042034034402,8329864.31730243,2861922.74984778
64.7066910783427,8329640.42609765,2872065.51744668
64.7110107439528,8329244.77727176,2889722.07350311
64.7233120116536,8328135.4872688,2940004.91054853
64.7732614706413,8323621.72570067,3144168.32518025
64.7968031705822,8321495.01305693,3240393.64262591
64.8078323568282,8320399.95636233,3261845.34254864
64.8188615430742,8319204.61582561,3273056.20996021
64.8298907293202,8318012.25017117,3284327.19964162
64.8578045157267,8315007.52123164,3312863.42569403
64.889598290993,8311579.47620544,3345358.85428791
64.9213920662592,8308238.12175882,3352000.04639493
64.9531858415255,8304915.11876589,3345817.61483143
64.9849796167918,8301591.75952235,3339653.95061679
65.0398202102204,8295681.80866564,3346836.8052262
65.0946608036489,8289706.65948414,3360810.59734286
65.1246658858447,8286634.20980074,3351340.2813107
65.1546709680404,8283595.90295916,3338065.31278652
65.1846760502362,8280557.14383162,3324792.85836688
65.2333002442174,8275393.5674176,3331053.51967363
65.2819244381985,8270132.49753953,3350254.89149817
65.3207089741707,8266052.05510011,3351322.47612839
65.3594935101429,8262054.87027384,3339750.24332165
65.3982780461151,8258057.54521127,3328196.22974831
65.5230401015051,8245367.90682408,3321455.5300324
65.5693175321161,8240381.37996558,3340782.72893744
65.5993225346371,8237147.71902882,3353320.3801927
65.6173125864399,8235323.96816396,3347669.14431784
65.6353026382426,8233496.19649692,3341421.04199451
65.6687351985493,8230099.0974085,3329807.21423522
65.7448013543092,8222683.79031464,3301355.32561239
65.7868751485589,8218699.5850952,3284824.9571378
65.8289489428085,8214412.20997317,3295537.98519434
65.8710227370581,8210015.36485925,3318792.67246463
65.8998389523682,8207004.54043426,3334712.91508829
65.9171098593064,8205267.61392658,3331313.16950269
65.9343807662447,8203531.18783556,3327721.65638346
65.9719677564309,8199733.46683667,3319885.14220256
66.1006068511307,8186945.07520481,3303232.06842647
66.2292459458306,8174609.10726801,3283529.21938076
66.2956951524369,8168499.51190859,3264065.65429481
66.3338658432532,8164896.06656109,3267806.55482627
66.3720365340694,8161284.95906383,3273493.77659633
66.4273452508733,8155930.42262851,3284392.96915668
66.5007436227122,8148681.12811616,3300937.44060309
66.5077931676831,8148231.93526831,3287981.23528885
66.5148427126541,8147758.34058979,3274794.40410541
66.5271371418555,8146934.77440494,3251812.65262474
66.5700832680422,8144062.51184745,3171537.19550416
66.5879984914124,8142863.53135764,3138048.72086969
66.5967457484722,8142278.26078189,3121697.96434496
66.605493005532,8142244.11152261,3079674.09454266
66.6152875188266,8142482.04307992,3014367.17239143
66.6250820321212,8142723.83214676,2949185.14410392
66.6454297691066,8143243.45855126,2813776.6790607
66.6731930986448,8143942.39390527,2629011.30709396
66.7009564281831,8144669.00285816,2447564.37425009
66.7047133799287,8144847.77948319,2435408.60423071
66.7084703316744,8145060.28026016,2423634.35158162
66.7140958000915,8145393.58714559,2405954.43776905
66.7298336860886,8146294.63751702,2356491.20228244
66.7937456961739,8149964.89934617,2155628.41010187
66.8083286735885,8150564.1135591,2153075.80165469
66.8171453866204,8150895.28276814,2172079.35459563
66.8259620996523,8151217.7132925,2190913.98949153
66.8430639257923,8151825.95077484,2227458.80239836
66.8781001088428,8153087.57171929,2302330.74925878
66.8941863180785,8153666.18250602,2336706.1577994
66.9102725273141,8154317.29275899,2344676.40267501
66.9302910329983,8155132.71487019,2335286.85593309
66.9503095386824,8155944.6134075,2325961.52415213
66.9995660656165,8157954.21471043,2303019.57606983
67.0851905242403,8161752.16927655,2270796.1593515
67.098898947057,8162360.29012377,2265643.67689628
67.1074006725583,8162597.97254189,2276423.73729217
67.1159023980596,8162838.06116326,2289555.84488418
67.1275288256458,8163164.42462076,2307482.33825796
67.1653549964313,8164220.5168196,2365807.45451391
67.1886015041595,8164870.825203,2401652.41948205
67.2039539125,8165341.25915969,2417108.07284847
67.2193063208405,8165869.30312176,2408171.38762457
67.234658729181,8166395.93594903,2399206.17818811
67.2827931598368,8168040.95119392,2371096.41409075
67.3421413795814,8170134.35211327,2354123.68304833
67.4014895993261,8172254.36891792,2345205.83773287
67.4236744581231,8172960.23149391,2352866.14078115
67.4458593169201,8173667.33179634,2360571.32074705
67.5063728016912,8175649.33615237,2375492.22111916
67.5255301852931,8176389.40416249,2363760.65248451
67.544687568895,8177127.54813645,2351968.746067
67.592606298745,8178962.31563459,2322469.87570588
67.6305394609466,8180386.30816066,2319806.73942438
67.6684726231481,8181811.37021475,2322254.46780725
67.7064057853497,8183218.53344047,2325782.45970538
67.7618646460255,8185156.69582806,2338844.02914278
67.8173235067013,8187064.43887669,2351369.05353426
67.9198480853272,8190442.86601234,2364783.28686348
67.9972252638521,8193105.88484405,2351227.56374149
68.0123224712709,8193469.86583708,2363714.42361384
68.0274196786897,8193814.3775276,2379798.38735674
68.0458832235589,8194235.06902636,2399448.7741982
68.091969038686,8195281.21442302,2448496.17971582
68.1206255128531,8195879.6717836,2462505.00180381
68.1492819870202,8196443.24085956,2469942.64983111
68.1779384611873,8197007.14441614,2477394.21740569
68.2371666502879,8198324.5466768,2470764.92961139
68.2963948393885,8199706.37498579,2450917.6540135
68.3244003013404,8200280.3925203,2456241.43794104
68.3524057632923,8200849.33279887,2463818.98593614
68.3916254007005,8201646.22614626,2474425.61673407
68.4551091982112,8202651.21183275,2500964.66489757
68.4933854516192,8203224.71815494,2517835.57218827
68.5182660478182,8203702.63522446,2513465.73860595
68.5431466440171,8204193.51659334,2503386.30213693
68.5680272402161,8204684.68762014,2493321.00620477
68.6641511982065,8206605.82406102,2477937.36811664
68.7602751561969,8208452.22381544,2484007.5475139
68.8563991141873,8210284.6833643,2485591.06604162
68.9865511657278,8212404.37993115,2516131.06776711
69.0321408777675,8213143.80325496,2516279.43839863
69.0777305898073,8213900.29628163,2509063.65372112
69.123320301847,8214776.77112449,2495199.4729927
69.1689100138867,8215760.75807009,2474891.48545553
69.2144997259264,8216806.75139587,2454861.65498264
69.2665399078135,8218176.06347008,2432674.52077457
69.2912159588311,8218823.97671507,2422152.82961241
69.3158920098487,8219229.87945117,2437865.30054377
69.3415411186168,8219544.94982374,2469652.26509404
69.3671902273849,8219859.25668075,2501400.50655589
69.4038365316271,8220348.39122542,2538657.37108343
69.4137194175667,8220581.87775768,2529960.5380279
69.4236023035064,8220808.23820873,2521118.64452372
69.4432089737333,8221238.58351442,2503579.07941973
69.4807660142936,8222078.14284182,2469989.2028195
69.5026652357604,8222538.83602746,2454644.16288482
69.5160469768702,8222718.13985351,2464221.88920611
69.5294287179801,8222901.55783627,2473897.2255211
69.5588718414996,8223320.60532752,2495187.71849978
69.6773253041247,8225317.42735946,2496747.05722507
69.7281148657283,8226196.2071036,2491552.00832434
69.7789044273319,8227053.01244231,2497338.26333149
69.8296939889355,8227963.79483086,2495085.65930503
69.8989488142895,8229250.55076096,2484143.5085042
69.920857197207,8229551.09584043,2492687.38166741
69.9427655801245,8229844.20448396,2501899.8448631
69.9849663065848,8230431.30591852,2519649.47668577
70.0347932328846,8231352.4118508,2505952.34095512
70.0846201591844,8232360.58337693,2477092.43194102
70.1225387414883,8233086.58455153,2470954.97802755
70.1604573237922,8233800.05316056,2475786.43409807
70.1983759060961,8234513.23019112,2480599.80177428
70.3310989962842,8236822.66755077,2492988.50549648
70.6751613666569,8242599.19344309,2492410.51627256
70.7535397691292,8243892.59383862,2496788.21869326
70.8319181716016,8245206.12139867,2496724.86917762
70.910296574074,8246550.32174018,2490929.10282206
70.9784816733102,8247599.58644319,2502845.50039402
71.0466667725464,8248623.34845252,2508864.96355772
71.1163968507134,8249702.85001297,2507417.55620198
71.1861269288804,8250926.38061444,2490275.64353545
71.2558570070474,8252046.25856434,2495390.40497099
71.3056175134175,8252857.1739101,2500588.0180254
71.3421963289866,8253542.86921454,2490218.97275558
71.3787751445557,8254236.04558283,2479827.63046793
71.4377093660846,8255210.84595535,2485967.40449752
71.4966435876135,8256097.09862234,2505120.52970869
71.5349210158014,8256687.74967716,2505568.54128483
71.5731984439892,8257286.69626962,2504825.45333662
71.6387701002474,8258348.86939702,2499176.61127707
71.7608440985543,8260271.21755358,2500935.5237872
71.8418827353412,8261498.37627453,2505803.90883027
71.9229213721281,8262738.43310728,2503312.09774246
72.003960008915,8263976.19865324,2502506.29278291
72.1001051368358,8265377.02282326,2509483.84601689
72.1618511835592,8266348.30225291,2502694.96190077
72.2235972302825,8267328.50445247,2497432.33825083
72.3042671497639,8268626.96663356,2494478.21274741
72.4037055997207,8270111.36302703,2504464.16395894
72.4740902899805,8271196.60843051,2501064.8371214
72.5294860355375,8272019.52639877,2502276.11006063
72.6041709180661,8273094.1188527,2508388.43142869
72.6788558005948,8274132.66418818,2511453.22389302
72.7696867094489,8275396.37549977,2512000.63112021
72.9021326367166,8277185.58012244,2515992.63332614
72.953808394982,8277958.43865856,2508618.3767667
73.0054841532474,8278733.3294878,2501461.51445599
73.0993983619813,8280239.23040261,2492032.54937611
73.1348000355862,8280725.08246681,2498756.15265592
73.1702017091911,8281208.55767102,2505685.2441621
73.2612760361013,8282554.55239208,2503645.56913714
73.3523503630116,8283779.50468327,2511760.1843228
73.4392281153284,8284942.19079817,2515784.32104766
73.5261058676452,8286169.95509161,2505989.44625389
73.612983619962,8287318.78210936,2514532.07886898
74.0118474262665,8292773.44053033,2488696.9451558
74.029992734183,8292995.38116457,2494843.78043379
74.0481380420995,8293219.44843469,2501048.69251
74.0945182403013,8293804.34678852,2516914.2962018
74.1293439717025,8294341.75846514,2510246.8569534
74.1641697031037,8294891.03693366,2500022.44258195
74.2064463219571,8295543.85165044,2490524.11900616
74.2487229408105,8296130.86887308,2497337.80960059
74.2823820989471,8296598.06576966,2502776.18101025
74.4031863927568,8298122.51664115,2518940.4717069
74.468953797254,8298961.5022136,2516555.87304013
74.5347212017512,8299782.77683565,2516696.6237603
74.6361365844987,8301074.24919679,2515098.85701362
74.7054518211231,8301989.69570542,2509174.3647655
74.7505744536004,8302486.80266584,2519166.3814758
74.7956970860778,8302978.8158772,2529177.29057172
74.846281128815,8303553.88671612,2528492.7540633
74.8968651715523,8304137.65277896,2526674.86056792
74.9852429646437,8305231.32916576,2517106.12200188
75.0736207577351,8306381.0393536,2511447.50722143
75.1619985508266,8307649.08464497,2500032.27316656
75.272212017597,8309098.02564421,2510089.27948497
75.3388627146277,8309955.92656163,2513235.78053836
75.4055134116584,8310822.13680284,2509175.01971938
75.4721641086891,8311572.99119076,2520087.87848645
75.5212667294014,8312161.77906492,2521862.98996815
75.5703693501137,8312786.44542666,2515314.31411756
75.619471970826,8313386.31298233,2513288.31710874
75.6685745915383,8313955.58509581,2518222.16422259
75.7176772122506,8314519.48645164,2522637.52933993
75.8068102407969,8315448.26731634,2529635.87713765
75.9090792758586,8316367.87940001,2544004.2547762
75.9528927171253,8316831.88701594,2537045.22885802
75.996706158392,8317296.37097135,2530070.1444955
76.0351820456781,8317884.20802783,2513228.69026315
76.0736579329642,8318498.48435391,2495351.9827642
76.1425982823405,8319464.56293064,2491707.29336869
76.238070411765,8320742.11770169,2503777.86914057
76.3335425411895,8321883.96098078,2514816.5220371
76.429014670614,8322857.45548142,2531832.04869226
76.496993301902,8323617.47910184,2522551.39543281
76.6090023247094,8324934.27728571,2516552.81882459
76.6844180672143,8325751.92478847,2523077.44342518
76.7598338097192,8326583.24626283,2523181.52013892
76.8352495522242,8327328.88225289,2529730.89321494
76.9106652947291,8328000.18633702,2541853.23648997
76.9780888840386,8328692.89599503,2532077.47659812
77.0455124733482,8329397.32868095,2527504.51976003
77.1567684626948,8330682.95040791,2515969.50018907
77.2971619605349,8332698.57330707,2484128.59572082
77.3238728820877,8332983.38976386,2493568.110889
77.3505838036406,8333261.19863051,2505011.08425169
77.388894673751,8333660.00808915,2521419.93712949
77.4445047001614,8334194.37847896,2530233.01112885
77.5001147265718,8334714.09324932,2535236.49944249
77.5557247529821,8335267.10074749,2532229.86624981
77.6113347793925,8335837.91007549,2528193.46221216
77.6917599778816,8336764.05943366,2516549.06328745
77.7528325015062,8337386.41333286,2522174.89271815
77.8139050251307,8337954.98017767,2532020.94285996
77.8749775487553,8338379.34004742,2548468.4898051
77.9566485504676,8339202.4912851,2533091.65904271
78.0218473043612,8339919.19088839,2517461.23705095
78.0870460582548,8340609.44187145,2521713.19623728
78.1522448121484,8341382.25597004,2515118.5989418
78.217443566042,8342143.19421476,2510674.53239447
78.2826423199356,8342831.50483116,2519664.25806608
78.3745651593383,8343655.02960017,2534908.3264327
78.4429458184028,8344373.98986115,2527855.58209662
78.5113264774672,8345137.47939389,2514891.44341461
78.5651717590476,8345628.75093041,2526022.99314949
78.6190170406281,8346155.10811841,2530805.93260143
78.6728623222085,8346726.55313351,2523802.58375123
78.7267076037889,8347217.51302382,2526947.26182478
78.7805528853693,8347636.96048366,2540520.55501436
78.8343981669498,8348049.90197733,2545927.41678854
78.9985945170106,8349182.65576857,2556648.18396803
79.0152843400889,8349404.60676951,2547155.6513445
79.0319741631672,8349629.32024757,2536546.90595754
79.0602311779751,8350010.33110209,2518590.92686263
79.17212904881,8351539.83531848,2490632.16185549
79.2597317022292,8352434.56014229,2517716.57788067
79.3473343556484,8353218.24291106,2534552.26321232
79.4021483695041,8353716.36608043,2531930.79732573
79.4569623833598,8354240.14430928,2528513.58861692
79.5552289901802,8355127.08327586,2532768.52719759
79.6534955970006,8356053.87128879,2528841.51730759
79.7420310158351,8356887.47202677,2526775.7833005
79.7932989581843,8357327.90299936,2534536.85528488
79.8445669005335,8357533.73529698,2555792.84935409
79.8842427922316,8357667.63088228,2573841.49099561
79.920306326011,8357981.02546498,2565413.40806367
79.9563698597904,8358414.06842471,2537382.09076768
79.9818052128626,8358719.48734947,2517634.876991
80.0264358994009,8359221.04510456,2505971.73154554
80.0710665859393,8359713.28383389,2510343.99664522
80.1045873072877,8360082.06036362,2513481.30450099
80.1882571888823,8360930.85120748,2519200.9162308
80.3151974756714,8362153.17800434,2525584.06437078
80.382233613274,8362656.92363933,2539589.20359503
80.4492697508767,8363206.26480441,2539441.78712023
80.5163058884793,8363775.05803975,2534720.7527158
80.583342026082,8364372.23159038,2531817.69274693
80.6874461881149,8365242.19437294,2534845.8401022
80.7915503501479,8366174.28677313,2529401.24278357
80.8570226141596,8366665.31439324,2537510.02698276
80.9224948781714,8367161.12802534,2542650.69577644
80.9879671421831,8367683.71727721,2538483.33044716
81.0701701750655,8368385.22408457,2534471.38235472
81.2164835257888,8369687.79568087,2527533.51023398
81.2727312813211,8370097.10540787,2538050.93442175
81.3289790368534,8370594.83998773,2535757.32983512
81.3852267923857,8371163.38647194,2521263.60510453
81.4414745479179,8371624.76458007,2526578.47187407
81.4977223034502,8372054.89069153,2539028.64142362
81.5539700589825,8372474.23134976,2540529.22421882
81.597443592346,8372801.15678034,2541318.74172137
81.6635090582922,8373401.74944498,2531005.49026314
81.7295745242384,8373978.98400676,2527447.63352544
81.7956399901847,8374525.70424489,2532903.85583401
81.8617054561309,8375027.28479023,2537121.84143006
81.971147123308,8375813.95915871,2542843.5878353
82.124448470729,8376956.70562369,2539123.94174448
82.2198748593529,8377636.75805575,2542686.49942561
82.3153012479767,8378407.52289026,2533932.89846076
82.3869444078483,8379096.91411839,2521881.15522476
82.4585875677199,8379669.15832065,2529755.49862257
82.5103452448028,8380048.1835474,2537621.16821621
82.603158902058,8380700.18397942,2543593.2737716
82.7191966500488,8381620.77591541,2533839.15522346
82.8016573770679,8382373.86145207,2523094.37261873
82.8502075117069,8382728.90781185,2530864.01526656
82.8987576463459,8383083.40302771,2538654.41483681
82.995971906464,8383654.90048977,2551689.35118857
83.0505454728991,8384071.67154071,2543595.74040226
83.1051190393342,8384491.57553688,2535059.82157873
83.2693706858869,8385733.24098672,2537836.86524204
83.3896564903917,8386536.02994651,2544827.16524823
83.463126683413,8387107.44840903,2537069.59289747
83.5365968764344,8387668.06802148,2534026.53000563
83.6100670694557,8388197.31600302,2538347.78694576
83.6835372624771,8388650.72417392,2546041.18503922
83.7789100103867,8389262.71163348,2545631.17212268
83.8742827582964,8389913.28638611,2541798.59703388
84.0370271296209,8391114.72446647,2535767.26876381
84.1997715009454,8392211.90928441,2544080.30247875
84.3126719104951,8393015.71995643,2537918.11107089
84.389754950049,8393643.90676698,2529714.01617589
84.4425598519257,8393981.60941415,2536556.47675715
84.4953647538023,8394300.44751307,2546441.08812616
84.5420896273626,8394618.0066898,2544289.06063988
84.5888145009229,8394936.88212514,2540907.55861658
84.6400159802878,8395154.22145552,2551469.31964238
84.6912174596528,8395339.03703073,2566074.33350128
84.7254464039706,8395550.44958362,2561309.2107605
84.7596753482885,8395783.39925203,2551429.49331274
84.7939042926063,8396016.16026598,2541557.25903034
84.9421972184408,8397242.35572329,2527068.45655052
85.0611572100348,8397999.09204139,2545074.88126961
85.1801172016288,8398793.15395088,2538404.65250057
85.247485082977,8399244.11480379,2538033.64884965
85.3148529643253,8399656.7310855,2543763.52354453
85.3822208456735,8399979.12619967,2554082.38027699
85.4803517062232,8400350.14189217,2565509.04872536
85.5380981109026,8400275.16701688,2591478.28473208
85.595844515582,8400064.28596045,2627725.26447331
85.6119734573061,8400108.47601843,2622708.09021881
85.6281023990301,8400167.8628643,2612205.10031115
85.6442313407542,8400227.77770575,2601723.87488935
85.6998224450233,8400440.99524615,2565602.03403962
85.7048650470648,8400336.37776688,2573622.49332245
85.7099076491063,8400256.71272883,2582353.60342154
85.718152279516,8400119.99304124,2596590.14220246
85.7427134721514,8399708.32150402,2639000.83545553
85.7771369729517,8399135.49551518,2698445.1419007
85.7930148346377,8398870.90969461,2725863.40593999
85.8088926963237,8397997.74672965,2778657.78495744
85.8247705580096,8396702.75015506,2852164.99603432
85.8360149325651,8395785.16773423,2904161.67752393
85.8640744209697,8393481.13328959,3033904.14161348
85.8953339621117,8390919.76111449,3178447.5493886
85.8996727847137,8390564.08932794,3198509.94714907
85.9009468125037,8390647.05802579,3195426.04996326
85.9022208402938,8390639.3756064,3187295.62606178
85.9034948680839,8390643.95277724,3179410.461418
85.9057330285632,8390652.21492882,3165484.25805523
85.9114397473109,8390665.46374456,3129989.08586442
85.9343230808555,8390726.45776953,2987662.66485496
85.9625672821542,8390799.92489818,2811991.30176971
85.990811483453,8390873.79701852,2636320.42099488
85.9997800879226,8390897.33783672,2580538.42645629
86.0016793815944,8390870.13741075,2576254.96661383
86.0035786752661,8390915.76472029,2573706.13170943
86.0054779689379,8390948.53453982,2571046.26592997
86.0096370201837,8391020.58509236,2565256.37429524
86.0239121763987,8391276.22053661,2545379.98495839
86.0908238231204,8392467.34882101,2452208.66951098
86.1200659878794,8392972.84181844,2439087.18468147
86.1493081526384,8393496.90655948,2438863.43997349
86.1785503173974,8394020.73470972,2438613.48961233
86.2409467723452,8394937.04585218,2456069.50644041
86.3033432272931,8395766.22314657,2481223.26009971
86.3265250698711,8396104.03351042,2478576.41477732
86.3497069124491,8396440.77565117,2475886.49497934
86.4129536056433,8397324.80615938,2471974.77055634
86.4762002988376,8398129.76671215,2481488.93020545
86.5394469920319,8399136.34397707,2466601.80068372
86.5952103534331,8400120.11389646,2440365.93170789
86.6124188071021,8400310.26624282,2447314.25431425
86.629627260771,8400476.91213272,2460295.37034447
86.6468357144399,8400643.03422257,2473253.7914656
86.7056437698521,8401224.88503751,2511711.77183102
86.7232691569549,8401453.54870509,2506750.21518381
86.7408945440576,8401680.39451191,2501722.24887929
86.7830450357009,8402207.64477456,2489690.75351972
86.8335449390842,8402552.57185123,2510271.85387602
86.8840448424676,8402767.49444224,2548756.55705723
86.9204679988069,8402957.87324473,2558762.11924755
86.9568911551462,8403153.98040654,2554699.75279908
86.9855782618221,8403308.48959045,2551518.47714673
87.0005209463728,8403369.24988372,2551456.65765946
87.0051328686189,8403197.53719164,2565081.24669664
87.009744790865,8403058.01998241,2579035.81102594
87.0171667016576,8402825.88136686,2601451.76428127
87.0392012598346,8402132.65119824,2668001.81075697
87.0732685878314,8401065.46086373,2770898.31553555
87.0937462346225,8400423.48580407,2832748.09539187
87.1142238814136,8398671.73799526,2923687.17285462
87.1347015282046,8396455.92428366,3027823.10365766
87.1551791749957,8394240.99430842,3131921.77524276
87.1762413003663,8391956.31925819,3238985.40543536
87.1973034257369,8389674.99695285,3346052.06646814
87.2058436525639,8388839.13463608,3358932.00865132
87.2143838793909,8387939.78780774,3356622.55448001
87.2211456746811,8387232.25832671,3354887.79796065
87.236357265201,8385657.49120537,3350994.21188122
87.2892627790392,8380156.84575025,3337429.76921255
87.331090431192,8375563.90043552,3348442.22892702
87.3729180833447,8370895.64143359,3367077.18438654
87.3992880085191,8367953.2366815,3378824.05110652
87.4151876016009,8366298.31174656,3372690.22987037
87.4310871946828,8364641.18927125,3365843.13342004
87.4593823540081,8361691.75730007,3353656.65858076
87.4951964667964,8357959.92616129,3338233.34791648
87.517709626501,8355483.98109696,3343055.12428929
87.5402227862055,8352984.36637921,3351944.9119758
87.5627359459101,8350484.97693084,3360827.35440506
87.6546566239706,8340549.93374997,3360172.75974236
87.7465773020311,8330603.12293127,3357397.13944239
87.8642619706811,8317967.24127281,3351566.58695987
87.9301153777967,8310975.7701446,3344679.79485434
87.9959687849123,8303929.31444171,3351095.15695438
88.048147936199,8298284.60467642,3354868.11136692
88.0977231056103,8292917.22584514,3358343.77577254
88.1275228811852,8289895.07085346,3346930.4692846
88.1573226567601,8286887.03329698,3334349.60893456
88.2068686697502,8281843.16640769,3318493.80459252
88.2375540630966,8278569.26178907,3328306.14262384
88.2682394564431,8275294.85540877,3338145.26431509
88.3524891429038,8266529.54727883,3336559.76165487
88.4349683075268,8258131.40227591,3321573.89174715
88.5174474721498,8249765.86229457,3317433.45548171
88.5775296276524,8243492.0841151,3330370.1550317
88.637611783155,8237469.85706114,3321611.11840254
88.7679596621259,8224520.00787988,3307942.11128749
88.8346693818513,8217916.54273209,3306485.311409
88.8808311375744,8213413.36294604,3298750.78723884
88.893935992152,8212134.66541517,3296555.03937135
88.9070408467297,8211323.51559201,3269294.09885956
88.9165550905426,8210965.80439606,3233039.90441534
88.923946383107,8210691.03866579,3204968.45779204
88.9409032493369,8210075.38065937,3140574.39609324
89.0030845493744,8208039.87570502,2896546.16007805
89.0086749869279,8208285.18842178,2861185.0510909
89.0142654244814,8208521.05892919,2825582.23592553
89.0243389687579,8208924.45813315,2761444.80747543
89.0533059347707,8210115.7739894,2577031.74672097
89.1812704484397,8215997.91252159,2205967.61146606
89.188653155394,8216378.4792084,2199477.73834268
89.1960358623483,8216749.13802819,2192830.93948006
89.2109191763771,8217304.89262332,2204327.19398481
89.225802490406,8217838.35586758,2225278.95751599
89.2406858044348,8218370.13523002,2246186.80770728
89.2831030266896,8219877.26892035,2305773.69595242
89.3342159071907,8221707.19756218,2329777.21851407
89.3678130565416,8222894.9421943,2329835.92867426
89.4014102058924,8224069.16742709,2331283.78447126
89.415588306828,8224415.79892564,2345055.91043635
89.4297664077636,8224765.50970948,2358914.00995959
89.4623961700424,8225584.31526724,2390808.52903332
89.4910630936228,8226299.00307029,2418827.00956642
89.5197300172032,8227049.5767305,2419706.48907289
89.5483969407836,8228048.00512851,2408040.01073205
89.5770638643641,8228784.33854052,2396343.77450556
89.6378341648837,8230827.55615846,2362296.6789251
89.7011106118707,8233089.64728993,2322140.74499895
89.7109736135056,8233382.98927432,2326831.85994229
89.7208366151405,8233682.201615,2331639.10789928
89.7421710716779,8234344.50515001,2342033.10952345
89.7893862558731,8235796.78731862,2365031.11422415
89.8366014400683,8237339.94125754,2361958.17916827
89.8702123827706,8238449.659925,2354304.21106522
89.903823325473,8239550.919886,2348195.29503936
89.9468085099441,8240883.86627493,2355857.16915821
89.9795476741913,8241899.09002306,2361708.5397529
90.0949573963264,8245405.47569149,2371982.82778335
90.1573876442566,8247340.04628471,2367245.50392735
90.1916867738992,8248408.4894821,2364195.91786636
90.2259859035418,8249192.89809058,2387872.14401946
90.2511597542089,8249717.51533151,2411658.47365394
90.276333604876,8250242.06520606,2435430.06341941
90.3086059726472,8250936.00393844,2456517.57024533
90.3408783404184,8251661.63602049,2451410.45184496
90.3731507081896,8252387.3690785,2446296.13830422
90.3998534673448,8252986.56717737,2442063.63543168
90.4158000985229,8253213.32930216,2452965.46735598
90.4317467297011,8253441.0308751,2464079.96366907
90.4659712141827,8253947.08645543,2487937.47770473
90.5090251138754,8254721.42606187,2510551.34882613
90.552079013568,8255167.10718855,2504824.83211707
90.5851849229204,8255823.01222035,2500481.03571677
90.6551706540833,8257052.22501867,2488658.52728044
90.7682414921967,8258822.06979004,2503445.58682648
90.8297850782836,8259746.96688158,2510124.23659935
90.8913286643705,8260711.14611489,2501665.17105611
90.9383922084423,8261449.89500863,2500109.24928143
90.9854557525142,8262181.15217371,2499679.6547638
91.0705770889808,8263466.49725691,2504834.40191706
91.1556984254475,8264766.03691413,2503739.7075335
91.27743637009,8266461.84907865,2516943.77234753
91.3425105089172,8267395.63817323,2514633.64879038
91.4075846477444,8268384.63601596,2503474.64272907
91.4726587865716,8269515.95294252,2488864.16769215
91.554039187196,8270791.37293075,2494407.1353955
91.6354195878204,8272022.91168124,2502930.99778291
91.7167999884448,8273243.95488904,2502222.08548786
91.7981803890693,8274373.84675042,2512194.44657525
91.8795607896937,8275502.83287978,2512302.42563292
91.9438371562488,8276416.76071658,2509842.09355857
92.1075214005956,8278784.76105728,2505431.58045955
92.1629796511951,8279445.50875834,2519931.18204054
92.2184379017947,8280119.18665538,2527972.13723439
92.2738961523942,8280825.9916915,2522877.73029553
92.3424457290451,8281894.74544111,2504010.92227875
92.4763133173336,8284121.3830777,2486111.56078705
92.6262252000757,8286230.55290446,2509885.05039757
92.6956163714451,8287280.66021848,2498528.34344363
92.7381633538822,8287838.19469738,2504992.94434881
92.7807103363194,8288388.75303491,2513038.76718521
92.8474112844403,8289271.66475748,2515017.70702216
92.9141122325612,8290157.36917591,2513183.353828
92.9989628984603,8291290.04352613,2513504.27668903
93.0905104911319,8292534.13932653,2509179.0667325
93.1820580838035,8293660.30320158,2519745.83517376
93.248889639378,8294487.69608094,2520787.1236185
93.3157211949526,8295322.70935314,2518912.09985411
93.4038504537845,8296453.98906047,2516168.72364789
93.5834025367069,8299207.81809564,2482948.51836644
93.6401255156611,8299949.2368178,2496950.04364135
93.6968484946153,8300613.39959382,2522768.57499218
93.729731782458,8301018.33599114,2522804.9015952
93.7626150703008,8301419.89094152,2521197.75231107
93.8130647465372,8302047.72710879,2518545.78398575
93.9500819481207,8303747.97743851,2518150.33768299
94.0500913502918,8304943.68202002,2520981.38223565
94.1392154356405,8305892.83160116,2529987.10677286
94.187223653771,8306318.40625142,2543919.51486472
94.2352318719015,8307046.87946117,2521446.63829259
94.2688775569721,8307623.52774224,2496313.88897978
94.3025232420428,8308180.20869359,2474616.7448943
94.3138024641515,8308285.22986497,2481547.41348451
94.3250816862601,8308394.89397169,2488584.36949119
94.3496167426206,8308650.04174244,2503892.2705223
94.3955497153335,8309115.60413857,2532544.43585591
94.419107795765,8309453.01214462,2527583.33735384
94.4426658761964,8309799.22257935,2517886.36895241
94.4662239566279,8310145.4671603,2508200.51151363
94.5606473826195,8311450.08543147,2501327.61071594
94.6460012755093,8312553.55294161,2509411.90428777
94.7313551683992,8313567.0637183,2517253.18212837
94.8887760996358,8315340.61650633,2524073.18882103
95.0171856569686,8316873.04605952,2517051.28063923
95.1455952143014,8318284.56584927,2526007.82810601
95.2365326678158,8319322.35933628,2522326.88423228
95.301691994789,8320137.92110104,2510991.73803067
95.3405520367721,8320539.50357112,2518383.46892996
95.3794120787553,8320941.24131511,2525805.2866822
95.4454125002196,8321745.80582884,2519757.37086135
95.5114129216839,8322598.48303272,2507085.39761853
95.5774133431482,8323481.3467644,2503641.60642397
95.6434137646125,8324271.62397201,2510382.75734974
95.7518219168477,8325430.64751111,2526584.75505504
95.8602300690829,8326586.81987384,2525667.20295849
95.968638221318,8327840.95942824,2517102.69615766
96.0770463735532,8329075.06187015,2519008.37160814
96.1495786316821,8329684.55983142,2537789.15424622
96.2221108898109,8330234.29737111,2553528.76262338
96.2794550888264,8330710.04770252,2547636.10484323
96.33618214417,8331449.6776477,2521267.57318097
96.3929091995136,8332350.04739618,2483110.74640095
96.422196141331,8332740.96031442,2483656.00434479
96.4514830831483,8333123.50805578,2490825.20297076
96.4807700249657,8333506.08336112,2497981.9941064
96.5930750242221,8334677.95302341,2528307.22703177
96.6358974882441,8335138.01558034,2527276.62631355
96.6787199522661,8335600.78366087,2523724.04817001
96.7372040601673,8336198.86448137,2524787.2180895
96.9617304308107,8338367.59401229,2531116.92797945
97.2801760457998,8341386.66900134,2537188.17759181
97.3236639285981,8341951.8088104,2520639.89466863
97.3671518113964,8342644.75764506,2493568.49068418
97.3950141307604,8343088.46182906,2476232.14732514
97.4133134278448,8343286.19053707,2480413.26077714
97.4316127249291,8343466.68395594,2490641.85963875
97.4499120220135,8343646.66756439,2500849.22757953
97.5136231250476,8344254.83644515,2530195.66985901
97.5773342280818,8344803.18277405,2536627.12553408
97.6410453311159,8345356.33310923,2538285.55489123
97.8315817820687,8347208.29376756,2525293.45632062
97.9282962464211,8348043.79863498,2537331.53919217
98.0250107107734,8348774.89696551,2547381.1539918
98.0957430829776,8349393.43375154,2536957.61040829
98.1664754551817,8350165.326741,2522474.17360658
98.2372078273858,8350901.86228754,2518995.55788512
98.3079401995899,8351637.99392351,2522274.48050029
98.3442698108979,8352139.1104131,2509724.96003149
98.3805994222059,8352640.17529312,2497151.48138496
98.4312658421228,8353140.11058306,2506787.50269528
98.4819322620396,8353539.39052227,2533492.23163957
98.5192272757001,8353883.12755004,2539356.43465584
98.5565222893607,8354254.10891964,2532049.07714149
98.5938173030212,8354625.38608746,2524764.35157755
98.6597442176465,8355235.6696367,2527746.74845142
98.7256711322717,8355840.16915337,2530687.84064364
98.8306956151421,8356747.33393824,2535209.56230719
98.9357200980124,8357381.94717281,2558213.72689988
98.9818486295252,8357531.62747494,2575516.10085886
99.027977161038,8358004.5709226,2554896.78413165
99.057927263477,8358428.37536067,2525308.36963509
99.087877365916,8358852.56266285,2495754.60190401
99.1220842385731,8359226.39660633,2492647.32689752
99.1562911112302,8359561.46068604,2506668.25091395
99.1815341555512,8359808.76562841,2516993.82500793
99.236152497457,8360376.32517356,2521515.51774984
99.2907708393627,8360956.12177581,2516835.49818312
99.3453891812684,8361450.30641271,2523430.00683461
99.4000075231742,8361929.83557293,2532349.02646762
99.4768548946206,8362569.36399449,2535397.00578702
99.5376274862698,8363055.61679956,2537991.91223939
99.8008479815239,8365343.40691581,2525646.12937824
99.8167566446808,8365393.75966354,2533975.34733247
99.8326653078377,8365445.52564281,2542365.22995068
99.8724168260106,8365588.30374856,2563334.91720453
99.901371068873,8365701.4399955,2576941.58450626
99.9118771823371,8365830.38611142,2569676.89452899
99.9223832958011,8365954.6904874,2562304.0850529
99.9452242736298,8366207.63103266,2546273.88289269
99.9891748029204,8366707.52369849,2515436.01959187
100.033125332211,8367163.20614685,2510767.79892045
100.065771042353,8367500.51561159,2513755.07584508
100.098416752495,8367838.07910989,2516732.93128479
100.228489037644,8369089.21042373,2523024.28968792
100.358561322793,8370219.87070578,2532102.39967534
100.488633607942,8371110.93134859,2549983.33656554
100.533055593777,8371486.57130363,2543502.91435231
100.577477579613,8371889.18476173,2532399.18799489
100.621899565449,8372272.60132901,2528049.45612255
100.666321551284,8372645.4665061,2530742.8673647
100.71074353712,8372985.15192704,2535489.4918556
100.755165522955,8373229.04997217,2546771.25131595
100.819501730705,8373547.15308136,2561354.88630543
100.89891517464,8373837.38684566,2574323.23590931
100.915894679789,8374025.80482715,2563666.28411135
100.932874184938,8374217.00939083,2551994.30829732
100.961840853017,8374543.61912478,2532086.10242159
101.077125082846,8375851.29921121,2504333.88249814
101.192409312675,8376842.52572629,2532890.54035296
101.241688383189,8377271.27922194,2532634.51008198
101.290967453703,8377697.45000578,2529456.96528644
101.35471185389,8378197.18598518,2533223.85890077
101.418456254077,8378657.55410771,2539631.64977994
101.482200654264,8379041.59934145,2549313.39931972
101.570360243556,8379714.61291075,2539247.54628706
101.658519832847,8380441.78237869,2531746.89615825
101.6986105779,8380778.24618431,2530318.13566794
101.723908701994,8380855.48169021,2541772.03106708
101.749206826088,8380920.25128498,2553998.2285986
101.796735553085,8381068.99347881,2576975.55818725
101.811499266632,8381215.53554283,2570488.45897157
101.826262980179,8381374.6193659,2559937.37702931
101.841026693727,8381534.20348746,2549404.27321613
101.895758382266,8382131.37176134,2510358.36596771
101.914814511008,8382278.03962547,2511675.44866679
101.93387063975,8382422.75741731,2517430.65773376
101.952926768492,8382567.21439394,2523171.64235802
102.026660044174,8383124.86585916,2537352.681888
102.081417514111,8383535.56609604,2537261.65088979
102.136174984049,8383966.27712835,2535146.90156904
102.275446495291,8385029.29245058,2537718.52427605
102.3708467749,8385719.71460708,2539277.3993016
102.466247054508,8386355.06761316,2543809.64926402
102.561647334117,8387013.71382483,2542085.06960113
102.684879262606,8387655.04422332,2560347.02459883
102.729905410321,8388006.39481097,2550909.85076963
102.774931558037,8388423.51296692,2530948.6635907
102.802020663285,8388661.43661886,2520815.60659125
102.819114147189,8388719.0900631,2529199.26728348
102.836207631093,8388778.65753678,2537651.18773391
102.877222953117,8388936.68833655,2557938.53998928
102.929374857991,8389345.02247364,2551288.13811313
102.962996579989,8389697.01119058,2530576.39826919
102.996618301987,8390049.39898489,2509896.72392406
103.020542549267,8390268.08845837,2510310.99335004
103.044466796547,8390487.46587314,2513315.05339639
103.076584345922,8390782.17723412,2517341.21627055
103.158934614954,8391330.89558403,2538369.70094309
103.241284883986,8391839.09386234,2548080.44996362
103.323635153018,8392379.21839874,2543194.30949548
103.388970427159,8392821.84764612,2541407.30848351
103.504712589551,8393538.10250156,2546745.35708042
103.567956562433,8393805.551189,2557787.40180803
103.631200535315,8394219.94883288,2550948.75743275
103.675610274919,8394604.08747886,2533105.55268834
103.70576528918,8394843.40726197,2524911.5333775
103.735920303441,8395007.59103202,2533477.94058938
103.766075317702,8395171.7932699,2542064.43391776
103.865755518579,8395938.26818289,2532792.24077649
103.930592543705,8396429.18433688,2528653.36960024
103.995429568831,8396855.53843825,2541048.76711647
104.043561734357,8397196.31764938,2539811.88428458
104.091693899883,8397548.39725627,2537453.74832214
104.176676168806,8398093.71156308,2540839.55334315
104.261658437728,8398621.27243801,2544141.71250244
104.406118413025,8399479.47266764,2547215.75377142
104.487968705228,8399882.23922786,2554524.2709812
104.569818997431,8400365.70876633,2548439.89847624
104.634501914611,8400819.5237626,2539743.77676631
104.715755344668,8401437.39692513,2530559.27612101
104.797008774725,8401987.49132268,2538147.31660012
104.878262204782,8402520.80485176,2539849.61668619
104.95951563484,8402999.68047664,2544905.66368074
105.077115073351,8403582.00657361,2555394.46755442
105.153929874126,8404053.52212811,2547054.20652645
105.230744674901,8404522.33666092,2541922.99933828
105.291641674933,8404846.30006317,2549722.01719338
105.352538674966,8405204.11622133,2547751.90381363
105.413435674999,8405588.82294354,2542912.25129025
105.474332675032,8406053.22565051,2533469.05023916
105.563647369374,8406609.64641267,2540281.94889534
105.652962063717,8407150.08438361,2543992.11699103
105.74227675806,8407671.24874147,2544638.78815048
105.884141702264,8408409.11013396,2551616.13666501
106.026006646468,8409144.21319097,2549571.33053006
106.09960087957,8409645.66680766,2535897.12078619
106.127118225594,8409769.61139382,2541174.53211695
106.154635571618,8409891.65711164,2546639.30161247
106.223665804063,8410264.09959953,2551385.73413349
106.272995635294,8410588.39455453,2542378.89332801
106.322325466525,8410886.52897725,2539463.84231894
106.371655297756,8411161.63441413,2544008.48549288
106.420985128987,8411447.32129674,2545733.04059607
106.470314960218,8411743.35954338,2543607.09046764
106.530226116749,8412091.6555516,2542242.50846101
106.63548342803,8412706.4304802,2544679.59279574
106.740740739311,8413247.27840804,2549914.92363976
106.870658079661,8413892.09427153,2551359.92845005
106.949694429831,8414185.73090304,2559702.36704744
106.996506615615,8414331.48123126,2567271.9479899
107.023947218383,8414545.41313089,2556716.74234809
107.051387821152,8414771.359257,2543893.30785734
107.089687342053,8415086.32214624,2525999.22813293
107.123467376161,8415275.52043987,2528394.9909108
107.15724741027,8415438.22567793,2538931.21160005
107.191027444379,8415601.07640483,2549454.21940571
107.240278771909,8415831.55123885,2552834.56386014
107.28953009944,8416058.68808225,2553509.70926284
107.355454445514,8416454.12921523,2545459.89895003
107.421378791588,8416844.95256831,2540420.19472113
107.487303137662,8417201.19699328,2545302.16845191
107.584154226369,8417592.72346932,2557882.18022301
107.648247993937,8417921.76228848,2552851.95448574
107.712341761505,8418245.60630158,2547392.78170567
107.789419791743,8418504.22606071,2562063.60188735
107.866497821982,8418457.98422692,2590822.97126885
107.926105417574,8418247.09084732,2616267.65430341
107.985713013165,8417858.33274512,2643597.85765645
108.025222432036,8417794.68248295,2633728.58091948
108.064731850907,8417845.38007133,2607764.53696204
108.094387310624,8417875.30828422,2588290.57890966
108.106616701053,8417554.61087605,2607138.35027084
108.115004078893,8417208.06417345,2636540.72655273
108.123391456733,8416856.08390563,2665804.80696155
108.140771490112,8416107.27069844,2726446.34753806
108.200545138209,8413519.34383872,2935321.90184213
108.222444357919,8411236.15064246,3023913.41240855
108.244343577629,8408942.34789318,3112550.59474007
108.300497479948,8403076.63313552,3337844.02869979
108.302171881829,8402950.76608002,3338304.98684529
108.303846283711,8402763.75167985,3338209.46918561
108.305985462975,8402540.77515676,3338203.90016878
108.310702041921,8402051.22605723,3338165.42679293
108.327188633302,8400328.41000571,3338025.66934427
108.402029195583,8392501.20433252,3337765.17662566
108.472993647571,8384887.42778178,3350134.1214761
108.54395809956,8377349.76207851,3350148.97606269
108.69056870777,8361195.76114217,3382714.77698904
108.714084826988,8358735.98018791,3376272.19738975
108.737600946206,8356381.85046836,3358483.28486465
108.761117065424,8354027.63669209,3340720.90041679
108.793354007099,8350806.73909575,3316380.07030274
108.813825525958,8348617.69629276,3318598.60980184
108.834297044817,8346384.33560798,3329583.3851685
108.854768563676,8344150.80520831,3340544.28191779
108.892593833269,8340017.50101972,3360788.29267776
108.918285653643,8337317.12841372,3359277.638059
108.943977474016,8334645.08178996,3351425.78247807
108.96966929439,8331972.85735822,3343585.57053895
109.0637581811,8322411.41509787,3321461.24897923
109.208400857856,8307861.56986934,3314639.58323668
109.287250781787,8299803.12723112,3322440.24224127
109.366100705719,8291961.56455147,3311231.83800251
109.422260300506,8286306.48736284,3310071.66163148
109.463602625052,8282045.06914239,3319953.44509236
109.504944949597,8277806.46642781,3327375.49916378
109.546287274143,8273731.41759043,3316641.79807848
109.576206642264,8270783.11103797,3308862.2501557
109.671979109393,8261184.34854567,3311054.64336605
109.74206681262,8254191.96432676,3310751.71405711
109.812154515846,8247256.59850749,3304693.63858241
109.882242219072,8240407.45294957,3298448.37538081
109.983926656549,8230260.87077291,3308884.7571028
110.085611094025,8220091.17504941,3309788.91315405
110.158889963882,8212721.50014852,3311840.8401426
110.208125637182,8207818.16817199,3310414.54904609
110.257361310482,8203183.90005155,3291939.96099053
110.306596983782,8198529.67921917,3276853.91143752
110.340719816943,8195227.89209701,3281733.79651514
110.374842650105,8191925.88639843,3286633.27594238
110.479132750065,8181868.83757715,3288729.54938863
110.583422850025,8171993.20740198,3278146.97389154
110.676363425257,8163225.31704013,3276207.19225765
110.769304000489,8154522.28079594,3272448.37329706
110.862244575722,8145842.77594083,3270492.52177665
110.999105040985,8133226.5491647,3260996.13301077
111.135965506248,8120940.35875311,3248557.08238404
111.192933016628,8115894.75525394,3243182.68692228
111.216433337336,8114343.43090738,3212370.60666306
111.239933658045,8112993.10259981,3168916.72436381
111.263433978753,8111642.97153569,3125493.58233895
111.286497454334,8110322.61091942,3082882.9030124
111.296872910086,8109727.46351876,3063712.5721401
111.307248365839,8109737.95215598,3017351.78215608
111.317623821591,8109954.47868444,2958499.30374842
111.327999277343,8110173.68151716,2899729.58253597
111.352519372081,8110704.36132369,2760843.80517229
111.38082674244,8111311.11159817,2600501.36349336
111.393085011568,8111574.26640279,2531067.05818332
111.399803241396,8111718.44485784,2493013.06689245
111.402312169403,8111750.91076469,2488669.69710555
111.40482109741,8111848.28054696,2485818.29438689
111.407869326591,8111954.09239886,2482249.07414323
111.41487526258,8112194.01261995,2474068.5779849
111.441730634631,8113125.23807087,2442711.34699147
111.486447970669,8114673.7705822,2390496.50445529
111.531165306707,8116312.88203369,2364953.02638705
111.575882642745,8118006.82433616,2351175.33675278
111.620599978783,8119789.0897311,2335076.45530678
111.676508919521,8122145.64745329,2311523.99426862
111.747332284827,8125310.92678081,2283543.57991305
111.798518692767,8127653.77278429,2263989.3912886
111.808720183815,8127950.46020174,2277769.18781026
111.818921674862,8128237.21008255,2294849.37981545
111.831583961925,8128591.46682488,2316017.8553867
111.872437576948,8129728.59567752,2384317.16647851
111.890676330429,8130237.22991353,2414809.32987961
111.902007285619,8130592.17689,2428271.0687457
111.913338240809,8131058.82525516,2415431.66361953
111.921518290378,8131390.92123317,2406073.5018759
111.940599689172,8132153.65258797,2384247.62709314
111.982759498495,8133849.26465079,2336027.45097996
112.024919307817,8135413.33828696,2326393.74581568
112.051650842504,8136371.05946452,2337478.22147835
112.07838237719,8137327.30889192,2348518.77826066
112.152129704282,8140177.03629088,2336839.40038093
112.205782592491,8142321.08369025,2316502.32850637
112.259435480699,8144570.45931338,2304390.54828105
112.292528246145,8145958.03426261,2296926.19174934
112.32562101159,8147100.32212165,2317068.13049477
112.348857306489,8147862.1978071,2336993.50104664
112.372093601388,8148623.84069206,2356903.802976
112.460323886589,8151317.82539372,2398551.15081572
112.548554171789,8153771.86106279,2422476.87169019
112.613321635103,8155495.47017063,2434920.41593136
112.678089098418,8157240.27291324,2431917.78287947
112.742856561732,8158750.18091434,2450749.44793973
112.807624025046,8160158.43431589,2476623.24985569
112.839644045899,8160884.39024711,2473665.79268269
112.871664066751,8161609.53871254,2470677.15809587
112.967529566589,8163645.03034732,2478465.6760961
113.063395066428,8165684.20463458,2478902.3848691
113.159260566266,8167776.53783745,2473132.75594034
113.255126066105,8169776.33949094,2480209.78512572
113.350991565944,8171850.18985284,2474652.69482418
113.446857065782,8174016.2301115,2463981.38544498
113.500831631058,8175221.71021415,2466451.99030503
113.554806196334,8176291.19990231,2478037.95141733
113.60878076161,8177370.51464803,2487063.75765808
113.662755326886,8178488.03070156,2482754.45761415
113.716729892162,8179634.04160174,2477167.02629084
113.790000150525,8181278.40502453,2465711.40027723
113.840831874911,8182329.08595653,2471024.54701321
113.891663599297,8183366.24573133,2479634.25536289
113.955658042005,8184658.27849398,2482054.4076344
114.019652484713,8185964.72601494,2481238.4776456
114.083646927421,8187311.82740415,2475969.75593051
114.158958592895,8188829.71511319,2479485.96480949
114.211500612371,8189928.82402002,2478819.75689193
114.264042631847,8191188.15887784,2460098.2409346
114.295191121691,8191934.91269703,2448995.14668522
114.315426567461,8192301.75119732,2456540.57745128
114.335662013231,8192646.35520233,2468852.49711106
114.355897459002,8192990.58220569,2481149.3318053
114.397172767753,8193689.90023406,2506230.50563929
114.420463526059,8194133.56649283,2504398.27241982
114.443754284365,8194574.72295944,2500254.13596462
114.47597427298,8195184.99488744,2494528.25876378
114.619818043817,8198027.60011681,2481640.98203425
114.682441622802,8199165.57238219,2492753.45840239
114.745065201787,8200459.33911602,2482477.49481079
114.807688780772,8201794.48337262,2466936.60755609
114.863133635681,8202910.20257499,2473267.61124466
114.91857849059,8204022.55977454,2478848.99891335
115.012755200506,8205828.73098174,2485408.67124408
115.175005737739,8208930.37333495,2481765.38327003
115.236330287428,8209964.84229268,2494113.704325
115.297654837117,8210880.76898667,2519607.92572539
115.315481075367,8211236.71941879,2513577.66158691
115.333307313617,8211595.55052488,2505390.23488415
115.358603478452,8212104.97525856,2493782.50471759
115.464148581738,8214197.5117477,2477073.49506919
115.53600183385,8215618.31330267,2477812.54118859
115.607855085963,8217041.57797943,2477246.23076914
115.757020293678,8219823.93966277,2487182.35411063
115.906185501393,8222505.16555722,2491970.54885566
115.991768216083,8223951.53737533,2499481.02130933
116.077350930774,8225464.98258547,2494092.77055344
116.142579663905,8226334.29691154,2516433.90441856
116.207808397035,8227154.0242558,2541512.47937452
116.218857628701,8227408.41600033,2530769.4298853
116.229906860366,8227658.65993782,2519930.92433476
116.254885472543,8228210.01342259,2495428.53331612
116.291370827187,8229023.62208944,2459643.36677098
116.32785618183,8229802.94789478,2452881.26341431
116.353531719125,8230355.60350706,2454577.76044065
116.379207256419,8230908.12123466,2456260.10383935
116.475480757695,8232641.6016479,2486542.31945084
116.544697073877,8233837.19606512,2495125.57931033
116.613913390059,8235030.44923099,2494055.347484
116.683129706241,8236224.82959031,2494167.9278259
116.841242771285,8238749.54112848,2507866.00400406
116.999355836329,8241203.62250497,2500273.51715476
117.157468901373,8244239.79802309,2474128.2554379
117.269032700121,8246179.05035358,2491280.65883424
117.38059649887,8247914.65474004,2506274.92916075
117.464768103754,8249323.99102279,2496803.89845182
117.548939708638,8250721.8824249,2494937.63387173
117.707276675159,8252872.53799534,2531294.90432597
117.721449114888,8253106.43744505,2525537.80758344
117.735621554617,8253347.04887201,2519709.5373187
117.770162405818,8253920.44588722,2505501.84080433
117.921556128784,8256649.81271659,2478108.49233404
118.037487511102,8258609.45898136,2491257.87584791
118.202951855508,8261178.81926549,2500502.09855425
118.263411134697,8262056.16964796,2506478.7736746
118.323870413886,8262958.92499521,2508095.16737885
118.384329693076,8263892.59849078,2502932.28355043
118.444788972265,8264694.44387093,2512712.61570801
118.505248251454,8265469.92738127,2525200.53107924
118.539710667756,8266001.12009189,2516797.8612285
118.574173084058,8266531.38033871,2508364.33611443
118.674963258645,8268053.0107556,2503186.68420605
118.744633493174,8269240.2291024,2491541.62808114
118.814303727702,8270447.59720894,2480650.10035032
118.883973962231,8271475.56048436,2500786.70151957
118.935322536266,8272203.73811802,2508155.00640453
119.006835262595,8273205.72619702,2512126.77825944
119.078347988924,8274311.36665206,2501742.40309549
119.132643235861,8275103.47210447,2501330.70494709
119.225339607143,8276454.76451374,2506994.4224902
119.318035978425,8277713.52636537,2513393.14644208
119.390203177842,8278449.29243406,2539812.47924139
119.425645065102,8278965.24638541,2530601.08130731
119.461086952361,8279526.97790536,2512755.87085646
119.496528839621,8280088.6086834,2494923.97145069
119.531489280189,8280653.79216553,2491789.56666719
119.566449720757,8281223.74740224,2490302.80505314
119.620244985095,8282078.83738028,2490592.06291268
119.674040249434,8282901.86487812,2495204.54199999
119.746907299791,8283960.94952513,2502212.71603955
119.9,8285926.43128946,2524062.17983614
