0,0.973100450448445
6.07840999814531e-06,0.972582295808698
1.78062430548231e-05,0.971655294929504
2.95340761115009e-05,0.97081633405385
4.12619091681787e-05,0.970056714802487
5.29897422248566e-05,0.969368696485889
6.74991720195722e-05,0.968606194000102
8.20086018142879e-05,0.967931207097645
9.65180316090036e-05,0.967333598418158
0.000111027461403719,0.966804465045827
0.000129297814571661,0.966223379755498
0.000147568167739603,0.965724951217528
0.000165838520907545,0.965297521758768
0.000188160453953715,0.96485702041274
0.000210482386999884,0.964492275185748
0.000232804320046053,0.964190438677367
0.000261012819923112,0.96388229709418
0.000289221319800172,0.96364020334669
0.000323351347615607,0.963415636212663
0.000357481375431042,0.963248427815325
0.000400343428876215,0.963097554634396
0.000443205482321388,0.962993878898385
0.000500033881050271,0.962904550941388
0.000556862279779154,0.962850696106555
0.000635170638671234,0.96280954666987
0.000731435285812156,0.962786389112804
0.000853150121458731,0.962775583111948
0.000974864957105306,0.962772434399532
0.00109657979275188,0.962771689924814
0.00121829462839846,0.962771693087116
0.00134000946404503,0.962771927156911
0.0014891153856896,0.962772304067505
0.00163822130733416,0.962772708265136
0.00178732722897872,0.962773118491494
0.00193643315062329,0.962773530043321
0.00211810812760525,0.962774031852988
0.00229978310458721,0.962774533739489
0.00248145808156917,0.96277503563609
0.00266313305855113,0.962775537533607
0.00289426473369306,0.962776176060273
0.00312539640883498,0.962776814586086
0.0033565280839769,0.962777453111015
0.0036470612560352,0.962778255737405
0.0039375944280935,0.962779058362396
0.00428912008497031,0.962780029482942
0.00464064574184712,0.962781000601438
0.00508365222799335,0.962782224440316
0.00552665871413957,0.962783448275939
0.00611911811093288,0.962785084980326
0.00683334245661299,0.962787058059897
0.00773269016487451,0.962789542539741
0.00893150298107943,0.962792854281666
0.0106816151600626,0.962797688955159
0.0136916866522992,0.962806004139174
0.0212783990817615,0.962826961416293
0.0528441805674265,0.962914147410675
0.0968995772917662,0.963035802622526
0.124179564444633,0.963008534177669
0.1514595515975,0.962967551420686
0.192493913738681,0.962905890189009
0.233528275879862,0.962969188200364
0.265421614874779,0.963040153896871
0.305791069945291,0.963117295511445
0.355480471196018,0.963115528353145
0.405169872446744,0.96309957373231
0.45485927369747,0.96295801707993
0.491182934622885,0.962854412581503
0.535113774725793,0.962833411201868
0.579044614828702,0.962839093595171
0.63316518474912,0.963049969143951
0.672303565158955,0.963296757320815
0.690907106175311,0.963413911731999
0.703195451334231,0.963554357744784
0.715483796493151,0.963881845455121
0.72777214165207,0.964209091465484
0.761477338461829,0.965105640949982
0.787739514966815,0.965803001916494
0.799725671904778,0.966120931128847
0.806984389961947,0.966210981229163
0.814243108019116,0.96629515737429
0.826219715858983,0.966434213655931
0.868438950252922,0.966924046489424
0.894058633796132,0.967221036288178
0.910659028497544,0.967266728257825
0.927259423198955,0.967227466056489
0.943859817900366,0.967188649086918
0.994676458494867,0.967069660677665
1.01193202361229,0.967185251820756
1.02918758872971,0.967373169045501
1.04644315384713,0.967560605350393
1.10320880729721,0.968106841553948
1.10825472490624,0.968053161266413
1.11330064251528,0.967997195034121
1.12204566459518,0.967900501355934
1.15213935638402,0.967567527887987
1.18237772023267,0.967232716096335
1.19786007911687,0.967061195760318
1.2076252521338,0.967066287819633
1.21739042515073,0.967105846087033
1.22715559816766,0.967145065590302
1.2596374323633,0.967275581206127
1.30021086136444,0.967436473280817
1.31091679712543,0.96737402937804
1.32162273288642,0.967310475394589
1.34337983369184,0.967181393084147
1.38088525547004,0.966958785202907
1.40415761264812,0.966863038750272
1.4274299698262,0.96696534281895
1.44421132022962,0.967039507684084
1.4979234872854,0.967276644054441
1.50765024090326,0.96721626727695
1.51737699452112,0.967125416331071
1.52908732465219,0.967016378548396
1.56696874948835,0.96666340686579
1.58736475738811,0.966473250550157
1.59762917339541,0.966377523809364
1.6078935894027,0.966479667063017
1.61539615330343,0.966601159029724
1.62289871720416,0.966722097951618
1.64338616680143,0.967052280078744
1.67450792647975,0.967553394117745
1.69252274119494,0.96784321612808
1.71053755591014,0.967894494628758
1.72274946220325,0.967810493238748
1.73496136849637,0.967727134416275
1.76340153550655,0.967532873415045
1.79524979989353,0.96731524161531
1.81584251938218,0.967064987417159
1.83643523887083,0.966780467799072
1.85702795835948,0.966495940296975
1.88481851886011,0.96611167187081
1.89656834394613,0.965949107960043
1.90831816903215,0.966074938424553
1.91731383808399,0.966267785207769
1.92630950713583,0.966459757802624
1.94666628826531,0.966893964911273
1.97276615317923,0.967450073407629
1.99886601809314,0.968005515685636
2.00410556269431,0.96798400009672
2.00934510729549,0.967919956092684
2.01458465189666,0.967856642292014
2.02857758118076,0.967687294449207
2.08922503868196,0.966952630026174
2.11309721749329,0.966903186853153
2.12841257533795,0.967001612290138
2.14372793318262,0.967099352179123
2.18178355049716,0.96734226926476
2.22819042170119,0.967329130791238
2.25756416858454,0.967192510996509
2.28693791546788,0.967056150265668
2.3318462198518,0.967002765706764
2.37675452423571,0.96701404771665
2.42166282861963,0.966978458344475
2.46657113300354,0.966892088730719
2.51147943738745,0.966862195477825
2.54557907446788,0.966965314643981
2.5796787115483,0.967068524482752
2.62540594102243,0.966989243979138
2.65576359652096,0.966819288447888
2.68612125201949,0.966649601148465
2.72205415810258,0.966704229740919
2.74654441199736,0.966853071265092
2.77103466589213,0.967001484422251
2.84483223940979,0.966851630705702
2.91862981292745,0.966481540457983
2.99242738644511,0.966615694308816
3.04568352294922,0.966717227692621
3.09255609531002,0.966807265383963
3.12304288979355,0.966754957458169
3.15352968427709,0.966665926005694
3.18401647876063,0.966576986524626
3.23733399464311,0.966643399128043
3.29065151052559,0.966806035771489
3.34396902640807,0.966880352936612
3.39728654229055,0.966935593789529
3.41704615452801,0.966849588225902
3.43680576676547,0.966745644719835
3.46429461183865,0.966601143823468
3.50562405616542,0.966423982735872
3.53063964161172,0.966472274033591
3.55565522705801,0.966520974370263
3.62281459021843,0.966656580645475
3.66341140468562,0.966744341212139
3.70400821915281,0.966772481905318
3.71334595203116,0.966653735917842
3.7226836849095,0.966533806180965
3.74165705182433,0.966290133763828
3.77138049367996,0.965908139354979
3.8011039355356,0.965550566851718
3.80539778957067,0.965590551001626
3.80969164360574,0.965632957787446
3.81666527524186,0.965701473070201
3.83853874462156,0.965916356394781
3.87777340820701,0.966301543922769
3.89746254669684,0.966494721300271
3.90921422611912,0.966488543840223
3.92096590554141,0.966446639456904
3.93271758496369,0.966404970772649
3.97218989170608,0.966264958877411
3.99859374984845,0.96617127815619
4.0132179856911,0.966242265866318
4.02784222153376,0.966327566748255
4.04894476369921,0.966450499153265
4.08395113215493,0.96665435649875
4.11895750061066,0.966661359001643
4.14470150731253,0.966541714712793
4.16402213137824,0.966452161241881
4.20610581466975,0.966275348073748
4.24818949796125,0.966207411444014
4.29027318125276,0.966139590328926
4.32124648551787,0.966212655654359
4.35221978978297,0.966343173817464
4.38319309404808,0.966473532521256
4.42404183854901,0.966381669291001
4.45065354698029,0.966199678939481
4.47726525541158,0.966017958882728
4.49633304200886,0.965887706529785
4.5083493580777,0.965937419769006
4.52036567414653,0.966048217607666
4.53238199021537,0.966158647183122
4.5663664451237,0.966470818988203
4.58989860454136,0.966686855685409
4.61343076395902,0.966708114982199
4.63696292337668,0.966579040105124
4.65364476621852,0.966487852895147
4.70455839269253,0.96621686921027
4.78098283333417,0.965924804723514
4.83743955955641,0.966053769541925
4.87467585769,0.966255599115486
4.89638382016621,0.966373093496009
4.91074532236209,0.966338921161492
4.92510682455796,0.966265177161411
4.93946832675383,0.966191615330157
4.98886668561989,0.965938500228776
5.0207383436315,0.965939886593322
5.05261000164311,0.966031474239261
5.08448165965472,0.966122842048012
5.14264380018323,0.966148600090848
5.20080594071174,0.96611992360831
5.23493057295197,0.96599711117708
5.26905520519221,0.9658739597614
5.36825579382807,0.965772315278963
5.46745638246394,0.96579067806669
5.54246204262672,0.965980296686504
5.58386257898401,0.966159480844402
5.6252631153413,0.96603030519822
5.65163512878995,0.965820475845993
5.6780071422386,0.965610918404703
5.70553991250958,0.965450675032736
5.73307268278057,0.965527058144585
5.75297747348866,0.965582358037653
5.8090083891851,0.965677511367343
5.8361114286322,0.965569230593289
5.8632144680793,0.965460653856485
5.90318191816442,0.965341670224932
5.91395856031181,0.965438349274001
5.92473520245921,0.965536021388314
5.94686249535525,0.965736424159111
5.97744334899298,0.966013242043575
5.99413192332669,0.966164237255226
6.0108204976604,0.966109716559439
6.0270708015349,0.965943870371087
6.04332110540939,0.965778472126811
6.08489356601351,0.965355042345385
6.09682828500183,0.965233410853004
6.10876300399015,0.965311245184566
6.1182184659029,0.965433472086548
6.12767392781564,0.965555300929993
6.15223875285073,0.965871610255365
6.17614733435311,0.966179263619016
6.20005591585548,0.966485165560922
6.20192474221392,0.9664600872247
6.20379356857235,0.966431110344828
6.20626446520079,0.966393607706325
6.2119890484326,0.966306496925795
6.23514562016022,0.965954001445637
6.26851788661315,0.965445528784154
6.30189015306609,0.964982305743603
6.30631934625484,0.965021215063952
6.31074853944358,0.965062478411414
6.31799381338953,0.965129637878394
6.3405403235145,0.965338595302392
6.37948644642475,0.965699321127705
6.39872190010942,0.965877378870724
6.40553871028283,0.96584476050048
6.41235552045624,0.965787168724153
6.42108375811935,0.965713796858047
6.44631024411901,0.965501649428293
6.48210558876153,0.965200451899733
6.50366232750348,0.965064858863652
6.51820413056523,0.965127399919743
6.53274593362699,0.965190456148696
6.56830066435155,0.965344557425747
6.65926714133482,0.965638025903916
6.69287062026044,0.965726373832813
6.72647409918606,0.965641273064829
6.75083478154987,0.965544894070103
6.77519546391368,0.965448563711711
6.79793610264097,0.965358640131242
6.81067685946486,0.965435344854001
6.82341761628875,0.96553842786238
6.83907702191619,0.965664915096688
6.89090872222757,0.9660832966456
6.90091609463137,0.966138504956763
6.90491565147068,0.966057609528037
6.90891520830998,0.965974199091513
6.91529291177597,0.965841535297925
6.93525705116832,0.965425957725673
6.96043073100522,0.964901404682924
6.98560441084211,0.964376257384195
6.99550777509671,0.964169500146971
7.00541113935131,0.964195848454487
7.01240163335566,0.964360113299248
7.01766275303656,0.964482545259285
7.02875752224406,0.964740801680002
7.0693328781711,0.965684062467932
7.08744007235364,0.966104381720943
7.097402625723,0.966335478201173
7.10736517909237,0.966368446856319
7.11518503260549,0.96633537930117
7.12300488611861,0.966302887595888
7.14311504743426,0.966219259519123
7.18124608534224,0.9660606487752
7.20615819991994,0.965896464473079
7.23107031449764,0.965544228818198
7.25598242907534,0.965191660342728
7.28599208189002,0.964766547180306
7.29828125317231,0.964592349069771
7.30604702786337,0.964597019426917
7.31381280255444,0.964637644473014
7.32157857724551,0.964677954957113
7.34354286800121,0.96479190247057
7.39041285373342,0.96503497032161
7.41704967230328,0.965330678422185
7.44368649087315,0.965716864048278
7.47032330944301,0.966102483962103
7.49144851321226,0.966408085793679
7.5125737169815,0.966361137305975
7.52529437532255,0.966183855856451
7.53801503366361,0.966007375559725
7.56562091371478,0.96562409548122
7.59071515507529,0.965275409863615
7.6158093964358,0.965126127077594
7.63911455458406,0.965099150376409
7.66241971273231,0.965071815210401
7.69356534580808,0.965035284278334
7.71379600125066,0.965142404339343
7.73402665669323,0.965312433913296
7.7542573121358,0.965482199322274
7.78013857884677,0.96569929455231
7.79540366173809,0.965827292573097
7.8106687446294,0.96574090155989
7.82593382752072,0.96555811200468
7.84119891041203,0.965375583631332
7.87933969989746,0.964919332970351
7.90398557206525,0.964693017912179
7.91363800430113,0.964745946511276
7.923290436537,0.964799623333793
7.94452262239019,0.964917600518128
7.99355124835936,0.965189903430425
8.02456991975883,0.965252691836678
8.05558859115829,0.965286033597898
8.08660726255776,0.965319400388075
8.14155568990739,0.9654637443978
8.19650411725703,0.965635839144874
8.21141261563768,0.965555615942956
8.22632111401833,0.965434516586994
8.24122961239899,0.965313547987713
8.29005333778222,0.964917236809336
8.3136397708511,0.964927065785264
8.33722620391998,0.965087604971888
8.35393003208436,0.965200936845984
8.40271278869885,0.965502610805811
8.41131607286718,0.965468587986584
8.41991935703552,0.96543359630626
8.43828970880376,0.965358965537609
8.5160951924963,0.96501630379671
8.59390067618883,0.964571057821931
8.61269991981541,0.96459801502963
8.63149916344199,0.964691682289563
8.65029840706857,0.964785107193339
8.71012632223521,0.965046318563843
8.76995423740184,0.965129122717313
8.81365408328428,0.965158107674965
8.85735392916672,0.965116607424392
8.93667550850068,0.964987544003811
8.98017833316389,0.964882197699174
8.99819585728132,0.96483853926425
9.00946714821969,0.964917410564937
9.02073843915806,0.965018213996497
9.03546729566247,0.965149736852097
9.08348726679159,0.965578223469665
9.13045568860838,0.965413133147849
9.14747174817657,0.965236640141581
9.16448780774477,0.965060592479226
9.19026260711907,0.96479378808765
9.21603740649337,0.964770380000442
9.23958496653987,0.964887440794459
9.26313252658637,0.965004030421551
9.296003586983,0.965166736054093
9.31651790093261,0.965158509665845
9.33703221488223,0.965122662518167
9.36210082225793,0.965078928692023
9.45329812863731,0.964889150417829
9.54013664430113,0.964803829616257
9.59703342697774,0.964837405270028
9.61625773008786,0.964755802096007
9.63548203319797,0.964656384256881
9.66237388041667,0.96451733326572
9.76505005244207,0.964896421133753
9.80843189852948,0.965153187055529
9.82413775428896,0.965053903993737
9.83984361004844,0.964954071331901
9.87881256839035,0.964706301345929
9.93499869738397,0.964519730467099
9.99118482637759,0.96443774341547
10.0172836744774,0.964545653451807
10.0433825225773,0.964729782271192
10.0694813706772,0.964913654240891
10.1569800668264,0.964751964220267
10.2444787629756,0.96455934850098
10.2701913691553,0.96461447556676
10.2959039753351,0.964669276430995
10.3238550862901,0.964814831094202
10.3518061972451,0.964975615270355
10.3928779601147,0.965211745569207
10.41161662076,0.965136608435495
10.4303552814053,0.964945499751373
10.4449037861219,0.964797428270824
10.4868256211937,0.96437047456371
10.5164473386805,0.964261790497275
10.5370116281416,0.964296153496027
10.5575759176026,0.964330126053863
10.614335675191,0.964385813397648
10.6710954327793,0.964327395786291
10.7278551903676,0.964251720637238
10.8050088459228,0.964131406729653
10.8922466297053,0.964118602429653
10.9336875013024,0.964279854354818
10.9751283728995,0.964480315017179
11.00007746941,0.964600392644769
11.0149489193027,0.964570481688386
11.0298203691953,0.96453982973934
11.0634334082438,0.964470569256502
11.1418455555431,0.964318972179888
11.1821222218031,0.964245626956881
11.2223988880631,0.964369416659798
11.254086313041,0.964592494765857
11.2777224157286,0.964758607735283
11.2936932797465,0.964870814466401
11.3096641437643,0.964784473978541
11.3256350077822,0.964563282089536
11.3375089407897,0.964399243352101
11.3691213465878,0.963962205949038
11.3890378518219,0.963686646922074
11.4002429129791,0.963536346658867
11.4045673570057,0.963562818582694
11.4088918010322,0.963591609722763
11.4160398123893,0.963638889127188
11.4378584891505,0.963783170067526
11.5469518729563,0.964426752403984
11.5781354167197,0.964581167050043
11.5960730731695,0.96466995040287
11.6140107296192,0.964562026566142
11.6267215339973,0.964444660370669
11.6394323383755,0.964327512371891
11.6811003549677,0.963943256664586
11.7391068782358,0.963889158309493
11.7739075630028,0.963997872893164
11.8087082477699,0.964129731884399
11.8435089325369,0.964332766106769
11.8905290138782,0.964606946715505
11.9184326734461,0.964613960590934
11.946336333014,0.964539192737293
11.9742399925818,0.9644645953634
12.0353780097914,0.964489662504317
12.096516027001,0.964653367410645
12.1208164182886,0.964592205029328
12.1451168095763,0.964509054356327
12.1767193393052,0.96440092189651
12.2962015311621,0.96403631441929
12.3256218501121,0.96406389738754
12.355042169062,0.964109085387703
12.3961352773048,0.964172195773502
12.467745124977,0.964301410307998
12.5393549726492,0.964257446438247
12.5965464132391,0.964107237298155
12.6193234482504,0.964188063434027
12.6421004832617,0.964295046477599
12.6701145316128,0.964426564280243
12.6977980613899,0.964556450392809
12.7147855883715,0.96453093189989
12.7317731153531,0.964488740098595
12.7557691456794,0.964429195291283
12.8444627888686,0.964114912536105
12.8806739909128,0.963947932157653
12.9009737428473,0.963866194306951
12.9086582966982,0.963925119179273
12.9163428505492,0.963985193827628
12.9319743492807,0.964107266766743
12.9914886520821,0.964571709202296
13.0154059582404,0.964558265928497
13.0393232643987,0.964431383489415
13.0578678284943,0.96433323284838
13.1155304752176,0.96402269819139
13.1616225471709,0.963762893981323
13.1870366501817,0.963619589681917
13.2016157232849,0.96356771388994
13.210259256122,0.963684613441251
13.2189027889591,0.963802757526818
13.2354845027351,0.964029226742336
13.2976913948928,0.964877799359811
13.3073663992899,0.964862893944298
13.3170414036871,0.964798364564284
13.3267164080843,0.964734225234876
13.3544001907192,0.964550610488187
13.4928191038941,0.963953294422293
13.5639839406987,0.963876329594035
13.6351487775034,0.963741962955435
13.7063136143081,0.963565257559694
13.7275276243872,0.963618571128011
13.7487416344663,0.963672290238651
13.8060373208847,0.963819876251557
13.9306476601385,0.964198042365252
14.004842545045,0.964401934648689
14.0168921936207,0.964342660166509
14.0289418421963,0.964282672769015
14.0569581213094,0.964143203792154
14.1879073770356,0.963057357553981
14.1982547230607,0.962954502667716
14.2045193865308,0.963026182058486
14.2107840500008,0.963155483779348
14.2170487134708,0.963284047793227
14.2326042041312,0.963603214652715
14.2958147942032,0.964897922335177
14.3062573548159,0.964931314648512
14.3166999154286,0.964836906757747
14.324755880414,0.964764742680077
14.3441147348787,0.964591213963364
14.3936021855805,0.964147311281083
14.4249820911187,0.963973760317292
14.4563619966569,0.963828516125638
14.4944123786461,0.963652361045145
14.6300569190647,0.963895370017228
14.6700798443951,0.964317916203093
14.6904069699235,0.964532507082433
14.6998162497797,0.964631808078766
14.7055238747728,0.964589339039658
14.7112314997659,0.964541069761846
14.7204092778443,0.964463712893817
14.7486710051876,0.964225442528664
14.8899796419043,0.963731000166219
14.9843296114977,0.963885757458504
15.0453989420283,0.9641319981138
15.0872938965815,0.964331744178429
15.1157830700504,0.964226816891845
15.1341440771708,0.964031311828635
15.1525050842912,0.963836229673488
15.1990356782029,0.96334147796257
15.2089631865946,0.963365722276004
15.2188906949864,0.963405905915578
15.2326023346122,0.963461266995314
15.2749013779198,0.963631898610296
15.4863965944577,0.963448314120731
15.5146957313559,0.963459564491807
15.5429948682541,0.96357953669045
15.5652429520937,0.963673588590366
15.606266317776,0.96378952450228
15.6228605221009,0.963706693332462
15.6394547264258,0.963623372813795
15.6824394156041,0.963407480659937
15.7023140067734,0.963245459003045
15.7081925300484,0.963056125434219
15.7140710533235,0.962864979844137
15.724534205359,0.962524752234182
15.7580990061488,0.96143168326846
15.7830183887871,0.960618467357063
15.7964620938104,0.960179148140265
15.8099057988336,0.959951640231713
15.8204778771027,0.959835563573803
15.8310499553717,0.959719013795983
15.8606292970112,0.959392770334832
15.8988996831706,0.958970342945568
15.9035591939331,0.959125728688161
15.9082187046956,0.959355849706366
15.9128782154581,0.959584555214527
15.9226612526232,0.960064534366276
15.9551779800202,0.961656342838509
16.0046967453169,0.964060316259198
16.0542155106136,0.966359689908668
16.0790917489315,0.967510460201606
16.0913756027903,0.968077658274094
16.097636595819,0.96836648938218
16.1038975888478,0.968435400247478
16.1100094287221,0.96835931543018
16.1161212685964,0.968284874738268
16.1278992358809,0.968141162223361
16.1737609692468,0.967581183812212
16.1883413583191,0.967403015075206
16.197259124205,0.967294008412449
16.2061768900908,0.966930559440543
16.2150946559766,0.966445228405655
16.2240124218625,0.965960401518814
16.2435145721767,0.964898276432407
16.2732933596075,0.963271738279043
16.3030721470383,0.9617077418921
16.3100567621917,0.961479723105455
16.3170413773451,0.96125327810187
16.3302679642707,0.960824046629681
16.3741184795873,0.959398020937346
16.3885241747582,0.958928577514974
16.3973458863513,0.958640861825054
16.4061675979444,0.958608568634817
16.4149893095375,0.95869481569611
16.4238110211307,0.958780065406273
16.4433127831813,0.958968487133809
16.4873986523431,0.959394217642753
16.5314845215049,0.959566463223401
16.5755703906667,0.959637165393791
16.5893342941303,0.959658561278312
16.5967518624979,0.959670365953089
16.6041694308654,0.959918874376641
16.6099769471061,0.960270279536866
16.6144875912417,0.960541512762703
16.6232581608802,0.961068637668036
16.6526764321794,0.962832375046315
16.6854331953338,0.964788341614587
16.7010017664517,0.965661335769531
16.7019032691699,0.965670854593592
16.7028047718881,0.965673902976356
16.703961538717,0.965679458095807
16.7063061468289,0.96569021173245
16.7134473019632,0.96572309620439
16.7476258757617,0.965880434226368
16.7958475659121,0.966102324471601
16.8094738844204,0.965718319928208
16.8185679573567,0.965324188432286
16.8276620302929,0.964930867278171
16.8467706943178,0.964103232719683
16.8797530057851,0.962671187360029
16.8972155049497,0.961911186427654
16.9086325947647,0.961540167278368
16.9200496845797,0.961212388112032
16.9314667743947,0.96088408741853
16.968650037348,0.95981324802176
17.0533757002509,0.958777721834574
17.0675728688164,0.958744603522065
17.0817700373819,0.958710751356183
17.0948930306579,0.958679433563358
17.108016023934,0.958962850175495
17.1168087390493,0.959293767319393
17.1256014541646,0.959623273683605
17.1439724961092,0.960310995448104
17.1714725793046,0.961338585733126
17.1989726624999,0.962363873486296
17.2040502841389,0.962400316362434
17.2091279057779,0.962391436184318
17.2142055274169,0.962383322168156
17.2271318925383,0.962362542650953
17.2776292352439,0.962281327987306
17.3000390545804,0.962246036591366
17.3060999004845,0.962353240537602
17.3121607463885,0.962462708172786
17.3227407419426,0.962653536162961
17.3559826489017,0.963252524231254
17.3854495190306,0.963782847224184
17.4011639259654,0.964035535028549
17.4063404860119,0.963994910266283
17.4115170460584,0.963951912084615
17.420596840857,0.963876758089894
17.4492032595349,0.963639929218258
17.4775439159495,0.963405172948105
17.4929727791306,0.963277320479997
17.5084016423117,0.96290504275972
17.519443239647,0.962485753470572
17.5277024270471,0.962172630865455
17.547453396853,0.961422916006943
17.5695018940695,0.960584524841126
17.591550391286,0.959744600393044
17.614592512184,0.959577750704072
17.6224108076289,0.959665818165545
17.6302291030737,0.959752459722997
17.6457701558226,0.959924695358743
17.6986631919573,0.960510516000537
17.7094498867889,0.960525483539091
17.7202365816205,0.960524076730738
17.7360423160102,0.960522208203273
17.7886499870304,0.960515998843938
17.8004584697516,0.960526041512942
17.8047343671383,0.960633684126658
17.809010264525,0.96074399090968
17.8159437233864,0.960922483954086
17.8359434999495,0.961436897163337
17.8658636488771,0.962205416915393
17.8957837978048,0.962972651473751
17.9094067015176,0.963053252897049
17.9230296052304,0.963007606331087
17.9337331455936,0.962972272718125
17.9618718505449,0.962879346668081
17.9885407447873,0.962791247785289
18.0152096390297,0.962485563281549
18.0418785332721,0.962011470624019
18.060858815046,0.961673562244955
18.1017760754361,0.960954708812756
18.1220988370592,0.960701925997429
18.1424215986823,0.960449482812856
18.1960979385318,0.95978209196851
18.2067788492541,0.95982066654537
18.2174597599765,0.959963887324535
18.2281406706988,0.960106364835208
18.2542055946785,0.960453880483457
18.2839749371762,0.960850488294148
18.3003186394385,0.961062628233749
18.3061333366827,0.961039498511995
18.3119480339268,0.961014465223704
18.3227545902293,0.960968107042493
18.3568538820548,0.960821884188532
18.4466896221912,0.960622445394212
18.5365253623277,0.96054393319894
18.576675848385,0.960474471207428
18.5970428431622,0.960439256783086
18.6098804043007,0.960545593445543
18.6227179654392,0.960692669731736
18.6355555265777,0.960839461300681
18.6794998104673,0.961341590346736
18.7303973340101,0.961698406676025
18.7812948575529,0.961902002979308
18.8027798612377,0.961949111626115
18.8160308951614,0.961814512776934
18.829281929085,0.96167900796066
18.8588570208662,0.96137643494867
18.9844164087074,0.960589399117666
19.0443634117732,0.960573771292748
19.1043104148391,0.960579185833625
19.1124914880066,0.960465201614769
19.120672561174,0.960349890760801
19.1373202054791,0.960115212692571
19.1962082528322,0.959284213157364
19.2077074610968,0.959288474558036
19.2192066693615,0.959379455634968
19.2307058776262,0.959469878958127
19.2610033227686,0.959708033775456
19.3000760928466,0.960014375662804
19.3122740349519,0.960007819032003
19.3244719770572,0.960000357183475
19.3514077838025,0.959983873257991
19.4064233638552,0.960023251849673
19.422189990958,0.960193196143325
19.4379566180607,0.960363799868946
19.4746933707526,0.960761088253448
19.5026194568667,0.961028812108434
19.5127870013461,0.961005821933201
19.5229545458254,0.960981839298333
19.5451194537978,0.960929580410421
19.6315812394491,0.960742701156544
19.6700898438146,0.960672907143834
19.6922659504654,0.960632664652414
19.7144420571162,0.960836623223255
19.7343614509359,0.96114060674178
19.7542808447556,0.961443958627322
19.780967602477,0.961850043588352
19.7946872978462,0.962058678772397
19.8084069932155,0.962043512131053
19.8202795932431,0.961902233076132
19.8321521932707,0.961761685202863
19.859945499129,0.961432483112969
19.9796930200482,0.960404093754567
19.9984767659479,0.960273798966417
20.0082629478601,0.960365878203812
20.0180491297724,0.960490433120188
20.0278353116846,0.960614675749442
20.0602796666337,0.961026353794618
20.0866796737857,0.961361072172702
20.1013059834754,0.961515701076459
20.1067751001404,0.96145514572947
20.1122442168054,0.961392575772369
20.122367746457,0.961276932197472
20.1540586371987,0.960914807012885
20.1851455446234,0.960559294036875
20.1996895896073,0.960392872965871
20.2084433724311,0.960407631442762
20.217197155255,0.960428264292716
20.2322741022252,0.960463730585284
20.2806153618772,0.960577288092776
20.3364694237469,0.960315001338174
20.3725495876602,0.960008609670451
20.3954752649574,0.95981398086581
20.4108912117989,0.959818186317031
20.4263071586405,0.959881009998045
20.441723105482,0.959943552915618
20.4915395678856,0.960145590699567
20.5418744034056,0.96050251419325
20.5922092389256,0.960890555247795
20.618240165076,0.9608608859928
20.6442710912264,0.960730293634985
20.6703020173769,0.960599933757955
20.7519940591386,0.960804518985179
20.8674861762895,0.959926901788625
20.9071753134726,0.959361293825605
20.9198337674577,0.959395599330559
20.9324922214429,0.959430765505839
20.9608930327097,0.959509670753095
21.0734815131106,0.959697088856825
21.0938561445977,0.959718884641667
21.1142307760848,0.959974414217838
21.134605407572,0.960334033309875
21.1549800390591,0.960693009468344
21.1814969106935,0.961159769694878
21.1958561816147,0.961412335075957
21.2102154525359,0.961441769341739
21.2245747234572,0.961376361055476
21.2389339943784,0.961311423608357
21.2776810090435,0.96113615231645
21.296922632869,0.961049079951043
21.3095411498892,0.961117177696934
21.3221596669094,0.961228033717555
21.3347781839297,0.961338609687731
21.3772358605135,0.96171047581711
21.3902451299474,0.96182436101504
21.3976491225319,0.961889163064355
21.4050531151164,0.961720011166187
21.412457107701,0.961431953966022
21.4198611002855,0.961144891146053
21.4356204393572,0.960533199949993
21.4929856804556,0.958299584155953
21.4991986140762,0.958057017207396
21.5027842179069,0.958071528350445
21.5063698217375,0.958140862117368
21.5099554255681,0.958208901791098
21.517348511492,0.958349368972223
21.5419246301221,0.958816054229264
21.5906275580951,0.959739464264722
21.6126815496725,0.959921770589706
21.6347355412499,0.959925179992275
21.6501796326922,0.959927964320138
21.6935903641025,0.959935820067916
21.7318948241022,0.960087803291325
21.770199284102,0.960269558607632
21.8174033911221,0.960497816555143
21.8700946499976,0.960761124638936
21.8908055175228,0.960864582331639
21.911516385048,0.960701899490608
21.926862012493,0.960418808136655
21.9380372112561,0.960213095950229
21.9669613999066,0.959680234896421
21.9902225559934,0.9592512361798
22.0134837120803,0.959045347863731
22.0367448681672,0.95900584073262
22.0534063225846,0.958977185810034
22.101622548532,0.95890805390975
22.1173873547833,0.959015587550318
22.1331521610347,0.959123895540399
22.1689029902544,0.959369455529276
22.3152332840468,0.959884787944188
22.3313067744119,0.9597911170541
22.3473802647771,0.959696810600389
22.3871536027919,0.959463342803252
22.430356038951,0.959378397308129
22.4735584751101,0.959365957203034
22.5167609112693,0.959416924078091
22.5497919693933,0.959533658635191
22.5828230275174,0.95965023703735
22.6605474129688,0.959756911121387
22.7382717984202,0.959760997781718
22.7835566559101,0.959730312000402
22.8288415134,0.960006261742306
22.9118170809764,0.960673868361184
22.9240443175697,0.960628831396599
22.9362715541629,0.960583055399539
22.9651069901221,0.960475087695265
22.9990953492719,0.96034781871603
23.0105637672886,0.960203700871701
23.0220321853053,0.960049649584496
23.0410793700337,0.959793699534794
23.1032183883175,0.959002030706231
23.1116644828818,0.95900366728722
23.1201105774461,0.959006574173249
23.1374504754812,0.959012506054516
23.1976236266795,0.95903297140344
23.2121873798392,0.95918930125331
23.2267511329989,0.959376994507567
23.2443570515199,0.95960359343247
23.285945975814,0.960138414260641
23.3275349001081,0.960287752069493
23.3551601049584,0.960254236944508
23.3827853098087,0.960221054551081
23.4335715250435,0.960318914980409
23.4843577402784,0.960499196808145
23.5036525319311,0.960499916197831
23.5167218662448,0.960300166937677
23.5297912005584,0.96009959260725
23.5607143908368,0.959624658989317
23.5836927113843,0.959271445413712
23.5963649117042,0.959076533633431
23.609037112024,0.959109805622933
23.6217093123439,0.959239898998655
23.6343815126637,0.959369401467433
23.6673759615693,0.959706405152779
23.6955081400234,0.959993567934673
23.7138436789451,0.960053129584841
23.7321792178669,0.960069636378909
23.7505147567887,0.960086311429968
23.7851801079084,0.960117843150455
23.8198454590281,0.959923627838994
23.8545108101478,0.95955755103871
23.8788704146218,0.959300367692786
23.8958607044295,0.959120917232843
23.9128509942371,0.959183594370021
23.9251979698356,0.959288392155106
23.9375449454341,0.959392811308152
23.9747818100285,0.959707578422464
24.027266239665,0.960119945829197
24.0797506693016,0.960502997893177
24.0959930592458,0.960621487688991
24.11223544919,0.960468149438161
24.1236813974546,0.960294306148595
24.1351273457191,0.960120827129364
24.1678137675254,0.95962505060439
24.18830591639,0.95931394758058
24.1989359896001,0.959152484599777
24.2052772894156,0.959190403407249
24.2116185892311,0.959259526905806
24.2193965421085,0.959343769773341
24.2411018515269,0.959578810901539
24.2781723698515,0.959979983525327
24.2973937850079,0.960187855230673
24.3095791560631,0.960192726783759
24.3217645271182,0.960160792671364
24.3339498981734,0.960129086495954
24.3765814976496,0.960018139844492
24.4246069942139,0.959783853587114
24.4726324907783,0.959444006229522
24.4920242107262,0.959306768957302
24.5114159306742,0.959433407413555
24.5247523192566,0.95965155906266
24.5380887078391,0.959868898323083
24.5701191362548,0.960390458442818
24.5889727419555,0.960697194525179
24.5986586796198,0.960854696577253
24.604855802911,0.960826372228939
24.6110529262023,0.960757651773958
24.6172500494936,0.960689455089163
24.6348677608237,0.960495456995933
24.6772527292284,0.960028370585851
24.6984580312484,0.959794509295096
24.7096031273831,0.959830139066464
24.7207482235178,0.959893683989825
24.7345763195411,0.959972255018914
24.7805986680977,0.960233654187186
24.7968150101994,0.960325728820438
24.8079975097043,0.960252352315161
24.8191800092093,0.960121029556024
24.8303625087142,0.959990049616493
24.8637945084341,0.959598231464895
24.8896138263427,0.95929539165012
24.9154331442513,0.959383408344015
24.9311184403919,0.959600848626391
24.9468037365324,0.959817430557708
24.9832577850184,0.960320366612223
24.9997824543086,0.960548180115648
25.0045307741139,0.96049847998554
25.0092790939192,0.960439850416827
25.0163482407732,0.960352900316189
25.0353377090896,0.960119354169749
25.0683386831248,0.959713172168146
25.1013396571599,0.959337860283395
25.1060911871129,0.959388970883624
25.1108427170658,0.959442529144948
25.1190293231781,0.959534547502883
25.1428130061968,0.959801673460408
25.1864750376075,0.960291683698965
25.1987392972848,0.960429228006723
25.2064240099073,0.960392540638906
25.2141087225297,0.960328678773126
25.2239172381425,0.960247540454942
25.253638169109,0.960001576645645
25.2886575484389,0.959711581204214
25.3236769277688,0.959677767360376
25.3586963070987,0.959769025965833
25.3859175107655,0.959839762011316
25.4805187122149,0.960037539414738
25.526329697038,0.959903345913793
25.5721406818611,0.959599602343378
25.5927409428435,0.959463059088129
25.6133412038258,0.959656266374331
25.6298926530371,0.959960135537738
25.6464441022484,0.960263160376114
25.6868190700127,0.9610014878608
25.7193329473037,0.962067922834869
25.7319754503455,0.962609927009215
25.7446179533873,0.963150533577432
25.7744878907632,0.964425317287152
25.7899116726709,0.965082201674867
25.7982238054528,0.965435819896296
25.8065359382347,0.965567323863924
25.8124798812509,0.965613807796677
25.8184238242671,0.965660956879456
25.8341772092884,0.965785780601306
25.9035788019644,0.966304813738004
25.9157027584871,0.966297687295921
25.9278267150097,0.966289792871133
25.9563072034476,0.966271306348479
26.0880687120729,0.966321277134178
26.2525285778252,0.966379601544406
26.4169884435775,0.966270199092327
26.461356797134,0.966327299109445
26.5057251506905,0.966377064377749
26.5767715107199,0.9663748000021
26.6478178707493,0.966298211337541
26.753782866093,0.966331069928613
26.8332743733379,0.966361674988847
26.8934866927963,0.966234529520622
26.9373246985292,0.9662102462986
26.9811627042622,0.966198121653118
27.0539106771482,0.966266112231166
27.1266586500342,0.966283040258667
27.1812508692621,0.966188236349472
27.2358430884899,0.966186237641466
27.3250952076632,0.966233831989576
27.4515880198897,0.966169985199308
27.5780808321161,0.96595135720483
27.635983633772,0.966002617769291
27.6938864354279,0.966167989787565
27.7400726667155,0.966179081233058
27.7756346195956,0.966173117659314
27.8311722924288,0.96616363146149
27.9894317487159,0.966039684326159
28.072594644401,0.966000353839568
28.1557575400861,0.965881972712276
28.2586639083876,0.96594357859265
28.3615702766892,0.96594853667194
28.4371508317473,0.965927417661108
28.5566365398496,0.96587991824027
28.6338907478806,0.965812302943009
28.7111449559116,0.965834915158785
28.7883991639426,0.965662680256634
28.8427914731374,0.965728199628419
28.8828923151348,0.965814392947562
28.9229931571322,0.9658429075148
28.9772974452762,0.96582256542459
29.0316017334201,0.965810471140747
29.1732401854835,0.965661583405297
29.2433526582955,0.965656433509573
29.3134651311074,0.9657102034742
29.3835776039194,0.965669626424105
29.4536900767313,0.965675852456835
29.5386475812017,0.965622763784775
29.6236050856721,0.965535814939344
29.7296103447157,0.965582211197618
29.8356156037594,0.965574781922792
29.9169126911475,0.965626343001701
29.9982097785357,0.965563649754025
30.0795068659238,0.965482253243176
30.186451567656,0.965482244498689
30.2933962693883,0.965467769663447
30.4003409711206,0.96534752541006
30.483526481932,0.965353409084937
30.5434167995943,0.965422286131987
30.6165659434602,0.965472753563035
30.6897150873261,0.965303605165419
30.736034168179,0.965322069452905
30.7823532490319,0.965376974968611
30.8286723298848,0.965373460177997
30.9331731601263,0.965283673892006
31.0376739903679,0.965222024202708
31.1421748206094,0.965246455761039
31.246675650851,0.965221051759933
31.3285861199345,0.965170599432778
31.4104965890181,0.965238778975617
31.5229714622991,0.965163677453974
31.5972077277817,0.965076131876612
31.6444029413802,0.965124605265969
31.6915981549788,0.965179867067179
31.7383038350937,0.965066664221902
31.7850095152087,0.964915911096749
31.8317151953237,0.964913213891268
31.8784208754387,0.964981459829385
31.9251265555536,0.965036436082369
32.0098193408171,0.965087398704807
32.0648708404934,0.964981685029271
32.1199223401697,0.964946638021373
32.1605485943559,0.965013993858316
32.201174848542,0.965078605397774
32.2538570386639,0.965046088820149
32.3065392287857,0.965015897096037
32.4388321421227,0.965020960421013
32.6027896234021,0.964948851584335
32.6885419771189,0.964912476940122
32.7742943308358,0.964849937536444
32.8825382811779,0.964868042327784
32.99078223152,0.9647898617278
33.0684193520338,0.964843824613681
33.1237266166108,0.964852784443502
33.1790338811878,0.9648052372875
33.2343411457648,0.964815804922562
33.3650568084428,0.964847516979316
33.4762430032118,0.964706208599729
33.552440266133,0.964680708019586
33.6286375290541,0.96470772366565
33.7048347919753,0.964739314030674
33.8242752931126,0.964703910184811
33.9437157942499,0.964666194649006
34.029839743485,0.964626466094251
34.1159636927201,0.964689546440116
34.2506109920358,0.96464236501205
34.3877115807887,0.964508772349854
34.4551535106819,0.964553774626464
34.5225954405751,0.96455211679722
34.5751675413325,0.964437451919627
34.6277396420899,0.964440553956299
34.6803117428473,0.964550303847167
34.7328838436047,0.96451445930993
34.8055830456927,0.964367546541672
34.8328448738084,0.964423401895413
34.8601067019241,0.964479586406563
34.9401197733658,0.964560449566812
34.9930956507686,0.964558192132396
35.0460715281714,0.964427035483035
35.0857269069238,0.964314094941103
35.1472800454217,0.964347891784391
35.1926469244795,0.964419914445309
35.2380138035373,0.964462453015317
35.2961090859851,0.964509501315609
35.3664931070904,0.964452364024281
35.4368771281957,0.964367681553915
35.5306491465636,0.96427019030534
35.6244211649316,0.964271735034062
35.7181931832995,0.964313967404969
35.8718536557575,0.964314600637088
35.9667130488469,0.964331247710994
36.0615724419363,0.964269840847184
36.1564318350257,0.964155611253546
36.2512912281152,0.964130800370937
36.3461506212046,0.964091177721933
36.4653145461924,0.964023803387039
36.5844784711803,0.964130953481041
36.6600905400204,0.964121599073596
36.7357026088605,0.964098424973595
36.8687549436962,0.964064181620507
37.112202628364,0.964138499604005
37.2207657481201,0.964102907920821
37.2927430399755,0.964010976352051
37.3430016898656,0.964043730028535
37.3932603397557,0.964093132157518
37.4683761128553,0.964055670546017
37.5253808417706,0.964047119723459
37.5823855706859,0.964074335890114
37.6393902996012,0.964012693284648
37.7107830716247,0.963915838188678
37.7809913416942,0.963991222354022
37.8511996117636,0.964028588907651
37.9495596098865,0.964016897254571
38.0479196080094,0.963955390421473
38.1462796061323,0.963934093769439
38.2446396042551,0.964024545757584
38.3173753363215,0.964060900936651
38.3747133309185,0.963879216913733
38.4320513255155,0.963921850869653
38.4715193225931,0.964074447175358
38.5109873196707,0.964155188677732
38.5398253695574,0.964057973225512
38.5686634194441,0.963960643829728
38.6924534486981,0.963809323660617
38.7804015843655,0.963870890392112
38.868349720033,0.963838916762026
38.9562978557004,0.963768419174951
39.0658068155183,0.963773897549317
39.2426088990272,0.963849956806749
39.3698735741933,0.963745883859263
39.43380867273,0.96379162119243
39.4977437712666,0.963985850639912
39.5444936530953,0.96413797958166
39.5806124314122,0.964255866862761
39.59987505332,0.964318738340031
39.6108245147574,0.964219263193099
39.6217739761949,0.964102381933763
39.6372213629286,0.963937632080753
39.6906840584627,0.963367001170673
39.7144054512087,0.963362476210367
39.7381268439547,0.963523123822878
39.7551212035091,0.963637835543389
39.8044186217325,0.963928185974176
39.8198584144727,0.963884403086225
39.8352982072128,0.963839913880699
39.871665694492,0.963735098787228
39.9780114982286,0.96362666057579
40.0843573019653,0.963677395453165
40.3378499427133,0.963646560185252
40.4530627615776,0.963653840350269
40.5682755804419,0.963635639848227
40.6834883993062,0.963676964380613
40.6964405043691,0.963687792630441
40.7093926094321,0.963457998480757
40.7197134885118,0.963198014574075
40.7300343675915,0.962938432782676
40.7572653924116,0.962252818666646
40.7809546743826,0.961655529913076
40.7955632102044,0.961286814365958
40.8101717460263,0.961182289097915
40.8247802818482,0.961198427932112
40.8364626085613,0.961210868390336
40.8679378760622,0.961244367358969
41.0253142135664,0.961229488525681
41.0711360609112,0.961060304385381
41.0990302242285,0.960957197111848
41.1157917055027,0.961012488981278
41.132553186777,0.961075843855924
41.1616942606199,0.961186010556818
41.2688892111534,0.961282165567914
41.3028865472877,0.961239874046763
41.324771295233,0.961087287986304
41.3466560431783,0.960934208639047
41.4046180417404,0.960599755720558
41.4154530601673,0.960690955347513
41.4262880785943,0.960783348252964
41.4481140953039,0.960969415072405
41.4816910158395,0.96125544986498
41.5007931453096,0.96140744720282
41.5083225262972,0.96136976444337
41.5158519072847,0.961330746128959
41.5311909689871,0.961251313604838
41.5856481337856,0.960969306703077
41.6351806062627,0.96094618027857
41.6847130787399,0.961019584167
41.7342455512171,0.960975394099434
41.7837780236942,0.960878045589642
41.8333104961714,0.96126468147076
41.8599227012885,0.961600570337471
41.8865349064055,0.961935892829666
41.899786685359,0.962102764144944
41.9040666983588,0.962049996109972
41.9083467113585,0.961988049456127
41.9145341709322,0.961898893187843
41.9314746057043,0.961654786345575
42.0021493689396,0.960664667991645
42.0103652345953,0.960659040810555
42.0185811002509,0.9606548040359
42.0348975784872,0.960646348699198
42.0918645164115,0.960616697954009
42.1124945717045,0.960799853500541
42.1331246269975,0.961112953383947
42.1491870593017,0.961356247155575
42.1962237049631,0.962067922635667
42.2062416937598,0.96203511531761
42.2162596825564,0.961883573008763
42.226277671353,0.961732852109997
42.2494172686569,0.961384511000072
42.2798718927306,0.960925612918124
42.2937034705235,0.960717047527034
42.3075350483164,0.960726867659755
42.3179040441577,0.960877533006118
42.3259209943662,0.960993220985791
42.3450179712439,0.961268702941214
42.3718875523672,0.961656059440652
42.3987571334906,0.962043083555731
42.4048607213477,0.961989288957569
42.4109643092048,0.961894194967805
42.4170678970619,0.96179964082427
42.4340570458716,0.96153628203759
42.4737722725132,0.960920012042822
42.4903662342309,0.960662277899066
42.4991515472537,0.96052576698782
42.5045445860282,0.960570108502281
42.5099376248027,0.96064291137183
42.5167285830086,0.960733966573316
42.5351011068554,0.96098027003842
42.5726343135405,0.961483064309205
42.5927817827949,0.961752729351571
42.6129292520493,0.961790193556444
42.634796721188,0.961685846118703
42.6566641903267,0.961581895687172
42.714681425031,0.961285084549003
42.7726986597352,0.960925700872849
42.8049376687684,0.96078221409664
42.8246122613967,0.960886686729212
42.844286854025,0.960991689645942
42.893013136807,0.961251689908918
43.012818007606,0.961553236115274
43.0250410815734,0.961451608749113
43.0372641555407,0.961349151056126
43.0651848437177,0.961115013920353
43.0883041653273,0.960921075626517
43.1028787106321,0.960851692947719
43.1174532559368,0.961003210065411
43.1285937779655,0.961119503299482
43.1577138623484,0.96142335949172
43.182067408767,0.961677308145612
43.1960186581075,0.961822725170999
43.2099699074481,0.961734467382773
43.2239211567887,0.961548207293219
43.2378724061293,0.961362369489032
43.2748023015965,0.960870097892044
43.2911094431934,0.960652544712404
43.3003574370257,0.960539013193681
43.3056331485868,0.960617371833565
43.3109088601479,0.960698689866341
43.3195392128642,0.960831448929662
43.3439415710417,0.961206476364583
43.3804010278293,0.961766268732741
43.39665660953,0.962015632400649
43.4063757454688,0.961993708063181
43.4160948814075,0.961876073069508
43.4258140173462,0.961759109099751
43.4496617243909,0.961471971093819
43.4995306877313,0.960870901740225
43.5122930621192,0.960838954420433
43.5250554365071,0.960812806187393
43.5479064005019,0.960766002360182
43.5842733711559,0.960691420764972
43.6206403418099,0.960839030504021
43.6570073124639,0.961158691697692
43.6825201841314,0.961382596106686
43.720356385575,0.961474408157742
43.7452290919657,0.96139682290361
43.7701017983564,0.961319616150985
43.8393080813719,0.961361186040015
43.9085143643874,0.961540262956916
43.9321639154515,0.961456764823711
43.9558134665156,0.961372839693313
43.9962261874116,0.961229356887711
44.0212570578762,0.961260413564662
44.0462879283409,0.961313572145176
44.0801765943731,0.961385459087488
44.1485958511115,0.961367426745194
44.2170151078498,0.96132334402503
44.2784090565288,0.961396387597408
44.3398030052077,0.961260710882626
44.425332953518,0.961032774315382
44.5108629018282,0.961116964958931
44.5963928501385,0.961365687927355
44.612451143048,0.96128123685026
44.6285094359576,0.961156949858729
44.6445677288672,0.96103280346079
44.7035901275181,0.960632316765775
44.7109164697538,0.960689435237345
44.7182428119896,0.960747950016848
44.7329248286545,0.960865123775413
44.7835764284529,0.961269015130366
44.828600176019,0.961455874200487
44.8736239235852,0.961542603196004
44.8946079695594,0.9615830757916
44.9155920155336,0.96138995386432
44.9314885773767,0.961180195831737
44.9473851392198,0.960970619028774
44.9975548265102,0.960308583518233
45.0062975509319,0.960354460829009
45.0150402753536,0.960468037322443
45.0237829997753,0.960581017038068
45.0469459842013,0.960880229954081
45.0898976644384,0.961434587215467
45.1163573120753,0.9615942065786
45.1428169597123,0.961638837179373
45.1692766073492,0.961683804627586
45.2487779547224,0.961503750242558
45.2830197870572,0.961339834079136
45.317261619392,0.961020827706741
45.3420768227023,0.960676603914508
45.3668920260125,0.960332440634112
45.3972121924495,0.9599116026806
45.404909369905,0.95998088809762
45.4126065473605,0.960158589826329
45.420303724816,0.960335229078224
45.4375348896054,0.960730456097026
45.5017355775473,0.962144748994296
45.5045774378851,0.962121917407179
45.5074192982229,0.962095280201385
45.5114099882127,0.962058458288192
45.5215504990799,0.961964849295278
45.5620794948721,0.961590469238152
45.6526218251634,0.961042612874549
45.7068141126372,0.960847667009981
45.761006400111,0.960704230705395
45.7912869834688,0.96062408583126
45.8215675668266,0.960773392253613
45.8518481501845,0.961017363084743
45.8821287335423,0.961261003416774
45.9007537914185,0.961396823397676
45.9069847919961,0.961331081459687
45.9132157925737,0.961263438987286
45.9247865908063,0.961137935499285
45.9619570578036,0.960734647899453
46.0007159448049,0.960334530294836
46.0035181148541,0.960383039211232
46.0063202849033,0.960435143685433
46.0103312466321,0.960509163087898
46.020487153862,0.960696532216918
46.0607634701099,0.961438917571041
46.0886856603571,0.961952877289319
46.1166078506043,0.961982028279026
46.1300447117719,0.961833140079805
46.1434815729396,0.961685088214243
46.1732217720011,0.961357250018079
46.1939895436935,0.961128155507053
46.2147573153859,0.961132811656392
46.2355250870783,0.961235814627963
46.2562928587707,0.961338472727541
46.2871833795352,0.961491104719978
46.3180739002997,0.961417214900438
46.3489644210642,0.961179338672184
46.3710524806633,0.961009422760291
46.4398990138124,0.960696978649028
46.4797647539492,0.960608254979091
46.5196304940859,0.960671741258784
46.5476411005949,0.96082855251558
46.5756517071039,0.960985026852108
46.6619381669954,0.96117146004816
46.7263031212053,0.961239959937466
46.7906680754152,0.961332990027667
46.8269752604258,0.9611453153188
46.8632824454364,0.960872809704999
46.8995896304471,0.960600282906348
46.9066470644839,0.960677086231847
46.9137044985207,0.960764396691615
46.9244395230675,0.960897024985189
46.9552433685237,0.961277196310309
46.9812108042899,0.961597455436161
46.995484737275,0.961773400477602
47.0097586702601,0.961718054525342
47.0240326032451,0.961550661306981
47.0383065362302,0.961383759394473
47.0748202568934,0.960956556363918
47.0920172012326,0.96075520392541
47.1092141455718,0.960771463583313
47.1216561146678,0.960924871792486
47.131225647032,0.961042200262414
47.1551687103157,0.961335623830286
47.1826596925592,0.961672319528926
47.1970359066277,0.961848291239798
47.2070601952078,0.961834313184488
47.2170844837879,0.961759013169717
47.227108772368,0.961684144440104
47.2556075983966,0.961471215669481
47.3907190996917,0.961019625522712
47.4463281715857,0.961185953094865
47.5019372434796,0.961382537886748
47.5137558730806,0.961317702517979
47.5255745026815,0.961251928417323
47.5518078702332,0.961105888280823
47.6036834734404,0.960871300081622
47.6117641197256,0.960944985616417
47.6198447660108,0.96101991157423
47.6364712109368,0.961173990213514
47.6963112699216,0.96172799340613
47.7117807232891,0.961735751679252
47.7272501766565,0.961699062790143
47.7427196300239,0.961662574674827
47.7970982608055,0.961534299248952
47.8316930695326,0.961357783184287
47.8662878782597,0.961172176452238
47.8990659771756,0.960996192980852
47.9108266245816,0.961030042786709
47.9225872719876,0.961073383413169
47.9423654748753,0.96114624876579
48.009593011883,0.96133253508489
48.041722301651,0.961245225669035
48.073851591419,0.961157594341333
48.166695684411,0.961116939166781
48.2595397774029,0.961428074117586
48.3523838703949,0.961405840659983
48.3911877038725,0.961238984173988
48.42999153735,0.961146396734065
48.4687953708276,0.961075979673129
48.5220492563659,0.961029739121045
48.5753031419042,0.961055846568241
48.6285570274425,0.961248568747992
48.6709393804365,0.961517967343298
48.7047219137588,0.96168612534529
48.7254431618908,0.961612759616224
48.7461644100227,0.96153886022751
48.7984750952539,0.961352200639866
49.0575618389405,0.961386050112654
49.1023255255804,0.961464188512477
49.1179818024547,0.961382560213509
49.1336380793291,0.961300277721639
49.1717141379293,0.961100073374576
49.2571415473702,0.960990694291747
49.304761549818,0.96104170648878
49.3523815522659,0.961250540550175
49.3858324543445,0.9613973230058
49.4239225792327,0.961240516044979
49.4494953717722,0.96100399772646
49.4750681643117,0.960767732297484
49.4986929427199,0.96054938047664
49.5054205920703,0.960611354848332
49.5121482414208,0.960707145732263
49.5203018450947,0.960822717523195
49.543223139763,0.961147482433775
49.5809125969372,0.961681017670081
49.6006833259014,0.961947281813144
49.6068145032244,0.961913851383868
49.6129456805474,0.961878371487265
49.6240609757618,0.961814196601304
49.6594818085777,0.961609741789655
49.76231213929,0.961199795488381
49.8651424700022,0.960902454350535
49.8934518279365,0.960819337505945
49.9217611858707,0.960960190664644
49.9422095531666,0.961111900043579
49.9626579204624,0.961263398876075
50.0078149065083,0.96154396868323
50.0384751487172,0.961558433005545
50.0691353909261,0.961572628706949
50.1621753711725,0.961124136162278
50.2552153514189,0.961055823243093
50.3482553316654,0.960964512059968
50.3798042937408,0.960788976804315
50.3985684045828,0.960684719186125
50.41015421222,0.960739335839378
50.4217400198573,0.960812391012192
50.4381291325241,0.960915534471387
50.4925480465115,0.961257819199029
50.5161036457448,0.961263771766864
50.539659244978,0.961202084495151
50.5632148442112,0.961140582110754
50.6450290198753,0.961192413604292
50.6830503789693,0.961318136770199
50.7016637451261,0.961309459986246
50.7037211428031,0.961231457069667
50.7057785404801,0.96114929898982
50.7085662541161,0.961038740053128
50.7149688852693,0.960784597155214
50.7395497137454,0.95980755222554
50.7835246496662,0.958054414213008
50.8274995855869,0.956902632871557
50.8459082062538,0.956574736032864
50.8643168269208,0.956246023384612
50.8878360364758,0.955825639394184
50.9017130824008,0.955614436163833
50.9104112290105,0.955650163853605
50.9191093756203,0.955687300927864
50.9364086670144,0.955761200703359
50.9918691711438,0.955997815643525
51.092385808562,0.956433101918718
51.1578648924459,0.95660530788398
51.1922178743508,0.956687862637237
51.2265708562556,0.956542813049999
51.2514566241236,0.956388370554702
51.2763423919916,0.956233984820815
51.2993701782649,0.956091094577594
51.3074873430873,0.956145924516786
51.3156045079097,0.956211483866753
51.3286462630747,0.956316587653659
51.3751917579729,0.956691481109224
51.4028144842514,0.956866748589473
51.4122071690678,0.956784324565633
51.4215998538842,0.95670069098397
51.441206440445,0.95652602214456
51.5081765159239,0.956016158119149
51.5240844014416,0.956047141543476
51.5399922869594,0.956077675980372
51.5811963789539,0.95615683273317
51.6335727884371,0.956397008017713
51.6859491979203,0.956716037785191
51.7172852554116,0.956664262007987
51.7386570337193,0.956491537420593
51.760028812027,0.956319189655464
51.8180710690287,0.955874780720675
51.8761133260305,0.955483314080033
51.8911880390047,0.955381633773394
51.8990677158403,0.95532845079798
51.9040446176455,0.955431777502222
51.9090215194507,0.955572434843956
51.9139984212558,0.955712401698326
51.9276363378448,0.956095792788619
51.978459990475,0.957521808087402
51.9987592669447,0.958090113975647
52.0042166868184,0.958100233917064
52.0096741066922,0.958062212859728
52.0151315265659,0.958024895581724
52.0297530952138,0.95792482591865
52.0850329807583,0.957546205530444
52.1314138775412,0.957057908360389
52.1777947743242,0.956486651874663
52.1997959274181,0.956215460499673
52.2049796310827,0.956293633160308
52.2101633347472,0.956381380250781
52.2178243235028,0.956510576477221
52.2406612564891,0.956895494533827
52.2746896968271,0.957468476474592
52.2934226887224,0.957783597761021
52.3121556806176,0.957845864600004
52.3300953172488,0.957769985709695
52.34803495388,0.957694606560921
52.395009508685,0.957497239392712
52.4201819341423,0.957567459163224
52.4453543595996,0.95768259227507
52.4705267850569,0.957797589129366
52.4894570697568,0.957884039634606
52.4999618134131,0.95793200904217
52.503916048158,0.95784947512734
52.5078702829028,0.957762626320548
52.5139782187919,0.957628783212756
52.5305324967245,0.957265983998295
52.5986326055806,0.95577033733896
52.6044264052083,0.955879541152886
52.6102202048361,0.956071711473514
52.6160140044638,0.956262680526714
52.6291840601031,0.956696545255504
52.6731509625565,0.958142109155547
52.6875188756435,0.95861350357046
52.6974188687995,0.958938029861465
52.704220471656,0.95895554193386
52.7110220745126,0.958835573162007
52.7178236773691,0.958716983022488
52.7319279469095,0.958470902454963
52.779283120928,0.957643570547836
52.8403057475792,0.956647164559931
52.9013283742303,0.955730793291032
52.9041029906392,0.955777509842059
52.9068776070482,0.955828384374962
52.9107223527407,0.955898169117364
52.9209343092655,0.956083576484267
52.9617282063803,0.95682354811784
53.0071253448256,0.957572115910207
53.0255947716885,0.957714757464062
53.0440641985514,0.957856881298138
53.093210597046,0.958234782436849
53.1132588095708,0.958143275405259
53.1333070220955,0.957921812486843
53.1492345945962,0.95774613648702
53.1960348765272,0.957229611108596
53.2105844805938,0.957417690320844
53.2251340846604,0.957742589232171
53.2364840901981,0.957995368081061
53.2664916978368,0.958662957969863
53.2994231875912,0.959394503405426
53.3023390539306,0.95933654644682
53.3052549202701,0.959238807896707
53.3081707866095,0.959142275251739
53.314299652375,0.958939049748495
53.335634970638,0.95823086041515
53.3597608222236,0.957428732117666
53.3838866738092,0.956625181672891
53.3934582733274,0.956305989405562
53.3987454597633,0.956129576780796
53.4040326461991,0.956193158902028
53.4080522021198,0.956307019730691
53.4120717580404,0.956419512911662
53.4205071272317,0.956655670593249
53.4478805994091,0.957421285171518
53.4725923216355,0.958111329403992
53.4973040438619,0.958800335941559
53.5076920030467,0.958808277947516
53.5180799622316,0.958710618594098
53.5284679214164,0.95861368064533
53.5537524321788,0.95837765863103
53.5926505912409,0.958014268844256
53.6184142244839,0.957918439274896
53.644177857727,0.957882004676093
53.66994149097,0.957845418362849
53.7677966400559,0.957365024893102
53.8656517891418,0.956615142357288
53.9014404645743,0.956360099499137
53.9059153020342,0.956447663862692
53.9103901394941,0.956538241586919
53.9176887085705,0.956685521837562
53.9392121667957,0.957119585966599
53.9705025170164,0.95774991907051
54.0017928672372,0.958335464031286
54.0067619441031,0.958314485592138
54.0117310209691,0.95829112781588
54.0206165555605,0.958249555329819
54.0464511657731,0.958128817242679
54.1678227485932,0.957323690184897
54.1888011512744,0.957151693978269
54.200026426387,0.957060464443975
54.2026344784392,0.957114378842333
54.2052425304915,0.9571722562529
54.2089357274263,0.957253595774814
54.2177847274919,0.957448404030123
54.2517107007286,0.958194593169442
54.2866302814451,0.958961351740562
54.3215498621616,0.958385197291767
54.329093141729,0.958075741987519
54.3366364212965,0.957767967048355
54.3506723776623,0.957194693994117
54.3944687842869,0.955401044450648
54.3989659079257,0.955216470775131
54.4020523206003,0.95524946862123
54.405138733275,0.955380618152143
54.4082251459496,0.955509547132677
54.4136248700183,0.95573534765504
54.4296267444003,0.956403934210314
54.4972140970159,0.959216967602607
54.5039416267214,0.959264493343375
54.5106691564268,0.959132893492444
54.5158056372062,0.959033813165343
54.5264854156008,0.958827605729981
54.5629872603934,0.958122001460015
54.5997619880005,0.957410028330541
54.6023139850012,0.95744051353085
54.6048659820018,0.957484713244392
54.6080898102701,0.957539635148317
54.6158044607267,0.957671204877292
54.6454342884533,0.958176226582671
54.7935834270861,0.957386508206754
54.8072755881097,0.957341536079159
54.8209677491332,0.95749001393409
54.8306427264338,0.957594204767299
54.8541990635778,0.957847745370449
54.898187219781,0.9583208778659
54.9074715476855,0.958261924813329
54.9167558755899,0.958160869923021
54.9260402034944,0.958060145233526
54.9552874366829,0.95774269785475
54.9988344189588,0.957269603708165
55.0112552788438,0.957258318387006
55.0236761387288,0.95726132241064
55.0426531185492,0.957265771218908
55.0809548646583,0.957274735949065
55.1050819191659,0.957344991898528
55.1292089736735,0.957665982495722
55.1480876241581,0.957915612497394
55.1845389515982,0.958398462267399
55.200570251314,0.958594401085154
55.2052937618277,0.958520681961741
55.2100172723414,0.958443978023912
55.2177071610612,0.958319338202469
55.2389491491816,0.957975029328229
55.2657590373918,0.957540063052004
55.292568925602,0.95710468521776
55.3014357413011,0.957015722084355
55.3072379824506,0.957151093708954
55.3130402236001,0.957288594677699
55.3236936994569,0.957540833779883
55.3549821712424,0.958280651418029
55.3794439827582,0.958858238266398
55.3947143964736,0.959218427691296
55.409984810189,0.959258505406299
55.4252552239044,0.959121975297755
55.436322333943,0.959023588018564
55.4646911539283,0.958771321053304
55.4909866621816,0.958537342216205
55.5172821704348,0.958056138767172
55.5489084418028,0.957317688781454
55.5722745689528,0.956771568733413
55.6471878705028,0.95708548318729
55.6578171458633,0.957304598962873
55.6684464212239,0.957522374769161
55.6903890712287,0.957971574610016
55.7372442258874,0.958789038384678
55.784099380546,0.959568261099499
55.7937330468522,0.959728315766524
55.7988826906858,0.959813851422424
55.8040323345193,0.959659854918817
55.807775390826,0.95949150584665
55.8115184471326,0.959324392924585
55.8194157157358,0.958971397838555
55.8463151758363,0.957766921841918
55.8932062634427,0.955659646999413
55.8982171891416,0.955433876113372
55.9032281148405,0.955495837606896
55.9086148831129,0.955755387336602
55.9140016513853,0.956012280946242
55.9235423788907,0.956467234308636
55.9527994590492,0.957859547250727
55.974005946725,0.958866070380111
55.9952124344007,0.959870385422956
55.9998158627573,0.96008810728961
56.0007831641893,0.960084043963963
56.0017504656212,0.960055914795255
56.0027177670531,0.96002941412862
56.0046249532653,0.959976535677376
56.0099848197578,0.959828060800839
56.034003448726,0.95916211464695
56.0656360065149,0.958283568549206
56.0972685643037,0.957403327246912
56.1076758689491,0.957417120803808
56.1180831735944,0.957546514465605
56.1284904782397,0.957675063009414
56.1531564308436,0.957979565313071
56.1872098803329,0.958399673943425
56.2212633298221,0.958203872008988
56.2354858233917,0.957963901711925
56.2497083169612,0.957724605185701
56.2828275088153,0.957166935658832
56.2998200795726,0.956880518349214
56.3047503448806,0.956919984790959
56.3096806101886,0.956967513136913
56.3172152906797,0.957039694640456
56.3402000042119,0.957259833094451
56.3790003729211,0.957631237857212
56.3996883521585,0.957829140718048
56.4068412602535,0.957791019123395
56.4139941683485,0.957746099953036
56.4263587161601,0.957668515421235
56.4628280653143,0.957439812902285
56.4902546106717,0.95726772322056
56.5176811560292,0.957349469316149
56.5450576138818,0.957573931412297
56.5724340717344,0.957797937501716
56.6519734317304,0.957704642555707
56.6818534956615,0.957519897957306
56.7002390456119,0.957408968363746
56.7114663110302,0.957463655298866
56.7226935764484,0.957519444175946
56.7463853477269,0.957637189744679
56.7906599099761,0.957857057910714
56.8214298901585,0.958156096689207
56.8521998703409,0.958520027110609
56.8829698505233,0.958883530043217
56.9001007154303,0.959083251343854
56.9050320991804,0.959017212910042
56.9099634829305,0.95894815850906
56.9181227856652,0.958834133386023
56.9409285732994,0.958515428094513
56.9768873339037,0.958012421821678
56.9947722352768,0.957762035317123
57.0126571366499,0.957754889197445
57.0305420380229,0.957852084602794
57.048426939396,0.9579488579012
57.0994882281928,0.958224984441182
57.1108810986147,0.958180382238006
57.1222739690365,0.958129622556126
57.1432928437766,0.958035932478654
57.1726237973996,0.957905250576164
57.2019547510226,0.95783485482539
57.207699992317,0.957986049371713
57.2134452336115,0.958140016618682
57.223133846179,0.95839938048586
57.2503591559423,0.959127224240654
57.2716757106494,0.959696314860197
57.2929922653565,0.960264695210951
57.3008212185782,0.960431792492589
57.302755985621,0.960385350457096
57.3046907526638,0.960334063917594
57.3072500451461,0.960267144422956
57.3129026256628,0.960119153237343
57.3343734254671,0.959556570332941
57.3709063142889,0.958597745848466
57.3930517935367,0.958015541205518
57.4151972727846,0.957712041256296
57.4373427520325,0.957539982065565
57.4548199990272,0.95740383191684
57.4844335584869,0.957173006023009
57.5002600907021,0.957055372541057
57.5054806107512,0.957130636704879
57.5107011308002,0.957208426608993
57.5199375468586,0.957345847467422
57.5460208375267,0.957733513874187
57.6688995048359,0.959772564912979
57.6887748084782,0.960129236466321
57.6982310422434,0.960298783703181
57.7042732947532,0.960247230731938
57.7103155472629,0.960121785588297
57.7163577997726,0.959997218064437
57.7311191397471,0.959692663583739
57.7864434882725,0.958549331544791
57.803479502747,0.958262843442326
57.8205155172215,0.958240171433062
57.8333477358547,0.958223564973121
57.868207860733,0.958178490288439
57.9034571586393,0.958160890224019
57.9249705111301,0.958308528722652
57.9464838636209,0.958456666820272
58.0014482161437,0.95882730428854
58.0259089831636,0.958865445937919
58.0503697501835,0.958903098222862
58.0910741621611,0.95896570015165
58.1190818290317,0.958854162609801
58.1470894959023,0.958668523635017
58.1750971627728,0.958482985288845
58.1944696130888,0.958354619214768
58.2138420634048,0.958476142251358
58.2332145137208,0.95870098694382
58.2525869640368,0.958925352270861
58.2793944839787,0.959235622141143
58.2939366404037,0.95940385368535
58.3084787968287,0.959312550110496
58.3230209532537,0.959027488382736
58.3333273515746,0.958826010576457
58.3590308662926,0.958323169415773
58.3840125113399,0.95783389143654
58.3951748300995,0.957615104012829
58.406337148859,0.957634473996318
58.4174994676186,0.957845433830312
58.4255519020383,0.957996692912584
58.4443226801357,0.958349095583856
58.4731815075002,0.958890410482999
58.5020403348648,0.959375190055024
58.5067369098927,0.959335256761699
58.5114334849207,0.959292775238409
58.5196018807504,0.959219132701247
58.5434564447873,0.959004121744508
58.5938774089258,0.9585492829385
58.6174513904617,0.958555248965163
58.6410253719976,0.958640274803601
58.6645993535335,0.95872505843721
58.7443282163368,0.959240620790452
58.7741363119785,0.959502195443921
58.7935584437858,0.95967244100417
58.8129805755931,0.959482346872641
58.8324027074003,0.95910716555702
58.8461464929324,0.958841955716089
58.883498657669,0.95812044265059
58.9259874061449,0.958011895169346
58.9401837761902,0.958129692457925
58.9543801462356,0.958246664481648
58.9876711379559,0.958520805595025
59.044500852002,0.959100392379943
59.1013305660481,0.959697277553984
59.1117263943865,0.959705025359325
59.1221222227249,0.959711745350277
59.1451968401571,0.9597266671683
59.171978074537,0.959744024174852
59.1987593089168,0.959761372720022
59.2046794382001,0.95961649964049
59.2105995674834,0.959426529986842
59.2165196967668,0.959237109016377
59.232921663759,0.958711828379175
59.2986448624197,0.956600846925412
59.3037515104023,0.956663142262024
59.3088581583849,0.95681919564578
59.3139648063675,0.956973786588038
59.3249017073887,0.957304825602448
59.359969338888,0.95836475787269
59.3839023916508,0.959086719653233
59.3968541212572,0.959476946513593
59.4098058508636,0.95962623804768
59.4195038622066,0.959676714016976
59.4292018735497,0.959727662130883
59.4569289946635,0.959873281383321
59.4918642546954,0.960056669809059
59.5120329381176,0.959951013377829
59.5322016215398,0.959697763310042
59.5476574202598,0.959503985705407
59.5924544235889,0.95894190865407
59.6155640516839,0.95889091606394
59.6386736797788,0.958959183834467
59.6617833078738,0.959027087330523
59.6934100213818,0.959119973746757
59.7136138891206,0.959013481630752
59.7338177568593,0.95882402816496
59.754021624598,0.958634779532831
59.7834751632699,0.958358768384986
59.7996105598524,0.958207484263023
59.8058745554671,0.958248356017904
59.8121385510818,0.958298113959194
59.8225663108486,0.958380624411481
59.8549983163764,0.958637148823603
59.8984574897205,0.958980690696514
59.9065225804585,0.958872031326072
59.9145876711964,0.958718125752332
59.9226527619344,0.95856462279586
59.946527919796,0.958109880950584
59.9753814067309,0.957559688614353
59.9904801139066,0.957271516451354
59.9977140309529,0.957133385731129
60.0049479479992,0.957239560211861
60.0121818650456,0.95746912457213
60.0194157820919,0.957697336988757
60.0350005564973,0.958188656898881
60.0882519746238,0.959863592471509
60.096728766241,0.960129647742109
60.1052055578583,0.960148818902188
60.1156314986172,0.959967564526005
60.1230302552249,0.959839869849011
60.1398212989291,0.959549896335592
60.2060018045155,0.958478630132868
60.2200821004856,0.958407350317488
60.2341623964558,0.958336950534649
60.2658317356018,0.958178613446914
60.2881883940459,0.958066773189967
60.3014487690085,0.958030994591805
60.3097754911991,0.958168224277612
60.3181022133897,0.95830694986368
60.3345367566092,0.958580601682871
60.3892223624454,0.959489842213051
60.4018131108747,0.959649421094362
60.4097047339346,0.959560420014159
60.4175963569945,0.959469751553647
60.4329210279231,0.959293692567888
60.4840742376462,0.958705657853355
60.5004429318131,0.958526180389968
60.5061662368505,0.95857517317084
60.5118895418879,0.95862634139057
60.5224393900037,0.958720490292305
60.5541144514683,0.95900290462463
60.5996911245528,0.959408985163472
60.6051623369759,0.959347613775365
60.6106335493989,0.959276811253672
60.6194030157892,0.959163551818014
60.6435520071088,0.958851680932981
60.6737593113122,0.958461241656857
60.6889911483316,0.958264239954151
60.6965414829866,0.958166555600393
60.7040918176417,0.958308006409034
60.7096296862576,0.958572827885095
60.7140432114029,0.958782106116655
60.7225876394544,0.959187183619602
60.750751051706,0.960519924874119
60.77293069278,0.961566771734088
60.795110333854,0.962611239855906
60.8057723143962,0.962850567104862
60.8129925761123,0.962852936418055
60.8202128378284,0.962856906013365
60.8345666998167,0.962864669657497
60.8860599526058,0.962892454115996
60.9446996357678,0.96305012463113
61.0033393189297,0.963254096244383
61.0619790020917,0.963567443892407
61.1072917090606,0.963734242347643
61.1291407700043,0.963623994780938
61.150989830948,0.96351322907981
61.2098166895814,0.963277643427957
61.2419901100136,0.963321145346009
61.2741635304458,0.96336492355109
61.3437414010544,0.96327342757033
61.3887161867698,0.963142461755327
61.4167715290133,0.963270037153269
61.4448268712568,0.963541399926851
61.4663181430106,0.963748886398554
61.4999555910104,0.964073442982887
61.5056207230106,0.964033128153477
61.5112858550108,0.963989986683217
61.5218099909261,0.963910071013951
61.5568493338647,0.963643934216436
61.5919916419306,0.963376853466014
61.6271339499965,0.963349262889888
61.6523538697688,0.963381342109781
61.6775737895412,0.963413274005789
61.7271878018787,0.963231278973152
61.7607319594378,0.96296974603928
61.7942761169968,0.962708358858328
61.808817895583,0.962815429823818
61.8233596741691,0.963071682447246
61.8345727065858,0.963268612304198
61.8642543931609,0.963789516147536
61.8867885920606,0.96418459887588
61.8977188457566,0.964376111687879
61.9053266070116,0.964358481481175
61.9129343682666,0.964270371667881
61.9205421295216,0.964182936179594
61.9403938954871,0.963954625808396
61.9774694455847,0.963527913203129
61.9970345672581,0.963302575669566
62.0096853792413,0.963294089451512
62.0223361912246,0.963330164052237
62.0349870032078,0.96336596907382
62.078159628458,0.963488150957281
62.1557635351122,0.963601524233948
62.1904844045253,0.963633480040793
62.2252052739385,0.963396238899986
62.2519983848704,0.96313301162876
62.2787914958024,0.962869844226872
62.2937902395059,0.962722462711182
62.3087889832094,0.9628149846683
62.3237877269129,0.963084020213818
62.3347278433431,0.963279542664399
62.3629170382075,0.963782983407396
62.3860728315717,0.964196128764802
62.396662653761,0.964384947995436
62.4072524759502,0.964324666110086
62.4178422981395,0.964142464012317
62.4284321203287,0.963961034053927
62.4534758831303,0.963531639487313
62.4806878697652,0.963064602089143
62.494094245978,0.962834337243045
62.5075006221907,0.962843974351437
62.5181942313101,0.963009605390626
62.5263858243676,0.963135622531024
62.5460828279994,0.963438556989736
62.5749899332503,0.963882797058055
62.5946450900009,0.964184608103927
62.6143002467514,0.964130309590068
62.6281563761837,0.963994500363745
62.6420125056159,0.963859173412729
62.6795771025395,0.963492078881785
62.7317223287569,0.963054917191415
62.7838675549742,0.962664957665143
62.8001603248081,0.96254681765134
62.8051814743092,0.962628652366381
62.8102026238102,0.962713281590005
62.8187237176699,0.962856559322492
62.844449630103,0.963288799130025
62.8968290495205,0.964167633833087
62.9064828998589,0.964143565968911
62.9161367501974,0.964022318434178
62.9257906005359,0.963901773376941
62.9498992370207,0.963600545139822
62.9998321901034,0.962976006088362
63.0058838540508,0.963008787417525
63.0119355179982,0.963046978022579
63.0223750730461,0.963112617205711
63.0553621150907,0.96331989401236
63.0943106913747,0.963564522421168
63.1192244936481,0.963584959836801
63.1441382959215,0.963563920424003
63.169052098195,0.963542998744267
63.2420629786125,0.963731579117308
63.2892410354439,0.963973207054738
63.3158806481357,0.963896332185039
63.3425202608276,0.963671543544137
63.3627732839294,0.963500870341262
63.3998109806254,0.963188597433943
63.4214350799545,0.963134847224113
63.4430591792835,0.963082867777846
63.4929483952383,0.962962938053129
63.5506941791189,0.962962624303898
63.6084399629995,0.962999912541125
63.6661857468801,0.963142751012175
63.7239315307607,0.963229170522119
63.7816773146413,0.963234827739756
63.839423098522,0.963226228135833
63.9751808416153,0.96330323203533
64.0452186246026,0.96329462725178
64.1152564075899,0.963336053641636
64.1666302601103,0.963639262959071
64.2068977618666,0.963805632621744
64.2278983955842,0.963711044541259
64.2488990293019,0.963615983349234
64.3069332153661,0.963362370034212
64.3929507979792,0.963087325381266
64.4789683805922,0.96280102709377
64.5375842555723,0.962859422178766
64.5962001305523,0.963061450284655
64.6405550666149,0.963177377173902
64.6849100026776,0.963289717819394
64.7966235977165,0.963563493961285
64.8120982668052,0.963473135512976
64.827572935894,0.963345139041352
64.8430476049827,0.963217288454497
64.9020148377942,0.962759179401632
64.9100068535799,0.962808996532379
64.9179988693656,0.962860279877417
64.9341104427882,0.962963549510911
64.9937210236773,0.963345357418376
65.0229020421664,0.963340221697498
65.0520830606556,0.963281038941999
65.0812640791448,0.963221976994303
65.1333175509416,0.962872334352639
65.1853710227385,0.962383279327356
65.2252599082238,0.962645845238441
65.3200766214524,0.96375449062803
65.3369731251819,0.963683579378049
65.3538696289114,0.96361205886871
65.3971992470606,0.963428601631756
65.4327374551113,0.963131115895732
65.468275663162,0.962820326779244
65.4992878859405,0.962548906128037
65.5107565994739,0.962549593855084
65.5222253130073,0.962558140200359
65.5426173039819,0.962573280987731
65.5896958423962,0.96260815854954
65.622029578789,0.962786363766387
65.6543633151818,0.963038071065864
65.6866970515746,0.963289483208392
65.7362429312163,0.963343016950706
65.7857888108581,0.963273137254677
65.8251773585206,0.962994193176413
65.8708975292566,0.962521326733479
65.8898915197227,0.962324815522786
65.9010560732145,0.962235528433061
65.9079209575756,0.962338626069164
65.9147858419366,0.962443731878376
65.9274292207091,0.962637097006061
65.9696350042137,0.963281907481914
65.9887752152728,0.96357403527467
65.9981754586598,0.963717438217427
66.0045994520692,0.963667726540335
66.0110234454786,0.963552947114814
66.017447438888,0.963438905221622
66.0339500553349,0.963145716239617
66.0802654218057,0.962321845021306
66.094111010122,0.962075271091253
66.1079565984383,0.962077708089101
66.1218021867546,0.962272827216633
66.131655570017,0.9624109321809
66.1560080244286,0.962752100793322
66.2691845299491,0.963071561335575
66.287223335761,0.9629931228722
66.3052621415728,0.962934002826511
66.3233009473847,0.962921757038068
66.3781276004973,0.962884534944452
66.4419197290386,0.962650054833127
66.50571185758,0.962404483841819
66.5148719946798,0.962500049601217
66.5240321317797,0.9625968212671
66.5433664163826,0.962800948676199
66.5775381047618,0.963161466526395
66.5956967773606,0.963352932696328
66.6138554499595,0.963304331671065
66.6272110119499,0.96321138463495
66.6405665739403,0.96311873742063
66.6831343907506,0.96282331224286
66.7286161889252,0.962696230745383
66.7740979870998,0.962681946986554
66.8195797852744,0.962683693527526
66.8787279159684,0.962714247863661
66.956164215469,0.962675458040512
67.0021071695392,0.962646112587952
67.0291386926834,0.962770876947379
67.0561702158276,0.962896070561264
67.0871209928477,0.963039391015943
67.1180717698678,0.96293728487726
67.1490225468879,0.962656623894624
67.1710667125463,0.962456908077285
67.1923993474593,0.962263569209775
67.2137319823723,0.962313572868752
67.2361671003312,0.962512025055251
67.2586022182902,0.962709935730477
67.2977522902182,0.963055076348738
67.3215406263133,0.963138093780375
67.3453289624083,0.963207149568566
67.3829123449093,0.963316212269439
67.4293745961891,0.963180082569788
67.475836847469,0.962884000284868
67.4985242320813,0.962739465218722
67.5123761452092,0.962779152780751
67.5262280583372,0.96283547235107
67.5467863578935,0.962918999657434
67.583115486205,0.963066473024654
67.6194446145166,0.962962458103233
67.6451042758352,0.962731853151839
67.6642039992282,0.962560452646338
67.6889325200154,0.96233845742078
67.7136610408027,0.962357590700276
67.7327458998675,0.962527094469305
67.7471323695909,0.962654390285896
67.7877514154755,0.963013601402145
67.8169521739615,0.963047382555945
67.8461529324475,0.962915561518333
67.8675041872136,0.962819440192503
67.934801952012,0.962496460379242
67.9697115648772,0.962319030232896
67.9934538097653,0.962198327854803
68.0171960546534,0.962437503524425
68.0339970530604,0.962706515971182
68.0507980514675,0.962974943191598
68.0984673660606,0.963735693865694
68.1070430329003,0.963702735570756
68.1156186997399,0.963628914690268
68.1241943665795,0.963555478709213
68.1506420524244,0.963328885906672
68.2828804816486,0.962696229995585
68.3592374314225,0.962817860177396
68.4355943811963,0.962876942168271
68.486313640397,0.962798030511578
68.5370328995976,0.962666417167557
68.6024615267147,0.962489257066059
68.617417789886,0.96255541030479
68.6323740530574,0.9626222180211
68.6690761379695,0.962786121843966
68.6955909047604,0.962904481034636
68.7130328719485,0.962844451696305
68.7304748391367,0.962735805712165
68.7479168063249,0.962627335087929
68.7827884794776,0.962410397460381
68.8041029257238,0.962342879534077
68.8254173719701,0.962553599877929
68.8406519382619,0.962704572220398
68.8836384856638,0.96313031125056
68.9259116624256,0.963007390242994
68.9424098961297,0.96282356020397
68.9589081298337,0.962640260699127
69.0010514725363,0.962193405810948
69.0066393670283,0.962245403366464
69.0122272615203,0.96229964713226
69.0224388696931,0.962398539016389
69.0547952101842,0.962711666438183
69.1016401476328,0.963149358582448
69.1156353390707,0.963154045073063
69.1296305305087,0.9631578423991
69.1613621025074,0.963166460173795
69.2445715620948,0.962965409411047
69.3277810216822,0.96273021177169
69.3919948710245,0.962799138460679
69.4328207569466,0.962712432003729
69.4736466428686,0.962593238424553
69.5240204233386,0.962492366605867
69.5743942038085,0.962442796591095
69.6083201745714,0.96247093288859
69.6422461453344,0.962691019184345
69.6761721160973,0.962911120642566
69.6985868590327,0.96305648771164
69.7121523074658,0.963014695147059
69.7257177558989,0.962956382040942
69.7458436758753,0.962869905723679
69.8144673713298,0.962658348180985
69.8635365027592,0.962731191072058
69.8904133605577,0.962771163708388
69.9172902183561,0.962556795117874
69.9447812128388,0.962189706711936
69.9722722073215,0.961822659990771
69.9932315328785,0.961542638606226
70.0141908584354,0.961708338669388
70.0281610288287,0.96196510452376
70.0421311992219,0.962220967765377
70.0753763765305,0.962829277931901
70.0968150948486,0.963221145909253
70.1086376504192,0.963260435601052
70.1204602059899,0.963230635676659
70.1322827615605,0.963201266150792
70.1667226867161,0.963115683270656
70.202538691378,0.963011754957279
70.2256804468017,0.962816864714321
70.2488222022253,0.962621488683261
70.287478301502,0.962294929117141
70.3261344007787,0.962257449330964
70.3647905000554,0.962360868284482
70.3943503126066,0.962439750302151
70.4312439483101,0.962647744963026
70.4681375840136,0.962875919385359
70.4935680348073,0.963033183398651
70.5189984856009,0.962943483388095
70.538135553278,0.962811205156115
70.5572726209551,0.962679128798767
70.6223098605907,0.962311982117583
70.669067430153,0.962161806869546
70.6969311028748,0.962072251389554
70.714405925203,0.962146910616528
70.7318807475312,0.962250845265289
70.7541451736488,0.962383077044587
70.7973260269765,0.962639420443905
70.8124678404442,0.962615249130423
70.8276096539118,0.962565167874369
70.847797603506,0.962498558183415
70.9187734226346,0.962318553648771
70.9897492417632,0.962290334856909
71.0370145887855,0.962092738062153
71.0842799358078,0.961844702507719
71.1315452828301,0.961936736328926
71.1788106298524,0.962200450573411
71.2125766717396,0.962398778582283
71.2621593602112,0.962715663448821
71.2955939881356,0.96292922044362
71.3160914968514,0.962918265996836
71.3365890055672,0.96286698354703
71.357086514283,0.962815835374871
71.3957241012636,0.962719411118388
71.4151990917564,0.962480040507028
71.4346740822493,0.962184688554312
71.4541490727422,0.961889350670148
71.4782841844483,0.961523085563648
71.5024192961544,0.961230064849337
71.5080680902168,0.961316223869539
71.5137168842792,0.961404767787627
71.5237940576507,0.961562474602211
71.5547613759486,0.962046666301098
71.5824463420156,0.962479119553594
71.5967719016104,0.962702731243128
71.6110974612051,0.962685517231209
71.6214163691122,0.962619816521951
71.6317352770192,0.962554499804371
71.6629747628838,0.962356682864482
71.7471524300167,0.962185824620138
71.7856677630139,0.962238983238661
71.824183096011,0.962428408957116
71.8705475468549,0.962755235626998
71.8930688367741,0.962913837603655
71.9155901266933,0.962828575580615
71.9381114166125,0.962631624911403
71.9606327065317,0.9624349364577
71.9983241475926,0.962105587571512
72.0207467332497,0.962039242497125
72.0431693189067,0.961984111794764
72.0805084477298,0.961892333702904
72.0970645643138,0.961851603630389
72.1074704235077,0.961981173531583
72.1178762827017,0.96217575680409
72.1282821418957,0.962369797077006
72.1582496222314,0.962928170658026
72.1850066000006,0.963426163670865
72.1968809094635,0.96364699079465
72.2087552189263,0.963557126043177
72.2173526506174,0.963406810453749
72.2259500823084,0.963257202829895
72.247330677633,0.96288488334894
72.2785571199285,0.962340547431412
72.2945083625401,0.962062241364789
72.3104596051518,0.962027297460552
72.3305054836034,0.962150397125069
72.3452313602381,0.962240380191292
72.3866770837556,0.962493522511462
72.4253332739046,0.962556932009371
72.4639894640535,0.962528043299663
72.5026456542024,0.962514078829593
72.5313824342672,0.962654095130919
72.5601192143319,0.962794502978535
72.6007471216794,0.962985097116573
72.6126287043747,0.962918042236608
72.62451028707,0.962849894730026
72.6500327073426,0.96270349664536
72.6953731788389,0.962443346269903
72.7232288726498,0.96241786590837
72.7510845664606,0.962420029781742
72.7871617001792,0.962422747287591
72.8325860949263,0.962288392071423
72.8780104896733,0.962098879217427
72.9234348844203,0.961951558295998
72.9688592791673,0.961844348467582
72.9955534981137,0.961781298684519
73.0131356277088,0.961877431434932
73.0307177573039,0.962022057054723
73.0482998868991,0.962166440419872
73.1124448035311,0.962631027424681
73.1631279517268,0.962793847183964
73.2034981675827,0.962889673044063
73.2180386937676,0.962795713038743
73.2325792199524,0.962701004455478
73.2675871314928,0.962472901041212
73.2952148287585,0.962292822166428
73.3135948919282,0.962313561924135
73.3319749550979,0.962385704005019
73.3503550182677,0.962457635987786
73.3857077718084,0.962595954034961
73.4210605253492,0.962482384371368
73.45641327889,0.96219470911066
73.4817350632234,0.961988786594225
73.500336233033,0.961843478602254
73.5066550283867,0.961905213133878
73.5129738237405,0.961968927849287
73.5248064627109,0.962088058712954
73.5636622003159,0.962478944609985
73.5894871098563,0.9627385670277
73.6153120193967,0.962670490720172
73.6322627388091,0.962474275354531
73.6492134582215,0.96227861805277
73.6914876136389,0.961790314323233
73.7105597397777,0.961819610840734
73.7236488389609,0.961982648018849
73.7367379381441,0.962144840629441
73.7678341560201,0.962529938708127
73.7913183391298,0.962820572876575
73.8148025222396,0.962864333702543
73.8373897379671,0.962763402226099
73.8599769536945,0.962662899938876
73.8961781385811,0.962501795147122
73.9187732539381,0.962270984194237
73.9413683692951,0.962012470485305
73.9706698269701,0.961677120867899
73.9892714629891,0.961464105903756
73.9990953977561,0.961351566443374
74.0050336987155,0.961423366668416
74.0109719996749,0.961524683874048
74.0184921345804,0.961652384330665
74.0394987374332,0.962008961027495
74.0735281685172,0.962586027443656
74.0937453186238,0.962928522230529
74.1139624687303,0.963002630874068
74.1341796188369,0.962952607555066
74.1543967689434,0.962903011048348
74.1895706205094,0.9628167244675
74.2247444720755,0.962444840964791
74.2599183236415,0.961949843157371
74.2950921752075,0.961454542726309
74.3103792358675,0.961459852392026
74.3256662965274,0.961574023593636
74.3409533571874,0.961687661628789
74.3822891187724,0.961994781381705
74.4237528221622,0.962504044704774
74.4652165255521,0.963164944741879
74.4961751367095,0.963657597163672
74.507410666518,0.963590713278118
74.5186461963265,0.963389645524377
74.529881726135,0.963189347909314
74.5560761648788,0.96272200946807
74.6723614150316,0.96254313609353
74.7067063784493,0.96269382703456
74.7201042326684,0.962526699769008
74.7335020868876,0.962358754151353
74.7656303825142,0.96195576819961
74.7880457002235,0.961674419704989
74.8003834865906,0.961529263528708
74.8048587537919,0.96158781721004
74.8093340209932,0.96164923031512
74.816756655997,0.961750750031694
74.8386635951476,0.962050164747098
74.8707842697198,0.962488848859867
74.902904944292,0.962857951786879
74.9100830969976,0.962784864567132
74.9172612497033,0.962709857077323
74.9306582594127,0.962569964167369
74.9765044914149,0.962091005472304
75.0417634018588,0.961884876245904
75.0819552420515,0.961924639598485
75.1221470822442,0.96195816359097
75.2121777272264,0.962099472919877
75.2388224252759,0.962287929681656
75.2654671233253,0.962476646333928
75.292372653049,0.962667147181813
75.3192781827727,0.962610817167492
75.3461837124963,0.962454316052112
75.37308924222,0.962298015879328
75.3988727099802,0.962148196036718
75.4076062388746,0.962210647557658
75.416339767769,0.96229201925177
75.4289200988107,0.962409052196498
75.4666830990198,0.96276000308308
75.4888892090058,0.962966262280556
75.5025035948879,0.963034342060927
75.5161179807699,0.962836180270365
75.5257862375599,0.962694694917216
75.5495105425033,0.962347348807456
75.5843439862729,0.961836901918612
75.5980194836147,0.961636345416679
75.6068995789435,0.961641685694377
75.6157796742722,0.961689427391543
75.624659769601,0.961736793673817
75.6525065420165,0.961885320773756
75.6942203592021,0.962107737196272
75.7144413901949,0.96242644075881
75.7346624211878,0.962832124210161
75.7548834521807,0.963237146912086
75.7838886986349,0.963817485847194
75.7999628919097,0.964138789240129
75.8058666838319,0.964156107924409
75.8117704757541,0.964170707451379
75.8226563225926,0.964197844863456
75.8591544552954,0.96428887161079
76.0416451188096,0.964464128880713
76.2241357823238,0.964409192216443
76.4079227154556,0.964391885077989
76.4514146162942,0.964288073649413
76.4949065171327,0.964184009979218
76.5237537283827,0.964257193426116
76.5526009396327,0.964361777097641
76.5884839091317,0.964491744713085
76.6272243225462,0.964477786875291
76.6659647359607,0.964397442705247
76.7047051493751,0.964321094339246
76.7789565060594,0.964229480592151
76.8532078627436,0.964310086921136
76.9274592194279,0.964423679333555
77.1181942899269,0.964264964382716
77.1429824357952,0.96431969538686
77.1677705816635,0.964374830999893
77.2373384332233,0.964380174575579
77.3069062847831,0.964272897970926
77.3764741363429,0.964325556083416
77.42648178366,0.964326386283654
77.4926197832921,0.964283329871356
77.5587577829242,0.964276442379356
77.6248957825562,0.964247332992682
77.6910337821883,0.964173327417471
77.7454413383478,0.964237670732888
77.7998488945073,0.964327104242803
77.8475148463866,0.964303950413251
77.8951807982658,0.96428026466002
77.9803523375741,0.964177226281998
78.0655238768824,0.964208014728841
78.1506954161906,0.964263277424885
78.2358669554989,0.96422175032664
78.2958884004011,0.964109383484516
78.3559098453034,0.964100989215339
78.4029454639562,0.964102155803807
78.4889229199062,0.96414855667
78.5749003758563,0.964087393277486
78.6608778318064,0.964049177888313
78.7667030077362,0.964125831666583
78.8478361465993,0.964124487010971
78.9289692854624,0.964138688873721
79.0101024243256,0.964268835368982
79.0459435364766,0.964175500655289
79.0817846486276,0.964081876385671
79.1505620508912,0.96405359625295
79.2193394531547,0.964050075427545
79.3082438192913,0.963965170720562
79.3665101691553,0.96404307317459
79.4247765190192,0.964088200718041
79.4830428688832,0.964088312832166
79.5413092187471,0.964004927413828
79.6112610299903,0.963897295637721
79.6737301133994,0.96396097481008
79.7361991968085,0.96393086750373
79.8144018659074,0.963864463729535
79.8715187827653,0.964002780654429
79.9286356996232,0.964023907167161
79.9857526164811,0.963927049528928
80.042869533339,0.964023633145969
80.0999864501969,0.964185214770719
80.11908412285,0.96413430524975
80.1381817955031,0.964082735946296
80.1866156622222,0.963951907639079
80.2426688320207,0.963949328316152
80.2987220018191,0.963994028259767
80.3547751716175,0.963917964516137
80.395235875981,0.963860864855416
80.4542772017631,0.963918689288375
80.5133185275453,0.963940533596951
80.5723598533274,0.96379401054032
80.6314011791096,0.963722691277329
80.6904425048917,0.963718370228856
80.7494838306739,0.96372249696958
80.8632958176451,0.963790619311875
81.0030084238589,0.963741461163733
81.0673916619832,0.96376486058797
81.1317749001075,0.963691173849933
81.1961581382318,0.96351668681707
81.2317223973287,0.963571824473744
81.2672866564256,0.963645922309756
81.3187111852187,0.96369405089301
81.3701357140118,0.963637872648456
81.4215602428049,0.963584813634814
81.5303359341532,0.963509340766748
81.6391116255016,0.963526289812413
81.7709600595125,0.963499284198669
81.8551908556145,0.963538776433912
81.9394216517165,0.963575370538881
82.0552708412536,0.96363355186197
82.1511985540704,0.963669569543842
82.2471262668872,0.963682993573938
82.4000230330554,0.963712230040435
82.5185192311136,0.963749427839229
82.6036563703706,0.963730032127699
82.6651054900578,0.963627798912483
82.7044431302712,0.963584323933117
82.7437807704845,0.963715516747518
82.771752390358,0.96380898479047
82.8654671024086,0.963755079724736
82.9373222084321,0.963607738112259
83.0091773144557,0.963539603914006
83.0409298928704,0.963703035138429
83.0726824712851,0.963866784005609
83.1612565797807,0.963793351996792
83.2233872887398,0.963634768926401
83.2855179976989,0.963576919590029
83.3476487066581,0.963606411319221
83.4097794156172,0.963665428532359
83.4867340501723,0.963756273113417
83.5453089945862,0.963653385119264
83.6038839390002,0.963518280412704
83.6335671517469,0.963584223222648
83.6632503644936,0.963650551677451
83.7474590913984,0.963617270823878
83.8316678183032,0.963569680921275
83.894225590266,0.963731302477439
83.9266354927655,0.963692819189733
83.959045395265,0.963627141207308
84.0013488248914,0.963543641100013
84.0671283157291,0.963517705971268
84.1329078065667,0.963512933418005
84.2249062532412,0.963490209893498
84.3169046999156,0.96341044587623
84.3846218250091,0.96357141226396
84.4357240712963,0.96348374496049
84.4868263175834,0.963304813890286
84.5379285638706,0.963231297754198
84.5890308101578,0.963194875993994
84.640133056445,0.963276316906549
84.6912353027321,0.963390431237812
84.7541828449985,0.963438514134761
84.8171303872649,0.963434508417014
84.8800779295313,0.963330970488883
84.9812682031701,0.96335392838704
85.0553126991318,0.963286387719407
85.1293571950935,0.963246437180954
85.2034016910551,0.96331102986717
85.2774461870168,0.96337272844736
85.4867622773058,0.96330191385978
85.5692977957589,0.963358462584888
85.6518333142121,0.963273199376806
85.7682659831319,0.963203051303112
85.8460898597843,0.963170877752171
85.9239137364367,0.963168384748739
86.001737613089,0.963347574348175
86.0512233970512,0.963329044715862
86.1007091810134,0.963309316629044
86.173769916366,0.963181866346084
86.2468306517185,0.963121596812876
86.4160179081477,0.963192313331448
86.4899817758377,0.963135759053532
86.5639456435277,0.963109951636591
86.6547671862524,0.963099013737079
86.8280243251644,0.963023453901425
86.8923633628677,0.962952147261014
86.9340496929518,0.963030168917958
86.9757360230359,0.963136586417779
87.0293600346223,0.963185177234117
87.0829840462088,0.963159988906947
87.1366080577953,0.963176001439794
87.2316929051998,0.963185007544344
87.3267777526043,0.963076703515529
87.4218626000088,0.962978455455133
87.5169474474133,0.963021700803059
87.5959252793697,0.963157784251373
87.674903111326,0.963181851659916
87.7342956407042,0.963127346807553
87.8098577415793,0.963026143810301
87.8704453342209,0.963117219081289
87.9310329268625,0.963127851893768
87.9916205195041,0.963060934116898
88.0522081121457,0.96309555179025
88.1127957047873,0.963122834430259
88.1886953870926,0.963044466499496
88.2394443026615,0.963118005578913
88.2901932182305,0.963228142830815
88.3409421337995,0.963185130761198
88.3807767822106,0.963122115268187
88.4316554356933,0.963098337656794
88.5604831656433,0.963038662576911
88.7248584006486,0.962886914545398
88.8892336356538,0.96303751311257
88.9353283091118,0.963004023189877
88.9814229825698,0.962934588535217
89.0275176560278,0.962924105667803
89.1038367341234,0.962964823119052
89.1549239526916,0.962880916702526
89.2060111712597,0.962819064156841
89.2570983898278,0.962925134680265
89.2941355366317,0.963002154094918
89.4284448912227,0.963133859381018
89.5600294333959,0.962894277092099
89.6331841489885,0.962828628819525
89.706338864581,0.962955564399479
89.758187379791,0.962924353968271
89.7985072262612,0.962899947688376
89.8790570699069,0.962941793418627
89.9596069135525,0.962883274834396
90.0401567571982,0.962811188700078
90.1751891162964,0.962879273902909
90.2415519700743,0.96282607660766
90.3079148238522,0.962707308439847
90.3742776776301,0.962755279511842
90.4226756597342,0.962822850539334
90.4710736418383,0.962927773536849
90.5194716239424,0.962957026493285
90.5551618056086,0.962894567609584
90.5908519872748,0.962832250641131
90.6434994036851,0.962764567262233
90.6961468200953,0.962702038676476
90.7119471879827,0.962476270310516
90.7277475558701,0.962180434835026
90.7435479237575,0.961884716496283
90.7927226187636,0.960963169159974
90.8228928142812,0.960622421244824
90.8530630097988,0.960354892109498
90.8832332053165,0.960087063343576
90.9224182043125,0.960073223401935
90.9471439398996,0.960224889692845
90.9718696754868,0.96037605763327
91.0382974569516,0.960328153186744
91.068755428515,0.96015161035343
91.0992134000785,0.959975350413097
91.1112897149782,0.960008194142173
91.123366029878,0.960049285466592
91.1446393494963,0.960121684726493
91.186371838325,0.960263548735343
91.2281043271537,0.960145299276752
91.2698368159824,0.959898853055419
91.3027527296861,0.959728725604101
91.322297232735,0.959786416257556
91.341841735784,0.959844727799231
91.3890534962889,0.959985640002677
91.4788853218661,0.960175960605167
91.5363100268669,0.960465835491734
91.5937347318678,0.960858353622497
91.6175008678851,0.960756209724301
91.6412670039024,0.960556482762047
91.6650331399197,0.960356931146391
91.7058398753817,0.960088900961135
91.7207030617792,0.960155329651218
91.7355662481767,0.960222417251688
91.7714938376608,0.960384594837282
91.8663544888304,0.960605052739372
91.96121514,0.960062131738702
91.9899674378304,0.959784153405877
92.0187197356608,0.959967291700081
92.0369238948303,0.960243234377397
92.0551280539998,0.960518408228313
92.1000712492363,0.961195167926157
92.1041339547973,0.961153613245227
92.1081966603584,0.961108865269439
92.1146050260914,0.961038631990185
92.1329526000128,0.9608375894321
92.1818389178886,0.960301420030265
92.2307252357643,0.96011255162956
92.2701680147511,0.960128268698867
92.2976080641873,0.960139004810081
92.3141657481851,0.960280273793148
92.3307234321828,0.960445644611572
92.3529060713426,0.960666970597676
92.3889031459961,0.961025890855144
92.4249002206496,0.961006297711346
92.4533132661324,0.960855190803103
92.4753595225704,0.960738140974665
92.5459061551352,0.960628833952047
92.5899197205689,0.960650322766464
92.618367580138,0.960485698284784
92.646815439707,0.960220920498501
92.6752632992761,0.959956172529363
92.6940879045079,0.959780915733439
92.7129125097396,0.959854601028153
92.7317371149714,0.960046256321569
92.7505617202032,0.960237410808324
92.8026063535118,0.96074663813827
92.8200718252054,0.960797517953487
92.8375372968989,0.960847782873324
92.8808086850481,0.960972234310759
92.93530874837,0.960843586750027
92.9898088116919,0.960557853945118
93.0299137628749,0.960591785218979
93.0602771427634,0.960681582391597
93.0906405226518,0.960771239081678
93.1181176040978,0.960684640566975
93.1455946855439,0.960509314155238
93.1730717669899,0.960334129605433
93.19749203318,0.960178396763994
93.2110361361276,0.960253054100785
93.2245802390752,0.960366630414103
93.2381243420229,0.960479973362628
93.2864144596092,0.960883842416716
93.2996902397506,0.960994817109678
93.3077229114016,0.960936583026743
93.3157555830526,0.960871332909274
93.3292557949488,0.960761726692945
93.3717545594223,0.960416706371151
93.4330720876688,0.960013020699191
93.4943896159154,0.959690680492972
93.5100081520822,0.959789458257858
93.5256266882491,0.959993689245146
93.5412452244159,0.960197394148332
93.5841195006371,0.960756075716004
93.6260920368149,0.960702611189161
93.6418842154901,0.960542541448159
93.6576763941653,0.960383048649219
93.6968253339964,0.959987476703234
93.7107470794934,0.959989066854177
93.7246688249904,0.9600350331072
93.7385905704875,0.960080771474916
93.7870777894259,0.960240015457842
93.8266010950051,0.960550059681497
93.8661244005843,0.960948811061031
93.8930313533034,0.961219987357327
93.9115253182837,0.961211360014627
93.930019283264,0.961080681637657
93.9485132482443,0.960950454301217
93.9990579119789,0.960594398749859
94.007343842016,0.960645737545493
94.0156297720532,0.960713299104002
94.0279940957872,0.960813834719852
94.0672361227948,0.96113274551935
94.0894386465236,0.961313096200504
94.099381243025,0.961393834635906
94.1054500484199,0.961311881887928
94.1115188538148,0.961211536399685
94.1200127454547,0.961071495298679
94.1454457079748,0.960651896538795
94.1972721885818,0.959795630977645
94.2068295933924,0.959817233275756
94.2163869982031,0.95991583437042
94.2259444030138,0.960013833652263
94.2513587811003,0.960274324733461
94.2881511605894,0.960651211862384
94.3249435400784,0.960749934906525
94.3617359195675,0.960714282071624
94.3903344625796,0.960686738150829
94.488960906669,0.960714863049603
94.531340673136,0.960572664568603
94.573720439603,0.960373089773431
94.5979148833824,0.960259153196035
94.6128284248483,0.960318735978398
94.6277419663142,0.960400873301654
94.6481206910172,0.960512941963759
94.6825001900786,0.960701931832525
94.7039764646784,0.960766532810657
94.7254527392783,0.96059165132481
94.7412823063915,0.960462342373007
94.7863919997362,0.960093585882802
94.7990938326158,0.959989707142465
94.8068283951433,0.960058609733429
94.8145629576709,0.960147848448628
94.8252442808601,0.960270728830177
94.8592719879194,0.960661972271747
94.8872886209347,0.960983863934748
94.9153052539501,0.961058865339945
94.9361780139848,0.960958474123848
94.9518283404404,0.960883576823936
94.9964731170388,0.960669909725257
95.0160683624982,0.960697298650624
95.0356636079577,0.960752465753004
95.0610760373863,0.960823881071335
95.1639377155227,0.960445172157884
95.2165802935719,0.960160871667076
95.2692228716211,0.96013901150136
95.3003288329177,0.960128276646184
95.3189370044751,0.960247272368677
95.3375451760324,0.960366886749587
95.3821450022857,0.960653521464929
95.4267205808992,0.960720250881007
95.4712961595128,0.960638169068516
95.5048189379297,0.960580141155935
95.5694865303738,0.960509976921289
95.5995671624814,0.96047733276411
95.6175989555611,0.960581460797369
95.6356307486408,0.960689358271575
95.6723298560798,0.960908940829805
95.6931687127872,0.961033547024768
95.7140075694945,0.960914560098856
95.7348464262018,0.960672938394824
95.7556852829091,0.960431583306997
95.7847238237928,0.960095081043487
95.8017139538542,0.959927591037837
95.8120690929004,0.959988378692505
95.8224242319465,0.960050410279639
95.8436293693323,0.96017743086519
95.8926674900055,0.960470934083647
95.9240694122096,0.96052213023475
95.9554713344137,0.96053070553865
95.9868732566178,0.960539360135064
96.0281770884825,0.96031662564568
96.0694809203473,0.959982889797326
96.0905651775496,0.959812509446693
96.1116494347519,0.959887394822481
96.1278286960513,0.960101956016789
96.1400294639943,0.960263176612517
96.1724420082206,0.960691155114317
96.1916678551323,0.960944841822786
96.210893702044,0.960960420618407
96.2301195489558,0.960787945621262
96.2437570684434,0.960666036549559
96.2804077808676,0.96033830252372
96.3293259171598,0.960292789714267
96.3596240352056,0.960429094706657
96.3899221532515,0.960564993950145
96.4330963407866,0.960567720486291
96.4762705283218,0.960511361698686
96.519444715857,0.960568919353785
96.5497809622767,0.960708554663499
96.5801172086965,0.960847914341041
96.6276211308707,0.960821959193185
96.6751250530449,0.960617895830094
96.70876586262,0.960464856758585
96.761393169697,0.960186412646923
96.861837035343,0.960615428154211
96.9106527740975,0.960955660209941
96.9404729841097,0.960807351539413
96.970293194122,0.960658625575429
97.0535074644734,0.960571696295893
97.1696421395798,0.960189821583809
97.1953541965295,0.960028190942172
97.2109433908248,0.960095372201944
97.22653258512,0.960235664142382
97.2421217794152,0.960375590303255
97.2901239678206,0.960806152309361
97.3257076092242,0.960931085505172
97.3612912506277,0.960980019872846
97.3968748920312,0.961029077244566
97.4179419676245,0.960898189180221
97.4390090432177,0.960738094556303
97.4656090792772,0.960535982321212
97.4925035998848,0.960331550939372
97.5193981204924,0.960433157974201
97.5396640329257,0.960601161229908
97.559929945359,0.960768805041625
97.5911204141938,0.961026673415657
97.6223108830287,0.961041175655024
97.6535013518635,0.960956724690801
97.6846918206983,0.960872455738769
97.7429388044211,0.960543190410115
97.8011857881438,0.960166171872365
97.8103995178514,0.960216713421636
97.8196132475591,0.96026851422728
97.838716403488,0.960375888392551
97.9082929331693,0.960724077947411
97.9492253373368,0.960743119290718
97.9901577415043,0.960761892520609
98.0412477258692,0.9609729692621
98.0923377102341,0.96122940196509
98.1201795464236,0.961190388400992
98.1480213826132,0.961081813701582
98.1758632188027,0.960973371924488
98.2782167436599,0.960803436165249
98.3536557911742,0.960687489112887
98.3991057758796,0.960607011674213
98.4256502833487,0.960690326008651
98.4521947908179,0.960778733560609
98.5053845630919,0.960917566570479
98.5255899803425,0.960840448986324
98.5457953975931,0.960762854913197
98.599857435578,0.960555120630361
98.6093822806222,0.960617886806532
98.6189071256664,0.960683354781155
98.638075979709,0.960815065371832
98.6835350375829,0.961127168158219
98.7289940954568,0.961031521367723
98.7558877628038,0.960835838175801
98.7827814301507,0.960640416374333
98.8605409337627,0.959982649908178
98.8879577090336,0.959741175998032
98.8975752510396,0.959656396485104
98.9071927930456,0.959815727578007
98.9145727846605,0.960006080975069
98.9219527762755,0.960195654861276
98.940919841638,0.96068255050638
98.9666019458478,0.961341036963386
98.9922840500576,0.961998570595974
99.0008687493392,0.962179561480587
99.003126966405,0.962136502235974
99.0053851834708,0.96208924214225
99.0085056487516,0.962024693593917
99.0159802900364,0.961869939700087
99.0451573114297,0.961265316858074
99.1910424183962,0.960689264787156
99.2093093608955,0.960724234383178
99.2275763033949,0.960679470046336
99.2458432458942,0.960634997040984
99.3027534626485,0.960518002124861
99.3200394702712,0.960611420014935
99.3373254778939,0.960705486465104
99.378964447698,0.960932054942521
99.435135767785,0.960997490264019
99.4913070878721,0.96091751099506
99.5198728978706,0.961028136178649
99.5484387078691,0.961206405708518
99.5770045178676,0.961384453390457
99.5957494932531,0.961501241288263
99.6144944686387,0.961370729938996
99.6332394440242,0.961112077799993
99.6519844194097,0.96085374541896
99.70258040535,0.960230304464158
99.7071971991548,0.960298177790897
99.7118139929597,0.960368929379552
99.719459955677,0.960485800478146
99.7414755205804,0.960822016706157
99.77000287716,0.961257348569309
99.7985302337396,0.961692262440041
99.804995705537,0.961638424741096
99.8114611773344,0.961534229521136
99.8179266491317,0.961430626497123
99.8356290772464,0.961146780728629
99.8707308772468,0.96058339371843
99.8911368067941,0.960255563533419
99.9033178578064,0.960132585801871
99.9115918655999,0.960265883711596
99.9198658733933,0.960400453607371
99.9369463350133,0.960678096769989
99.9978829954227,0.961667118715131
100.005982664962,0.961609806911837
100.014082334502,0.96147968609047
100.022182004041,0.96135020046719
100.043135230354,0.961015027453279
100.076781957236,0.960476257578264
100.095341035177,0.960178813300376
100.113900113117,0.96012312859328
100.12796086941,0.960144849865698
100.142021625702,0.960166254921625
100.185722945334,0.960232751986071
100.235818168248,0.960660383945425
100.285913391161,0.961229343237196
100.323926070443,0.961169842242569
100.345612608387,0.960967894295132
100.367299146331,0.960766420309262
100.394369573104,0.960514845155499
100.412983309963,0.960490444449813
100.431597046821,0.960532847217256
100.450210783679,0.960575002808719
100.512279552545,0.960640218620129
100.558183421313,0.960461103867484
100.593855397793,0.960321743150578
100.614369805125,0.960397264969222
100.634884212457,0.96054152112603
100.655398619788,0.960685507448179
100.675861733369,0.960829074128059
100.69632484695,0.960972604348003
100.705668375166,0.960772084914195
100.715011903382,0.960387086027783
100.721883327352,0.960104764513582
100.737265036088,0.959472117099579
100.796576330694,0.957024292192341
100.806313033867,0.956811945209873
100.81604973704,0.956709905641643
100.825786440213,0.956607057079191
100.849165446,0.956359969718096
100.891842785229,0.955908654910844
100.919740641011,0.955763346007226
100.947638496794,0.955681465415093
100.975536352576,0.95559943669139
101.03141346542,0.955667721005792
101.087290578264,0.955919153906799
101.126427504731,0.955815232313637
101.165564431197,0.955574364729707
101.19577916924,0.955388462132092
101.224796331682,0.955337472791948
101.253813494124,0.955308896050377
101.293772789908,0.955269497646625
101.311796962099,0.95546415729803
101.329821134289,0.955774835229928
101.347845306479,0.956084877929855
101.397368833865,0.956935580014691
101.40553193378,0.956899260825436
101.413695033695,0.956772080717826
101.42185813361,0.956645652752646
101.441844361215,0.956335970307267
101.475394310987,0.955815573638234
101.493909751431,0.955528130964297
101.512425191876,0.955491904099736
101.53094063232,0.955583240696854
101.549456072764,0.955674110672095
101.599094745177,0.955917535553527
101.609784001812,0.955825865767237
101.620473258448,0.955718881052619
101.636135173789,0.955562250475275
101.693355576293,0.954989572231801
101.712714952174,0.955122558301657
101.732074328055,0.955431943126871
101.746008313513,0.955654071911824
101.783593216154,0.956252580303824
101.826497419758,0.956372065746851
101.843074081117,0.956281111221587
101.859650742475,0.956190716203343
101.901575830813,0.955967663838796
101.931330013401,0.955911097025841
101.961084195989,0.955854802217404
102.050310542662,0.955915047057484
102.082802522657,0.956002026545951
102.101209442124,0.956071425706835
102.108441870874,0.956212523647107
102.115674299625,0.956355061449614
102.13025421393,0.95664225849752
102.176846321504,0.957558626987989
102.192091658006,0.957858081163739
102.200865883025,0.957999334648375
102.206089226192,0.957910011291941
102.21131256936,0.957817634915753
102.220033849083,0.957663720052043
102.24603299997,0.957204578565627
102.297375790623,0.956296454496638
102.308900747909,0.956247813741415
102.320425705194,0.956248086995942
102.33195066248,0.956248059337387
102.368912964017,0.956247938499734
102.471885916912,0.956343251263474
102.574858869806,0.956889665009161
102.648723191223,0.957203830084972
102.684694663798,0.957308966769691
102.720666136374,0.957065289694514
102.739641024948,0.956797636572209
102.758615913522,0.95653033850477
102.784101757911,0.956171129256475
102.79661545758,0.955994633765464
102.809129157249,0.956063106713637
102.821642856919,0.95622754001662
102.834156556588,0.956391382390274
102.867242946893,0.956824244457165
102.891599202653,0.957142659147676
102.915955458414,0.95721118577886
102.946065622595,0.957129112322751
102.967997357119,0.95706956992193
102.996130108179,0.956993228908127
103.013594222056,0.956804479500168
103.031058335933,0.95657360605161
103.04852244981,0.956342772345206
103.074584102205,0.955998099707692
103.100645754601,0.955674912590319
103.103059155453,0.955721685541707
103.105472556304,0.955772718124414
103.108817977023,0.955842641414906
103.116968176643,0.956013088106998
103.147851877685,0.956658467992469
103.186564368568,0.95746613753423
103.22527685945,0.957826928444446
103.250080327606,0.957903526362109
103.274883795762,0.957980521467128
103.342666749326,0.957203785147617
103.360119422196,0.956851814970553
103.377572095066,0.956500178301799
103.39727408046,0.956102950059632
103.407433186327,0.956092144907054
103.417592292195,0.95615758455526
103.427751398062,0.95622247948532
103.455241731847,0.956398005833303
103.56743098777,0.957051239013822
103.592274660987,0.957186555047371
103.617118334204,0.956989695963102
103.641962007421,0.956638785913939
103.66052783709,0.956376661604532
103.679991899768,0.956101734460084
103.699455962446,0.955826622224709
103.702467227784,0.955888016193382
103.705478493121,0.955979772441046
103.708489758459,0.956070562917993
103.715420382354,0.956279648782061
103.740114034374,0.957023894472516
103.775238396899,0.9580803969339
103.789191750322,0.958499422124922
103.797481173894,0.958748174856988
103.805770597467,0.958729479568001
103.814060021039,0.958584384458446
103.822349444611,0.958440345554113
103.84055110523,0.958123895077012
103.881868616356,0.957404645131885
103.896759375281,0.95714515555459
103.911650134206,0.957125178570885
103.922244553127,0.957160998468719
103.932838972047,0.95719647589651
103.965777285068,0.957306739998673
103.99127252739,0.957392088392255
104.016767769711,0.957146560130026
104.042263012032,0.956724118975022
104.06049698237,0.956422065792915
104.079844222266,0.956101396084743
104.099191462161,0.955780480099404
104.103595127569,0.955868623194379
104.107998792977,0.95600070596449
104.112402458386,0.956131862996808
104.12312897122,0.956451290699122
104.160911288371,0.957574734487306
104.186360804612,0.958329895259145
104.197734773851,0.958666991694944
104.204477195024,0.958681677952589
104.211219616197,0.958593489575617
104.217962037369,0.958506374302139
104.233231049818,0.95830897349831
104.28730498406,0.957609083627364
104.339624230641,0.957086467613144
104.391943477221,0.956613811570378
104.413395052009,0.956695701552824
104.434846626797,0.956948309798836
104.450456516735,0.957131656580066
104.494445492567,0.957647852161271
104.51980936422,0.957701732701221
104.545173235874,0.957685233087817
104.570537107527,0.957668903655515
104.606039023758,0.95756835875814
104.627594317166,0.957274696033946
104.649149610574,0.956980317641902
104.684308378539,0.956499675743344
104.69660840734,0.95633142106152
104.708908436142,0.956426539119979
104.718696048927,0.956586706032908
104.728483661713,0.956746194366294
104.753822286964,0.957158802924095
104.792625110025,0.957789987123843
104.80895604795,0.95777873808082
104.819767107144,0.957614207864436
104.830578166338,0.9574506559268
104.854286321083,0.957091828295129
104.890571137112,0.956542025269731
104.913705571871,0.956407267940039
104.93684000663,0.956425214605078
104.954321909896,0.956438447284227
105.00588080434,0.956543744553841
105.020219185415,0.956716761488617
105.034557566491,0.956890414710274
105.068893007268,0.957306057066287
105.091150402434,0.957575256841733
105.113407797601,0.957602797157452
105.135665192767,0.957466323967776
105.152093866461,0.957365926484199
105.199436675847,0.957076559888925
105.21316671973,0.957131247865253
105.226896763614,0.957193115546563
105.250915693866,0.957301247846755
105.295706736644,0.957502803006589
105.320180534739,0.957450388196336
105.344654332834,0.957362144416619
105.369128130929,0.957273970980506
105.476363202676,0.956549004004705
105.492857591989,0.956416136679646
105.509351981302,0.9565395538672
105.520820273421,0.95676683019748
105.53228856554,0.956993117144824
105.558690884261,0.957513599847498
105.583890583074,0.958009865940581
105.595763410022,0.958243488973675
105.607636236971,0.958233152135267
105.620953816432,0.958061556488702
105.634271395893,0.957890724284771
105.665020608127,0.957496094715472
105.690521073553,0.957168528370046
105.71602153898,0.957088342850318
105.747748369333,0.957175343889969
105.779475199687,0.957261915924445
105.805629216544,0.957263169816896
105.8317832334,0.957004732554794
105.852360399611,0.956801050417072
105.877621468588,0.956550842632967
105.902882537566,0.956385881467661
105.908847174624,0.95650389026818
105.914811811681,0.95662398994487
105.925785778848,0.956844777607146
105.95789973466,0.957490069536741
106.002109245451,0.958306518861374
106.006443032522,0.95825065691982
106.010776819593,0.958191296451139
106.017502300731,0.958099636761484
106.037006282951,0.957833686335497
106.070370959952,0.957378335090542
106.103735636953,0.957008325444427
106.111417638526,0.957080114281383
106.119099640099,0.957153489471958
106.134121944588,0.957296924102029
106.182128127812,0.957754804395868
106.233646339541,0.957651232687846
106.25455636664,0.957479046345059
106.275466393739,0.957307217121897
106.294186767955,0.957153360397387
106.312907142171,0.957242963873373
106.331627516388,0.95744610008576
106.350347890604,0.957648734920718
106.402986534586,0.9581671278151
106.410402979386,0.95812164155583
106.417819424186,0.958074596661395
106.432564047637,0.957981094678429
106.480752647729,0.957675537691813
106.541244505844,0.957091532395667
106.60173636396,0.95645728030129
106.606389996572,0.956523787435507
106.611043629185,0.956593181819047
106.618819626208,0.956708720047686
106.642035508149,0.957053502803317
106.685668949087,0.957700847990848
106.729302390025,0.958033806123658
106.772935830962,0.958210960425455
106.805196235306,0.958284903378729
106.826019496905,0.958138383561921
106.846842758503,0.957991317382806
106.901444789137,0.957626476651002
106.909119553085,0.95768349736235
106.916794317033,0.957742009076706
106.932188645065,0.957859321809328
106.982776293495,0.958244449546785
107.034791176898,0.958043823604358
107.065677383014,0.957746812422933
107.096563589129,0.957449976712075
107.111744768263,0.957482720831012
107.126925947398,0.957570377349027
107.142107126532,0.957657763184824
107.192824508129,0.957949551986838
107.217357373309,0.958235312254037
107.241890238489,0.958582304795407
107.266423103669,0.958928867146352
107.357711120955,0.957854719372253
107.3684888233,0.957562956323216
107.379266525646,0.957272091880445
107.394742083727,0.956854154410237
107.410217641809,0.95690916827206
107.420149251391,0.957107745364557
107.430080860974,0.957305046612086
107.450951075403,0.957719348138894
107.486308733905,0.95842047246478
107.521666392407,0.958878194529322
107.55269686276,0.959142750395571
107.583727333114,0.959407451505075
107.594514229299,0.959499446996178
107.601262886745,0.959504007922106
107.608011544192,0.959265316414383
107.613013003646,0.959086838374243
107.623153155061,0.958724916717578
107.657320034763,0.957503426119581
107.695436874842,0.95613682089366
107.706894630056,0.956150225373166
107.714009102168,0.95634352733069
107.721123574279,0.956534849332265
107.734455149126,0.956893178115009
107.774984805918,0.957981016720305
107.805393036393,0.958737506925254
107.82646455072,0.959072586056954
107.847536065047,0.959406986348134
107.877493227752,0.959881947109512
107.8916117177,0.960105629777592
107.898905706152,0.960221146143478
107.903678705193,0.960156268558974
107.908451704234,0.960042535567064
107.913224703275,0.959929609639828
107.925276638082,0.95964422117288
107.970632212252,0.95856854597403
107.987876882499,0.958158901307648
107.997390095943,0.957932757334969
108.006903309388,0.957951533581247
108.016416522833,0.958069867772077
108.025929736278,0.958187405076219
108.049179014415,0.958474525175509
108.081239597287,0.958870209451692
108.096567392823,0.959059256219302
108.111895188359,0.958997721507127
108.122757405971,0.958900145834959
108.133619623583,0.958802917025457
108.16689735957,0.958504919557243
108.191132650616,0.958287758481008
108.215367941663,0.95831397815186
108.240825444078,0.958492874911169
108.266282946493,0.958671309238961
108.306398709556,0.958874532189332
108.322577917433,0.958789983566473
108.338757125309,0.958704844847391
108.380226526363,0.958486505430823
108.439420084429,0.958220584445579
108.498613642495,0.957977666479052
108.507486905333,0.958058675245853
108.516360168172,0.958163850087504
108.528339262991,0.958305498633277
108.567553614409,0.95876888001726
108.590079541012,0.959034857210808
108.612605467616,0.958968588770968
108.628800318483,0.958727400424024
108.64018505628,0.958558369203368
108.669291791404,0.958125967258818
108.688137328241,0.957845765050772
108.6976936888,0.957703614170631
108.707250049359,0.957804231446819
108.714415094792,0.957942321223976
108.721580140226,0.958079693214717
108.740401300203,0.958440381655899
108.77290116435,0.95906258120366
108.792696390824,0.959441134584777
108.812491617299,0.959507621692021
108.82916024028,0.959404936863312
108.845828863261,0.95930291419571
108.886670203649,0.959052886372956
108.930466089992,0.958576002186446
108.974261976335,0.958005851229021
108.993177244116,0.957759436159901
109.012092511897,0.957764989402577
109.034162015792,0.957942771180058
109.056231519688,0.958120001821797
109.095725063437,0.958436930820268
109.119796193425,0.958493236309577
109.143867323413,0.958518919478536
109.174094399595,0.958551272762176
109.302306489495,0.95869509767256
109.313203324937,0.958821504215871
109.324100160379,0.958948974098819
109.347502193357,0.959222620485563
109.376939749121,0.959566559421785
109.394463798441,0.959771187818251
109.411987847761,0.959704083409407
109.42951189708,0.959506667436879
109.44347113537,0.959349764856824
109.483227784708,0.958902630856027
109.532353122386,0.958532940089174
109.581478460063,0.958259345474745
109.630603797741,0.958360371911518
109.661073489285,0.958565601857776
109.691543180829,0.9587704213893
109.714458954117,0.958737052092961
109.737374727405,0.958590998847996
109.760290500692,0.958445242945742
109.806958592599,0.958173279247439
109.853626684505,0.958044884338845
109.9,0.957917422050934
