0,4104039.62397836,1956116.60325445
4.77135120417821e-06,4278950.5882161,1970970.47053259
1.47378553376391e-05,4618134.32172329,2000090.38836587
2.47043594711e-05,4924630.49809252,2026995.53948996
3.46708636045609e-05,5201619.04139622,2052026.43015931
4.46373677380218e-05,5451966.91309843,2075446.22065376
5.69480356119404e-05,5728304.37462758,2102444.54352295
6.9258703485859e-05,5972253.64342985,2127582.50291706
8.15693713597776e-05,6187643.43696831,2151071.32403802
9.38800392336962e-05,6377844.97587295,2173067.77878114
0.000109162803471616,6583419.2906786,2198470.70040826
0.000124445567709536,6759642.30416321,2221930.02319496
0.000139728331947457,6910737.98956631,2243579.14263073
0.000155011096185377,7040316.43381479,2263529.33567287
0.000174382670984738,7178500.04703437,2286528.05340058
0.000193754245784099,7292285.3231947,2307143.76809996
0.000213125820583461,7386012.05256361,2325552.91417803
0.000237008309497515,7479249.17133177,2345470.94764714
0.00026089079841157,7552707.24703197,2362618.95458722
0.000284773287325624,7610611.51802322,2377302.71758533
0.000315382263260126,7667377.71234825,2392991.33338822
0.000345991239194628,7709260.37839464,2405678.72067506
0.000383572178962588,7746077.72010997,2417899.67172023
0.000421153118730547,7771457.82185015,2427159.96661619
0.000469366223668848,7792929.18504168,2435768.01146328
0.00051757932860715,7806270.80109452,2441676.21141495
0.000581226252968362,7816563.32322455,2446700.04698023
0.000644873177329574,7822059.35168084,2449678.02579694
0.000734033343199106,7825798.49281564,2451916.46137643
0.000845899636525602,7827584.05893984,2453118.95642244
0.000957765929852098,7828163.51811602,2453558.51473057
0.00106963222317859,7828353.53929513,2453715.43656368
0.00120609827908425,7828424.1651813,2453776.53278137
0.00134256433498991,7828441.88915457,2453791.17473301
0.00147903039089557,7828446.40504512,2453793.1650088
0.00161549644680123,7828447.58208612,2453791.75786525
0.00175196250270689,7828447.90774837,2453789.44611394
0.00192311471480977,7828448.03246035,2453786.23547881
0.00209426692691264,7828448.08558183,2453782.94473706
0.00226541913901551,7828448.12691112,2453779.64040129
0.00243657135111838,7828448.16628728,2453776.3337654
0.00265125325041936,7828448.21526077,2453772.18564461
0.00286593514972035,7828448.26416745,2453768.03744395
0.00308061704902133,7828448.31306903,2453763.88923702
0.00334615009896825,7828448.37355331,2453758.75845432
0.00361168314891517,7828448.43403755,2453753.62767157
0.00387721619886209,7828448.4945218,2453748.49688882
0.00422268226206953,7828448.57321352,2453741.82159428
0.00456814832527697,7828448.65190525,2453735.14629974
0.00500121438414905,7828448.75055087,2453726.77834757
0.00543428044302112,7828448.8491965,2453718.41039539
0.00600974047058641,7828448.98027722,2453707.29102481
0.00658520049815169,7828449.11135795,2453696.17165424
0.00742371274470869,7828449.30235782,2453679.96943696
0.00850951515825968,7828449.5496865,2453658.98893644
0.0100428955216585,7828449.89896639,2453629.36007662
0.0125161034048226,7828450.46232418,2453581.57132737
0.01779030373922,7828451.6637039,2453479.66018638
0.044161305411207,7828457.67060254,2452970.10448145
0.0808247350699156,7828466.02195409,2452261.67254635
0.117488164728624,7828456.82120913,2453180.55803504
0.154151594387333,7828433.13321974,2455931.65167293
0.190815024046041,7828409.93514054,2458683.99733211
0.22747845370475,7828431.9093129,2455505.36407543
0.264141883363459,7828471.34414891,2450344.22232545
0.310764220688558,7828512.19448547,2445451.3793513
0.357386558013658,7828551.13807882,2446351.83961323
0.413541045951477,7828559.82928419,2449711.09548849
0.469695533889296,7828480.18293946,2460485.40738199
0.525850021827114,7828444.2298158,2463097.36663116
0.568306911301222,7828437.99751439,2457675.62104095
0.610763800775329,7828431.36656685,2454180.99863248
0.653220690249436,7828407.41232712,2456258.06590977
0.716752593331849,7828397.25477651,2456766.07744591
0.780284496414263,7828439.76164671,2449853.14706454
0.869569138813949,7828558.99420723,2443130.26612574
0.958853781213636,7828661.11469952,2443588.27999237
1.04813842361332,7828620.52072627,2456090.82624386
1.09780298252635,7828538.69454062,2467224.56816707
1.11670556105035,7828566.30230701,2463175.40099413
1.13560813957436,7828595.94792767,2457968.67481175
1.16562589357574,7828643.85385955,2449707.89850907
1.2780885703481,7828702.74785797,2450070.16118173
1.33500476563805,7828732.30570459,2451098.60643654
1.39192096092799,7828771.80606737,2448211.40479443
1.44883715621794,7828842.88429689,2445116.74822373
1.57631877967647,7829003.52355807,2443101.18298738
1.6577762311564,7828947.85511957,2456307.33163228
1.73923368263633,7828925.05506437,2458315.98516385
1.79634179881401,7828971.51973005,2447328.91448003
1.83873371127917,7828947.33261793,2451398.46490209
1.86852949439731,7828928.36255418,2455094.60492708
1.92111146483439,7828925.2238985,2457169.22294497
1.97369343527148,7828945.59740613,2452422.31768725
2.02627540570856,7828994.31634493,2447579.3503755
2.10671362180312,7829094.553576,2442329.86733018
2.13749491411772,7829050.89173032,2450010.90150159
2.16827620643231,7829007.19806691,2457700.66171518
2.26678640298644,7829058.01446347,2449968.68343433
2.33041349300064,7829133.94492155,2442691.69905317
2.39404058301484,7829206.3177848,2443924.51036928
2.45766767302904,7829118.39865421,2457388.45682749
2.5024257973365,7829051.54912512,2466871.19744992
2.52982189416943,7829055.88961046,2463007.45741711
2.55721799100236,7829057.93450229,2459115.97401845
2.6369700043372,7829022.19419124,2456310.5028688
2.696584764538,7828964.44754807,2461650.34744731
2.71759941507474,7829036.85387515,2454467.35916043
2.73861406561147,7829121.12630976,2445448.30468341
2.76768289615599,7829238.51902347,2432981.4293287
2.79964323760366,7829367.58601255,2419274.79982349
2.8104446616858,7829352.66955724,2423364.27630351
2.82124608576794,7829344.25910382,2427848.77164532
2.84175225026886,7829327.52082979,2436359.76510659
2.88952343124331,7829288.08441574,2456180.48384069
2.92160551173042,7829321.86844801,2456048.25685533
2.95368759221754,7829373.85566519,2449265.82367672
2.98576967270466,7829427.11339394,2442497.71955402
3.06086196380574,7829548.4437298,2439542.49273444
3.10619237866724,7829588.68374359,2442335.36863845
3.13739788074316,7829472.59546535,2456249.58438341
3.16860338281907,7829358.46988443,2470187.67752883
3.26646201637266,7829288.62387236,2460835.67691026
3.33514545740212,7829417.33938331,2440878.35459448
3.38417510980127,7829576.29257657,2429616.25704843
3.43320476220042,7829610.76238117,2436019.02765702
3.48223441459957,7829595.17517519,2450953.3899669
3.53126406699872,7829576.5036602,2456837.11795996
3.61359215322777,7829549.75174905,2456555.18956684
3.69592023945683,7829598.00952452,2448990.25124432
3.74835175028723,7829789.74863723,2434912.84141747
3.80078326111763,7829991.74459966,2420382.64217035
3.8209342133281,7830026.75109658,2423710.71690547
3.84108516553857,7830065.77975332,2427083.62393257
3.8937592278577,7830167.53858848,2435901.90490454
4.04731303103955,7830030.98709421,2465807.27796663
4.2008668342214,7830002.49587371,2442588.5652618
4.23005033200009,7830121.39383393,2435247.83652966
4.25923382977878,7830243.00415829,2427934.07385335
4.29383841113875,7830387.1753516,2419262.91733546
4.31609755174146,7830378.24680834,2425665.39270648
4.33835669234417,7830341.81361985,2436795.39894718
4.36061583294689,7830304.08729745,2447910.39988667
4.40705596708199,7830263.13403101,2465301.10250532
4.42542325191836,7830301.84705676,2459150.5291842
4.44379053675474,7830343.11381659,2453001.42402049
4.49524134122921,7830458.91798319,2435775.09004263
4.51615553172134,7830444.66597167,2438796.1533212
4.53706972221347,7830421.22792318,2444876.06845683
4.5579839127056,7830396.82934224,2450945.48253637
4.59807300918607,7830350.0976803,2462579.1529319
4.62225094779874,7830375.35122134,2459038.13300304
4.64642888641141,7830400.60424918,2454527.20444806
4.68633226561474,7830441.53158394,2447076.72901901
4.82534688297906,7830656.56153436,2439942.34440906
4.96436150034337,7830665.08231718,2455143.90565931
5.0095624568703,7830674.71935589,2456423.21744287
5.05476341339724,7830842.41070468,2439099.3186155
5.09996436992417,7831008.85168268,2421761.10887728
5.11441693183537,7831007.40020761,2425832.2823052
5.12886949374657,7831012.1738672,2429998.98584906
5.16130655402812,7831022.33417495,2439351.04215103
5.29436056836829,7830912.30170247,2463484.90900319
5.32330603429859,7830982.75914518,2455457.81139678
5.35225150022889,7831073.23306677,2444447.9074302
5.38119696615919,7831164.35391655,2433445.21876781
5.43356380657386,7831216.03241312,2435341.71687366
5.48593064698853,7831214.80628549,2449587.36965586
5.52484452633495,7831202.92949478,2454533.93911807
5.59344763957889,7831164.31156588,2457548.48716608
5.64056397717207,7831220.8955604,2450982.47186449
5.68768031476524,7831288.446903,2442991.23750266
5.73601121084609,7831301.15397992,2445438.61544958
5.78434210692693,7831298.87419205,2451580.03738794
5.83267300300778,7831320.9542508,2451647.56093334
5.90493165959725,7831360.91348348,2448129.75700252
5.96549556574266,7831327.02818984,2454205.61174154
6.00161047636983,7831316.52607685,2457035.46519385
6.02370885106123,7831411.67764772,2448126.97976404
6.04580722575263,7831504.00178716,2439180.11086369
6.10369239072326,7831723.29441968,2418761.30461649
6.119298930414,7831708.4435359,2425322.12138481
6.13490547010475,7831696.61940248,2431929.95839793
6.17125685807857,7831668.62026973,2447322.07639525
6.20179373590933,7831654.96742818,2458899.35973443
6.2140384211538,7831698.97873757,2454739.87791908
6.22628310639827,7831738.55373878,2450524.53650137
6.25538424055461,7831833.26536523,2440506.78053114
6.37573950662557,7831888.00076578,2453133.23902687
6.4190036298631,7831869.61570898,2460400.80422005
6.46226775310063,7831869.62167431,2456253.94703543
6.49541835810401,7831870.86410464,2453090.28644777
6.61808050400537,7832031.72167245,2441345.39158869
6.74074264990673,7832170.81385582,2443468.80196652
6.86340479580809,7832163.70268322,2454986.56691326
6.94779442041113,7832158.02955783,2454852.81982523
7.03218404501417,7832143.75395343,2453098.0976999
7.11657366961721,7832069.11142755,2460842.94362878
7.24348761162833,7832144.12468237,2446508.44221026
7.37040155363944,7832452.69567596,2430558.02732345
7.48142671653275,7832550.23585592,2446924.28737967
7.53652084788129,7832614.43326309,2447064.44422239
7.59161497922983,7832699.3939349,2440521.20443579
7.62792746730374,7832665.10092705,2446872.35941117
7.66423995537765,7832608.82037741,2456489.14155663
7.70055244345156,7832554.17581351,2465818.60706925
7.7207423231715,7832586.8352608,2460758.66270099
7.74093220289144,7832615.38267531,2455650.28697081
7.79143517780845,7832687.0175563,2442870.0987876
7.8459337899022,7832763.57459569,2440514.22083232
7.90043240199595,7832841.95434764,2440428.99469267
7.9421640462781,7832784.84863497,2450248.86926625
7.98389569056026,7832729.61479376,2460091.72887159
8.0365059478216,7832791.2033851,2453256.18007793
8.08911620508293,7832901.95139559,2437824.0540113
8.14172646234427,7832968.56034391,2438108.77392706
8.18076916430205,7833013.2851505,2441406.88614627
8.21981186625984,7833044.22276456,2444210.37311502
8.30365378107998,7833085.55921504,2448536.37140953
8.36541847647001,7833199.6299786,2441190.08903191
8.42718317186005,7833301.917278,2437782.7782018
8.48894786725009,7833395.38611968,2439458.89644785
8.55071256264013,7833504.81725489,2438376.71167625
8.62952118319663,7833601.02617509,2440884.64662738
8.70832980375313,7833642.52360517,2448603.21182798
8.74976114696478,7833746.01823234,2440875.06617968
8.79119249017642,7833847.95717612,2433128.52475664
8.82690607015266,7833864.83894098,2437150.90954124
8.86261965012889,7833864.33821475,2444747.18687016
8.89833323010513,7833863.22253486,2452336.59467967
8.93121124146223,7833920.80641745,2448004.0505994
8.96408925281934,7833978.25496852,2443027.9117198
9.02486563104189,7834047.13890886,2440406.72490102
9.06859369985488,7834065.20599308,2445440.76176419
9.11232176866786,7834100.35430703,2447686.98011968
9.15604983748084,7834174.754754,2442774.55902432
9.21412106296822,7834221.68318406,2441528.92131613
9.27219228845559,7834146.82230178,2457034.83270269
9.33026351394296,7834185.22601034,2454483.68401981
9.3709248040315,7834283.47387608,2441009.51796694
9.40173506882132,7834356.85146385,2431528.31593514
9.42966780939236,7834394.73928616,2433857.93469619
9.45760054996341,7834435.71684717,2436221.65412835
9.5359846014426,7834501.60331557,2443875.37926943
9.655028348812,7834564.09815484,2447463.01339593
9.74337367160912,7834704.99418044,2439321.32373196
9.81136416861992,7834869.5524284,2431896.5352233
9.88671655796978,7835097.41476232,2427056.49941158
9.9342148659651,7835120.22530437,2436224.98476904
9.98171317396043,7835101.30072298,2450204.31553156
10.0292114819558,7835087.94100173,2455436.42866109
10.1116541702361,7835074.2992493,2453727.47179638
10.173596713879,7835131.71262118,2447128.37469775
10.2355392575218,7835168.21474004,2445888.75059666
10.3190290406691,7835223.52377721,2446976.71387236
10.521397755448,7835445.87018505,2444317.73844244
10.5680165161921,7835561.98284584,2436479.13208038
10.6146352769361,7835634.22636066,2434335.43079803
10.650025924573,7835627.89887057,2442299.10256039
10.7062422214266,7835632.29474825,2452633.07516683
10.7424148675757,7835688.8587279,2447199.72869962
10.7785875137249,7835745.93320836,2441760.14155321
10.8532762462195,7835811.32047653,2442773.35272779
10.9279649787142,7835907.18974768,2442638.48541717
11.0026537112088,7836072.38594626,2432846.40510669
11.0477022513789,7836117.01086133,2437568.0161986
11.092750791549,7836163.49296922,2442310.96461871
11.1887810008278,7836255.3991002,2443759.23591691
11.2848112101066,7836341.10204382,2444236.21668358
11.3761083031392,7836495.52787677,2438016.93074497
11.4674053961717,7836509.28098041,2448962.07028703
11.5361322870308,7836567.4613256,2448315.34351741
11.6048591778899,7836691.66473191,2436093.8033026
11.6588151106173,7836774.73552264,2437360.17333123
11.6985754537797,7836837.03324223,2438305.28826713
11.7906018248886,7836955.70255691,2440505.92733564
11.8481542499305,7836887.7783906,2452573.53016925
11.9057066749724,7836817.15795213,2463606.07705276
11.9270269632071,7836863.44309904,2457042.45085699
11.9483472514419,7836906.43842824,2450440.99685997
12.006819949461,7837022.16007276,2434533.69098547
12.046307061961,7837093.09766734,2435097.89562409
12.085794174461,7837165.83609309,2435681.48009949
12.1623049799802,7837194.49234239,2445352.53289314
12.2388157854994,7837225.82577735,2449042.16169365
12.3153265910185,7837322.9866135,2441956.14385328
12.369941021518,7837519.00171113,2428335.65340865
12.4038610428972,7837625.20424508,2421970.08820991
12.4268461890059,7837624.26615291,2428816.22596408
12.4498313351146,7837626.33853986,2435696.90380564
12.5146395059554,7837635.39319028,2450634.24440738
12.5794476767963,7837647.25389321,2450169.40834831
12.6442558476372,7837687.31996035,2447565.95984676
12.7785134767426,7837774.68639904,2446378.97645281
12.8536516267729,7837904.09544207,2439402.34665081
12.9287897768032,7838022.7738067,2436372.52565429
12.9854737637235,7838065.46059169,2443287.55063102
13.0421577506438,7838085.45796957,2447012.35617075
13.0962246753648,7838096.60097458,2449510.03827383
13.1300900254265,7838204.15983154,2441242.48098859
13.1639553754881,7838321.47732998,2431702.4026197
13.1952937828415,7838430.30542888,2422876.59822452
13.2155971791947,7838416.09685034,2428119.3127595
13.2359005755479,7838386.30204733,2436791.10772397
13.2562039719011,7838355.42206443,2445450.75942752
13.297301983297,7838292.95184053,2462979.127962
13.3188581908117,7838333.83989406,2458524.65905009
13.3404143983264,7838376.67629015,2452017.00457305
13.3687241820387,7838433.90163388,2443479.87880382
13.4510234470209,7838592.16983307,2434323.76714902
13.4981394506729,7838684.95363954,2434630.29409305
13.5307126674441,7838652.25372261,2442611.10962171
13.5632858842153,7838615.813961,2451090.70591963
13.5994258106696,7838575.88491237,2460502.185923
13.6126760703382,7838624.24247126,2455815.16221661
13.6259263300069,7838669.14549428,2450685.19845827
13.6515557263751,7838756.1549032,2440762.73275013
13.6987106429941,7838916.75480986,2422511.86526661
13.7134370290693,7838910.95262654,2426168.09486013
13.7281634151446,7838907.08416122,2430809.09007673
13.7521197307206,7838901.08096286,2438359.79738109
13.7938007305593,7838889.73465565,2451489.19568779
13.8207384373108,7838943.53497978,2448734.58315074
13.8476761440623,7839007.77207171,2442526.61978264
13.8746138508137,7839072.83417837,2436327.66890918
13.931714455964,7839055.94946834,2443003.21849948
13.9707091277021,7838969.68343665,2458517.40290796
13.9958581422933,7838912.9917633,2468510.44862588
14.0121582117353,7838963.96293585,2463562.60461561
14.0284582811773,7839030.78169388,2454551.6375634
14.0447583506193,7839099.20506984,2445558.69726362
14.1027445113372,7839328.61955967,2416142.34652052
14.112437387921,7839317.66548664,2419859.81906056
14.1221302645048,7839314.55767696,2423663.8288632
14.1434424335552,7839306.64931044,2432024.80046923
14.1886438043304,7839289.68631735,2449753.8193126
14.2338451751056,7839349.55820937,2447629.17161993
14.2681446816252,7839420.52763569,2440961.02789309
14.3024441881448,7839481.70640194,2435043.45488149
14.3354672200562,7839493.37034774,2439222.06270939
14.3684902519676,7839507.20119476,2443425.21382149
14.4710875967616,7839607.81449838,2442692.14694049
14.5736849415555,7839751.00869537,2438930.57245016
14.6762822863494,7839966.6753763,2432838.14599506
14.7788796311433,7840155.92721794,2435076.5742984
14.8814769759373,7840311.94287603,2437911.9645451
14.9840743207312,7840468.56898326,2437742.90533551
15.0417560662496,7840429.41040571,2448277.66720441
15.0994378117681,7840345.33567742,2463030.4297645
15.1149888916889,7840403.91722571,2456798.93328768
15.1305399716097,7840459.08720495,2450107.55986463
15.1598664576422,7840563.10383739,2437487.47659207
15.2666841209116,7840457.63795653,2460500.72570014
15.3111771356382,7840384.23337694,2474497.60051315
15.3556701503648,7840523.43237428,2449338.05831007
15.3901306650987,7840630.0626809,2429838.73427179
15.4233213218914,7840727.85721167,2424060.90419814
15.456511978684,7840833.33669316,2423896.8951898
15.4897026354767,7840937.72425701,2423721.17269578
15.5432896393323,7840941.93262675,2437455.26242525
15.5968766431879,7840911.02985635,2454574.83947715
15.615318771069,7840958.19229961,2451177.99898592
15.6337608989501,7841009.36033064,2445794.74619709
15.6586849594039,7841079.55261252,2438530.23432075
15.7614434945789,7841162.10769939,2443589.55220209
15.8235993902313,7841165.70847262,2452213.92070639
15.8857552858836,7841205.40046679,2446356.20427298
15.947911181536,7841303.42564161,2440049.19851089
16.0946869358446,7841411.35214991,2448521.9125232
16.1294908491762,7841481.22738608,2444073.97855909
16.1642947625078,7841558.23867232,2437849.46272394
16.2126281276395,7841636.06336014,2433741.26138572
16.2609614927711,7841639.93741994,2442566.38261319
16.3194691244669,7841674.67651901,2447443.14040599
16.3635131790355,7841738.6778441,2442259.72622033
16.4197310279228,7841822.48501846,2437524.46998177
16.4759488768101,7841919.63703105,2436340.51925471
16.5638919097708,7841904.32014478,2449765.96113646
16.6518349427315,7842032.08224346,2440840.27814424
16.6977348464846,7842165.85152216,2425866.36679765
16.7133669111734,7842147.74143839,2429973.98314935
16.7289989758623,7842127.19841636,2435741.78697668
16.7512086100908,7842096.84657339,2443924.7961455
16.7941897099822,7842038.1351676,2459760.51740741
16.8181018423847,7842095.38826279,2454931.06392931
16.8420139747871,7842170.436945,2445589.98145783
16.8659261071896,7842246.68348136,2436262.24881499
16.957887678864,7842267.31484217,2445466.51304513
17.0186854740031,7842254.48795796,2456636.57569883
17.0794832691422,7842375.13906782,2439179.20435454
17.15450578388,7842470.62045774,2437509.21728699
17.2140366957661,7842536.85892011,2440980.9166846
17.2735676076522,7842605.71221517,2440551.8966262
17.3654023845969,7842783.98774701,2434192.73196715
17.4820697088719,7842872.54988895,2445511.64919326
17.5696759478058,7842826.40355541,2454036.65667239
17.6337808393377,7842908.25915354,2445713.92062045
17.6823918428612,7843050.99535902,2430320.94178299
17.7310028463847,7843096.74541599,2432602.81889502
17.83190148817,7843166.99077671,2444494.13796125
17.9328001299554,7843349.08639502,2434368.49718148
18.00854791861,7843437.20368394,2439839.4543915
18.0842957072647,7843455.25028234,2446560.48693434
18.2054495829636,7843480.61653255,2448295.01033723
18.3266034586625,7843681.23070513,2435250.24665431
18.4134515057544,7843894.47389349,2428325.00814151
18.4699919936555,7843932.30311834,2438532.27413442
18.5265324815565,7844001.76830839,2441649.76324602
18.5830729694576,7844098.01507938,2436641.73620898
18.6396134573586,7844121.52725854,2441204.55861838
18.6961539452596,7844117.4467904,2449900.5519522
18.7526944331607,7844127.89470385,2449373.99360268
18.7956720895341,7844135.55378235,2448448.56063424
18.8539922799005,7844259.96685711,2438623.06063784
18.9123124702669,7844377.39859586,2431437.95167988
18.9706326606333,7844446.1126311,2436836.41394429
19.0289528509997,7844542.40215645,2437419.79903358
19.0872730413661,7844661.62764313,2433058.80039554
19.1455932317325,7844674.26049316,2441027.42560576
19.2039134220989,7844662.85435702,2451566.41877921
19.255701937573,7844675.57713457,2449577.6696426
19.307490453047,7844696.08558122,2447127.88557857
19.3954112395834,7844815.69651046,2438443.37982674
19.4833320261198,7845141.80075043,2420182.55560001
19.5261911245886,7845179.49571149,2426853.91841562
19.5690502230574,7845148.53724827,2443749.78932389
19.6031497783673,7845129.06609663,2455540.35184524
19.625701357243,7845150.18777919,2452604.74590731
19.6482529361187,7845167.96382823,2449632.14340283
19.7104301325667,7845212.93472556,2443085.88426086
19.7726073290148,7845241.48455,2444782.42254821
19.8347845254628,7845248.04223801,2447410.78527045
19.9675649541406,7845199.87418476,2453210.81266769
20.0831765929381,7845210.73610793,2448005.0767097
20.1593041468269,7845435.20106435,2429678.27939405
20.2076566239359,7845593.14603041,2419377.10057864
20.241168907151,7845640.59895564,2425679.17069768
20.2746811903661,7845690.0039206,2432003.25136558
20.3825995190734,7845846.50310959,2437164.06810697
20.4674933068168,7845933.40997128,2440042.29664385
20.5523870945602,7845893.09472148,2451437.7270593
20.6829846773416,7845945.38469041,2441853.0170516
20.7407789622244,7845986.72849966,2440655.6344105
20.7985732471073,7846019.42257434,2444490.05648268
20.8563675319902,7846068.88155921,2443169.5279488
20.914161816873,7846111.84948384,2442544.7128413
21.0004489189544,7846150.84138547,2445505.6926691
21.0632204275122,7846128.81957845,2449705.67225368
21.0972250320962,7846117.39003577,2451984.8486937
21.1178759386741,7846226.14539199,2442665.23603209
21.138526845252,7846346.05138572,2431599.08497816
21.1672916676765,7846513.91670374,2416193.80572467
21.1943256959994,7846671.68863989,2401715.78034653
21.2124405485318,7846695.94529438,2404692.95193305
21.2305554010642,7846700.34505562,2413663.08959756
21.2486702535967,7846702.71527498,2422609.7989863
21.3075911967948,7846711.41491811,2448072.257953
21.3432211425595,7846713.77565218,2448522.54192074
21.3788510883241,7846713.61485351,2448945.93096372
21.4856565507961,7846807.57378924,2441187.93733369
21.5924620132681,7847059.29263784,2428026.47101109
21.6411340971808,7847144.57158931,2430342.65838606
21.6898061810934,7847224.03311243,2434249.52611717
21.7381338148408,7847382.78725933,2428343.71351436
21.7864614485883,7847559.53605209,2419780.82839643
21.8460707924383,7847697.83937149,2423984.95918013
21.8928503466319,7847791.55272639,2430731.95093445
21.9396299008256,7847949.51947346,2426381.20406084
21.9758383352512,7848078.13709159,2421432.69571072
22.0286199187407,7848185.95417827,2424649.70585343
22.0814015022302,7848234.41187405,2436771.96688799
22.1341830857196,7848418.96034263,2429696.81852735
22.2090811900843,7848733.65546635,2410859.22158047
22.2339779196655,7848747.33549952,2419543.6457151
22.2588746492468,7848764.56009938,2428269.13031936
22.2947164522528,7848789.36403026,2440832.16739666
22.3177719559614,7848867.39638585,2437906.1131178
22.3408274596701,7848954.9528654,2431601.19165345
22.3638829633787,7849043.46241403,2425306.71801609
22.4602823226105,7849294.11489005,2425250.50670391
22.5381569075092,7849474.48707225,2429621.65602682
22.616031492408,7849671.80883639,2426393.4472049
22.6939060773068,7849855.94097181,2427882.42200682
22.7924961798225,7850144.61614287,2423193.95645232
22.8244478733746,7850131.40810585,2431668.3795951
22.8563995669266,7850090.837538,2443326.1387083
22.8883512604786,7850049.67669731,2454977.00227022
22.9196784249121,7850113.72309444,2451058.7254314
22.9510055893456,7850224.28499404,2437874.32064307
22.9823327537791,7850336.76647906,2424711.70656082
23.030044244434,7850422.45920838,2423992.43465416
23.077755735089,7850470.47367128,2434788.32398219
23.114174976293,7850557.32978231,2435890.7793633
23.1397147272071,7850663.565087,2428682.41462702
23.1652544781212,7850771.15002102,2421490.79682017
23.2572122212963,7851030.65198377,2422284.31151317
23.335396130337,7851161.0874558,2433145.49096368
23.4135800393777,7851268.0666326,2436762.33318286
23.4755218769466,7851424.54090758,2429265.63365575
23.5374637145155,7851510.77217171,2431999.34849991
23.626728848253,7851624.67064777,2437719.09836104
23.7159939819906,7851814.63810087,2429137.96926357
23.8052591157281,7851877.46190082,2441506.61412887
23.871078322158,7851743.57853295,2457867.1122407
23.936897528588,7851772.96296489,2451777.71564378
23.9877318852888,7851883.43909556,2433346.07736515
24.0242872549819,7851989.44193946,2426439.18880263
24.0851656324818,7852193.19977203,2420340.9530273
24.1260014722473,7852183.07191388,2430932.68371
24.1668373120128,7852098.4739581,2450026.44565457
24.2076731517782,7852051.82733758,2462638.51766174
24.2372279548229,7852124.83640721,2451349.56696736
24.258841353743,7852176.18724838,2443071.36191426
24.2947527765084,7852261.51603635,2429315.6116794
24.3176868764286,7852258.44580449,2431639.81141638
24.3406209763488,7852247.40683898,2437367.74794689
24.3635550762689,7852235.39951711,2443085.10897357
24.4590775109018,7852299.57522539,2442802.88446201
24.5306499855701,7852318.4735296,2442341.11445067
24.6022224602385,7852251.80174068,2455939.03880115
24.6342255682065,7852270.01048588,2451900.79740697
24.6662286761746,7852285.65766613,2447832.90436502
24.7600774585871,7852372.8036934,2439902.74829594
24.8816188562012,7852671.74065522,2424160.98166249
24.9426716635685,7852771.14222355,2428399.32880994
25.0037244709357,7852839.75755824,2438109.11906359
25.064777278303,7852924.93669119,2436623.48561346
25.1088127270245,7852968.0809296,2437142.97761496
25.152848175746,7852946.59878909,2444123.49600767
25.1968836244676,7852925.6028506,2451109.74671984
25.2256423370414,7852964.03750803,2447416.24757025
25.2544010496152,7853005.84132367,2442680.37951831
25.3019457487443,7853072.13268393,2435227.95364381
25.3546394906484,7853125.27151294,2437066.27139244
25.4073332325526,7853166.51055846,2439734.16673431
25.4818840383494,7853114.78059796,2450695.12217905
25.4937285275937,7853106.63819133,2452437.34913634
25.5007285145406,7853135.33092423,2451122.49315344
25.5051184634634,7853303.49096016,2437184.10524821
25.5095084123863,7853447.10769205,2422977.42101756
25.5164104748846,7853677.91219427,2400669.50630308
25.535603984854,7854319.58269606,2338641.02897016
25.5690427120119,7855437.49930466,2230574.18881719
25.6024814391697,7856580.4949848,2127161.45559687
25.6080692631666,7856818.57637484,2119536.6727115
25.6136570871635,7857073.86748126,2112077.80706749
25.6242001589758,7857551.77408432,2097985.23469168
25.658954231595,7859127.66251925,2051528.67809092
25.6867777076825,7860389.27550686,2014336.61544111
25.6999142786852,7860984.93445745,1996776.74696414
25.7078152949783,7861329.4211756,1996430.81148809
25.7157163112715,7861688.17601806,1996349.38166284
25.7300964440988,7862338.57798826,1996187.36809933
25.7819731963548,7864685.29602549,1995601.09258037
26.0413569576344,7876350.194589,1991530.1489238
26.0865093304021,7878344.314315,1998307.08983666
26.1316617031697,7880337.3786985,2000115.40995355
26.1927410069643,7883029.84791531,1999653.71164894
26.2661946763972,7886265.61795884,1998139.96863561
26.3863937217675,7891533.52783387,1998718.07484931
26.459772922933,7894702.12561792,2002239.02624977
26.4998432614291,7896427.17200582,2004461.35222292
26.5139640531003,7896947.35583224,2013583.04522142
26.5280848447716,7897471.84843025,2022864.12546562
26.5596295129317,7898643.06459092,2043593.56134637
26.5976440888482,7900054.37580751,2068573.95442982
26.6202306608287,7900659.33334394,2094341.65275063
26.6428172328093,7901241.36080205,2121450.83097624
26.6769375816777,7902121.71551209,2162402.44625835
26.7011772342014,7902748.9806655,2190032.43034838
26.7094343631028,7902976.04028332,2189662.95752207
26.7176914920042,7903191.97791583,2189175.81409834
26.7343852473601,7903629.96226231,2188199.30026175
26.7958527181823,7905243.30307995,2184608.20624547
26.9340283167004,7908954.55558574,2175824.82517135
26.9990147102193,7910727.68156407,2171472.46506336
27.0378421245859,7911707.43652753,2178970.7030988
27.0766695389524,7912687.26982649,2186760.2032971
27.1652374847535,7915019.73481888,2181125.53705495
27.2299754369358,7916724.80014723,2177137.89371709
27.3098583945608,7918809.17768355,2180522.41803172
27.3897413521858,7920905.53979015,2178159.80740974
27.4696243098109,7922895.44868913,2187938.79735587
27.5279464493106,7924394.5922211,2186655.75062906
27.5734656701884,7925604.6780116,2177292.01495031
27.6189848910662,7926791.3104423,2173766.05756335
27.6534020187166,7927670.34841058,2177348.44670724
27.6878191463669,7928548.33074014,2180918.01801793
27.8224567013011,7931883.7550883,2189466.50332414
28.002043899588,7936280.43260929,2190175.59306095
28.0431681757286,7937369.62767125,2180962.72806984
28.0842924518692,7938457.07549215,2171727.74521561
28.1451148304757,7939978.17065183,2176363.5208022
28.2059372090821,7941464.87103464,2187385.32806104
28.2667595876886,7942854.42920055,2197865.16218542
28.3459708367351,7944761.31474104,2193551.28816368
28.4251820857817,7946702.21431814,2183954.39803055
28.5208605616728,7949002.29632214,2189218.24987571
28.6165390375639,7951321.82671128,2185685.3702908
28.684777216851,7952884.01997965,2196575.57836304
28.7530153961381,7954517.86251225,2191444.62330826
28.8046049430614,7955761.60507486,2185085.33394045
28.8564868403558,7956967.47014614,2189384.56587239
28.9083687376501,7958176.48673479,2193032.41956842
28.9909850904783,7960090.55221066,2193218.00125041
29.0736014433065,7962018.18694825,2191206.56536613
29.1787082490922,7964400.81139618,2197043.09390131
29.2838150548779,7966758.46939114,2198418.95689286
29.3889218606636,7969199.20880222,2188663.99414722
29.4523821467132,7970630.22349945,2192102.58946635
29.5158424327628,7972045.3590455,2196976.39990843
29.6402316579668,7974814.87098395,2196046.39981983
29.7055416268526,7976298.57546,2190477.67748285
29.7497175109387,7977245.45761269,2196677.45967486
29.7938933950248,7978192.43740337,2202891.86854537
29.8291080743384,7979005.46233436,2197773.54438148
29.864322753652,7979826.11080387,2190489.16440414
29.9106973484167,7980875.62372901,2185975.31733416
29.9472103857564,7981628.39104617,2195862.75746966
29.9837234230962,7982382.04744711,2205760.67931143
30.0481795307074,7983770.4798569,2204174.07953704
30.1126356383187,7985178.36920465,2196858.96394991
30.1770917459299,7986613.64025819,2192774.59167416
30.2674072438889,7988545.21780565,2198884.31677346
30.3577227418479,7990458.03384314,2201598.70442455
30.4480382398069,7992379.23549483,2199624.21901363
30.5383537377659,7994266.1935432,2202084.0170028
30.628669235725,7996108.55197362,2207469.2853574
30.7880468139351,7999445.08427539,2197340.08500974
30.8480202476474,8000617.94505386,2206369.53839552
30.9079936813597,8001781.51328125,2216181.80652913
30.9563747099653,8002778.05649545,2208845.76407551
31.0047557385709,8003768.37515823,2202370.58483624
31.0749674611977,8005183.3812878,2204844.74319438
31.1268273000533,8006239.88758013,2204358.26663392
31.198431258637,8007711.07879619,2200662.61044991
31.2700352172207,8009130.37476481,2205344.16706911
31.3245315025035,8010216.35922907,2206701.50793125
31.3790277877863,8011306.51660225,2205144.15327039
31.4449729703379,8012619.45616647,2204873.24087841
31.595113254926,8015630.7708275,2201349.36996664
31.6413238013449,8016481.1548177,2209128.90680497
31.6875343477639,8017323.00334216,2218083.51930368
31.7312215839788,8018193.30377073,2213226.31522028
31.7749088201938,8019083.73466851,2202963.11874987
31.8040893508689,8019666.8801244,2198086.96211038
31.8332698815441,8020187.25611432,2205459.60844939
31.8561023282894,8020596.14941071,2211249.02847292
31.9050366034784,8021479.96454546,2222120.31737889
31.9539708786675,8022376.6598678,2219427.55419578
31.988779823028,8023016.09857612,2217503.19254068
32.0540913279645,8024328.97285584,2204633.24058198
32.119402832901,8025626.2456931,2197580.26243554
32.1660963048219,8026499.0491102,2205771.08421345
32.2915841582264,8028894.99807519,2206078.35595462
32.3409191495365,8029745.70763261,2215050.68918469
32.3902541408465,8030580.61757741,2226545.93160549
32.4280588489506,8031277.12564948,2223147.04703863
32.4658635570546,8031986.67083659,2215429.97661896
32.5036682651587,8032694.69721592,2208409.52025955
32.5608979632997,8033773.52037784,2207623.87595689
32.6058142241586,8034616.11287195,2207310.14146808
32.6939192958672,8036238.26052546,2210649.42806653
32.7820243675758,8037882.88258551,2207859.10745822
32.8701294392844,8039500.84792221,2209477.36253661
32.958234510993,8040994.15437308,2222360.91971528
32.9863160481276,8041448.61793924,2228111.81280076
33.0035373712599,8041652.64237217,2237585.560945
33.0207586943922,8041590.81438427,2270573.35056657
33.0334067662965,8041548.81151209,2294842.44252293
33.0676670105538,8041435.53526181,2360580.21795033
33.0983346655871,8041333.80963963,2419423.73733177
33.107826723032,8041264.17635779,2427571.04205506
33.1173187804769,8041166.54357409,2433372.39105023
33.1295251648184,8041043.71076097,2440858.13869027
33.1691216130223,8040645.52634282,2465140.88823772
33.1949943928701,8040385.18686827,2481006.96782977
33.2125351452299,8040266.3746467,2479951.15552197
33.2300758975897,8040154.71971623,2473994.97762143
33.2476166499496,8040044.75580907,2468058.53940421
33.2865303859983,8039801.16436321,2454889.47382191
33.3254441220469,8039304.47651193,2471528.95006877
33.3522555958266,8038885.38064292,2494052.74764198
33.3790670696063,8038464.03817312,2516548.10041742
33.3998879918025,8038136.40464077,2534015.88329212
33.4068386208982,8038079.96476513,2530817.73255078
33.4137892499938,8038010.53436694,2527316.08507703
33.4265350955501,8037882.76783524,2520903.55108586
33.4656375759558,8037494.576858,2501242.11726906
33.6611499779842,8035539.23365611,2493422.54072791
33.6962012881748,8035095.7423241,2507083.28295196
33.7165307563656,8034915.91045957,2502490.28203625
33.7368602245564,8034743.66455736,2494902.6949308
33.7571896927472,8034572.37448952,2487325.64844797
33.8063088820222,8034139.52181884,2472857.36192029
33.8357253838253,8033809.92520934,2479884.71933441
33.8651418856285,8033483.2181434,2486946.32530969
33.9475231667913,8032604.28394507,2492712.70807641
34.0299044479541,8031708.28827563,2492920.20226914
34.2040678896831,8029833.83142883,2488523.73232409
34.3782313314122,8028044.58979596,2493680.87541467
34.4358571021067,8027489.08858706,2489805.84675654
34.4934828728012,8026976.5796955,2478765.06791017
34.5232574180607,8026581.37326812,2488399.74173089
34.5530319633202,8026158.69478419,2502442.07823868
34.5828065085796,8025735.16734789,2516474.37413416
34.6247430703164,8025321.68720757,2509726.54804109
34.652304303756,8025117.84011876,2492994.78554603
34.6798655371957,8024916.47880008,2476294.14245035
34.7062408762075,8024686.45798945,2466731.05820407
34.7326162152193,8024362.54410773,2478211.12164919
34.758991554231,8024040.49202737,2489711.97538723
34.7955181075792,8023594.84920745,2505640.47666604
34.818179800943,8023365.59783782,2504135.99866601
34.8408414943069,8023139.15747708,2499723.57165585
34.8682451124851,8022866.32486997,2494398.73182406
34.9800790583214,8021680.20994697,2494591.79943875
35.0333975143263,8021207.66992836,2487410.50165035
35.0867159703312,8020790.40950435,2473317.45653759
35.1400344263361,8020320.3199743,2474267.98428527
35.193352882341,8019838.25527335,2480273.7964273
35.2466713383459,8019326.44764352,2483777.65369539
35.313382405779,8018701.11944875,2485192.05717348
35.3800934732121,8018155.205927,2476520.48902905
35.4468045406452,8017547.97327197,2479172.45548548
35.5135156080783,8016911.71034284,2485882.69242845
35.5802266755114,8016244.64966052,2489390.5143746
35.6760631134595,8015343.57244418,2485686.20931326
35.7718995514077,8014401.75988965,2489009.89245543
35.8677359893559,8013305.11396848,2503142.39525252
35.8978297588012,8012941.33558585,2508585.05912333
35.9157375521794,8012831.52394773,2500514.27982683
35.9336453455576,8012726.0568828,2490779.88818268
35.9590075573271,8012577.67386052,2477003.4114629
36.0658362057446,8011698.24488987,2476513.00888771
36.1206203995504,8011126.64978697,2492426.00316469
36.1754045933562,8010466.39053998,2504418.78349842
36.2440737196293,8009890.08823101,2488598.91556863
36.2999755043695,8009524.04101213,2461571.21566905
36.3160130193686,8009388.35981555,2463767.69021976
36.3320505343677,8009258.33332314,2466045.18580045
36.3693096708539,8008957.17172117,2471338.25385013
36.4305324368222,8008304.87037797,2489136.61868076
36.4917552027905,8007502.10190944,2516180.85195685
36.5187787642285,8007297.99839509,2507776.86466515
36.5458023256666,8007141.78620939,2490225.36397337
36.5728258871047,8006987.48966919,2472697.1480599
36.5971754134757,8006848.76978414,2456904.49390261
36.6120502960871,8006709.84640411,2458897.4694297
36.6269251786985,8006571.85683816,2463774.21845964
36.6449894329895,8006402.64166016,2469679.06771267
36.7098163821203,8005801.7124403,2487271.26043597
36.7538382404916,8005413.00767329,2485456.23501944
36.797860098863,8005022.78666606,2483624.08255848
36.884844082975,8004179.10687452,2489985.13847831
36.971828067087,8003298.63499824,2494528.53375139
37.0443907316143,8002732.2345986,2480954.02065968
37.1169533961416,8002252.00833379,2463499.738801
37.189516060669,8001727.19067002,2469147.39649218
37.2400648028398,8001213.4773284,2482878.56630368
37.2906135450106,8000663.88318916,2499211.50081501
37.325713419535,8000359.95179593,2496079.34696173
37.3608132940594,8000075.53755097,2487560.32297538
37.3959131685839,7999792.01128823,2479051.64123572
37.4695270107638,7999377.11512981,2462236.73035212
37.5431408529437,7998829.0127595,2467573.29440599
37.6167546951236,7998155.24181846,2487010.9722581
37.6719728650718,7997557.80679263,2497399.61826917
37.7525596696282,7996810.29461407,2492338.32774945
37.8552887117161,7996030.07596514,2474479.21426985
37.9056038695611,7995681.62069779,2468277.9541567
37.9559190274062,7995273.67720413,2474190.3111629
37.993884162113,7994966.89933059,2478663.56186594
38.0440929637653,7994344.38271546,2498073.71645329
38.0943017654176,7993694.78321431,2519395.65503406
38.1141196809238,7993519.75026461,2515672.11500004
38.13393759643,7993363.45671875,2506882.04171791
38.1537555119362,7993208.6786561,2498109.87604568
38.1995426181405,7992851.36394218,2477843.74617915
38.2268823628443,7992652.4026154,2476051.49110473
38.2542221075482,7992457.13184062,2474474.4796963
38.317578666404,7992042.24068631,2468736.933579
38.3809352252598,7991717.46583449,2457519.83649944
38.4288425449161,7991286.44166878,2469831.72971575
38.4767498645723,7990745.33474753,2496061.28808416
38.4976672479683,7990508.39460176,2507505.34212797
38.5108527338012,7990428.01106558,2503771.85379053
38.5240382196342,7990348.84518453,2497527.25683015
38.5407376539428,7990250.32387046,2489636.83872487
38.6000634488919,7989900.29634537,2461649.36359902
38.6117147858073,7989796.90756989,2464093.15754131
38.6233661227227,7989699.91406798,2466610.2456348
38.6502525996477,7989476.50941697,2472418.19325749
38.7565618418128,7988661.55195827,2477480.9532093
38.8349143617647,7988020.33124739,2479821.10272532
38.9132668817165,7987328.08736174,2489307.6142682
38.9628950444055,7987004.04557058,2477331.09772623
38.996298015641,7986784.94739152,2469258.20795536
39.0168492359721,7986559.7566301,2475614.77470883
39.0374004563031,7986323.62867231,2484564.41765999
39.0631392099,7986026.87924717,2495761.78237772
39.1674701815536,7985187.70608124,2481209.16568063
39.2157295751127,7984806.87757999,2472262.12357399
39.2639889686717,7984295.91682066,2490596.0196449
39.2932167587009,7983986.03373423,2501694.32133371
39.3224445487301,7983829.05427471,2491825.34063261
39.3433123263498,7983739.9570567,2480135.54307778
39.3641801039696,7983652.21681427,2468461.35184526
39.3947506461196,7983523.86712179,2451359.77060726
39.4141343415911,7983381.0421109,2452943.59821341
39.4335180370626,7983229.65214798,2459308.64388074
39.4529017325342,7983076.74285257,2465656.23911483
39.5224932682007,7982468.32122347,2486386.66519793
39.5920848038672,7981733.40399393,2502778.42872742
39.6371459581368,7981276.51109771,2503217.96251541
39.6822071124063,7980821.50943969,2501452.80881755
39.7416372447093,7980371.51127795,2488061.98652516
39.8010673770124,7979983.97492478,2469984.46580379
39.8604975093154,7979739.46879542,2457126.06716962
39.898044067174,7979585.59008793,2449007.53213526
39.9208473531346,7979418.91290555,2454618.88656188
39.9436506390952,7979250.88070178,2461283.45035508
39.9807647122342,7978976.70922032,2472124.82578444
40.0752474189901,7978221.0627037,2483169.67425534
40.1697301257461,7977526.53936428,2478346.63415433
40.295873612065,7976582.50566805,2480011.05151268
40.3255465490156,7976446.23085756,2472732.70189176
40.3552194859663,7976320.16258085,2464000.62494305
40.3996561276258,7976131.83889634,2450928.94910939
40.4182274061886,7975994.09032669,2455561.29076819
40.4367986847515,7975860.05851804,2460443.46974105
40.4767029211666,7975573.3027894,2470936.47277722
40.6370305495157,7974370.80712895,2479454.80300925
40.6953858452134,7973986.24352649,2472713.4301795
40.7274617626674,7973656.04117164,2482100.19212609
40.7595376801215,7973311.51339502,2493754.67326034
40.8011679740653,7972869.26689221,2508032.06119208
40.8171557173939,7972770.85041031,2502280.69689089
40.8331434607224,7972666.57832015,2496460.7343113
40.8700074428084,7972425.46173566,2483039.07243053
40.9583790845279,7971865.26597376,2470380.29962274
41.0186162418231,7971460.92006103,2471942.78634894
41.0788533991183,7970986.09564374,2480952.51774929
41.1339610819623,7970731.16274312,2469136.7518181
41.1890687648063,7970574.47119569,2444685.41482751
41.2167113145033,7970367.76142042,2450020.42451198
41.2443538642002,7970098.05255733,2467121.56477941
41.2657116612483,7969887.82929053,2480311.98388116
41.3008138684517,7969547.78889781,2501062.77109103
41.3105825751167,7969521.27601666,2495973.40933848
41.3203512817817,7969484.58848599,2490768.71894093
41.3400312771273,7969410.52853,2480285.59738621
41.3859105881368,7969239.42342287,2455853.31709906
41.4317898991463,7968895.30930698,2462531.42154131
41.4679127151407,7968577.55323521,2478805.48749994
41.4961486746434,7968327.79586423,2491510.23858689
41.5178851079907,7968198.29182706,2488501.90495378
41.539621541338,7968072.86464533,2482629.82105227
41.5659240407038,7967922.15655232,2475535.61494373
41.6720155534855,7967296.33369689,2467737.16565489
41.7781070662672,7966505.32323603,2482406.27636826
41.8841985790489,7965602.12175191,2491522.58449025
41.9332176785062,7965333.80977132,2479298.31106132
41.9822367779635,7965132.62052034,2459742.27923626
42.0312558774209,7964790.02690901,2464422.78953338
42.1225539300504,7964147.99859543,2480209.64807144
42.1903608305648,7963936.68225601,2448990.4773974
42.2185510279678,7963756.45132843,2451743.34500055
42.2467412253708,7963544.03017757,2462858.03379924
42.2749314227739,7963329.90527152,2473952.283624
42.3328968958667,7962971.41145852,2477377.41065196
42.3908623689595,7962662.21468528,2465872.87250808
42.4317917325506,7962386.8707461,2468847.31382403
42.4727210961417,7962099.81035883,2475066.80996617
42.5136504597328,7961868.27184947,2474757.92178724
42.5435325631671,7961770.62343393,2464885.73064226
42.5811094046116,7961648.42165079,2452479.81561143
42.6378543221936,7961318.33451235,2458404.35341339
42.6945992397755,7960927.13662113,2476772.55481343
42.737089657867,7960618.33204393,2480163.49760629
42.7701950355777,7960373.24640266,2481600.71485187
42.8231760903269,7960009.63150923,2480649.47983638
42.8761571450761,7959678.09213646,2475460.01479033
42.9291381998253,7959417.76599116,2467060.64007266
43.0044970266719,7959113.78056548,2453333.63252208
43.0277148264643,7958958.28695526,2458857.55656691
43.0509326262568,7958805.63943029,2464416.47199679
43.1158969266805,7958381.24416171,2476179.43043388
43.1808612271042,7957956.47892997,2476152.32712133
43.2458255275279,7957488.70096461,2479851.22602083
43.3108709899973,7957029.82940558,2482127.22680781
43.3759164524667,7956693.90641324,2469350.92554447
43.4263591709471,7956462.5925289,2461888.31614942
43.496603693174,7956182.39372306,2454655.84766199
43.5441580419444,7955946.72835672,2458208.52991588
43.5917123907148,7955708.6546382,2462431.19246971
43.6462268099404,7955257.89086862,2478628.57245311
43.700741229166,7954779.41113306,2496324.87486535
43.7128061132917,7954740.93051215,2491197.92766368
43.7248709974174,7954694.42732411,2485989.04884123
43.7520169544152,7954589.54415339,2474269.09761618
43.7936714132147,7954429.30828996,2456288.63748219
43.8205752794248,7954291.32076717,2456035.62381225
43.8474791456349,7954151.13881642,2459372.92963056
43.8743830118451,7954010.11296636,2462700.94817431
43.9910891595909,7953384.98407954,2467270.19753534
44.0594217649009,7952912.69220185,2476353.70360026
44.1057107706773,7952595.67547075,2481530.05472091
44.1519997764537,7952358.22845992,2473768.90933146
44.1868213247324,7952178.45866988,2467917.02735833
44.238609387703,7951774.99669101,2477090.35527342
44.2903974506736,7951332.10722088,2492449.20930738
44.3231014008562,7951129.94557087,2489166.57602716
44.3558053510388,7950950.92496635,2480379.49361564
44.3885093012214,7950772.88577388,2471603.90442965
44.4484762897279,7950404.36625234,2471932.87817087
44.5084432782345,7950037.7025976,2475041.30966578
44.5963862377216,7949559.22690147,2469105.32498998
44.6491270831591,7949432.75403087,2454944.93874267
44.7018679285966,7949305.63115839,2441355.73911765
44.714000551966,7949209.59537909,2446843.58221092
44.7261331753354,7949119.51442359,2452401.128371
44.7545600314392,7948908.61775826,2465422.11981916
44.8696650824408,7948169.52334521,2476944.46245206
44.9345218365198,7947825.74779674,2469563.11528291
44.9993785905988,7947517.80209988,2463400.34595932
45.0319175295548,7947292.4361781,2469299.01743606
45.0644564685108,7947067.9301068,2475401.66169037
45.1442556801036,7946662.82953569,2470054.66221357
45.2064501204095,7946406.51118773,2456620.22313051
45.2292790296653,7946244.58433244,2463001.32485056
45.2521079389211,7946085.74748322,2469419.11568577
45.2953687595134,7945785.11731308,2481582.74448246
45.3219312676852,7945664.79544807,2477814.15917342
45.348493775857,7945551.38615627,2471594.585555
45.382322865162,7945407.71497473,2463681.76050903
45.4394853231557,7945071.63226458,2467287.85641321
45.4966477811495,7944701.00267414,2478580.5490533
45.5278415909605,7944589.33996591,2471768.74399217
45.5590354007716,7944483.43493888,2463333.91957315
45.6036806684558,7944333.88071354,2452078.7209391
45.6684926624613,7944149.07899512,2448950.73419088
45.7141783184188,7943994.8174424,2449485.1697286
45.7598639743762,7943789.51111033,2456149.63825819
45.852281083344,7943348.68549784,2464610.15250786
45.9728526083979,7942697.4090173,2470933.21786809
46.0934241334518,7941850.4770784,2486897.04968757
46.1182930756069,7941785.17607931,2478213.8187602
46.1431620177619,7941752.25029749,2464892.88110583
46.1680309599169,7941720.41510228,2451584.96729614
46.2649971289683,7941375.72628442,2453083.62128432
46.3160437196246,7941122.35947305,2465382.92718982
46.367090310281,7940812.11784715,2472348.37067858
46.4608627824367,7940388.7566886,2464307.7898015
46.5095255787413,7940173.42861175,2458934.9628959
46.5581883750458,7939830.49838225,2472981.25102335
46.5955547912774,7939568.21918977,2483779.10238762
46.623373300941,7939445.67004193,2479317.19710147
46.6511918106045,7939330.07366725,2472398.21551609
46.6864671979956,7939184.22929721,2463632.35583548
46.746071901875,7938865.30470928,2466265.12582276
46.8056766057544,7938545.34839385,2472146.86874727
46.8404935700568,7938436.75043011,2464776.39993503
46.8753105343593,7938326.23767282,2457382.82767437
46.9405864517611,7938024.31567644,2459893.97308305
47.0058623691629,7937679.1497023,2471123.15282769
47.0711382865647,7937360.27524293,2468610.05526397
47.1170833962914,7937139.2116763,2467072.18131901
47.2240567586569,7936582.83577945,2470426.46677782
47.3034568855767,7936021.99264768,2486614.26312076
47.3273762995526,7935921.30982149,2480835.84112195
47.3512957135285,7935817.19583933,2475017.21914098
47.4156317549959,7935553.27555876,2461621.56119303
47.4799677964633,7935345.74349138,2455308.83799321
47.5639303508872,7934974.22363419,2461996.87365049
47.6478929053111,7934706.72655308,2455766.61367611
47.7545455168515,7934395.39802028,2450914.36422335
47.8011940091923,7934222.18954368,2457534.74362956
47.8336560552687,7933957.31682845,2470135.13782293
47.866118101345,7933694.13400183,2482758.46981662
47.9007617419699,7933420.44217515,2495397.10658954
47.9106645190912,7933431.10444864,2488401.23990498
47.9205672962125,7933432.12530404,2481294.00829814
47.9407364293528,7933434.38200281,2466820.8709207
47.9820244024381,7933440.04742021,2437198.65822812
48.0233123755234,7933335.38548892,2432806.46407825
48.0548890177778,7933209.79404633,2444556.78686273
48.0772479014983,7933118.86737556,2452853.40561886
48.1483604988844,7932652.11750923,2476706.81549962
48.2852709531448,7932075.76819413,2452215.22898652
48.3156479049596,7931988.6539415,2446152.12443778
48.3460248567744,7931899.65232009,2448355.51188037
48.3764018085893,7931809.00411056,2450540.13131372
48.480841520619,7931252.48826153,2473414.74673876
48.5302738715162,7931032.63625543,2472334.82748817
48.5797062224134,7930852.88416599,2462255.7650264
48.6291385733106,7930625.54348613,2461966.3640451
48.6898743825013,7930313.64007813,2470081.07273647
48.7506101916919,7930072.86934895,2465483.09513059
48.7967331738748,7929898.50656626,2460032.52971141
48.8401719547012,7929691.76718904,2463221.75155029
48.8836107355277,7929482.91896157,2467109.76574773
48.9656559726878,7929183.92166936,2460734.01280232
49.0292080174312,7928911.72401823,2461177.69771455
49.0927600621746,7928581.99560286,2471203.05058571
49.1343115752185,7928424.65264848,2467563.86831076
49.1758630882623,7928275.91143567,2461730.07910854
49.2307785238701,7928054.17147901,2460371.40177365
49.2856939594778,7927817.08087846,2464045.92036945
49.3406093950856,7927615.09732998,2462080.91420115
49.3955248306934,7927423.57725076,2458106.18423812
49.4438123332665,7927180.14401358,2464166.13667554
49.4920998358396,7926930.1967079,2471225.22756041
49.5740629568268,7926506.47588562,2472815.60046735
49.6359213531348,7926246.45597169,2467778.01939658
49.7125954944775,7925985.30152836,2457661.46622116
49.8069426593441,7925699.00186776,2454003.89547229
49.8355421445572,7925519.37388079,2462606.28735305
49.8641416297703,7925341.16410825,2471234.69848385
49.9510322362087,7924840.15018228,2479093.44747191
49.9994580583909,7924571.68211624,2476227.57821507
50.0318328676477,7924511.90545187,2466081.91233301
50.0642076769045,7924452.22668172,2455769.59221075
50.1475121031429,7924213.61362845,2451245.22761011
50.2041104138928,7924009.26036986,2459522.09242402
50.2607087246426,7923717.08155876,2467715.68458454
50.297567954412,7923526.16431887,2473051.59782836
50.319977885787,7923505.85914026,2465566.45670219
50.3423878171619,7923491.22417585,2456703.39704498
50.3760747532718,7923469.92175459,2443387.21233134
50.3986658049837,7923455.68174044,2434457.41512419
50.4123426996401,7923369.57903582,2439861.79974958
50.4260195942965,7923285.16854891,2446551.81122617
50.4466250685256,7923156.66316985,2456618.68023125
50.4896935792978,7922888.00815452,2477659.50280416
50.53276209007,7922675.46301366,2478544.33444936
50.5643039724906,7922525.59939932,2474467.28272489
50.5958458549112,7922376.67365347,2470400.3818079
50.6692406479418,7922076.84741406,2465841.53899506
50.7426354409725,7921966.35841367,2448109.43662808
50.8160302340031,7921931.72913241,2430757.99893365
50.8731555042805,7921773.5855115,2445784.46872591
50.9148735582472,7921644.96801685,2454292.70104049
50.9565916122139,7921484.89762303,2458268.21091423
51.0133818025627,7921275.53874121,2461815.47605337
51.0701719929115,7921088.52471375,2459251.71915808
51.1448834193996,7920734.26013937,2467025.58888265
51.2005733362379,7920423.06572135,2478070.32699395
51.2178441010471,7920402.0292442,2471921.06589647
51.2351148658563,7920376.22788673,2465715.14316296
51.2774731510934,7920312.67799144,2450492.67142973
51.332456643116,7920106.88881116,2452450.46534847
51.3874401351387,7919829.33248638,2469649.15048927
51.4260176339124,7919731.94499849,2465672.61774484
51.4645951326862,7919671.35298636,2453827.88024223
51.50317263146,7919616.14200947,2442559.06363791
51.5652447223839,7919609.67022171,2434599.54149672
51.6129562989195,7919563.87182712,2433526.8340457
51.6508911282739,7919446.64706687,2443519.9899316
51.706191552103,7919271.93686879,2456902.55576278
51.7777459136029,7918995.45539325,2461936.12672764
51.8314727714456,7918879.31403267,2455793.88431217
51.8851996292882,7918822.0370691,2442561.27852238
51.9389264871308,7918705.83119302,2443782.20472154
51.9926533449735,7918572.87724192,2450564.79378769
52.0463802028161,7918368.18703524,2457780.26742976
52.0961706068053,7918166.35931909,2464528.94380252
52.1266167291273,7918129.89778368,2457904.40592705
52.1570628514493,7918101.13704052,2449677.0803109
52.2011559210715,7918060.90041362,2437953.53690018
52.268326102952,7918078.27272316,2430786.43297103
52.2993188305876,7918086.76844345,2427485.2255421
52.3179498713792,7917989.00463792,2435899.90292417
52.3365809121709,7917892.29613696,2444773.44416933
52.3727314456294,7917705.77793674,2461993.8349006
52.4031977212558,7917565.70771413,2473707.09044324
52.4213547005229,7917562.21371473,2466351.295744
52.4395116797899,7917553.57003036,2458936.4062873
52.4832217724356,7917532.48794152,2441084.10514521
52.5409782463657,7917422.53225146,2440883.02308338
52.5987347202958,7917288.29917819,2450367.41470438
52.6193436800894,7917306.55553413,2445124.91049702
52.6399526398831,7917325.26474509,2439266.83343853
52.6787741401005,7917359.07867752,2428228.58562839
52.7330054384593,7917269.79727191,2433610.9262819
52.7872367368181,7917104.62412809,2452520.79306181
52.8268263700444,7917008.39006539,2455217.99191785
52.8754399684051,7916896.08445509,2451944.18376653
52.9240535667657,7916836.98019243,2445828.14233887
52.9726671651264,7916828.61867889,2436762.76240847
52.9980441397616,7916824.41346188,2432032.67994646
53.0136461766977,7916718.75174065,2439890.01807276
53.0292482136339,7916607.47609564,2449401.11435701
53.0514196195204,7916448.16587915,2462904.97815112
53.0861225692021,7916198.74536095,2484040.93935741
53.1208255188838,7916175.01094641,2474383.2848098
53.1428705952513,7916235.06733812,2454963.83440547
53.1649156716188,7916298.63734223,2435586.96373355
53.1887434971571,7916367.57573912,2414644.59106131
53.1998554672258,7916399.62937358,2404877.67858367
53.2065681504917,7916347.5295206,2409474.13041762
53.2132808337575,7916311.01946647,2414493.22667095
53.2247519207032,7916247.1377876,2423056.9254107
53.2591348588918,7916053.78656008,2448715.21614371
53.287543866011,7915894.10171462,2469916.18659331
53.3159528731301,7915870.0114729,2468904.04552624
53.3382054142197,7915908.81918281,2454220.45093534
53.3545285601215,7915939.98018271,2443481.6456854
53.4021989094388,7916021.48693472,2414282.13553012
53.4149292425737,7915990.1648965,2418422.17041923
53.4276595757087,7915966.78562184,2422651.25321342
53.4550666235093,7915916.36773144,2431755.67244199
53.5616823363018,7915615.06301129,2455990.56350582
53.6682980490944,7915344.0415327,2452500.25657072
53.7749137618869,7915397.31763423,2424776.36050264
53.8042873596863,7915409.48112255,2419444.89621891
53.8233292884426,7915304.7351769,2430780.24097974
53.8423712171988,7915204.03853732,2442163.21060262
53.8915604543468,7914944.14872035,2471569.54328729
53.9200132609671,7914873.47398643,2470652.9855942
53.9484660675875,7914821.35547485,2462000.21794894
53.9769188742078,7914770.88615313,2453366.26687248
54.0319510387367,7914566.36386353,2455044.85958043
54.0869832032655,7914296.7708823,2470147.21146441
54.1272715909687,7914184.24107153,2466843.34470807
54.1675599786718,7914103.56463822,2456581.06083758
54.2078483663749,7914025.58519933,2448056.11293379
54.2481367540781,7913960.50285176,2446732.12814055
54.2884251417812,7913896.12117855,2445415.51198929
54.3738489415782,7913662.5990767,2453413.97416674
54.4592727413751,7913435.25372857,2454859.42233217
54.5446965411721,7913267.86812366,2449204.27563043
54.5949825731059,7913197.2796057,2444024.76453872
54.6250397748662,7913045.74929916,2452577.99327543
54.6550969766265,7912877.97142196,2463534.92283458
54.6935889252803,7912662.47155008,2477559.54373008
54.7232820368066,7912572.23331022,2473969.0458424
54.752975148333,7912494.19524284,2466307.91525482
54.7826682598593,7912417.02029848,2458656.2588775
54.8581448174147,7912251.05307502,2451381.02165835
54.93362137497,7912128.41410402,2446701.91649556
54.991061707117,7912064.83439607,2442121.68051218
55.0276113849178,7911908.00445784,2450964.35912032
55.0641610627186,7911721.13111941,2463693.45292308
55.1007107405194,7911535.35094807,2476103.30317989
55.1229983710407,7911450.03638493,2473947.11043661
55.145286001562,7911361.59575162,2471750.83790004
55.2045959111503,7911136.11396376,2465559.49831772
55.3230555828243,7910935.50483361,2446207.39615771
55.4121804282171,7910821.96829044,2442148.12097829
55.439677042031,7910673.14590229,2453397.36812723
55.4671736558449,7910526.66388494,2464674.81762391
55.549938841935,7910343.72140564,2456723.9029963
55.632704028025,7910249.24739967,2440028.52235268
55.6748406622788,7910163.09380839,2446475.9541265
55.7169772965325,7910038.18504694,2453412.96357299
55.7929281584483,7909719.57020768,2467312.99706043
55.8284718525531,7909636.24117415,2463431.19814969
55.864015546658,7909562.46576025,2456905.87378904
55.9083385887157,7909461.19933264,2451020.50812094
55.9526616307734,7909324.35518137,2454909.27609591
55.9969846728311,7909188.36359163,2458807.5702692
56.0453623213484,7909107.48384889,2453423.84325175
56.0937399698657,7909029.60558575,2447376.97836627
56.1570007691508,7908908.6300773,2448020.98531549
56.220261568436,7908791.7240498,2448884.55544737
56.2995125086839,7908651.36383109,2447969.23520046
56.331137894193,7908508.59107108,2455268.25161761
56.3627632797022,7908366.75368203,2462713.92758509
56.4466952702933,7908150.75027645,2458236.36892839
56.5089541925409,7908055.53421808,2444600.3161436
56.5480506433887,7907926.93406837,2451584.73148297
56.5871470942364,7907800.35513615,2458592.7088026
56.7107283695298,7907371.77927453,2463257.24304589
56.7993170250246,7907189.842159,2451034.57493319
56.8624300851244,7907091.07356157,2448136.99101626
56.9255431452241,7906923.84716213,2452215.22617301
56.9706843703339,7906736.98763371,2462473.21793881
57.0158255954437,7906583.89633565,2466542.45003004
57.0493532090948,7906508.78515243,2460954.60270595
57.082880822746,7906434.27940119,2455374.51841164
57.1687894461944,7906246.33657679,2452150.03558484
57.2546980696428,7906111.69963074,2447704.60021157
57.3582109867627,7906008.18333354,2441849.43800757
57.5080858778998,7905756.56525725,2451043.9796155
57.5711686410031,7905447.49804608,2467857.76424964
57.6342514041064,7905294.8194879,2462902.48180928
57.6799231895119,7905267.25577431,2445902.20306125
57.7133904113079,7905231.71398714,2439371.43257276
57.7385918678435,7905197.47428931,2441261.09149811
57.7637933243791,7905161.86155087,2443134.4315829
57.8561159267448,7904764.03296424,2468567.36920191
57.9695893231562,7904380.5240254,2460629.08876361
58.0230963604267,7904288.20589727,2448462.54049978
58.0766033976972,7904215.36724058,2446639.53782822
58.119245765016,7904077.15775158,2452277.18418392
58.1525272956618,7903902.35106753,2463520.46190178
58.1858088263075,7903726.45061159,2474749.40826607
58.2273369973561,7903720.40550939,2461961.1439092
58.2688651684047,7903807.93096905,2435048.11786454
58.298777572991,7903872.37692707,2415679.58648307
58.310673945953,7903860.31300757,2417353.30002482
58.322570318915,7903854.53857791,2420220.09792985
58.3410828838918,7903843.8929741,2424667.19933365
58.40573397754,7903800.33026672,2439431.62955414
58.5026011816761,7903629.32234581,2449377.21697004
58.5751307914159,7903518.04241443,2447946.07699644
58.6303135834165,7903360.46999787,2453483.87092226
58.6854963754172,7903148.47956657,2464526.00203262
58.7406791674178,7903009.77761899,2461428.99123697
58.7958619594185,7902892.05384011,2453229.86627991
58.8302454053068,7902747.59664203,2458491.51734137
58.8646288511951,7902597.26127587,2465217.84216559
58.9159209274124,7902421.80379401,2468275.94419329
58.9525564695763,7902365.56076603,2459284.37308424
59.0123213354635,7902255.86612173,2449017.68877227
59.0720862013507,7902085.51754773,2455797.05969627
59.1318510672379,7901990.58389059,2452848.20980305
59.1916159331252,7901953.71990133,2441276.06097693
59.2513807990124,7901954.46171772,2436301.79262313
59.3111456648996,7901928.46657681,2435984.06936156
59.3709105307868,7901759.8983436,2451311.10511709
59.4306753966741,7901611.55361912,2457484.63298835
59.4904402625613,7901473.59655482,2454876.21435555
59.5502051284485,7901541.19660836,2436812.32608487
59.5922284529058,7901613.58469023,2422007.84980997
59.6210464645,7901553.80508539,2428079.65983227
59.6498644760942,7901465.47180559,2440285.58059595
59.6786824876884,7901375.86264532,2452476.71716359
59.7313657534278,7901289.57437341,2455454.50716362
59.7840490191673,7901243.05703448,2445155.6493992
59.822758249237,7901215.68928499,2441273.47276189
59.8867733465192,7901186.46299032,2439190.47393877
59.9507884438014,7901089.22129653,2444444.72144246
60.0148035410836,7900958.63444974,2451543.79984472
60.1064237483722,7900699.57513383,2459422.33636471
60.1419260401858,7900670.15176407,2452995.83328421
60.1774283319994,7900638.8998161,2446547.61299111
60.2371751652361,7900451.10704423,2453561.33842954
60.2969219984727,7900192.9785221,2471546.79401491
60.3224590303456,7900161.62232897,2466133.62273023
60.3479960622186,7900134.42828193,2458846.15756644
60.3829444724891,7900097.9469862,2448880.21450041
60.4370302261939,7899910.41683405,2454778.49157506
60.4911159798986,7899672.26839047,2470614.59471782
60.5256441461777,7899577.43729993,2468723.02204642
60.5601723124568,7899495.47495924,2462591.44650423
60.5947004787359,7899414.26282493,2456468.26231802
60.6554175425255,7899464.73400584,2438752.23957196
60.6948762006787,7899509.2791521,2426798.40136178
60.71937481915,7899464.31904785,2430946.65608868
60.7438734376213,7899409.03865428,2438255.4407923
60.7683720560927,7899352.92742688,2445555.06640051
60.8432411330235,7899283.81550007,2446619.90349232
60.9181102099544,7899173.65247521,2444194.07442884
60.9929792868852,7898752.57687674,2480165.86713908
61.0194327180071,7898713.36631208,2475062.12226261
61.0458861491291,7898699.36103729,2463351.52977629
61.072339580251,7898686.88357678,2451658.34138609
61.1658073251464,7898583.00499188,2444123.9300489
61.2335588983467,7898448.99977472,2450655.93959307
61.2846122193621,7898310.72583084,2456826.97240573
61.3404924977291,7898245.17834527,2451760.1624677
61.3963727760961,7898205.64213418,2442139.5326558
61.4522530544631,7898264.28410757,2432922.33912348
61.5772961597115,7898203.04163557,2442879.27295595
61.6319640293759,7898108.2413599,2449720.94467365
61.6866318990403,7897997.19685449,2452383.79354246
61.7412997687046,7897957.27470239,2447092.45298662
61.795967638369,7897937.46004426,2439191.09211301
61.8646117985916,7897939.19410877,2436209.09874077
61.9332559588142,7897894.2315218,2439046.33690155
62.0019001190367,7897799.25386884,2447551.29995743
62.0705442792593,7897650.38542009,2452394.01645045
62.1391884394819,7897502.24077383,2454552.31893084
62.2172503569366,7897366.04324686,2451641.62466477
62.2953122743914,7897353.17397717,2437955.12373559
62.3492592829204,7897346.51407271,2436755.46971554
62.4032062914494,7897349.26924472,2435800.69061524
62.4575181218814,7897458.84916722,2425820.36357281
62.4943185380395,7897532.55908244,2419049.36148463
62.517356013081,7897468.7441705,2426903.81836461
62.5403934881225,7897379.05609544,2438841.80551501
62.563430963164,7897288.29648071,2450767.2532578
62.6550321268261,7897127.05631656,2453347.52134788
62.7130280815273,7897107.71714034,2438831.47915563
62.7710240362286,7897132.02365105,2434247.99362884
62.8290199909298,7897078.25376878,2438475.99626391
62.887015945631,7896953.59012475,2451592.11412956
62.8957504013624,7896934.67747382,2453566.01985098
62.901592168413,7897019.2311486,2448222.23320366
62.9074339354637,7897261.89149243,2423690.15519635
62.9132757025144,7897496.8242824,2399095.7636412
62.9285476615294,7898112.73794356,2334807.25800533
62.9836789646131,7900336.44107766,2102731.09646564
63.0282143504162,7902179.78110913,2022530.31083875
63.0395796555045,7902683.08509111,2018197.10316278
63.0509449605929,7903176.98233082,2013758.53378424
63.0743096970246,7904193.37066,2004640.15618365
63.1407904802826,7907064.84026722,1995454.96486087
63.2072712635406,7909926.09253251,1997421.60812525
63.2583313630946,7912079.76230566,2002028.26168959
63.3093914626486,7914217.12110187,2007162.31883612
63.3943341987882,7917677.06743142,2019667.79758843
63.4249312793437,7918982.13632809,2013381.27498994
63.4555283598992,7920297.51303003,2004581.58744284
63.494506901049,7921971.51326264,1993372.66649532
63.5247869932166,7923215.72105752,1997320.60833764
63.5550670853842,7924452.69835893,2004148.5401253
63.5919104508528,7925959.80764754,2012455.11806921
63.6498581838832,7928301.65832012,2016554.63656253
63.7078059169136,7930643.58470025,2017948.47833103
63.7657536499441,7933024.85615065,2011418.30022208
63.8237013829745,7935392.46596203,2008332.12014363
63.8816491160049,7937746.17844623,2010291.51957853
63.9043507091922,7938597.33840431,2017733.17298227
63.9195203553247,7938989.4228371,2041821.1536251
63.9346900014572,7939386.46862325,2065968.3009968
63.9719649441226,7940361.95547981,2125300.40272057
64.0035723725321,7941182.87611537,2171044.14012794
64.0145182144904,7941444.81965807,2174405.12278688
64.0254640564487,7941698.45616596,2177679.02483597
64.0495692088728,7942257.49007569,2184893.14695748
64.1115131361573,7943707.76141364,2198783.6774039
64.1734570634418,7945204.26692609,2192176.59399983
64.2188810935205,7946294.49153095,2189617.89857444
64.2643051235993,7947380.09432654,2190336.24840947
64.309729153678,7948470.34609516,2190425.8782783
64.3818461709185,7950217.75713782,2186873.95203549
64.4835851018795,7952606.45627661,2193484.4572388
64.5641558485765,7954537.67370364,2188964.41115679
64.6260556230487,7955984.44631893,2189723.3901013
64.6752763855728,7957091.94456463,2197593.84020953
64.7244971480968,7958209.57266419,2200450.08279818
64.7737179106209,7959332.74641483,2198192.107597
64.8229386731449,7960489.677057,2193431.79533389
64.872159435669,7961681.69789079,2185758.65411751
64.932399825998,7963097.92076498,2185251.36872093
64.9926402163271,7964483.66329542,2192451.42228143
65.0528806066562,7965883.47577966,2191433.23028421
65.1131209969852,7967279.33179046,2189969.14719935
65.2272378705185,7969843.90024418,2197130.792866
65.2809740310022,7970968.24852007,2208056.08234507
65.3347101914858,7972201.32530496,2200731.06975103
65.4144479394503,7974063.86243837,2183906.41661492
65.4462477190312,7974727.60895569,2193568.20793867
65.4780474986122,7975393.41022671,2203254.59525963
65.5392525176347,7976709.29986092,2206442.96893183
65.6004575366572,7978039.31944941,2200890.81675254
65.6616625556798,7979432.82112293,2193615.45635859
65.7400746479576,7981208.28462579,2189496.05744056
65.8184867402355,7982948.62245562,2192988.83464479
65.8810732913636,7984264.18986837,2202519.28782289
65.9608494674041,7985989.71882056,2200075.2927621
66.0406256434447,7987717.32913956,2197182.67368155
66.1909507815526,7990832.11557146,2210164.49530357
66.2334856347182,7991735.63582055,2206759.64261234
66.2760204878837,7992647.04794117,2200848.08509593
66.3300317922718,7993815.53927703,2195839.32461428
66.4148799243026,7995625.19630376,2196639.25212341
66.4755305724178,7996762.65511558,2215758.15145388
66.5045070320095,7997322.73815995,2222089.35895251
66.5334834916011,7997954.4695592,2212977.10703732
66.5552977704361,7998428.08721308,2206093.965603
66.5997129314154,7999392.13878077,2192079.05282719
66.6261710313029,7999939.92952215,2194125.90842248
66.6526291311905,8000490.9136948,2196328.71027502
66.7165961053566,8001817.0512849,2201034.82927481
66.8180200458799,8003864.14463173,2205821.49343151
66.8975507944902,8005433.23892666,2210230.34186635
66.9458506489379,8006455.97088808,2202671.36829051
66.9941505033855,8007481.67006184,2194542.59449201
67.0249239282227,8008070.70917841,2199532.22099922
67.0556973530598,8008651.06961469,2206974.77271231
67.0950944498163,8009393.43899807,2216495.62546869
67.1294422423478,8010095.38471991,2212165.76329851
67.1637900348793,8010801.2248878,2205670.47384606
67.2091697817688,8011724.77393783,2199568.74475372
67.2545495286583,8012617.73010246,2203320.53468869
67.2999292755479,8013511.41298625,2207080.87989791
67.4275504099002,8016009.8453753,2207306.93463467
67.5551715442526,8018470.26863874,2210190.52078598
67.682792678605,8020927.35395368,2207624.30120292
67.7609613656656,8022404.02871986,2210290.76809542
67.8391300527262,8023859.24455123,2213642.18570143
67.9912961563997,8026775.91969658,2203416.76650676
68.0330390713008,8027545.74501504,2206805.33406043
68.074781986202,8028306.91616606,2212530.26515502
68.1289779021995,8029290.03183247,2216427.35516949
68.1980576295558,8030534.04098922,2217434.90516885
68.2419906835258,8031406.66429894,2208754.43767835
68.2859237374958,8032281.64313264,2199618.73572292
68.3321839455007,8033092.76647826,2207259.90746933
68.3784441535056,8033865.94916648,2222559.85181186
68.4247043615106,8034712.49350112,2222497.19676809
68.4608241729595,8035411.94238574,2211845.50074957
68.4896071177544,8035970.63695464,2203373.93392961
68.54071809066,8036914.08403283,2204689.79658079
68.5918290635656,8037850.56920324,2210245.45049397
68.6429400364712,8038759.93596338,2213673.12418248
68.713276259804,8040010.91670843,2216224.66808902
68.7836124831368,8041291.05305856,2211862.48436864
68.8539487064696,8042517.07156194,2215923.77464625
68.9242849298024,8043732.53906835,2219864.79952464
69.0097263572332,8045213.4156869,2218371.21563091
69.120799838689,8047150.75147294,2216397.2416948
69.2405834509474,8049203.44010806,2219381.61003069
69.3603670632058,8051259.8664634,2216222.58953688
69.4482914996344,8052849.65732283,2207144.64653738
69.5021505797552,8053830.40132097,2205002.74141531
69.5390950693283,8054433.77374798,2212158.5169003
69.5760395589013,8055038.80816079,2219335.58546944
69.6980504064841,8056936.80836152,2234042.58294162
69.7281904132501,8057474.00584809,2226522.55130649
69.7583304200161,8058013.93076317,2218227.08093833
69.812264503733,8058951.35441027,2209010.4178825
69.8536412779843,8059614.40550862,2216728.87149471
69.8950180522355,8060278.32846729,2224457.75690428
69.9348852639909,8060984.47631855,2218528.81537073
69.9747524757463,8061695.47526155,2210637.120567
70.0003707061939,8062143.29072236,2206455.61933305
70.0041832249355,8062103.17476528,2214692.4550464
70.007995743677,8062088.37938824,2223212.30175798
70.013843447989,8062062.17720346,2236243.51535736
70.0304643075289,8061985.09831832,2273280.85238714
70.0789183821049,8061761.03902407,2381256.07189042
70.0959290705412,8061682.35644258,2419162.6573263
70.1129397589775,8061527.71926948,2436966.78993059
70.1255252593972,8061375.42452756,2445249.13244724
70.138110759817,8061225.92534198,2453560.07168379
70.1774469090474,8060759.09757529,2479535.96093769
70.2441931185276,8059980.50531175,2494097.56541934
70.290614118561,8059434.52703826,2493645.33801751
70.3370351185943,8058899.09540657,2492812.26858687
70.444486495657,8057635.19818245,2494480.91483552
70.5080009820704,8056902.55246687,2494743.13417096
70.5452726126781,8056630.88039439,2478752.59999229
70.5825442432858,8056357.06180474,2462734.43459375
70.6298707577188,8055901.21048349,2464168.65743051
70.6771972721519,8055397.4125092,2478497.92216022
70.7123165682957,8055014.29782378,2486393.1128085
70.7474358644395,8054608.86299001,2489162.53195961
70.7952515535025,8054057.33453144,2492939.01428556
70.8220417516213,8053839.68583234,2485603.85831681
70.84883194974,8053636.18020917,2476166.64584528
70.8847613801742,8053363.86895915,2463517.24708653
70.9440845695267,8052824.64624535,2465797.92748893
71.0034077588793,8052263.34581352,2475556.67965129
71.0627309482318,8051709.69323167,2475025.85042324
71.1070273643955,8051271.84941561,2476657.40773047
71.1513237805591,8050716.73048156,2489189.79314506
71.1956201967228,8050162.61116573,2501735.08844504
71.227405763945,8049837.1988762,2497164.65386602
71.2591913311673,8049517.0676781,2490355.25108347
71.3005148809739,8049102.29491738,2481534.05034812
71.3837488684634,8048419.22830724,2467899.86455801
71.4351998960806,8047903.99166407,2473263.92427326
71.4866509236978,8047352.46000569,2485074.76405904
71.5381019513149,8046771.22449733,2490999.78286206
71.5895529789321,8046177.17332463,2494837.59369518
71.6347819158245,8045755.52961304,2487099.52526963
71.6800108527169,8045359.51185889,2475968.93720985
71.7252397896093,8044875.62836468,2478368.27758011
71.7704687265017,8044334.04410131,2491625.46228393
71.8061021444842,8043912.18825565,2499944.91157158
71.8417355624666,8043510.01427283,2497935.6926159
71.8773689804491,8043106.59148302,2495912.1849295
71.944367254023,8042519.24461877,2479710.89179496
72.011365527597,8041978.99774741,2463893.74735953
72.0514682367477,8041559.10008122,2474355.49274829
72.0915709458984,8041141.23874768,2484841.69034083
72.12558083834,8040839.48358798,2482906.14186942
72.1595907307817,8040548.15854885,2477326.09380305
72.1936006232233,8040257.45409736,2471753.2552639
72.2209451152089,8039918.06026069,2479540.08808779
72.2482896071946,8039554.70585328,2491176.07805667
72.2756340991802,8039190.54933191,2502802.41600061
72.3039115300369,8038843.68193031,2510922.51754785
72.3215308282877,8038730.47830841,2500672.81831446
72.3391501265384,8038612.62097755,2490367.72293414
72.3824016671977,8038322.20514529,2465068.41879925
72.4302709795499,8037841.13923332,2468039.60878578
72.46190583359,8037475.08932515,2482065.32806911
72.49354068763,8037107.19795311,2496065.32542587
72.5174665269591,8036892.78048923,2494037.91715652
72.5413923662881,8036690.68131127,2487210.92584157
72.5653182056171,8036489.76906375,2480397.84436554
72.6564836303475,8035572.77179702,2483598.29738597
72.7268224083691,8034874.01569027,2487886.68905341
72.7971611863908,8034277.20546374,2472369.49743113
72.826179022064,8033957.17521331,2477973.47558381
72.8551968577373,8033634.22587427,2484938.20917985
72.8989360397485,8033146.94121958,2495431.52172039
72.9152904903127,8033047.81638571,2488944.17295957
72.9316449408768,8032948.83005649,2481652.40561642
72.9596336163514,8032775.9324982,2469169.98604344
72.9924366895776,8032575.34186882,2454546.16811211
73.0252397628039,8032267.74712281,2459977.35265847
73.0489216609262,8032031.36800187,2468339.14829288
73.0726035590486,8031793.86038243,2476687.98305319
73.1646314654608,8030887.95207563,2485389.26794528
73.2566593718729,8030138.51264629,2471338.96637439
73.2993730419971,8029833.82042486,2461137.226155
73.3154729321021,8029663.58530233,2465479.75645577
73.3315728222071,8029495.66275642,2470213.59641105
73.364387950975,8029155.43808244,2479864.20930706
73.4434761858172,8028444.71701711,2481127.53349232
73.5225644206594,8027732.66420586,2475835.81904086
73.6016526555017,8026848.09454218,2498131.87207746
73.6112687093052,8026823.60965625,2491434.95589561
73.6208847631087,8026790.46434874,2484636.04031967
73.6410834135222,8026720.19311569,2470357.05760616
73.6794014353247,8026588.39722749,2443273.96412196
73.7002646255289,8026513.35288802,2428860.66889144
73.7074616681502,8026431.26259875,2432919.23015693
73.7146587107715,8026360.52954514,2437114.20568909
73.7287422886907,8026222.00543688,2445315.06392011
73.774997613618,8025764.16734475,2472240.77794434
73.840844981101,8025211.39302083,2479002.18257912
73.8864344762825,8024858.93327098,2470170.592576
73.9320239714639,8024475.91188707,2470214.21982997
73.9776134666454,8024083.87222991,2474063.43853984
74.0232029618269,8023678.28124204,2477289.90557134
74.1155635079488,8022816.6553883,2482464.22653075
74.2568557969301,8021458.13329879,2485105.33648933
74.3981480859115,8020279.84594547,2470696.38996762
74.5174017135563,8019384.5477339,2467765.36456594
74.5658138400574,8018879.30644985,2482948.50889885
74.5985669045394,8018536.79023939,2493230.75563276
74.6182573482784,8018393.31512798,2488771.57487085
74.6379477920173,8018248.17377431,2483404.21549681
74.6709473070815,8018005.73132324,2474415.20103662
74.7519988179177,8017393.4489938,2467915.70844951
74.8047083708719,8016980.45414567,2470089.8802758
74.857417923826,8016472.6742856,2479458.13610509
74.9101274767801,8015993.43223073,2484827.94109015
74.9628370297343,8015620.28001172,2473217.31429329
75.0046288121616,8015314.81714676,2465678.9324836
75.0464205945888,8014948.77081863,2471716.13181284
75.0767803083942,8014684.22206206,2476117.91566778
75.1837232533792,8013695.97392894,2484811.47211779
75.2396177057704,8013336.7185562,2471550.46967999
75.2955121581616,8013039.25083993,2451302.26132246
75.3248198268445,8012818.09203743,2455010.00642524
75.3541274955274,8012592.41571284,2461391.23691688
75.3902077772086,8012313.86310666,2469239.38450144
75.4625941749603,8011634.05855352,2482249.60486936
75.5046116963648,8011253.65105088,2486674.84637091
75.5299962920964,8011142.09322236,2475168.41317975
75.555380887828,8011027.30905927,2463622.28235604
75.5873249600389,8010882.27142246,2449090.56487009
75.6192690322498,8010595.98253025,2454764.95302868
75.6512131044607,8010237.96817236,2473987.9954911
75.674692866139,8009973.10595408,2488096.16181846
75.7513877225911,8009484.64777424,2471274.05935059
75.8062632736938,8009233.44286868,2442171.73848896
75.8219446557402,8009123.89991689,2445629.98704194
75.8376260377866,8009019.09749485,2449142.90887126
75.8768135510601,8008757.90708806,2457922.92530216
75.950491146035,8008264.24438682,2463615.24682306
76.0241687410099,8007672.07872334,2472103.7699752
76.0817377379968,8007066.81696072,2491325.81197271
76.1393067349836,8006655.66579511,2481125.77875982
76.1968757319705,8006321.92396602,2457104.07878987
76.2225281238461,8006155.4949328,2457006.20541593
76.2481805157218,8005992.33693604,2458442.87278598
76.2857189250819,8005752.94400288,2460539.01393569
76.3865030551792,8005038.31869901,2467872.64970078
76.4480797103107,8004414.79390809,2484575.61195154
76.5096563654421,8003783.09999562,2498432.56087686
76.5344632891114,8003608.33154331,2490371.9979994
76.5592702127807,8003430.98904248,2482280.95051015
76.6008028044849,8003130.29600401,2469143.24558375
76.616955670217,8002976.47094603,2472219.50349093
76.633108535949,8002825.74179226,2475343.12808901
76.6744372362295,8002440.79129244,2483336.81223534
76.7694805832187,8001617.26847243,2483228.82308978
76.864523930208,8000909.07984463,2472655.65736622
76.9595672771973,8000205.08510612,2471618.44512231
77.0347580873961,7999754.36718952,2463614.00046469
77.1099488975949,7999400.1997714,2446858.93895309
77.1385608736285,7999181.01867947,2455374.58537718
77.1671728496621,7998964.58927342,2463923.41532416
77.2487260923612,7998293.61527776,2478906.37252425
77.298913708327,7997854.7880199,2484202.79253373
77.3336797040902,7997602.3969192,2480090.97545621
77.3684456998534,7997349.96385328,2475704.25330973
77.4509463840929,7996853.36091306,2462640.82863419
77.5533273989744,7996219.50256071,2462160.01601167
77.655708413856,7995455.4766112,2474098.06176271
77.7293724523578,7994895.44654802,2476053.09438867
77.7866623808819,7994482.46810051,2472633.0158536
77.8439523094059,7994144.099128,2465417.8848869
77.8917988198731,7993880.82773142,2458420.0554932
77.9215549300924,7993599.21749101,2466824.99771628
77.9513110403116,7993284.20418836,2480201.07674252
77.9810671505308,7992968.25436516,2493565.72019425
78.0251562618909,7992682.4819525,2487179.23288054
78.053495335809,7992571.46885072,2470216.40838845
78.0818344097271,7992463.00569955,2453285.38118915
78.1257059872667,7992251.31128279,2445585.65453494
78.1695775648063,7992024.17049338,2451149.37764046
78.2019010333722,7991847.83005509,2455562.67375002
78.2698387523721,7991261.55520319,2476113.58003235
78.2981695156629,7991017.1051921,2484687.97821661
78.3153639204971,7990945.94689534,2479111.16166984
78.3325583253312,7990875.7869173,2472155.33030568
78.3582016099378,7990772.13145553,2461791.03399047
78.4685825986135,7990135.98707042,2461204.67905415
78.6064672911957,7988799.68800781,2502580.01339053
78.6177395998282,7988757.9955417,2496133.19687011
78.6290119084607,7988708.78366099,2489597.41584856
78.6535054671699,7988601.32911555,2475396.30074552
78.7050524221408,7988373.35857604,2448544.39831007
78.7247330243992,7988278.63285197,2448975.38919135
78.7444136266576,7988187.6288785,2449447.73685244
78.7974724071152,7987942.87875884,2450723.15976602
78.8659257515366,7987511.37067244,2461019.83688658
78.9343790959581,7987086.16476084,2465742.93778333
79.0028324403796,7986666.39894231,2464535.72635827
79.0712857848011,7986263.28248565,2463118.98841908
79.2467786604402,7985048.87125014,2476628.49088986
79.3584683171895,7984092.98318562,2486667.8047337
79.4701579739388,7983654.84407756,2441380.40758267
79.4950504421531,7983621.15109284,2425479.89838464
79.5106912951015,7983505.81624619,2429399.63253536
79.5263321480498,7983369.0101982,2440024.23600224
79.5419730009982,7983229.6701632,2450618.53389912
79.5894507649758,7982806.35710849,2482776.82359772
79.6206616465331,7982582.84813547,2486133.17044205
79.6518725280904,7982370.99669481,2480222.8824985
79.6830834096478,7982160.89363906,2474332.92209198
79.7534425785006,7981924.58542158,2450287.8587963
79.7922405553671,7981834.11166754,2435128.09671443
79.817940043025,7981702.22392107,2437798.04668752
79.843639530683,7981551.14544752,2446107.09565962
79.869339018341,7981398.78310449,2454400.91361058
79.9645758344986,7980763.65301774,2470849.45619047
80.0598126506562,7980181.69946329,2466786.16514332
80.1550494668138,7979447.18109307,2478908.02278866
80.2084138590392,7978984.98882577,2491118.28462252
80.2428034562822,7978767.43923284,2482998.11566732
80.2771930535252,7978546.80506071,2474850.53768207
80.3828882576501,7978252.2462091,2435466.75729336
80.4238913873133,7978076.49890108,2436696.37826666
80.4648945169765,7977844.39336152,2451051.59939393
80.495239197617,7977671.29393538,2461659.19570578
80.5315563786581,7977449.23962428,2464972.64949843
80.5678735596993,7977221.26939093,2466830.31672571
80.6223352930388,7976914.33439988,2465672.53823136
80.6767970263783,7976651.4224338,2458767.00189469
80.7312587597178,7976489.31921597,2447044.26547845
80.8085130110168,7976309.09276683,2432046.64372908
80.8293995719208,7976148.79149079,2442789.25238047
80.8502861328248,7975992.7208767,2453582.8405604
80.9026688974186,7975614.40399316,2478315.52744411
80.9169423105618,7975573.93582761,2473171.61844041
80.931215723705,7975526.79440434,2467950.91066559
80.9631676143701,7975420.66344861,2456262.81941494
81.0115408820171,7975225.02118205,2445548.07498679
81.0599141496642,7974932.01188801,2457301.57819741
81.1082874173112,7974640.17302836,2467176.39502853
81.1566606849583,7974342.62773234,2467839.37396822
81.2050339526053,7974050.64581099,2467896.07588762
81.2820753044126,7973669.87793082,2459744.15585671
81.3276476694305,7973276.27580748,2471888.75508439
81.3732200344484,7972785.72138218,2495185.58586546
81.3948907864724,7972551.82656137,2506256.06332887
81.4165615384964,7972477.61688572,2496151.48790026
81.4321472833444,7972445.70859777,2484019.12226661
81.4477330281925,7972415.77740089,2471909.28960185
81.4996032071793,7972316.40355434,2431607.74516092
81.5100622462558,7972282.47343597,2431720.66823736
81.5205212853324,7972256.55274035,2432254.87436529
81.5405420257728,7972207.72175435,2433274.7022797
81.6097816048284,7972039.64587025,2436157.58056733
81.6841292405485,7971866.92816615,2435054.34726908
81.7584768762685,7971518.06125014,2450397.20341963
81.8138025291109,7971244.05221637,2460131.50285441
81.8691281819532,7971015.27937555,2454578.79031742
81.9244538347955,7970822.92966398,2448233.50809604
82.0112466274888,7970544.53245797,2442360.38629736
82.0413673940767,7970336.14194599,2453545.72422359
82.0714881606646,7970130.04159537,2464759.05825581
82.1618469141975,7969756.05216059,2454687.6255071
82.2280538748759,7969531.89666083,2443435.08047587
82.2942608355544,7969290.8593507,2447312.32923305
82.3407283974634,7969172.68612861,2443201.7969268
82.3871959593724,7969061.22665119,2438110.82625462
82.4407370265169,7968854.50943711,2443212.02620427
82.4942780936614,7968629.17949451,2451812.45425074
82.5478191608059,7968311.17894285,2461052.96859876
82.6020447514386,7967986.98516256,2469141.71600572
82.6185522402079,7967980.82096539,2461151.21544856
82.6350597289773,7967969.67965514,2453100.58586669
82.6748052573346,7967942.27880282,2433715.20099656
82.7303956576103,7967793.91457302,2430432.75041408
82.7660671992924,7967652.5701499,2441151.02177209
82.8017387409745,7967510.9914175,2451200.82427374
82.8342254011619,7967410.41305338,2448843.87070278
82.8667120613492,7967307.11604828,2446455.79929981
82.960719601088,7966969.92547626,2447356.33709275
83.0428045316616,7966711.38009471,2444983.34486798
83.1248894622352,7966427.75783019,2444880.22923724
83.1882645555274,7966089.66929478,2460279.23861718
83.2525023877943,7965747.0355434,2463672.81706405
83.3167402200612,7965440.65924884,2460651.63084018
83.3679321246108,7965285.73247388,2449947.49097463
83.4401076049211,7965112.44556273,2439070.21911313
83.4866873591601,7965026.04122424,2434246.5578328
83.5332671133991,7964762.88250017,2447933.156824
83.5798468676381,7964437.76537992,2469135.27030119
83.6264266218771,7964274.77311659,2464983.09729117
83.6624568949081,7964227.88701608,2446616.1689716
83.6878828634416,7964196.48681235,2433675.50695619
83.7246482838056,7964048.85804266,2435732.5949724
83.7614137041696,7963865.87682653,2448177.18397171
83.7907857792689,7963718.38574609,2458103.85174821
83.8430867019063,7963477.04382109,2459759.22543845
83.8953876245438,7963235.37140966,2457933.26768738
83.9476885471813,7962923.78107714,2463876.2451876
83.9999894698188,7962606.02362001,2470587.28747722
84.028472302081,7962506.88648506,2464557.10299163
84.0569551343431,7962403.9054306,2458485.89378474
84.1068160596568,7962207.4540722,2450545.29041242
84.1566769849704,7961921.53841119,2459708.33266061
84.1916003128266,7961722.51069744,2466140.52517888
84.2234206020615,7961630.48478227,2460334.00692033
84.2552408912963,7961562.7206397,2450250.50585041
84.2870611805312,7961495.73528158,2440176.22853914
84.3260482570374,7961346.98844511,2441464.62836307
84.3650353335437,7961174.468425,2449635.1831667
84.4040224100499,7960981.99119356,2458555.40448508
84.4634878279462,7960444.08599504,2482352.72125585
84.4912410639375,7960193.41014234,2493464.57321363
84.5189942999289,7960125.56454502,2482118.54689042
84.5467475359203,7960121.93338908,2460172.09952453
84.5688342925105,7960120.78410739,2442727.56749322
84.5939663077072,7960119.67984217,2422878.8256553
84.6190983229039,7960048.92833988,2423228.20284563
84.6376086966593,7959993.04368369,2428327.6949894
84.6561190704146,7959935.46239071,2433408.45397727
84.7211241897988,7959666.47488705,2451310.71242368
84.7970331757529,7959192.44698887,2472364.90329943
84.8393326027106,7958946.34194696,2471966.1288297
84.8816320296683,7958699.33342013,2470619.44900659
84.9534393810038,7958469.05282668,2453404.59975603
84.9961710911045,7958369.59302766,2440079.11289011
85.0209343290291,7958242.54108108,2444495.1014799
85.0456975669536,7958110.04884864,2451215.85693093
85.0777311974512,7957937.84741058,2459901.2243485
85.1308708203116,7957780.64441108,2455271.64856501
85.184010443172,7957703.05595116,2436750.2141121
85.2224799427907,7957560.39408728,2438228.7111924
85.2609494424095,7957369.54367951,2450456.70648095
85.2914214690024,7957217.12502014,2460127.49338812
85.3505388605779,7956905.54531895,2464581.04597025
85.4096562521534,7956616.5917966,2463836.65752405
85.468773643729,7956468.97991842,2449022.56716385
85.51524044149,7956306.02508422,2444807.14009345
85.5478028028082,7956136.03356465,2452659.17827954
85.5892845503969,7955918.9342235,2462654.47128153
85.6263666113931,7955808.05437195,2458431.64187607
85.6634486723893,7955722.94279094,2448764.85127772
85.7005307333855,7955637.28888112,2439309.2633789
85.7259257076799,7955541.22510486,2442449.95244008
85.7513206819742,7955447.82520575,2445626.15519018
85.8215781121305,7955185.09082654,2452263.91988255
85.8918355422867,7954908.51685797,2454011.78297285
86.0538205582388,7954321.48142311,2450856.84132081
86.115268167749,7954193.08880887,2442676.8700685
86.1767157772591,7954295.7814592,2414878.44135826
86.2381633867693,7955939.06417625,2248443.40060451
86.2469315407634,7956290.73881691,2212412.56190346
86.2556996947575,7956651.38417695,2176489.92571452
86.2740129335016,7957404.00921123,2101454.30975066
86.3436580132519,7960136.75172604,2003000.00477531
86.3519171356515,7960471.84603698,2004743.12780149
86.3601762580511,7960795.24952544,2006359.96599674
86.3766757962574,7961442.50442038,2009600.77740768
86.4398534798723,7963880.08917282,2018456.28621873
86.5874805733278,7969540.6247896,2020201.10430089
86.7351076667833,7975150.60559757,2023968.82935669
86.7862814977777,7977037.69228878,2032108.37555002
86.8374553287722,7979026.11186067,2021778.59515739
86.8886291597667,7981046.81752472,2004596.58670578
86.9210446312194,7982249.67490298,2008713.25555532
86.9534601026721,7983420.80917008,2021084.93925537
86.9858755741248,7984591.61599596,2033440.24599429
87.0320444569747,7986350.98454583,2028253.56278001
87.0782133398247,7988138.85473205,2012881.4392696
87.1054448114761,7989136.39430417,2011248.91369751
87.1237630674653,7989673.45559095,2030407.79977931
87.1420813234545,7990214.53641251,2049614.24257546
87.1899976216588,7991630.13250118,2099852.40764942
87.3188843723557,7994415.8277579,2202982.8753655
87.3415293419277,7994865.22910904,2206232.16167318
87.3641743114998,7995311.18082221,2209442.99209268
87.4268429103917,7996575.94412271,2211410.41222735
87.4734140856359,7997540.48486027,2205936.48188553
87.5199852608802,7998515.09457963,2201584.89411896
87.5829294585359,7999851.44663519,2197729.55785906
87.6698566269893,8001587.1568309,2207333.9898114
87.7349055901105,8002896.54170808,2208991.16150285
87.8141326381391,8004512.47711908,2203397.24873707
87.8933596861677,8006124.52758695,2203307.86919396
87.9725867341963,8007686.90356977,2207866.92557857
88.0518137822249,8009308.89067589,2202692.71285828
88.1640128132138,8011590.88480351,2201490.05307489
88.3182713043552,8014535.95559935,2215689.23384292
88.3795347634995,8015730.23324684,2210154.0386851
88.4407982226438,8016936.05326393,2206604.66489213
88.5769205434203,8019597.03381669,2206794.59642225
88.7130428641967,8022146.63246571,2214848.48050675
88.7862956690399,8023547.90997603,2209734.70269668
88.859548473883,8024911.79238378,2211991.08241365
88.9328012787262,8026287.34912593,2212146.35204565
89.0060540835693,8027687.48117437,2207302.65866385
89.0793068884125,8029148.43705611,2199718.89716762
89.1525596932556,8030433.79708314,2215105.55176579
89.2101730167407,8031429.41376301,2227781.7861194
89.2461484527153,8032138.43269461,2216339.39707686
89.28212388869,8032845.27449519,2204870.6141827
89.3350409725086,8033804.08037595,2206718.07364889
89.3879580563272,8034731.83007547,2218229.85409184
89.4408751401458,8035711.04026151,2215406.29059146
89.4937922239645,8036700.61322296,2208303.83412456
89.5467093077831,8037647.12791736,2211462.0510698
89.5876711847721,8038375.82661245,2214982.16118947
89.6559597254004,8039605.19163376,2214603.89603585
89.7242482660288,8040830.83341376,2213552.45714836
89.8926829642196,8043838.21149238,2213528.87057127
89.9597047287495,8044944.90402369,2222469.49406532
90.0022872948273,8045648.36194369,2227977.34289761
90.0296620840687,8046159.22401971,2221252.49696625
90.0570368733102,8046668.88905938,2214496.95132741
90.106088372502,8047570.34647485,2204860.24401617
90.1395151750049,8048136.93702888,2210238.91793953
90.1729419775079,8048705.50825957,2215641.57294558
90.279425810155,8050563.02270595,2214879.44471654
90.3631416658368,8051962.17678633,2220310.34060508
90.4269513136935,8053036.16786651,2221960.0341224
90.4907609615502,8054134.71461751,2216396.69045404
90.5545706094069,8055267.27440671,2211732.8476204
90.6721787142247,8057282.57795927,2216183.86978748
90.8414855665226,8060004.41153043,2226291.6022063
90.9386094153391,8061624.9389385,2218407.50398642
90.9982666671517,8062662.45167484,2210391.61056122
91.0319788170033,8063172.26168818,2217648.21944128
91.0656909668549,8063680.39576097,2225584.51067272
91.1067444603489,8064314.09646826,2232533.56474024
91.1477979538429,8064999.60296094,2225531.1656526
91.1803139567078,8065541.36987052,2219970.69414318
91.3018114403945,8067602.17047046,2211836.75492261
91.3386429550104,8068161.36613348,2218725.17624975
91.3754744696262,8068722.21868407,2225635.25324029
91.4553456989423,8069961.68471984,2227774.07019852
91.5352169282584,8071242.04379377,2221866.06946359
91.6150881575745,8072542.03219033,2216915.46396369
91.6949593868906,8073747.69925035,2228800.98209136
91.7580445548494,8074679.2253792,2231571.2308293
91.8211297228081,8075648.56654308,2228794.85214442
91.8707217505473,8076469.08357274,2218806.22423101
91.9361741885113,8077485.77445741,2219231.68984131
92.0016266264753,8078457.53215567,2230474.12351246
92.0536422351945,8079231.06254294,2230091.52042347
92.0926236317677,8079809.70461269,2229792.20488755
92.1820515588996,8081205.05321412,2222040.21262105
92.2714794860314,8082595.6998778,2220821.74070226
92.3609074131633,8083950.60736622,2224057.27974444
92.510831152526,8086127.18402259,2232522.51776091
92.6612426588039,8088327.3888512,2226648.17874195
92.8116541650819,8090566.96173436,2225341.40183459
92.9198203644503,8092101.95747795,2231495.51563318
92.9920411275882,8093083.6967712,2236732.91660063
93.0377701749214,8093779.02746041,2229355.36596515
93.0834992222547,8094487.95223681,2219683.91489677
93.1431620277497,8095354.62047466,2221753.17270654
93.2028248332447,8096204.31338053,2229146.16499262
93.2624876387396,8097048.87599417,2229386.01541063
93.3221504442346,8097879.41249125,2230439.9073213
93.4105532554018,8099090.00509654,2233794.55398615
93.5986200154358,8101746.82391859,2222535.87159487
93.6251642713626,8102096.78052478,2225991.97506649
93.6517085272894,8102446.93306241,2229854.74433992
93.7081206436323,8103198.7869916,2236382.21247569
93.7645327599752,8103975.80435844,2232837.43540085
93.8209448763182,8104752.90623756,2230296.51726313
93.8986600123888,8105825.75381733,2229183.84770537
93.9636599854753,8106647.10846727,2237192.888957
94.0286599585617,8107499.70219283,2238350.46832193
94.0784831896926,8108180.26142306,2232313.68014075
94.1283064208234,8108848.06032879,2230778.74556961
94.1967230675928,8109755.72447445,2233415.82220873
94.2651397143622,8110606.97007623,2239083.1744104
94.3335563611316,8111515.98842963,2235815.95937248
94.401973007901,8112477.4134631,2223644.45292787
94.4288707124792,8112819.17568343,2227199.07003397
94.4557684170574,8113163.33001911,2230783.35237679
94.5363027990445,8114225.56226427,2233501.18295807
94.5964561359967,8115041.54447739,2228175.6679251
94.6333659699074,8115467.10153661,2235372.34839287
94.6702758038181,8115885.83139587,2243716.96148477
94.710978654116,8116388.42270193,2247004.11741241
94.7516815044139,8116971.96264374,2234078.11137657
94.8021888289246,8117687.74610221,2219446.2751052
94.8201038545145,8117882.50078983,2225346.04836928
94.8380188801044,8118082.00726616,2231303.86319334
94.8816724696819,8118569.52022733,2245821.55097231
94.9336409383493,8118638.9449945,2301832.53074318
94.9662514722679,8118521.47675411,2350391.4842083
94.9988620061865,8118402.00395699,2398922.02258759
95.0291435193569,8117927.83525974,2434667.2487645
95.0594250325274,8117436.11888113,2470015.47588833
95.085845938973,8117005.32333315,2500853.70655332
95.1012119341725,8116764.24026783,2516952.10837525
95.1104042491472,8116665.63566241,2513543.51769653
95.1195965641219,8116555.86982763,2510010.26896194
95.1377103893728,8116337.96461454,2503050.1930067
95.198545671341,8115610.5099417,2479685.65715014
95.2167673223255,8115337.81972642,2483508.20928648
95.23498897331,8115067.80619989,2488351.10344401
95.2645231356571,8114629.22486632,2496193.33259302
95.3770739917045,8112748.23472803,2524605.76313944
95.4420611032489,8111876.31670846,2507134.3740782
95.5070482147933,8111121.15680428,2476213.95255061
95.5276073745682,8110848.0696325,2479427.66091714
95.5481665343431,8110578.85088176,2482687.39097003
95.6015405389982,8109879.46274238,2491109.26459238
95.7773158200609,8107227.72584514,2513877.22621787
95.8369458409616,8106421.05201019,2504905.88549891
95.8965758618624,8105691.34687126,2485585.85894731
95.9232317130371,8105304.81321623,2489503.80104854
95.9498875642117,8104915.93686848,2495346.28459352
95.9861701098071,8104385.97968962,2503292.08953051
96.0465959330934,8103358.47657823,2519329.10099117
96.1070217563797,8102341.51027029,2529845.38317099
96.1227034274269,8102180.186384,2519987.90943329
96.1383850984742,8102014.25039918,2510073.6399079
96.1767693192766,8101606.5935213,2485804.06231909
96.1978761244446,8101382.85896429,2472459.92670797
96.2110562715173,8101188.49743962,2475057.97156042
96.2242364185899,8100997.05229913,2479906.131467
96.2414447436836,8100745.45585375,2486218.8423595
96.3037898145071,8099826.650403,2508353.73618312
96.3632075667584,8098847.15364774,2518574.20180169
96.3953399746072,8098316.71164542,2524093.76504288
96.4159811957012,8098080.06212937,2516316.89662332
96.4366224167952,8097863.78226382,2505117.73716143
96.4572636378892,8097648.46593572,2493930.21036326
96.4994368889224,8097208.86345798,2471073.06227221
96.5115336241294,8097030.4961597,2474651.77421244
96.5236303593363,8096857.67118463,2478828.28949265
96.5451166066609,8096554.06793505,2486246.80432536
96.6157268652672,8095556.57552505,2504955.34436357
96.6698501861606,8094800.63096181,2504073.19514474
96.7239735070539,8094040.63570087,2503924.52630601
96.8130483959352,8092815.92350798,2502379.03580816
96.8753166419215,8092083.537142,2489633.10023793
96.9375848879078,8091318.75094301,2487224.94303993
96.9996770515577,8090541.42938431,2491667.56448768
97.0617692152076,8089644.35649554,2502491.27949112
97.10283479238,8089058.34114157,2508628.73471508
97.1306862032724,8088721.59644195,2503132.75756401
97.1585376141649,8088382.55200346,2497608.33420568
97.2142403372855,8087667.03466649,2492390.14133451
97.2699430604061,8086856.97192631,2504296.14076252
97.3047590083611,8086372.81099558,2509012.29224489
97.3290349460761,8086122.62360312,2500176.36155871
97.3533108837911,8085869.9117448,2491309.27081909
97.3949455433956,8085435.70477791,2476099.62113582
97.4212398764291,8085120.39191009,2477510.94222425
97.4475342094625,8084802.52481624,2481625.89730831
97.4800795889529,8084408.31092638,2486710.38185053
97.5509443227702,8083384.90614827,2504566.9686968
97.594573719963,8082716.34766889,2517211.08694666
97.6211126556792,8082381.1657432,2513070.65789156
97.6476515913954,8082056.5017407,2505798.56801217
97.6741905271115,8081732.53915805,2498534.53279109
97.7935100000601,8080345.40844235,2485365.26219653
97.8426833606331,8079662.43792373,2495572.91539827
97.8918567212061,8078964.43604663,2507858.52299185
97.931693012322,8078449.29984968,2505908.14233438
97.9715293034378,8077941.82615156,2500839.38778897
98.0113655945537,8077445.19785065,2496160.16298201
98.08485951358,8076590.63180576,2489351.63681584
98.3134479640434,8073526.80251841,2521065.07585137
98.3292298302094,8073329.19827676,2517316.53615546
98.3450116963755,8073126.02714191,2513500.54819784
98.3816770841808,8072652.54189172,2504632.41451177
98.5305357037406,8070964.39864742,2484606.28595269
98.6793943233004,8069198.84514301,2495229.78601397
98.772264848753,8068050.85337663,2497013.21134473
98.8651353742057,8066941.28214748,2493578.22583299
98.9844852903596,8065524.51947671,2493128.5954118
99.1038352065135,8064142.25318714,2490491.23161092
99.1668924748273,8063326.89324078,2498680.20380569
99.229949743141,8062540.82686049,2500851.75513556
99.2930070114548,8061779.96824933,2496288.42557074
99.3560642797685,8061081.09912546,2490515.03432965
99.4533875914289,8059943.74713164,2492576.80811614
99.5507109030892,8058805.70235972,2493637.5742914
99.6458323587321,8057725.92352462,2490552.87272133
99.740953814375,8056697.74584235,2486617.4373683
99.794338541551,8056164.87433558,2479576.18879409
99.8247957195909,8055748.78285375,2488363.97299272
99.8552528976307,8055313.7516663,2500155.11553096
99.8857100756706,8054878.1505632,2511939.63596605
99.9313007152755,8054389.17401598,2503977.51420742
99.9768913548803,8053960.61896997,2484160.62744215
100.000895109335,8053732.794818,2474324.39067145
100.016317218534,8053543.19041917,2477849.8609215
100.031739327732,8053358.81040803,2481436.24099584
100.068838436494,8052916.39553774,2490065.37417428
100.103366499642,8052528.17482226,2496033.43010228
100.125204908288,8052359.55661382,2487523.27814585
100.147043316935,8052195.10160707,2478987.27704499
100.206005369574,8051720.84481295,2460665.04582334
100.224193882762,8051498.01364131,2467904.22866555
100.242382395951,8051279.62771134,2475196.55467448
100.287634478339,8050737.44956267,2493341.95708516
100.486243653205,8048628.49757553,2468767.90630768
100.516570184771,8048310.59519683,2468621.71846899
100.546896716337,8047950.58723778,2479604.99021668
100.570683907496,8047666.6059451,2488200.28684113
100.65045014916,8046816.80210843,2490356.64800077
100.723126565158,8046037.03476525,2486298.37019848
100.795802981157,8045158.33362639,2499957.78891736
100.821719767427,8044908.72855442,2495565.57296257
100.847636553697,8044666.01798792,2489320.05910802
100.883766933834,8044328.27999506,2480620.12093939
100.939959441566,8043684.17596532,2486864.82067371
100.996151949297,8042999.78779992,2501237.97766651
101.026893397924,8042701.18104507,2496015.67208869
101.057634846551,8042407.70936334,2488855.15190077
101.099412733465,8042009.43307569,2479129.62556791
101.124937243682,8041736.47198015,2481399.06961513
101.150461753899,8041465.42854214,2483896.26424512
101.210842825093,8040863.2882527,2485636.75478345
101.271223896286,8040421.41052255,2468201.33647096
101.300161241094,8040208.12856311,2459933.41773409
101.317576138368,8040015.66552547,2465240.74623324
101.334991035642,8039828.01677549,2470608.30801254
101.376649812668,8039380.28907272,2483450.63563736
101.43396088448,8038864.96326877,2482324.74705633
101.491271956293,8038407.57635058,2468139.82139597
101.53359466499,8037942.69387418,2476896.01513155
101.563282825892,8037598.98399749,2486608.51182564
101.592970986794,8037254.57868952,2496313.04252038
101.619615216527,8037028.93353845,2491927.24784067
101.64625944626,8036822.83181478,2482725.95719276
101.672903675992,8036617.77614699,2473537.1054808
101.735645333066,8036052.44481955,2471050.75156826
101.79838699014,8035436.36554763,2483265.02785763
101.827134872354,8035201.85721485,2479649.23641255
101.855882754568,8034967.84916936,2475448.70455725
101.911484515605,8034471.28394602,2472398.64094233
101.955551015696,8033962.84062762,2485558.70889901
101.999617515786,8033455.43143478,2498731.2822761
102.018457581207,8033281.11560101,2495593.10851746
102.037297646629,8033103.45445359,2492221.85436971
102.079388146153,8032704.856096,2484687.19612895
102.158268411727,8031939.5498929,2482682.09647161
102.237148677302,8031237.19329492,2478281.16930893
102.316028942876,8030577.9501184,2470928.9295407
102.425819029174,8029489.50554763,2486140.42957827
102.503979995649,8028646.28961019,2494405.3549199
102.525596756518,8028518.44467537,2484983.33952971
102.547213517388,8028386.73098747,2475513.17208534
102.602274173402,8028039.23767037,2453265.98611472
102.617058015375,8027877.71208494,2458996.9655699
102.631841857349,8027722.55010527,2464802.84463779
102.665156374833,8027373.95927594,2477887.62064095
102.745549193162,8026554.11429749,2490184.96767512
102.825942011491,8025747.70896127,2487980.79295603
102.883615538713,8025179.0681892,2486945.67834274
102.948599848969,8024683.99649081,2474085.48439022
103.013584159225,8024197.92692549,2463724.11187515
103.078568469481,8023587.85706877,2478060.84054537
103.12660192329,8023148.30090321,2482223.74196951
103.1746353771,8022711.28430248,2481128.77100984
103.222668830909,8022306.46078796,2477912.197877
103.282061920418,8021846.55346356,2470950.75068681
103.353950416708,8021179.35508015,2478515.22234674
103.425838912998,8020527.23039681,2483005.14068392
103.480530510783,8020087.22724265,2474875.31997906
103.535222108568,8019548.52852578,2480573.58553691
103.588681184666,8018971.39210077,2493687.57186978
103.62159104616,8018732.73658299,2486929.11495145
103.654500907653,8018542.53197791,2472246.70396719
103.687410769146,8018353.64209512,2457580.72588669
103.741200698532,8018023.80294516,2453450.31192843
103.794990627917,8017694.68816789,2455463.88995759
103.828550292392,8017353.89491417,2467349.89860169
103.862109956867,8016993.68490873,2481155.09969358
103.908276735935,8016493.93817158,2497281.85849323
103.954443515002,8015967.46009229,2500211.21378143
104.00061029407,8015444.51381969,2502793.18838953
104.015284135172,8015362.39276074,2495605.09400663
104.029957976274,8015277.02428024,2488364.34519558
104.066535133514,8015063.41377292,2470314.17554992
104.106223554341,8014818.64236196,2454715.55730648
104.13294184008,8014615.1037021,2458760.34796158
104.159660125819,8014414.20621147,2462835.42473498
104.238168154929,8013854.2899705,2466683.83493036
104.31667618404,8013247.37928683,2469041.47189946
104.39518421315,8012384.72077359,2498134.32514264
104.43066603783,8011991.07227787,2500727.11636386
104.46614786251,8011592.31988537,2501614.0436339
104.516686355839,8011080.12510334,2497927.67541463
104.567224849167,8010671.55533538,2484081.72697793
104.631206682321,8010238.16276208,2467642.64470987
104.681702518587,8009965.73894124,2455573.75450282
104.732198354853,8009556.82540837,2463020.25897971
104.828413556878,8008724.12100334,2481384.03880386
104.897958480566,8008251.81020187,2464861.11088096
105.069697317384,8006911.0676789,2482234.10514032
105.102939507417,8006598.85249095,2490680.89933075
105.12322837793,8006491.37015283,2482957.70712694
105.143517248442,8006379.72630233,2475184.43477362
105.194809587599,8006096.57919276,2455530.01844273
105.214863467116,8005915.88604981,2459010.89620096
105.234917346633,8005722.36062716,2466528.13269122
105.25497122615,8005527.61666987,2474031.15058889
105.288737999872,8005199.50316275,2486664.12036973
105.322504773594,8005027.30229441,2478046.79080068
105.356271547316,8004916.2498473,2458592.88577019
105.382914277851,8004830.03865659,2443260.60542066
105.421429883875,8004568.98588829,2444418.48223464
105.446746474054,8004343.11973822,2457609.52906664
105.472063064233,8004114.4751932,2470766.15640062
105.544034989291,8003427.59868894,2489074.3406201
105.585470388189,8003013.11078171,2492576.40801627
105.626905787087,8002756.66689999,2480554.02414221
105.686909856151,8002493.61040024,2450815.4874172
105.732090462519,8002194.19114102,2452700.5823182
105.768062289628,8001932.94897032,2462202.73882912
105.804034116737,8001669.6933531,2470767.52214716
105.853578786382,8001292.05935944,2472414.77526886
105.903123456027,8000915.74622029,2473805.61852353
106.005089387567,8000195.2979902,2468972.18789862
106.107055319107,7999556.03225841,2462129.22933581
106.172149833548,7999101.57453988,2466575.53562942
106.23724434799,7998707.24173337,2463512.22000581
106.315999666335,7998209.93546001,2460881.66903544
106.368745293105,7997705.29278696,2480090.00942646
106.398150125319,7997424.63080861,2490806.2685044
106.415875998862,7997321.48174902,2486361.46011195
106.433601872404,7997217.91703248,2480553.89896631
106.460133094016,7997063.8546983,2471870.44760782
106.575718959505,7996510.05037711,2448224.22725082
106.631596610654,7996115.5460108,2458340.13023027
106.687474261803,7995610.89495083,2482370.96183616
106.727963021828,7995360.01455848,2478389.28740026
106.768451781854,7995147.85764722,2464674.52844684
106.808940541879,7994917.86306972,2455405.04053582
106.849429301904,7994633.23676752,2461924.64909742
106.88991806193,7994349.68376555,2468456.33964483
107.047566740471,7993200.83133729,2472663.10740443
107.158288847928,7992350.73283661,2477026.22095617
107.269010955384,7991850.91196856,2445678.83753755
107.298592766701,7991779.31543573,2430294.58579421
107.309398329603,7991696.4284182,2433727.95220708
107.320203892504,7991617.09178685,2438654.79064102
107.336083449561,7991498.73299056,2445878.0143622
107.394579844063,7991062.53253888,2472486.36021251
107.439645514118,7990682.07815044,2479298.33669575
107.484711184173,7990291.13581544,2484192.89736267
107.54631976755,7989830.42222524,2479764.08067146
107.607928350926,7989364.48914345,2474797.79205114
107.653341503138,7988898.81618383,2487074.03147011
107.69875465535,7988434.92845993,2499372.13344431
107.713416541013,7988359.58152915,2493887.20809101
107.728078426677,7988282.99840952,2487432.4431822
107.752218499779,7988158.07031928,2476814.51724852
107.842037744137,7987777.60912676,2447955.87521223
107.905935942809,7987560.49253049,2438937.31909582
107.934382930401,7987376.10108368,2447295.74153001
107.962829917993,7987194.4314901,2455686.88395127
108.044051514797,7986733.80743142,2462107.58480413
108.106917276033,7986395.58922264,2457179.76574937
108.169783037269,7985973.46623129,2465674.81642749
108.215685154744,7985710.71719201,2466196.65624266
108.250897990722,7985566.49735793,2458081.46633999
108.293845340494,7985391.14002916,2448191.23261851
108.328940143429,7985166.80820462,2453559.97962359
108.364034946365,7984931.20445656,2461859.61551352
108.40619135625,7984655.138752,2469839.28563729
108.448347766135,7984415.15971651,2466203.01520301
108.49050417602,7984173.80914539,2462550.98560925
108.59149524267,7983626.3847236,2459055.95153615
108.644415898145,7983187.73392919,2472115.87348414
108.697336553621,7982723.46116997,2488019.21815669
108.714171559463,7982664.13121645,2481797.3047407
108.731006565304,7982611.33100931,2473336.06490389
108.753002637301,7982543.56514752,2462293.91118362
108.797262296576,7982407.38562365,2440075.90835076
108.820950299149,7982293.76500877,2441717.87924008
108.844638301722,7982182.64185734,2445215.82207138
108.877062565159,7982029.726387,2449995.98459779
108.9620570998,7981609.27969447,2455322.56703625
109.047051634441,7981020.39335507,2470321.52090601
109.096952973696,7980602.88017739,2485024.88491947
109.124072351956,7980450.96343727,2479870.30163356
109.151191730215,7980302.26744426,2472979.33258685
109.189158991293,7980094.73149522,2463338.21099968
109.229307325817,7979823.04302669,2464828.15796092
109.269455660341,7979538.33559828,2470714.29001872
109.309603994865,7979280.71194706,2473007.32945759
109.349752329388,7979101.40120422,2463772.55721186
109.389900663912,7978921.49323842,2454530.98782924
109.470029710898,7978615.23853269,2447402.61635838
109.550158757884,7978137.78531979,2461029.15255887
109.654575375894,7977495.80629484,2467447.52521342
109.723893323991,7977106.95718776,2461398.26451192
109.793211272088,7976686.10737484,2466397.53860901
109.862529220185,7976320.66079303,2462200.05373593
109.917092249752,7976038.3670424,2459054.25100386
110.008500067842,7975565.30470151,2459175.01138912
110.067750334815,7975138.66265089,2470726.82073877
110.127000601789,7974681.68084691,2479951.9670409
110.186250868763,7974183.86365154,2486350.73537197
110.230102540405,7973944.79144059,2477027.30263952
110.273954212048,7973756.93814791,2461185.92262438
110.317805883691,7973570.09619959,2451363.64935717
110.350691678149,7973439.18764443,2450691.80100384
110.383577472606,7973307.1571868,2450006.81356864
110.440935652927,7972926.19453497,2462643.07346686
110.498293833248,7972490.10304021,2480893.46330295
110.514412742651,7972442.59251004,2475513.7718114
110.530531652053,7972395.52861634,2468791.96263592
110.554762274862,7972325.83547895,2458697.54257166
110.59263070761,7972217.0285259,2442922.08123628
110.618410491075,7972087.26694445,2444123.71353191
110.644190274539,7971945.9960096,2450230.82689777
110.669970058003,7971803.5846241,2456324.71460331
110.770063404103,7971341.8499135,2455804.80677453
110.834925528339,7970977.68927835,2459754.6207591
110.899787652574,7970550.00129306,2473278.65314726
110.964649776809,7970038.17444275,2480732.80312885
111.009175474345,7969714.11254603,2482540.34020725
111.05370117188,7969489.32217616,2471559.19689383
111.098226869415,7969263.65167976,2460567.64596679
111.162479197336,7969165.53769032,2439942.68552152
111.195406635771,7969118.52951451,2429300.09794806
111.216110765214,7969008.69699891,2434221.83688501
111.236814894657,7968886.46617126,2442577.73178382
111.2575190241,7968763.19235705,2450921.7627563
111.307480625135,7968481.48426421,2466898.88027118
111.339596611098,7968350.33351496,2461894.68710583
111.37171259706,7968216.79968048,2456863.25775165
111.468658348123,7967542.20597612,2475794.1105169
111.537721435371,7967296.76154097,2460349.93707196
111.568098755987,7967289.19992006,2439146.09020175
111.598476076603,7967284.33197615,2417975.85661398
111.608559688878,7967230.17946376,2420501.1751839
111.618643301153,7967181.20818021,2424894.69808836
111.632591091104,7967111.32311804,2430950.7378941
111.680940994364,7966868.96814506,2451944.05728814
111.727678101262,7966717.6150054,2453658.03596485
111.77441520816,7966608.86845227,2442408.64812872
111.80910524941,7966521.91179731,2436707.16238062
111.84379529066,7966422.22549451,2438505.23951306
111.894985142421,7966275.57270073,2441163.14544374
112.032651161438,7965710.05200075,2453695.66147213
112.170317180454,7965112.45542496,2453226.27563895
112.278005616501,7964858.49204373,2436331.14761946
112.343811126976,7964683.75182042,2437083.34730856
112.409616637452,7964478.23711612,2443968.1160403
112.475422147927,7964225.35740674,2448897.17596403
112.572983410014,7963908.30173125,2445794.67481171
112.670544672101,7963398.21104836,2462286.68416636
112.739113242367,7963148.47822225,2456390.18628815
112.807681812634,7962998.80827791,2435673.98718776
112.841632725147,7962898.7679783,2438183.68615874
112.87558363766,7962801.00468193,2440719.78877291
112.979748762238,7962674.41512993,2427377.25432267
113.053959779974,7962507.32026258,2433160.83227941
113.106243395306,7962364.7468435,2441491.76190081
113.158527010637,7962218.35342897,2441899.54333029
113.210810625969,7962042.12569535,2444655.45804418
113.263094241301,7961760.46142885,2456529.01559896
113.315377856633,7961520.39032368,2461684.63469276
113.353270939238,7961408.56650916,2453612.89325643
113.45050424489,7961074.21462238,2447569.36785475
113.547737550543,7960795.26917168,2443538.78104255
113.637121322812,7960575.78695354,2438622.70334828
113.72650509508,7960298.97963691,2445360.72189217
113.815888867348,7959962.82679427,2450463.48860961
113.875111162178,7959585.34473174,2467082.40598065
113.934333457007,7959255.96231606,2470433.22547358
113.993555751836,7958952.19737392,2464058.0929006
114.052778046665,7958783.84899617,2451638.91452904
114.112000341495,7958618.974502,2442017.89793824
114.171222636324,7958415.49818119,2446470.53453045
114.230444931153,7958181.35598787,2451388.26560482
114.311713210461,7957849.083569,2455383.14714786
114.366432684549,7957730.3126357,2444592.82157282
114.400779651704,7957651.1798381,2438189.41346028
114.421981451186,7957530.63188513,2444425.6323778
114.443183250667,7957413.12135965,2450706.11785456
114.498115703534,7957109.22137287,2466980.85069065
114.519762057822,7957059.90498361,2461880.05421573
114.541408412111,7957010.85601691,2455607.16596125
114.575404665649,7956934.61607516,2445762.00703757
114.627655086744,7956670.11896496,2450798.23777649
114.662334113408,7956419.81882685,2466194.91096495
114.697013140072,7956167.58479472,2481567.32604833
114.715529375833,7956132.73353298,2475031.01426025
114.734045611595,7956105.11715087,2465516.97205174
114.752561847356,7956078.63821228,2456014.89182424
114.78890397034,7956026.76769587,2437365.45061849
114.825246093324,7955879.39641037,2439276.69340549
114.861588216308,7955704.05033754,2450388.65883303
114.897930339292,7955527.2243356,2461483.36827256
114.925509718618,7955447.41800155,2457779.38086802
114.953089097944,7955366.97011298,2453033.72762344
114.997996301039,7955236.54279468,2445310.84741564
115.185132005208,7954643.03301234,2453318.30453598
115.255638500622,7954317.30026204,2459098.8572506
115.326144996036,7954000.7752505,2460147.66754734
115.396651491451,7953716.63572861,2455498.32778578
115.439874859192,7953690.14241164,2442402.79886138
115.483098226934,7953674.72726626,2428419.0118509
115.524968981773,7953537.58718633,2432829.20697317
115.566839736612,7953335.1152778,2449581.06739682
115.598487459776,7953180.83445514,2462227.69956659
115.625773773993,7953067.43873466,2461556.29470786
115.65306008821,7952951.4769915,2460156.40009124
115.70190130374,7952742.50778373,2457658.17086477
115.867993462571,7952070.16650191,2457449.29674815
115.944568231113,7951840.57786628,2449948.20203069
116.021142999655,7951630.25680727,2442719.58284944
116.097717768197,7951286.61712006,2459444.20081521
116.123415810365,7951237.7101225,2454522.94924364
116.149113852533,7951190.30796696,2448517.65830367
116.190818198008,7951113.97953982,2438776.92472235
116.224818386144,7950969.4378692,2443404.07407242
116.258818574281,7950802.29411325,2452775.04844387
116.292818762418,7950634.33711574,2462136.49100313
116.326439391533,7950521.70836543,2459874.73504008
116.360060020648,7950417.48449857,2454412.74073972
116.393680649762,7950313.84833145,2448957.22988362
116.434325795714,7950135.6186924,2452351.15641686
116.474970941666,7949951.21970435,2457626.05694676
116.531377852461,7949747.24989037,2456595.604492
116.587784763257,7949579.01628729,2448834.34832183
116.644191674052,7949383.24404941,2449493.89542244
116.700598584848,7949183.42818421,2452392.68366348
116.748522030327,7949092.70727049,2445502.39675192
116.796445475807,7949000.47698923,2438593.48057362
116.829950157707,7948858.00406157,2444636.41895648
116.863454839607,7948710.44378326,2452017.931418
116.914673250631,7948519.7626129,2457306.78762306
116.953174116621,7948433.09031607,2449956.52345323
117.006746826117,7948308.29586957,2441433.94260318
117.060319535613,7948149.5695922,2444786.3219513
117.101958191461,7948027.22307318,2447304.16136911
117.24858500726,7947633.1382619,2443761.4688037
117.322511701204,7947419.38330287,2444556.45865472
117.396438395148,7947058.53259325,2463659.61478128
117.419609173982,7947040.26813886,2456831.64819104
117.442779952817,7947031.15741384,2447580.08062424
117.472255983178,7947020.46572285,2435820.56130759
117.532156769538,7946895.57557354,2433175.58397135
117.571571622535,7946765.86441982,2443632.6628806
117.610986475531,7946615.19265077,2452943.32942962
117.661640276037,7946353.04248256,2461122.73058113
117.778160568861,7946028.64127806,2443474.26206684
117.833019992869,7945901.42799532,2439385.30669351
117.887879416876,7945760.80307957,2443801.07093975
117.942738840884,7945685.37912532,2439133.28839365
117.997598264891,7945625.79257389,2431856.98586032
118.015355552942,7945493.14144806,2440799.86761742
118.033112840993,7945351.36606263,2451614.69177772
118.057516149409,7945155.47942111,2466466.11738216
118.087136345191,7944917.62274951,2484492.00423971
118.116756540972,7944812.14550432,2482117.71919907
118.137427881654,7944789.56489465,2469291.29970993
118.158099222337,7944770.10567474,2456502.91683386
118.192463815826,7944738.07608455,2435244.71514794
118.226828409316,7944651.21725527,2434641.9387663
118.250885522413,7944587.94959927,2438376.05890237
118.27494263551,7944523.56602863,2442098.1180401
118.371005697261,7944436.74087305,2431230.33703991
118.43906892739,7944186.22170198,2444499.39383786
118.507132157519,7943807.79955574,2472802.57391902
118.526875306869,7943758.70205763,2467279.07089447
118.546618456219,7943705.13001038,2461703.68364158
118.596159627185,7943570.23762582,2447711.06669377
118.643733118577,7943439.47714311,2446522.91986906
118.691306609969,7943311.71298531,2446444.1999882
118.768703552015,7943062.53232983,2450050.17751796
118.84610049406,7942937.0519745,2440673.39804665
118.943401471361,7942830.95216945,2431833.98665469
119.01725865138,7942702.0525958,2438130.82770915
119.072950292304,7942579.36539102,2440899.90084787
119.182969134789,7942099.41538667,2463164.09560532
119.225465583898,7942017.45898727,2456517.54094335
119.267962033007,7942010.11518684,2438078.1039174
119.300532937933,7942002.58213725,2424350.41159228
119.315822746999,7941941.18534875,2429056.62889818
119.331112556065,7941885.26912183,2433833.77326121
119.365759175103,7941758.91127259,2444659.90516389
119.508299978472,7941081.79197915,2468029.92705015
119.53010361511,7941058.72893793,2459988.73129153
119.551907251748,7941032.35341371,2451906.81962275
119.610864847354,7940959.39083483,2433983.77538116
119.66982244296,7940891.15689564,2433583.99306139
119.715138049923,7940830.53195808,2434151.79841988
119.779239204071,7940720.41311742,2437421.10936987
119.905204838806,7940373.63754827,2449603.42286536
119.936695386731,7940348.83237844,2443494.14707978
119.968185934655,7940321.70831095,2437357.10604304
120.062889601344,7940070.36527568,2445703.59049983
120.157593268033,7939722.18192993,2456276.64665073
120.229246891226,7939459.86908117,2456537.54597955
120.30090051442,7939219.51983343,2453485.04789076
120.344587080745,7939208.83627165,2441529.06485468
120.38827364707,7939196.46077458,2429551.09566782
120.422197555548,7939087.13264858,2434451.39295157
120.456121464027,7938936.95321791,2446995.68535182
120.490045372505,7938785.49757912,2459524.52274908
120.528686409303,7938626.27653155,2462478.7555255
120.567327446101,7938465.45154889,2461435.06219936
120.605968482899,7938316.58998291,2459627.05732533
120.664204312591,7938180.69082153,2450475.18114293
120.7,7938096.87168418,2444846.20958826
