0,4104039.62397836,1956116.60325445
5.78122537996114e-06,4248606.94885606,1994770.43951092
1.71377513957547e-05,4509313.13912019,2065032.78238808
2.84942774115483e-05,4741854.74359377,2128513.43910813
3.98508034273419e-05,4949298.28861234,2185987.03909745
5.12073294431354e-05,5134373.16330943,2238114.96566089
6.52409054968677e-05,5335825.10817575,2295993.25818955
7.92744815506001e-05,5510828.75072772,2347485.01614475
9.33080576043324e-05,5662880.58226215,2393362.23690679
0.000107341633658065,5795010.87331262,2434283.085902
0.000124940713394937,5936608.41044553,2479464.66704418
0.00014253979313181,6055379.89904229,2518685.44840564
0.000160138872868682,6155027.94616226,2552748.22383504
0.000181519258156325,6254838.72155787,2588179.03664253
0.000202899643443968,6335514.67506042,2618035.70920249
0.000224280028731611,6400745.3129695,2643185.0037633
0.000251059460925572,6465211.09893387,2669163.75246167
0.000277838893119533,6514638.63979685,2690077.41226045
0.000304618325313494,6552554.52689083,2706890.64390736
0.00033978333959007,6589360.23767116,2724058.69696906
0.000374948353866645,6615359.79364775,2736890.93393977
0.000419260705621849,6637622.05061344,2748537.93230048
0.000463573057377052,6652000.38117584,2756550.52941153
0.000520193740778406,6663285.31706882,2763254.24774511
0.000576814424179759,6669743.1064256,2767367.01764907
0.000654610414498358,6674420.6878109,2770563.03567728
0.000750383492840034,6676911.32171655,2772417.85256664
0.000873033473290527,6678024.62052212,2773334.04995316
0.000995683453741021,6678341.92238547,2773630.81952438
0.00111833343419151,6678433.11703373,2773731.08867539
0.00124098341464201,6678459.40367835,2773769.91061055
0.0013636333950925,6678466.89588736,2773789.70315786
0.00151413380665851,6678469.12053045,2773806.53891794
0.00166463421822453,6678469.32440777,2773821.12277532
0.00181513462979054,6678469.10433044,2773835.21139335
0.00196563504135655,6678468.79457803,2773849.19177427
0.00214934647400482,6678468.39258005,2773866.22769135
0.0023330579066531,6678467.98561145,2773883.25737875
0.00251676933930137,6678467.57798479,2773900.28622288
0.00270048077194964,6678467.17027067,2773917.31495281
0.00293483189061519,6678466.65015576,2773939.03759775
0.00316918300928074,6678466.13003893,2773960.76024014
0.00340353412794629,6678465.60992202,2773982.48288243
0.00369904624837488,6678464.95406489,2774009.87470423
0.00399455836880348,6678464.29820776,2774037.26652603
0.00435326084647524,6678463.50210648,2774070.51563384
0.004711963324147,6678462.7060052,2774103.76474164
0.00516613029343467,6678461.69803083,2774145.8627127
0.00562029726272235,6678460.69005645,2774187.96068374
0.00623209270879267,6678459.33224276,2774244.66966684
0.00697387563440682,6678457.68593594,2774313.42754278
0.00791599741774211,6678455.59499873,2774400.75537207
0.00918838384278788,6678452.77107494,2774518.69632884
0.0110873775549766,6678448.55646417,2774694.71921851
0.0145003030667275,6678440.98184582,2775011.07256237
0.024355196729576,6678419.10997722,2775924.54944688
0.0651550876657187,6678328.55904022,2779706.40225372
0.105954978601861,6678243.86303476,2782834.59910577
0.146754869538004,6678190.34708428,2781156.582572
0.187554760474147,6678141.52057887,2779494.79547308
0.22835465141029,6678034.38841788,2781232.45476919
0.269154542346432,6677899.51480669,2784665.64073202
0.309954433282575,6677754.39724568,2787953.17943979
0.361301036669263,6677505.07516158,2791278.8443787
0.412647640055951,6677246.78527004,2794377.61794404
0.463994243442639,6676945.86093214,2796466.44917761
0.529555503710331,6676570.08484559,2797844.37090122
0.595116763978024,6676200.69999911,2797157.21524464
0.660678024245717,6675672.14052218,2803776.14231921
0.726239284513409,6675151.21321777,2807473.97135837
0.791800544781102,6674694.37117893,2803173.88303735
0.876809540030724,6674282.80082131,2794781.81243923
0.961818535280346,6674682.52644237,2759017.99516795
1.02076164111039,6675225.85927848,2733258.54143568
1.07970474694044,6675756.8538427,2734235.39671751
1.13864785277049,6676305.13674371,2734044.57472345
1.25004420228376,6677257.49035278,2737081.6409669
1.36144055179702,6678073.55720127,2742436.61167854
1.47283690131029,6678663.21776503,2752009.9316408
1.58423325082355,6679386.92625104,2744756.48037224
1.66260093742953,6679739.40474706,2751359.34168041
1.7177610455838,6679939.44611352,2759357.45352912
1.78566327224741,6680344.97598117,2751281.41466629
1.85356549891102,6680803.30410188,2746172.80747476
1.99846046418234,6681913.6825652,2740288.16867769
2.07385178185092,6682348.05929767,2747188.83424023
2.1492430995195,6682845.03145573,2747436.13710673
2.22463441718808,6683427.76253039,2741188.76793232
2.30002573485666,6684029.33246345,2740283.54170838
2.37541705252524,6684555.95271549,2743446.73233507
2.45080837019382,6685138.89611881,2742403.03239388
2.54800711798538,6685789.70267622,2745566.75169462
2.6171215122618,6686083.72473074,2757019.02678926
2.65809020024828,6686408.15223248,2750029.92310459
2.69905888823476,6686730.83930491,2743014.42160551
2.76199754122652,6687138.31282205,2744670.87140434
2.82493619421827,6687615.75775909,2744615.63984295
2.88787484721002,6688426.07446772,2726421.49026374
2.95081350020178,6689280.79224999,2717364.44258023
3.01859569643321,6690202.44955341,2715645.55223884
3.06347705286409,6690600.61641486,2725892.26114667
3.10835840929497,6690999.91061671,2736158.16042865
3.14506022175499,6691400.46006004,2733951.16597287
3.18176203421502,6691806.80382075,2730536.78658403
3.24036355727563,6692358.61004935,2731753.16278868
3.29896508033625,6692813.84912682,2740160.79570677
3.35756660339687,6693123.8341161,2748480.02321214
3.40370840847254,6693331.12959824,2755010.59379805
3.43462270995625,6693705.29907252,2746371.63271224
3.46553701143997,6694173.30221034,2732019.68205697
3.49645131292368,6694642.09373067,2717680.96958828
3.54510811686419,6695197.42556606,2717705.30213494
3.5937649208047,6695669.0532574,2729526.78606464
3.63116397900185,6696135.22199104,2729924.45073781
3.66856303719901,6696702.25715138,2720979.94327968
3.70596209539616,6697270.39721162,2712053.0433072
3.74246047557403,6697722.81851443,2714487.74868684
3.7789588557519,6698150.83377032,2720136.4096943
3.81545723592976,6698579.20147421,2725542.43514535
3.86994801037407,6699232.18284934,2725022.93908641
3.92443878481838,6699830.24221928,2726910.8188626
3.97892955926269,6700204.00351612,2739088.1918206
4.033420333707,6700638.03517471,2744542.54028893
4.07313829085909,6701026.64939082,2739561.40120646
4.11285624801117,6701415.75290074,2734587.8771126
4.24193302135973,6702948.26215873,2725513.66866765
4.31066547448284,6703689.52704752,2729874.70918516
4.35501447408282,6704339.9385324,2722795.09052775
4.3993634736828,6705012.60474464,2714330.56853595
4.46774746182458,6705863.0210958,2719227.40419339
4.52062518968653,6706462.63798354,2727507.4483235
4.57350291754849,6706895.41586282,2735569.6998173
4.67723675617495,6707823.08066285,2738735.86567849
4.78097059480142,6708532.69762361,2748203.19877231
4.88470443342788,6709788.10792076,2724165.80839304
4.95861550427054,6710486.64064173,2729110.98274942
5.06626795836714,6711385.07816124,2741237.38409375
5.14483567287063,6712182.62002109,2731658.94470611
5.24549769182901,6712794.35451632,2751884.25626036
5.38711079894375,6713706.75733982,2748455.38061094
5.46062268634144,6714105.83861446,2752165.68400513
5.53413457373914,6714425.45485288,2760282.78443117
5.75210995377668,6715225.53166198,2768752.43999092
5.77957026192465,6715377.8520603,2763241.53839535
5.80703057007262,6715528.00990462,2757697.08541917
5.85902585348989,6715707.23924614,2759281.72688831
5.91102113690717,6715852.08033283,2765365.18526168
5.96301642032444,6716129.88541818,2760943.34669589
6.01501170374172,6716436.82494752,2753988.42837759
6.08111751641054,6716775.65096154,2755260.70637903
6.13215697018035,6717009.57193515,2757831.85635235
6.19946128597573,6717190.37218055,2764690.49373145
6.29235004046423,6717598.48590076,2760357.2404088
6.38523879495273,6717719.74019143,2771819.68949514
6.47812754944123,6717972.91760523,2768313.1390306
6.57101630392973,6718434.08777294,2757279.62828775
6.62446416458648,6718708.6389716,2756606.74017511
6.65974677602617,6718696.67123645,2764841.66782548
6.69502938746586,6718686.05850387,2773101.37158822
6.72693907864963,6718709.77190128,2778860.65124274
6.7387234428192,6718887.31517892,2771122.50283222
6.75050780698877,6719062.61991874,2763314.93450587
6.77761506739571,6719465.91213134,2745358.6488968
6.89380430675435,6721207.90966818,2713153.0578184
6.92515850417193,6721683.23022167,2712905.22729412
6.94580223546385,6721800.08334379,2721414.33878104
6.96644596675578,6721919.41251316,2729967.6515346
7.02169399217154,6722238.9965659,2752858.27983013
7.04868533808171,6722413.01442186,2753679.88847955
7.07567668399189,6722586.03482846,2752998.25676404
7.11595006770208,6722842.01703926,2751978.88366186
7.18178228593667,6722997.38689451,2763150.14278119
7.24761450417125,6723134.1968609,2771186.8332617
7.31344672240584,6723320.14260414,2767919.44507235
7.39512613244167,6723292.75558557,2778291.65055759
7.45478946849441,6723387.95036214,2777155.28814805
7.49923023089717,6723581.56324073,2766949.15201376
7.54367099329994,6723745.19978337,2761769.24315571
7.58811175570271,6723865.23245494,2765050.56288456
7.63255251810547,6724012.64403808,2766756.46692696
7.67699328050824,6724351.21959949,2757406.62500479
7.7125435467033,6724621.26917051,2749913.90823996
7.77338236548674,6724958.71904517,2751966.53535348
7.83422118427019,6725292.38027923,2756931.91410573
7.86998681886347,6725666.33406198,2748386.03335463
7.90575245345675,6726038.4267418,2739814.77089262
7.96968328288874,6726556.11301755,2740796.88492092
8.03361411232073,6727006.26212188,2749493.35110774
8.07793010731195,6727394.95788287,2746001.30111686
8.12224610230317,6727782.45102836,2742491.41152135
8.27844503964073,6729537.62661766,2730112.23960066
8.39633810842641,6730892.10588637,2730398.88245683
8.49968138794478,6731752.35826156,2744458.34930524
8.60302466746314,6732514.28662562,2748526.85726039
8.68365259651278,6733083.21456177,2749504.23388426
8.76428052556243,6733776.28143703,2744873.86042134
8.82385309192601,6734435.37210239,2733752.13813644
8.86183414265073,6734732.72229242,2737665.89415385
8.89981519337546,6735005.23665717,2744185.26230522
8.9476621249167,6735413.78239647,2747349.98215093
8.99550905645794,6735918.64746382,2739950.96934937
9.03699543799333,6736328.66508457,2735501.72925819
9.07848181952872,6736546.53807872,2745508.51530486
9.10858890521915,6736703.46548981,2752781.69913869
9.17628182002658,6737157.97983629,2754198.86633058
9.24397473483401,6737698.23574019,2747186.18988579
9.31166764964144,6738411.4688614,2738032.83352941
9.37965910020124,6738972.73405253,2742026.26795469
9.44765055076104,6739467.96495503,2749773.04619917
9.55559130927676,6740239.01808114,2750560.01446442
9.6411551918792,6740748.22180809,2755828.50839599
9.72671907448165,6741428.98699314,2747606.99447027
9.78795920658758,6742101.28850946,2738858.56176533
9.84919933869351,6742713.92343574,2735602.92538349
9.89645281334378,6743019.18002863,2745683.91837038
9.93645784519815,6743290.28387585,2753258.6477679
9.96327240104365,6743576.32533766,2748364.59135417
9.99008695688914,6743861.85257428,2743442.14373372
10.0413132940932,6744376.74040844,2736471.73946457
10.0925396312972,6744759.21984995,2744326.05068446
10.1309654671315,6745025.65782335,2750175.41864987
10.1846337415841,6744979.45632428,2769457.75720625
10.2383020160367,6744960.47489742,2785638.62982307
10.2539105225437,6745128.05943258,2777674.72308423
10.2695190290507,6745291.19062054,2769641.98702652
10.3060166849765,6745672.30942268,2750860.06715056
10.3749093916015,6746267.12264957,2741630.93686121
10.4189506541716,6746600.51514169,2747307.2725069
10.4629919167417,6746768.59892431,2756524.85483617
10.5918877156741,6746690.57617468,2787823.72645243
10.6295116633318,6746557.57182957,2796317.64873587
10.6535775761741,6746649.24836132,2790152.88196266
10.6776434890163,6746786.78902422,2780456.23141497
10.7017094018585,6746925.01491399,2770770.30384057
10.8037864314299,6747027.32176086,2777901.74536287
10.8816554502925,6747119.80654235,2779786.82681384
10.9416422793023,6747284.33629515,2770411.45350858
11.0016291083121,6747452.50365225,2770267.5158063
11.0616159373219,6747571.90247817,2772316.18645335
11.1216027663317,6747626.37680641,2777323.38928442
11.1948863732443,6747602.70587515,2782371.74681597
11.3291066624534,6747735.48221983,2775879.21044423
11.3845681597195,6747659.12311547,2782357.69339133
11.4400296569856,6747582.89358921,2789372.37788248
11.4662199001997,6747747.50037847,2780321.54923219
11.4924101434138,6747910.46619017,2771230.75233315
11.5285340074931,6748134.90162692,2758691.20151953
11.5646578715725,6748089.02477934,2766796.82451751
11.5925957702199,6747986.58501272,2778849.03846899
11.6205336688673,6747883.19327643,2790886.38659419
11.6640311579102,6748015.38995484,2786119.35546684
11.6943201570125,6748233.88165984,2771651.32205895
11.7246091561148,6748454.01709024,2757209.57265273
11.7632940157691,6748461.29666081,2762184.38747158
11.8019788754235,6748336.69580026,2779761.51636686
11.8311449587473,6748241.65174748,2792996.29165005
11.8568225339445,6748290.61359057,2791181.1868389
11.8825001091417,6748387.81901826,2783277.659451
11.9081776843389,6748486.15364168,2775391.09034615
12.0015679945599,6748892.75670346,2763669.147732
12.094958304781,6748897.53099411,2780673.76991879
12.1366981757415,6748773.3715294,2794390.48163738
12.1595595379287,6748875.13294725,2788394.26307385
12.1824209001159,6748998.98991194,2780018.26613595
12.2117619558742,6749158.6839694,2769278.42976968
12.2732571717821,6749278.61925566,2767968.8625103
12.3141802802532,6749245.50860073,2779203.9247285
12.3551033887243,6749268.22242291,2784011.52830986
12.3852663904272,6749348.99618394,2779362.13812194
12.41542939213,6749430.47871352,2774723.92697483
12.541465742622,6749687.05231192,2774488.44247455
12.5952378321853,6749472.71820966,2788133.46531771
12.6490099217486,6749367.29809948,2795216.05539058
12.6732766746083,6749592.8588953,2781354.53728228
12.697543427468,6749815.82365507,2767450.58419842
12.7326277541808,6750137.84810622,2747347.95159648
12.7677120808937,6750334.95599893,2747704.06255003
12.7934431978426,6750458.04309751,2752770.26863921
12.8191743147916,6750580.15883979,2757822.92315368
12.8855916830183,6751013.68573486,2757087.9251422
12.9520090512451,6751460.69726826,2752528.30710304
13.0147779096689,6751694.01813537,2762485.76952735
13.0775467680927,6752046.82359237,2761641.42564972
13.1403156265164,6752479.32142126,2752960.49972955
13.2030844849402,6752950.72245996,2751189.97571941
13.265853343364,6753314.83722725,2754830.17307435
13.3150534833197,6753465.10018889,2764558.55124749
13.3642536232754,6753638.85335047,2768989.16419728
13.4134537632312,6753835.43879391,2766928.55763056
13.4626539031869,6754084.20486279,2763515.37772081
13.5250336216171,6754488.56359974,2756769.53516213
13.6067052321435,6755242.60755831,2745063.09893572
13.7149134661116,6755709.26497493,2766340.84972587
13.7662929410755,6755942.18379456,2770204.2205138
13.8013642079083,6756203.36629124,2761278.27779072
13.8364354747412,6756466.06278091,2752375.84615643
13.9499362012402,6757970.80759361,2723583.10393836
13.9813112441675,6758303.48668037,2728002.19016446
14.0126862870949,6758638.50133266,2732455.9071418
14.102148643406,6759337.08631373,2748240.208497
14.1927932481086,6759969.37911132,2753737.57488781
14.2834378528112,6760529.61796279,2756271.60217626
14.4024838735895,6761044.66370935,2765425.10783454
14.5215298943678,6761438.12482275,2770298.90858049
14.5938454926348,6761899.38866284,2760646.4141046
14.6661610909019,6762523.15793747,2747223.54118595
14.7798247296697,6763684.42918945,2738964.68129846
14.8472831362041,6764362.89729183,2740181.97584487
14.8883587894665,6764519.10144381,2751814.55462032
14.9294344427288,6764674.93859957,2763468.53588634
14.9912992866838,6765035.05054687,2762597.87307922
15.0531641306388,6765458.47897193,2755246.66418964
15.1150289745938,6766055.0848463,2746479.46315372
15.2138556107276,6766456.74158914,2766419.8064514
15.2919536965103,6766762.99196851,2770149.57496577
15.370051782293,6767154.24650123,2762270.36851159
15.4481498680757,6767464.90918951,2767220.25274201
15.5201411404655,6767493.44926574,2778857.37070585
15.5921324128554,6767556.72160622,2781744.22105561
15.7471531665089,6767640.53093038,2783883.30324897
15.8336340592055,6767464.94545888,2792362.57081295
15.9201149519021,6767448.72345216,2786831.66977415
15.9828966088708,6767501.625255,2782401.14606406
16.082485044431,6767589.77684069,2780901.07364617
16.1820734799911,6767627.99459109,2783257.12938991
16.2816619155513,6767733.91791389,2780243.15802742
16.6119007945831,6767644.03056105,2793528.42658444
16.6526100188841,6767532.11597103,2798660.79084757
16.6787004177801,6767640.27785193,2790163.71261264
16.7047908166761,6767746.2328707,2781630.59290562
16.7448267196027,6767908.45170515,2768535.75363161
16.7695696686756,6767897.70314729,2771732.11564647
16.7943126177485,6767870.14181657,2777302.52444379
16.8263519847975,6767833.79411902,2784506.33418539
16.8987740513064,6767841.39357058,2786066.1019757
16.9711961178153,6767846.93775591,2783811.16443531
17.1595320107549,6767650.15835425,2788746.20926558
17.2739523155754,6767800.70430433,2779138.90984035
17.388372620396,6767972.51478715,2778269.88206135
17.46072635186,6768045.14306695,2779543.55635542
17.533080083324,6767757.37819188,2797598.13328036
17.5842010567669,6767865.02804199,2788979.02331926
17.6511265131215,6768213.76075504,2762401.49292013
17.6652548601006,6768170.52190056,2766837.92137985
17.6793832070796,6768125.17957961,2772028.63944944
17.7038833831708,6768048.19746842,2781026.78378072
17.7449513322936,6767917.50995225,2796105.46036046
17.7686399057654,6768054.41833301,2789812.03705608
17.7923284792372,6768269.77718058,2776988.35754715
17.816017052709,6768486.36937345,2764184.46800776
17.8456907032694,6768757.8564012,2748145.85956222
17.8753643538297,6768845.00530803,2752464.91106795
17.8961417323155,6768878.50338848,2759444.40707561
17.9169191108013,6768911.01799759,2766409.86200978
17.9979835209805,6769148.4962991,2773567.33956513
18.0521007678543,6769357.9768226,2768063.04677661
18.1062180147281,6769750.33064443,2760133.06716732
18.1603352616019,6770129.66891563,2753811.04069119
18.2144525084756,6770430.72975795,2757838.22974166
18.2685697553494,6770680.90063877,2762983.69143479
18.3397527624586,6770842.56591767,2773386.73003127
18.3990941986619,6771083.36547974,2770781.34194657
18.4584356348652,6771351.77922347,2765435.79278894
18.5378521589305,6771710.15478106,2765517.2830528
18.6172686829957,6772378.27731455,2752087.49164193
18.6566086168276,6772728.65871744,2745008.71149839
18.6820609989282,6772824.49981852,2751172.00251663
18.7075133810287,6772921.92461921,2757370.11093859
18.7458803816217,6773069.14744025,2766713.70798197
18.7726454631151,6773358.31520884,2760708.39573614
18.7994105446086,6773720.23335364,2749114.03625259
18.826175626102,6774083.06245313,2737534.62898324
18.8604491114007,6774485.31074901,2728077.65017796
18.8947225966994,6774634.6733309,2742052.09503246
18.9190491660299,6774742.15759527,2751993.17362468
18.9990320835284,6775181.25510725,2762805.19058629
19.079015001027,6775671.57366825,2758683.71303878
19.1389194173496,6776032.05247591,2759210.29072307
19.201251437789,6776651.5159539,2748642.32165252
19.2635834582285,6777258.59516352,2740201.10075997
19.2860677485266,6777268.35734189,2750844.342642
19.3085520388248,6777280.51513953,2761526.83858062
19.3486133867237,6777302.59218834,2780560.74706635
19.3743771448663,6777385.30029923,2780894.8055894
19.4001409030089,6777482.68928379,2777194.0838918
19.4259046611515,6777580.88794564,2773504.69099195
19.5329203571868,6778048.2513385,2766722.97902719
19.6399360532221,6778890.00615088,2750498.13794844
19.693534649576,6779271.83804263,2751306.91277819
19.7471332459299,6779620.36966276,2756750.65812402
19.8007318422838,6779864.69072432,2762298.41274732
19.8668435890427,6780180.21004102,2766554.49953319
19.9329553358016,6780659.45752297,2757328.73040916
19.9990670825605,6780904.81500931,2764407.93758433
20.0903282740059,6781150.12352312,2775172.64694643
20.1626548020546,6781432.25716063,2769154.76796787
20.2349813301033,6781608.37651755,2774240.79399019
20.2892049260857,6781733.92801699,2776166.65737344
20.4176711006801,6782003.25563542,2777480.0896501
20.5461372752744,6781798.00387531,2797896.39896605
20.5887242697357,6781702.92949859,2798915.27735198
20.631311264197,6781619.86045754,2796520.35594187
20.6738982586582,6781571.19081706,2793604.37008518
20.7474923883583,6781579.24890166,2787004.31540057
20.8028537026253,6781338.33592655,2796493.20654185
20.8582150168924,6781044.02952935,2809421.04601246
20.8757135483811,6781086.55993659,2803928.45691421
20.8932120798698,6781131.6708936,2797919.60892656
20.9268032177934,6781216.60646463,2786385.25091503
21.004890877818,6781352.77552059,2777892.19730146
21.0829785378425,6781418.19979917,2782460.26415728
21.1407517281523,6781409.15317538,2786014.98982872
21.2278655872956,6781482.27251987,2783455.96090998
21.3149794464389,6781412.74400644,2788837.29272717
21.4302779063843,6781000.98649219,2803090.94966059
21.504200980603,6780989.57653143,2792410.1497726
21.5781240548217,6781070.95735801,2779251.86885527
21.6520471290404,6780711.75927536,2804438.76688086
21.6815260183105,6780763.57363318,2799337.38693915
21.7110049075806,6780890.60056699,2787478.65357885
21.7404837968507,6781018.64944139,2775636.22969111
21.7918266388086,6781052.89057425,2775267.25905603
21.8431694807665,6780972.31631142,2788542.53360854
21.8808587192541,6780941.50941109,2792306.35934372
21.9185479577416,6780932.84017757,2790012.35548212
21.9562371962292,6780924.93517561,2787729.62748204
22.0281561440924,6781124.23441478,2778015.00647516
22.1000750919556,6781138.99665449,2781904.95979775
22.1719940398188,6781006.08011621,2795080.72037785
22.2197786569623,6781018.96418449,2790018.01625201
22.2675632741058,6781013.13106461,2786146.65594744
22.3109227569219,6780862.30941207,2793095.22297745
22.3542822397381,6780712.59670274,2800062.03263007
22.4428267643738,6780294.49259714,2806353.75596615
22.4962986581621,6780390.35936223,2792441.62666345
22.5497705519504,6780691.22081998,2767990.50374439
22.5863195696542,6780721.09068286,2768878.311889
22.6228685873579,6780650.66268109,2781170.74691352
22.6514748633706,6780594.44176902,2790774.61758874
22.7040984418012,6780551.79628667,2792514.87426013
22.7567220202319,6780523.20440103,2789211.34407173
22.8093455986626,6780623.92951095,2783188.58425144
22.8741072370053,6780814.89566207,2774604.15846422
22.9664903848935,6781419.46098642,2757506.02916888
22.9916170647732,6781439.70321144,2763840.24807252
23.016743744653,6781462.68562898,2770218.23545763
23.0836112752973,6781541.31598928,2781857.35609287
23.1362071108671,6781630.37236575,2780051.02323867
23.2231512944144,6781726.3051848,2781421.04650385
23.335452396485,6782047.22520118,2772939.71632285
23.4477534985557,6782814.60251222,2754997.12460088
23.5109534190453,6783142.19893168,2759281.16876052
23.574153339535,6783391.83250984,2769035.77374807
23.6373532600247,6783531.12684513,2774537.55939022
23.7005531805143,6783652.93309137,2777977.59273708
23.7662896081131,6783757.64377647,2779635.60906131
23.8080337323222,6784020.11303116,2771174.14356999
23.8497778565313,6784289.87447217,2762280.19026061
23.9100829266119,6784590.59025732,2762156.83951314
23.9703879966925,6784854.45521396,2767557.69183137
24.0306930667731,6785025.73382401,2771768.32328362
24.1234050488822,6785227.1892059,2777272.00733644
24.2124174175228,6785257.11637451,2784746.83753252
24.2632179965256,6785204.63554174,2790644.46086362
24.2940496769577,6785384.69874652,2782315.37708641
24.3248813573897,6785606.47196556,2771157.4922502
24.3627386883675,6785879.28538484,2757465.20753058
24.3964265139868,6786033.81461099,2758898.90772786
24.4301143396062,6786173.71421115,2763519.43033462
24.4638021652256,6786313.1220299,2768133.11516663
24.6273717877241,6786767.47056191,2775691.60495333
24.7436377455485,6787666.56742346,2749221.9092736
24.8123056078097,6788155.95600667,2750214.7067052
24.8584974660818,6788388.45836248,2762220.92614989
24.9046893243539,6788392.92482304,2775263.93812199
24.9529508891779,6788315.0895567,2789257.65561866
25.001212454002,6788539.01626614,2781331.5200162
25.0470240104099,6788896.68184928,2762289.73859984
25.0782877512928,6789082.35450189,2755096.75357349
25.1095514921757,6789119.5995879,2764191.8935672
25.1408152330586,6789157.39237516,2773294.51356014
25.2070038327064,6789366.97377536,2776622.1211338
25.2731924323543,6789659.88126945,2767499.81117048
25.2926271743924,6789604.70985148,2773765.00407582
25.3120619164304,6789552.23536425,2780074.89866667
25.3640837882923,6789412.37912335,2796964.90970404
25.3932154231422,6789432.75871576,2795166.73778839
25.4223470579922,6789477.77354007,2789775.44068105
25.4514786928422,6789523.39307066,2784393.00826311
25.5109805050095,6789443.52798541,2787921.60489978
25.5704823171769,6789277.80691668,2799177.05746975
25.5863282573584,6789443.24746814,2790720.29880287
25.6021741975398,6789640.31589111,2779970.25048963
25.6228864656773,6789898.89391294,2765933.68979748
25.6420354863021,6790138.08333509,2752956.6747151
25.6611845069268,6790377.18188846,2739979.42756575
25.6685857652566,6790469.59648588,2734963.61576722
25.6724558877988,6790517.92009673,2732340.84469894
25.6747905182136,6790817.74364269,2720047.12880275
25.6771251486284,6791134.26052634,2703356.14305129
25.6794597790433,6791460.48204296,2686817.15561468
25.6837451482638,6792056.0687947,2656422.76610087
25.697287636334,6793938.18200199,2560377.23025709
25.7623640992944,6802982.82958358,2098844.60557418
25.7690221596556,6803908.18204655,2051624.65194113
25.7725105443797,6804393.01406958,2026884.47375579
25.774558659418,6804610.25582938,2022773.49433549
25.7766067744563,6804900.51347158,2023224.69778694
25.7786548894945,6805178.24148665,2023495.05356274
25.782376110649,6805687.02647204,2024039.52267543
25.7943136842024,6807317.97924478,2025773.11636272
25.8540015519696,6815472.6843566,2034444.03479298
25.9866169973435,6833377.53461463,2047854.57893721
26.0444047641917,6841230.11161227,2041138.43351699
26.1021925310399,6848963.23195259,2045213.40379901
26.1462029922215,6854764.39862882,2057054.13891899
26.1902134534032,6860602.06928927,2061778.91379384
26.2218222188536,6864832.35736024,2056306.99887327
26.253430984304,6869063.39940705,2050846.70497641
26.326947964002,6878810.28967219,2052547.03509612
26.4004649437001,6888500.9106487,2058345.26024677
26.4954680523065,6900960.78513076,2061672.04084852
26.6240975856069,6917728.0419564,2064479.02214807
26.7544220856952,6934488.50336836,2076494.69929454
26.8847465857835,6951043.5786678,2083241.47031482
26.9763531114572,6962642.2399348,2082640.4896907
27.0885677707583,6976836.93814944,2081506.42568611
27.1526630188824,6984789.01115062,2092605.1661392
27.2167582670064,6992726.59681122,2096937.96919708
27.3889474012745,7014014.14864261,2095128.40348181
27.4851632909996,7025866.49609733,2095713.7530042
27.5210707636205,7030138.24951932,2106925.46195215
27.5569782362415,7034411.37629143,2118162.04030581
27.6297476430303,7042640.94823511,2153828.68425347
27.7025170498191,7050510.58304262,2193762.44245036
27.7752864566079,7058010.14193712,2232339.91628553
27.797825719152,7060312.66218281,2235029.37794574
27.820364981696,7062611.09811201,2236386.29517629
27.8552667683916,7066163.937713,2238496.75788236
27.9762341023777,7078440.04523858,2241223.22937925
28.0529099045677,7086106.83497895,2248352.02551842
28.1295857067576,7093810.81570779,2246761.48175979
28.2422706180059,7105025.37660387,2252001.59071968
28.32400936351,7113091.82700037,2255385.57933004
28.4057481090141,7121167.70958205,2254067.68033701
28.5152020171343,7131893.9147532,2257572.58513397
28.6577632756708,7145651.23680089,2269258.04512833
28.7266473467829,7152296.50787093,2267406.50091706
28.795531417895,7158959.68874164,2262017.15963237
28.9129951320231,7170183.05629925,2269404.51904642
29.1219881587255,7189830.0235653,2277496.43288219
29.3309811854279,7209295.70528772,2281785.66978494
29.4609987811203,7221222.48735627,2289582.11505191
29.5466564925209,7229081.22740613,2286659.82592864
29.6323142039215,7236865.19521214,2290131.08691776
29.7570418114061,7248079.13367521,2296883.19271937
29.8817694188906,7259198.6185672,2301103.21806677
29.9608043971068,7266261.94742516,2298075.09965464
30.0398393753229,7273236.0066282,2302583.49963359
30.118874353539,7280184.2986751,2306391.62873869
30.2191762159542,7288948.92804101,2307634.98560365
30.3771194399221,7302500.7351361,2320789.8713896
30.4209287963594,7306300.95044929,2316257.36420554
30.4647381527967,7310117.41427692,2309983.14538105
30.5277525759976,7315554.39678624,2309895.65082701
30.603422756295,7322015.44610687,2315289.76965725
30.6790929365924,7328396.37825306,2322952.15980053
30.8238307084083,7340512.39368045,2326028.97765899
30.9367422089027,7349950.08533615,2325329.65168641
31.3534384467806,7383994.88597621,2332550.95939832
31.5349140164539,7398566.16084469,2347092.47554154
31.6311864681498,7406183.06306888,2348941.93134584
31.7274589198456,7413805.2050574,2345883.52882958
31.9340616596022,7429842.82299802,2358188.10765347
32.0756433220412,7440807.23192405,2354093.77349179
32.2172249844802,7451727.05797055,2355250.14792405
32.4015489908123,7465610.72150822,2369686.19037922
32.4387892941046,7468467.33571119,2363312.12965666
32.476029597397,7471323.06271785,2356916.75063126
32.5323603652012,7475502.29641413,2363952.10833428
32.5886911330054,7479649.27313771,2375557.64727185
32.6222239383706,7482167.84077813,2371812.58348164
32.6557567437359,7484685.57110702,2367935.13709303
32.7417455404786,7491068.07806863,2367901.96803867
32.8859125282747,7501589.30913918,2379778.00823977
32.9778043586384,7508245.01667534,2379467.16718859
33.0696961890021,7514879.89313843,2380557.4890196
33.0844092066501,7515929.78851267,2380769.40012005
33.0991222242981,7516603.57879197,2404680.7006045
33.1123974190941,7517036.20853514,2439923.86760231
33.1256726138901,7517465.58414144,2475094.04656506
33.1563543262002,7518452.13299127,2556382.37326473
33.1793634922854,7519193.74354553,2617343.89946897
33.1917230460854,7519348.70875806,2657065.49837846
33.1959787606122,7518894.82509886,2685809.61532014
33.200234475139,7518454.3396446,2714823.24260345
33.2070125124642,7517760.54528932,2761000.96727268
33.226448681568,7515755.56397863,2893412.3508188
33.2491387192534,7513416.36631621,3047992.91667788
33.2718287569388,7511076.88221559,3202573.00987083
33.2824205717941,7509984.85061137,3274731.82687346
33.288694258131,7509338.00696984,3317472.53358055
33.2949679444678,7508842.74093574,3330986.46791288
33.3014195977608,7508277.44413077,3325636.62004095
33.3078712510538,7507730.04832081,3320496.32092699
33.3195962530417,7506732.27124808,3311133.90285052
33.3619932388697,7503121.84070191,3277278.37453155
33.383630358144,7501279.81158191,3260001.27926944
33.4052674774183,7500304.85683896,3213689.22990505
33.4269045966926,7499752.00038912,3151934.64838288
33.443230384405,7499335.73671567,3105374.4795897
33.4905359806883,7498134.77068183,2970468.34637711
33.5165331182289,7498629.35056106,2906030.16321066
33.5425302557695,7499151.20417713,2841807.6716767
33.5620248845861,7499546.00795486,2793651.62188844
33.5815195134028,7499938.68333237,2745493.6169613
33.5895847831403,7500101.18079692,2725569.88553313
33.5976500528779,7499604.51510251,2748322.62486819
33.603784932803,7499099.10150282,2780718.16638422
33.6086585887501,7498688.77374792,2806305.18795762
33.6186249880487,7497843.15243737,2858647.58066287
33.6526496583951,7494969.22986667,3037348.17302346
33.6852870688488,7492211.61842617,3208761.61457359
33.6907643335359,7491748.86346834,3237528.55649033
33.6962415982229,7491537.44064092,3242046.07594468
33.70171886291,7491352.71926273,3227918.81249015
33.7059502893857,7491220.60537084,3217184.74346143
33.7138223403653,7490982.23402479,3197197.54392716
33.7384260522562,7490222.39841156,3134714.89834811
33.781604578709,7488890.87499712,3025063.59874166
33.7915056458724,7488585.48310813,2999919.85639495
33.7975556439369,7488268.06926571,3000349.97253429
33.8036056420014,7487959.58561489,3006606.18031377
33.8096556400659,7487645.90902242,3012788.44313776
33.8254971084231,7486820.38932293,3028983.21178904
33.8849565539664,7483729.60182684,3089776.32389624
33.9068378616196,7482920.2707497,3084214.44844202
33.9220044371099,7482489.19278638,3066310.71076709
33.9371710126002,7482061.22990367,3048471.72398421
33.9750199894108,7480999.90547222,3003958.29126875
33.9922949215715,7480514.2370615,2983639.81601263
34.0030727878584,7480138.970453,2984335.38154276
34.0138506541454,7479768.74521756,2987768.77508165
34.0279011538039,7479284.34017158,2992219.05662866
34.0755232164815,7477639.41702634,3007301.54675803
34.1226271388896,7474863.99643574,3066810.93387902
34.1503283612426,7472771.28098209,3120558.90543617
34.1780295835956,7470677.32905923,3174261.34664909
34.1899480581038,7469773.95056781,3197363.88554342
34.201866532612,7469153.89337704,3196182.61603671
34.2137850071202,7468671.02950503,3176196.65546726
34.2224517664949,7468323.88316599,3161742.06641382
34.2430562651348,7467505.42705634,3127379.99748722
34.2762902342998,7466180.75610514,3071950.4589318
34.2937010406885,7465487.0043093,3042912.13554041
34.3047327681371,7465040.46435782,3038392.30422339
34.3157644955856,7464615.38034623,3037794.25422732
34.3267962230342,7464188.42841317,3037169.86525399
34.3645205644191,7462725.56523724,3035034.16811626
34.394659846235,7461557.68967278,3033329.08507585
34.400680481221,7461685.48152001,3015816.9443843
34.406701116207,7461871.94857448,2992735.74471421
34.412721751193,7462062.90364167,2969727.98091987
34.4285277060704,7462568.29853157,2909318.22144367
34.4884674217237,7464477.32893851,2680224.34800523
34.4937321334851,7464645.13215389,2660102.403491
34.4989968452466,7464462.51545196,2664514.67025944
34.504261557008,7464168.57269812,2689680.17689815
34.5082367841439,7463935.58340057,2708478.94116296
34.5153479972555,7463512.8506282,2742137.78261199
34.538204834267,7462167.95239897,2850327.13186533
34.5663564762667,7460510.19727871,2983577.32904463
34.5945081182664,7458852.63058809,3116827.73718912
34.6024376231028,7458649.39020025,3119731.46313586
34.6103671279393,7458460.4999414,3105424.95048958
34.6163445738409,7458325.62548518,3094758.70354009
34.6293313236935,7458039.50711721,3071578.20608101
34.6749510378302,7457022.24501243,2990137.9942924
34.6886086359278,7456718.00035198,2965756.95147003
34.6958262625981,7456557.15390903,2952872.21938155
34.7006381343556,7456234.97457881,2958727.87393674
34.7054500061131,7455898.4609963,2969985.9146148
34.7102618778706,7455555.94665082,2981155.83285144
34.7222283081991,7454700.73817275,3008946.04535895
34.7654544973254,7451619.02959765,3109338.74164428
34.7856482062837,7450178.99218482,3156237.88215097
34.7945965850721,7449540.92801857,3177020.26739948
34.8035449638604,7449212.37184781,3172812.85587891
34.8119630674492,7449005.76472482,3153395.86237732
34.820381171038,7448806.03979411,3134106.36998056
34.8380477389223,7448395.33338503,3093623.69029563
34.8970379247424,7447011.3048169,2958434.01574281
34.9027309246498,7446813.53689269,2957789.92725867
34.9084239245571,7446638.55338365,2960092.47495143
34.9157971595587,7446407.1950313,2963016.68122952
34.9364111081722,7445756.63254136,2971196.04872475
35.0271030792035,7442503.14697961,3015055.03313075
35.0937946296026,7439461.12815552,3060269.30524364
35.1186641303726,7437721.25865877,3091644.20019275
35.1435336311426,7435786.41682782,3127983.46128865
35.1684031319126,7433851.41297529,3164310.04305008
35.1851852536653,7432544.85306765,3188822.50242881
35.201967375418,7431346.2545243,3207096.00196756
35.202743167701,7431410.75775487,3203778.41059085
35.2035189599841,7431421.75941285,3199666.77587374
35.2045396682711,7431446.4066443,3194461.28115932
35.2065469853171,7431494.42465341,3184166.94726478
35.2122569087428,7431630.19369729,3154897.48697382
35.2376993521576,7432237.68266139,3024478.43594614
35.2648161609077,7432884.61946329,2885475.72624113
35.2919329696578,7433531.67981598,2746473.22047983
35.3006786843136,7433740.3903851,2701642.16468698
35.3018315106226,7433604.05504996,2703138.71758551
35.3029843369316,7433505.43909359,2709357.8536089
35.3041371632407,7433412.50026851,2715362.08187132
35.3061752489558,7433246.227899,2726046.01526119
35.3115477360777,7432807.40260909,2754191.24030868
35.3346975679296,7430914.28403489,2875469.50559426
35.3577532890396,7429029.36482411,2996255.32133851
35.3808090101496,7427144.29168526,3117040.87100443
35.3929950042892,7426147.97234741,3180881.56986529
35.3990044124927,7425656.64024248,3212364.00905848
35.4028308842031,7425439.84447361,3226068.96136676
35.4066573559135,7425408.90355495,3214521.05987146
35.4094222652466,7425363.89175601,3205931.48850948
35.413818790935,7425290.53084564,3192314.1055469
35.4260348213689,7425098.32319247,3154483.2872463
35.477468710054,7424284.14063007,2995194.50596773
35.4922974594053,7424049.5840449,2949270.75442681
35.5006823869444,7423916.91229024,2923303.0589215
35.5090673144834,7423599.47332341,2922726.91006338
35.5174522420224,7423275.93625656,2932664.46938878
35.5258371695615,7422946.47634439,2942510.00545632
35.545494090019,7422168.36491504,2965594.61224515
35.6189746366223,7418707.95713283,3058692.97709029
35.6758007248958,7414470.38619575,3149717.78625314
35.6928037814794,7413202.31671664,3176955.3543141
35.6996246264796,7412693.82528703,3187882.35020945
35.703311691566,7412418.87880726,3193788.94127995
35.7056506070464,7412527.70158946,3184644.56720606
35.7079895225267,7412644.34490047,3168478.55379945
35.7103284380071,7412773.20245001,3152521.97485786
35.7144327751778,7412999.971969,3124477.5954322
35.7261198509079,7413638.49198958,3044622.09404425
35.7759023531076,7416362.59145118,2704473.87152872
35.8041709339654,7417886.1158569,2513578.65621639
35.8045375879381,7417779.72662083,2514482.32899447
35.8049042419107,7417734.25501565,2517044.99346108
35.8054844447003,7417698.31688588,2520810.03562506
35.8070172818651,7417593.59212129,2530818.47014871
35.8109659609307,7417326.20642541,2556589.53367774
35.8215006678842,7416611.8069526,2625346.05193518
35.8602219061092,7413986.55669509,2878066.61321507
35.8970387002356,7411490.39079352,3118357.45007352
35.9022637937564,7411136.13551369,3152459.87930278
35.9074888872773,7410938.48600723,3161067.5958549
35.9127139807982,7410689.27730294,3155378.47527931
35.9179390743191,7410453.16206905,3149882.87886283
35.9280600509178,7410003.00728747,3139222.5244523
35.9579285757134,7408661.3348774,3107747.94619536
35.9983803247144,7406845.68882785,3065124.00136449
36.02129542697,7405791.05279393,3058641.01874429
36.0442105292256,7404743.57631665,3059545.06048931
36.0671256314812,7403694.8851275,3060427.7009844
36.1052373142403,7401935.50545876,3062287.53419602
36.1113189259991,7401412.8434371,3072622.34313057
36.1174005377578,7400896.12029849,3083142.86517392
36.1290862718372,7399911.70692391,3103346.33859898
36.1645596545571,7396909.58543545,3164661.84184024
36.1921577013719,7394574.73586777,3212366.53330896
36.2024645597471,7393702.69015189,3230182.35996669
36.2127714181222,7393816.62389282,3190979.60730016
36.2190554936013,7394114.38509147,3147695.67128967
36.2253395690804,7394430.03319587,3104644.60597655
36.2365589417712,7394989.61045803,3027757.55940056
36.2724652235932,7396779.11392472,2781689.12106942
36.2996119029441,7398132.8161798,2595652.05673837
36.3042462219389,7398363.88397096,2563892.88104919
36.306586583678,7398480.57676082,2547854.2888262
36.3079477858356,7398355.25316927,2548782.58134439
36.3093089879931,7398280.41912439,2556511.50526626
36.3106701901507,7398211.11008695,2563967.20268829
36.3128569019421,7398095.19958864,2576020.39392567
36.3183474963262,7397804.06735387,2606264.98864706
36.3413809263601,7396580.38657585,2733145.50066117
36.3727353719842,7394915.28203128,2905863.21503776
36.4040898176083,7393250.01911883,3078580.65695489
36.4140148497159,7392432.87634217,3109415.01008532
36.4239398818235,7391428.91047547,3129676.63469772
36.4338649139311,7390431.08633452,3150014.08839045
36.4581178599391,7387998.18624766,3199712.30824812
36.4809870139142,7385701.79303427,3246571.33408757
36.5038561678892,7383405.73784155,3293431.33589611
36.507784675391,7383011.31680359,3301481.03957418
36.5092013324841,7383040.87465899,3297339.964277
36.5106179895772,7383025.55210678,3290870.36882387
36.5120346466703,7383022.36599061,3284562.11376221
36.514812344864,7383013.00549683,3272142.00178179
36.5227888627377,7382983.61800749,3236483.86870855
36.5575440767614,7382858.64351115,3081118.21094441
36.7313201468798,7380820.09401211,2916982.68695844
36.9510605600999,7369263.13673168,3009485.25880867
36.9523238771584,7369127.70964794,3012502.33712633
36.9535871942169,7369045.23144317,3016190.63220907
36.9551501158538,7368932.35241415,3020603.16784817
36.9581731126942,7368713.00046759,3029175.16545071
36.9673391364902,7368049.47556236,3055160.07862607
37.0091275858216,7365021.86445298,3173624.00918337
37.0145979731235,7364902.32681228,3169140.40206317
37.0200683604253,7364836.39978692,3153006.41854274
37.0255387477271,7364779.38199072,3137022.11167308
37.0370551080756,7364665.22006409,3103359.34713907
37.0732695313763,7364295.50982973,2997491.29718006
37.1127133981076,7363920.33462441,2882800.78982262
37.1259063074247,7364279.51420992,2855652.60073753
37.1390992167418,7364648.18694319,2828591.51931256
37.1693820212939,7365500.20387207,2766476.66687173
37.1862250131022,7365972.56236499,2731927.34195016
37.2030680049104,7366445.19996629,2697378.54329556
37.2098834497959,7366636.44893757,2683398.51747038
37.2127389091644,7366716.5753928,2677541.3207627
37.2138396934484,7366579.69600691,2681416.96883808
37.2149404777323,7366458.59275004,2688656.1836026
37.2160412620163,7366342.11326561,2695713.5095517
37.2181141673525,7366122.80093812,2709066.59125681
37.2238577145833,7365514.3758716,2746048.27850094
37.2494433825894,7362802.12901589,2910791.35685111
37.2762958279704,7359956.02553182,3083691.58532689
37.3031482733515,7357109.77936874,3256591.50693227
37.310974297746,7356280.29467819,3306982.52570738
37.3155429816631,7356135.44230031,3310658.69255712
37.3201116655802,7356059.80052474,3291026.97069559
37.323341941387,7356020.16112513,3277387.55504204
37.3285842407349,7355960.66775368,3255219.9831979
37.3438706499657,7355773.75162085,3190568.96219424
37.4097468615469,7354973.04765603,2911966.13141111
37.4231138975726,7354391.21864498,2910391.44117697
37.4316092582921,7353963.45229096,2926549.02783187
37.4401046190116,7353526.32155169,2942558.14398831
37.4570955808964,7352644.47062579,2974581.51124017
37.5144683241823,7349678.96850117,3082726.03631986
37.5187225991572,7349635.94367189,3077255.06968022
37.5229768741321,7349574.09261797,3069299.24835778
37.5282352388917,7349504.43695516,3059540.94795969
37.5422827558402,7349321.1139406,3033463.21716198
37.5977667135103,7348590.46344671,2930456.30923658
37.6449474594389,7346863.51589133,2949116.04496286
37.6584457355608,7346209.72971948,2972249.71870494
37.6719440116828,7345550.71118353,2995287.90868744
37.701930090283,7344079.80550081,3046463.65945924
37.7135330347198,7343511.89442434,3066267.7427615
37.7214858502441,7343298.8611176,3063825.70822137
37.7294386657684,7343119.64560336,3053572.30595011
37.7373914812927,7342944.71543994,3043389.43962491
37.7578843494393,7342498.0965768,3017147.12321812
37.8072233700147,7341418.36114847,2953960.31177289
37.8404669931034,7340984.08623791,2926261.42652441
37.8737106161922,7340684.60663706,2904884.2711881
37.9069542392809,7340384.16554162,2883494.55278806
37.9343015368658,7338968.28546551,2929310.33478699
37.94478667613,7338190.51865151,2961381.54695316
37.9552718153943,7337408.20285812,2993351.31034766
37.9786450501122,7335657.85691117,3064617.8658692
38.0117942942199,7333179.3174335,3165696.95416365
38.0177258045365,7332735.73391935,3183783.1792066
38.0202495356359,7332633.83846875,3182955.67296477
38.0227732667354,7332490.82597261,3180481.85377225
38.0258616157154,7332325.86444931,3177552.07075546
38.0330202196425,7331943.99694397,3170742.5444367
38.0598032198163,7330509.6694313,3145260.94213033
38.1016302972764,7328270.60214332,3105467.9044953
38.1434573747364,7327127.9054361,3038333.46137522
38.1852844521964,7326678.37686929,2953355.81202082
38.2151430047884,7326357.7757602,2892713.84993495
38.2260399797238,7325970.64829874,2895738.07617477
38.2369369546592,7325493.90618175,2913353.26540038
38.2455493044265,7325112.8781712,2927200.36159867
38.2667365826833,7324170.83152745,2961268.02546061
38.3003405364439,7322679.91970502,3015304.14097611
38.3177529480776,7321907.2261018,3043303.52032737
38.3287139351673,7321439.00803772,3046977.17385575
38.339674922257,7320952.75183363,3046784.52927901
38.3506359093466,7320468.45015926,3046618.37432936
38.3882364414233,7318809.36400002,3046048.60076176
38.4337378749198,7316561.01124688,3052969.30643779
38.4792393084163,7314032.87299742,3079983.32384714
38.5017919118372,7312731.99785098,3093321.68171296
38.5167782529105,7311874.03966883,3102195.19814478
38.5317645939838,7311630.96559814,3076862.36469681
38.5429356504535,7311597.30522464,3047501.26452421
38.5541067069232,7311567.15906101,3018207.75596853
38.5822213106416,7311496.04911315,2944484.26919875
38.6012221440285,7311446.56779853,2894657.45000601
38.6202229774153,7311397.33405076,2844831.20410062
38.6245785089699,7311183.73168813,2849885.64667578
38.6289340405246,7310985.47558615,2859289.74537571
38.6332895720792,7310779.76628554,2868603.52874577
38.6438897704933,7310277.50114028,2891285.94818925
38.6828985317021,7308434.97340829,2974761.41622432
38.8779423377463,7301141.31151477,2959644.47900094
38.9235041315991,7300773.35139273,2868866.20285727
38.9253734186362,7300671.36452967,2871137.85266697
38.9272427056732,7300606.59718396,2873869.89242907
38.9297705694012,7300513.77249082,2877472.36113479
38.9353846407355,7300302.88741875,2885489.45369507
38.9568291241586,7299500.62753965,2916113.50286605
39.008742801223,7297557.33147351,2990247.81914265
39.0606564782875,7295016.02654381,3039471.34071531
39.1125701553519,7292211.70161041,3078193.9070863
39.1207303271749,7291770.98992705,3084281.90770864
39.1256376186762,7291588.71936456,3084292.119822
39.1277506571551,7291727.78131152,3073326.00111645
39.1298636956341,7291829.56256764,3061872.63982101
39.1326593906365,7291967.36713029,3046805.1828906
39.1387562012121,7292274.8436096,3013936.29084449
39.1614903967384,7293417.59284029,2891369.09524681
39.1834587273567,7294522.40047354,2772931.82172203
39.205427057975,7295627.06511619,2654494.3146399
39.2171067964505,7296214.3926059,2591525.5599624
39.2221532736272,7296468.15790763,2564318.58259835
39.2248980155208,7296606.17789236,2549520.90429946
39.2256794295899,7296501.55909874,2551259.39971709
39.2264608436589,7296460.66638727,2555527.90692962
39.227242257728,7296419.80377913,2559554.34647606
39.2287261500409,7296346.50789365,2567289.08890313
39.2327364399772,7296146.47450629,2588168.08435115
39.2480088940331,7295383.80698886,2667686.5690397
39.3219210438362,7291694.19606185,3052522.57973132
39.3296096510385,7291340.20217301,3070233.94094251
39.3372982582408,7290905.88362645,3071818.06653078
39.343336332616,7290572.59937614,3073176.82201309
39.3567027745424,7289839.61593074,3076176.89717778
39.4046556850042,7287200.58249698,3086929.12763152
39.4701650624869,7283741.91687522,3084913.27477897
39.502328463602,7282072.96551012,3080188.18544461
39.5197271913942,7281170.34555432,3077636.07097656
39.5371259191864,7280859.64958698,3049318.12129335
39.5574402136158,7280860.26991303,2998694.23689701
39.5777545080452,7280859.15122579,2948125.83024432
39.6115174803127,7280861.13276696,2864082.98873793
39.6225014323777,7280861.17210078,2836740.91904788
39.6334853844427,7280689.60873095,2834474.41027312
39.6444693365077,7280492.00334354,2844633.15905118
39.6554532885726,7280289.38817833,2854711.01180842
39.6817838915523,7279799.04318561,2878871.16748384
39.7891480913211,7276157.73381153,2997077.55231913
39.8105886738711,7275190.93556108,3023567.94082312
39.8232670234014,7274619.35598257,3039226.53456815
39.8359453729317,7274500.58796544,3025303.14554205
39.8487715412513,7274592.51965165,2992501.86847484
39.8615977095709,7274689.61288385,2959802.16693384
39.8896659139379,7274908.41782327,2888245.28284681
39.9969068811711,7275085.63720891,2819487.79743674
40.0090437854039,7275075.40548811,2825274.28139218
40.0211806896367,7275059.72643656,2830977.21677512
40.040064254965,7274394.08571295,2863500.34942004
40.0589478202933,7273310.67009301,2913287.62904617
40.0728522265297,7272511.2603678,2949900.73158695
40.1113677247269,7270292.99461847,3051317.43526084
40.124924090163,7269512.77095807,3087014.02459774
40.138480455599,7269081.36363402,3086704.35350875
40.1504205333317,7268818.50828241,3066549.451868
40.1623606110644,7268562.33959322,3046511.24041279
40.1874085863459,7268031.84405047,3004477.37707326
40.2293539796381,7267138.48266951,2934080.75617635
40.2387799897414,7266911.9465816,2933251.60277307
40.2482059998446,7266702.54399244,2933746.23561974
40.2623740795598,7266385.55873931,2934467.39587516
40.3131097860765,7265248.59548269,2937049.62652598
40.3344022969618,7264598.9213288,2943520.91464123
40.3484748926101,7263808.85537466,2967004.06260018
40.3625474882583,7262978.67666535,2990528.15818373
40.3965675497751,7260977.60311873,3047398.96380927
40.4274160053694,7259161.19869206,3098965.37402691
40.43714643899,7259280.86473118,3074424.52694496
40.4435900095391,7259546.59197082,3041312.61923953
40.4500335800882,7259826.59607897,3008396.05537425
40.4622779254157,7260365.23276563,2945834.72918597
40.5001521346814,7262019.63976141,2752307.69910497
40.5256810087371,7263135.30386058,2621862.94418059
40.5300193298035,7263324.88017407,2599695.42537038
40.5317507835555,7263400.54157472,2590848.21674664
40.5327971553828,7263279.77250986,2592815.45212575
40.5338435272101,7263203.51576232,2598906.10787311
40.5348898990373,7263129.99142431,2604770.66190015
40.5367606016206,7262999.58767683,2615331.28850561
40.5417181601808,7262652.77490125,2643297.23306525
40.562922626896,7261168.01410902,2762916.52154387
40.5855925509751,7259581.03847669,2890803.15469175
40.6082624750542,7257993.94410765,3018689.59536591
40.6255637869023,7256782.72419008,3116290.46276793
40.6428650987503,7256354.76744381,3121633.20564429
40.6488395615339,7256302.42602051,3103753.27110818
40.6548140243174,7256271.57768028,3086131.10850225
40.6652282913191,7256213.15254931,3055384.26449103
40.6978244525706,7256029.38005246,2959148.19173422
40.7313876707295,7255841.00809852,2860058.57765992
40.7369945499751,7255583.65579636,2863169.14460337
40.7426014292206,7255307.91525173,2875206.96976493
40.7482083084661,7255024.28735034,2887126.39474066
40.7609670501014,7254375.53105679,2914262.89683089
40.8053813218977,7252124.61015366,3008734.0950842
40.8212933102401,7251317.94868832,3042579.16396993
40.8302899809518,7250861.90730756,3061715.32908437
40.8392866516634,7250716.55351421,3055118.75701392
40.8482833223751,7250644.33969876,3036592.51006917
40.8572799930867,7250577.90778579,3018161.86932511
40.8779749198702,7250429.89270495,2975763.75723882
40.907257565355,7250217.23313573,2915767.64120686
40.9365402108399,7249956.33739601,2864857.00507083
40.9436166181576,7249811.18438764,2868570.98057709
40.9506930254754,7249678.38112792,2872458.23052858
40.9644417213926,7249426.09605372,2879999.70866721
41.0094588944282,7248589.26142064,2904682.4653099
41.0570222100344,7247728.77023201,2917397.13881134
41.1045855256405,7246877.30370927,2915672.71774884
41.1231213976174,7246545.9114393,2915008.41261249
41.1323252558121,7246381.7008524,2914679.16550054
41.1385198935804,7245902.04706285,2929377.32433385
41.1447145313488,7245324.79077532,2950244.0952763
41.1509091691171,7244743.48002223,2971036.00141907
41.1670989937238,7243221.36023192,3025383.80740971
41.2292162628199,7237386.95488538,3233912.38364317
41.2332000832145,7237012.69926899,3247285.94226509
41.2358197603403,7237023.26916322,3242403.36646788
41.2384394374661,7237037.65078123,3229901.23299599
41.2410591145919,7237064.37641562,3217601.72474061
41.2457218832898,7237112.18098504,3195671.3918207
41.2594139847312,7237246.20558938,3131271.27308205
41.318624755044,7237829.15131332,2852782.78383153
41.3630775921477,7237831.30541276,2794490.09494134
41.3702509814484,7237816.24871487,2799602.7167884
41.3774243707491,7237790.67400778,2804558.06190542
41.3918233776988,7237734.28625402,2814516.01207948
41.4408667349837,7237458.60355127,2848814.606705
41.5428250572517,7235296.64184946,2929439.04893046
41.5708349549618,7234022.50877301,2963339.09145495
41.5988448526718,7232744.82054784,2997263.05871881
41.6251225454014,7231547.76571117,3029090.96291798
41.6514002381311,7230718.46526449,3026488.42721121
41.6683318190275,7230323.20916948,3008746.35486717
41.6852633999239,7229931.6195476,2991071.3796291
41.7270459103741,7228970.00615394,2947457.99026307
41.7704838252878,7228412.47760968,2916345.44055131
41.8139217402015,7227977.87457665,2888995.38893143
41.8320003497611,7227796.7982836,2877610.28500882
41.8420151177412,7227241.55422945,2893484.56717357
41.8520298857213,7226441.61628769,2925028.55777283
41.8598463234493,7225813.15926897,2949562.86045079
41.8784768653282,7224311.06303057,3008044.71294154
41.8984811303261,7222700.38663282,3070841.28155779
41.918485395324,7221089.4394174,3133637.30068269
41.9292989204846,7220218.63741205,3167582.40583564
41.9343929291098,7219808.4210034,3183573.18195159
41.9375134465733,7219658.24920361,3188831.48558035
41.9387289741474,7219774.37531101,3181292.8538643
41.9399445017215,7219831.16208005,3173039.66142417
41.9414266915558,7219913.36590825,3163135.63472407
41.9442255652521,7220067.9882787,3144394.00569682
41.9524324011736,7220520.70662523,3089446.98580484
41.9891620720047,7222548.81741138,2843534.31750414
42.0175336026621,7224115.15008379,2653580.66293194
42.0259755324283,7224581.23920282,2597060.12868057
42.0344174621946,7225047.32183525,2540539.58551199
42.0373432345362,7225129.11511637,2525112.9513639
42.0378703437306,7225016.97530807,2527688.47213215
42.038397452925,7224970.61602836,2531500.70419626
42.0390965941123,7224909.68262983,2536273.78209586
42.0405661665042,7224782.19035533,2546387.13870433
42.0448831733592,7224408.01137432,2576074.61042176
42.0580880777185,7223262.53135561,2666886.09719305
42.1110166100213,7218672.01571362,3030881.20570186
42.1232190258398,7217613.71324011,3114798.51572908
42.1354214416582,7216555.36559182,3198715.76057875
42.1377092114147,7216356.95460911,3214449.01534165
42.1390429942624,7216387.93964972,3214842.35868015
42.14037677711,7216340.81885133,3211138.90232805
42.1417105599576,7216307.65232624,3207660.77722409
42.1440689665245,7216245.1630764,3201443.52872999
42.1502404477382,7216079.96549651,3185186.98199857
42.1760960254429,7215390.25121659,3117081.55592962
42.2266315078376,7214041.47962539,2983966.09584049
42.2513461980234,7213556.72679806,2944390.57418896
42.2679204550084,7213366.04254982,2932821.65937273
42.2844947119934,7213170.72264744,2921188.57281586
42.326234142714,7212674.71715079,2891890.23554338
42.3722037138142,7211819.74705647,2897148.66694472
42.4181732849143,7210861.09964219,2917046.85405069
42.4384997539856,7210436.77130617,2925836.52019505
42.4506483433291,7210360.47621387,2918081.78831664
42.4627969326726,7210285.9853268,2909638.31554786
42.484391601953,7210144.04063698,2894630.8363799
42.5195942596518,7209919.67915091,2870174.01973309
42.5377272406479,7209803.89323861,2857575.75774225
42.5489380683973,7209542.9564141,2864138.94529755
42.5601488961467,7209252.98982357,2874619.33899307
42.5713597238961,7208961.31530383,2885072.94704883
42.609992790555,7207954.42492365,2921097.44372218
42.6712973047065,7205938.09878892,2969282.98390961
42.732601818858,7203480.18418036,3008180.85159507
42.7612992719293,7201488.19634702,3049759.04897368
42.7899967250007,7199098.52302129,3102971.94318479
42.818694178072,7196708.15931487,3156158.03470808
42.8327633301212,7195535.22088924,3182231.3479219
42.8400634477319,7194926.99682006,3195760.70041759
42.8473635653426,7194708.1596469,3184635.38725406
42.8546636829533,7194568.45970136,3163726.91080322
42.861963800564,7194435.01980329,3142918.21534046
42.8788619688029,7194130.08815209,3094746.26747288
42.9384523971445,7193047.62585871,2924860.13709114
42.9763685449005,7194098.05057161,2822687.55974947
43.0142846926565,7195391.73013086,2721343.57684842
43.029813868154,7195924.76037079,2679839.94452314
43.0400737614,7196275.25688711,2652417.0742252
43.0503336546461,7196287.86092073,2659216.69130703
43.0581781838927,7196247.54037545,2675583.24375956
43.0660227131393,7196200.1985547,2691842.51538667
43.0837619051306,7196089.6381941,2728619.19622591
43.1523348136468,7195166.85101125,2876336.84363717
43.1778046594875,7193474.84626264,2946144.25220335
43.2032745053283,7191781.78698408,3015990.31845156
43.2261968284277,7190259.86028331,3078852.26777763
43.238520712669,7189441.07298134,3112648.4526612
43.2508445969104,7188852.16184563,3119895.14325725
43.2602134717608,7188481.59641637,3108398.15253398
43.2673101256572,7188206.93594373,3099787.40514879
43.283548329755,7187582.54985084,3080080.84121909
43.345198969185,7185218.95218283,3004912.87774238
43.3527246695811,7185393.60637304,2982981.22714372
43.3602503699772,7185562.99325319,2960860.89078037
43.3743303979586,7185873.17326044,2919484.44702969
43.4191706707847,7186872.19496154,2787726.32389773
43.4334643829434,7187190.41909081,2745725.42748685
43.4427930892446,7187398.15860015,2718313.86276755
43.4521217955457,7187084.26065235,2730276.78938548
43.4585982977236,7186749.05816788,2753946.14499368
43.4650747999014,7186403.05930294,2777440.24179881
43.4777921427252,7185719.19119833,2823588.65966271
43.5200856602428,7183454.13631205,2977069.89939588
43.5378010147613,7182505.12550291,3041357.62669793
43.545099785483,7182114.16021416,3067844.39308552
43.5497626057229,7181919.6916324,3070771.21097193
43.5544254259628,7181685.36042057,3069711.35126854
43.5590882462027,7181457.57437943,3068725.43100917
43.5713148154552,7180861.30330027,3066129.01714506
43.6170237350995,7178627.75983174,3056416.7309304
43.6408918156857,7177461.69845379,3051345.76396491
43.664759896272,7176935.51933532,3021793.30168052
43.6815267493519,7176679.03642757,2996191.50101778
43.6982936024319,7176423.46231268,2970609.96929342
43.724988860605,7176017.58387012,2929881.25620935
43.7410875550858,7175772.5137699,2905319.1966406
43.7571862495666,7175152.58670537,2911691.39198991
43.7707875392159,7174488.76057894,2932855.90117753
43.7843888288651,7173819.94850944,2953937.81836984
43.816333664722,7172244.70074546,3003450.8748711
43.834648671205,7171342.68136188,3031840.09317746
43.8439196572777,7170885.99012904,3046210.31820012
43.8531906433503,7170804.25691361,3035738.12257726
43.862461629423,7170849.3683166,3012031.67742201
43.8717326154956,7170900.27424309,2988426.80904194
43.892627026677,7171019.33160135,2935224.8251785
43.9175650270441,7171158.88333073,2871723.46636762
43.9425030274113,7171298.71101805,2808222.75542053
43.9544271247886,7171095.16513671,2804650.57001494
43.9624590496027,7170863.07861633,2818529.66382523
43.9704909744168,7170622.25962655,2832264.11291547
43.9869103294542,7170125.29510314,2860349.22467818
44.0446427467271,7168386.59443987,2959108.5319704
44.0674642304816,7167374.37916723,2979908.77695999
44.0902857142361,7166292.59487528,2997427.28525584
44.1182035311558,7164970.32611287,3018870.03186877
44.1360947562981,7164123.39627431,3032612.31511295
44.1447295811387,7163714.4989077,3039244.51959629
44.1533644059792,7163782.78888397,3021188.15625141
44.1617704126402,7164063.71375326,2987880.09826369
44.1701764193012,7164351.44273684,2954703.16443287
44.1877810253171,7164958.91694072,2885215.774168
44.2494975481345,7167044.10110472,2645255.4333754
44.2500617630891,7166971.84633435,2646323.08658111
44.2506259780437,7166952.60832831,2648421.88015415
44.2513904303867,7166925.16693616,2651015.5684773
44.2529979391175,7166868.99632421,2656542.33495634
44.2577441718903,7166703.20327551,2672840.99478143
44.2758706183717,7166068.98083585,2735090.61274741
44.3085896424757,7164924.61075785,2847454.16262721
44.3413086665796,7163780.16405814,2959817.59845508
44.3495607034023,7163509.93147574,2985823.4401882
44.3516416930359,7163511.79715654,2984340.9919135
44.3537226826695,7163474.68077933,2982399.8565973
44.3565313954183,7163430.10744815,2979864.36526737
44.3628183817225,7163334.70809677,2974177.42954032
44.3868051725246,7162968.00056235,2952477.76031187
44.4209152148617,7162447.08255502,2921621.12873701
44.4397064910882,7162160.05194242,2904622.04150094
44.4492668948735,7162014.02261291,2895973.45263395
44.454538296313,7161609.31911747,2907800.86750381
44.4598096977525,7161191.07538291,2922874.08745545
44.466266516485,7160673.12374687,2941264.58379152
44.483349750319,7159300.61272277,2989928.51808121
44.5122150794369,7156983.69294402,3072158.05010492
44.5410804085548,7154666.53265605,3154387.08576034
44.5498067793168,7153966.03564684,3179246.04046163
44.5508029946512,7154080.02978852,3175202.40067404
44.5517992099856,7154142.93213239,3167837.27864442
44.5527954253199,7154209.95981748,3160694.81109574
44.5545652267763,7154328.74796405,3147933.84607416
44.5590918997981,7154633.84921218,3115314.31649517
44.5772600482544,7155859.52707832,2984391.87655461
44.5993824476289,7157351.54539767,2824973.74577306
44.6215048470033,7158843.65919274,2665555.81902676
44.6463896460174,7160522.11679822,2486231.60397463
44.6497481239139,7160748.64865989,2462029.83903331
44.6531066018104,7160630.9430683,2463212.17866183
44.6564650797069,7160518.91359572,2482346.92330535
44.6589021127452,7160416.85947913,2495963.30019665
44.662693996013,7160259.93347679,2517209.16525613
44.673328667949,7159825.18267861,2576783.93206459
44.7206934249464,7157886.11884093,2842118.3133584
44.7367888993644,7157227.31065136,2932284.29826015
44.7468057480682,7156817.27255201,2988398.08483878
44.7568225967721,7156652.19455366,3004722.44665747
44.762115982911,7156578.61654697,2997155.05196547
44.7674093690498,7156520.72667574,2989813.82797224
44.7772108633759,7156417.61876847,2976199.87623794
44.8062264399537,7156102.56442978,2935887.34406325
44.8315591189807,7155828.13684769,2900692.94628688
44.8461776295896,7155669.70981243,2880383.48963624
44.8607961401985,7155183.83650451,2887097.35206588
44.8754146508074,7154578.37758195,2907706.58381429
44.8869857919976,7154096.08381123,2923966.20641496
44.9181430174195,7152794.44034746,2967747.91921174
44.9410332201213,7151839.07999512,2999914.18621667
44.9555099604406,7151340.11409587,3011444.56109888
44.9699867007599,7151112.49226308,2994604.88425894
44.9844634410791,7150881.40596529,2977714.27059898
45.0238137310704,7150250.24835582,2931801.2060113
45.0451702190443,7149908.39772232,2906884.07160308
45.0665267070182,7148891.87902233,2926050.83068038
45.0815905134569,7147935.65274764,2958127.34289599
45.0966543198956,7146975.39107985,2990116.81684269
45.1310517757584,7144777.96942133,3063160.51318771
45.1437160052239,7143969.73221618,3090054.76566271
45.1506752314107,7143525.49994604,3104833.31128874
45.1576344575975,7143490.80361975,3093959.2444056
45.1645936837843,7143579.32092819,3069001.7982941
45.1715529099712,7143676.31284962,3044188.52445192
45.1859508593129,7143881.31226577,2992844.16245437
45.233636986028,7144552.06912319,2822780.24504021
45.2515520523011,7144804.27890234,2758889.86578157
45.2596549113978,7144779.34767039,2754443.42404005
45.2677577704946,7144762.20814463,2761467.05635049
45.2758606295913,7144737.90970468,2768386.95465327
45.2943216945399,7144679.42440781,2784160.30211049
45.3653399145467,7144385.54329279,2838941.49548285
45.4107452361984,7143935.35322823,2854007.09558921
45.4561505578502,7143367.47499805,2873334.30903721
45.4624788393449,7142959.04617738,2887954.62045769
45.4688071208397,7142560.6498603,2902767.93634552
45.4808631715284,7141806.40474386,2930974.02664406
45.5191268147072,7139403.16896222,3020484.94389236
45.5522987925243,7137320.20789876,3098085.87949681
45.5592245785396,7137202.23193057,3092776.15321855
45.5661503645548,7137201.67454292,3072458.39022994
45.5730761505701,7137209.66445416,3052290.20326593
45.5872543427166,7137230.43385727,3010994.35515652
45.6337925445065,7137290.29235819,2875434.38222861
45.6469140649031,7137307.35128968,2837213.42315713
45.6537553339291,7137316.21040906,2817285.80375826
45.6584303521999,7137165.29657398,2818537.58962703
45.6631053704707,7137019.56811715,2826028.27066675
45.6677803887415,7136866.43003483,2833416.4917649
45.6788315068193,7136503.31085159,2850897.18273855
45.718934703609,7135190.45858015,2914336.3758074
45.7500832504803,7134170.43163962,2963609.62569653
45.7577529332483,7134062.28182974,2967552.29764051
45.7654226160162,7134341.94192573,2942342.34130652
45.7715346871633,7134556.57265197,2922140.32481171
45.7852139949633,7135034.12324586,2876936.82664446
45.8308081294543,7136632.08050613,2726277.04297987
45.8462715169404,7137173.87697701,2675180.08689189
45.8531094398641,7137413.48114328,2652584.99813673
45.8568266772755,7137543.73446226,2640301.83624015
45.858024447525,7137424.72013484,2643435.44152048
45.8592222177744,7137361.00651476,2649030.0916143
45.8604199880238,7137288.23652148,2654430.93868136
45.8626145496767,7137156.56407174,2664389.13388799
45.8686726973097,7136791.91035671,2691862.33999911
45.8956904728039,7135164.50242024,2814387.65880832
45.9301948751579,7133086.4613287,2970865.15238451
45.9427194865199,7132332.13711156,3027664.22480463
45.9552440978819,7131577.80984867,3084463.29247274
45.9605136782462,7131636.68674043,3079507.13178808
45.9657832586105,7131756.03844552,3058322.01856496
45.9699880574696,7131862.79690343,3041595.67458022
45.9779016228277,7132066.14784118,3010093.78152716
46.0034264589499,7132713.79265954,2908477.57848603
46.0474419129837,7133831.61573528,2733250.72626176
46.0550966873777,7134025.99193693,2702776.7969559
46.0627514617717,7134035.27765655,2697284.96668532
46.0700929442949,7134025.40617692,2707871.71643897
46.0774344268181,7134005.72258645,2718306.26764673
46.0923370352125,7133962.05405523,2739499.71590862
46.1450814094529,7133815.43246781,2814515.26378964
46.1733485285654,7132648.97814723,2880191.76012109
46.1924206820187,7131257.69336558,2939306.52029721
46.211492835472,7129865.14283627,2998366.80401942
46.24012616859,7127771.99713688,3087032.66055783
46.2510839885247,7126971.43158174,3120965.41952632
46.2573096482559,7126516.55977675,3140244.08863273
46.2635353079871,7126383.97999644,3134204.71916826
46.2697609677182,7126293.29116071,3117639.93382541
46.2759866274494,7126211.19041711,3101201.95492534
46.289595421802,7126034.91391773,3065260.61774091
46.3350550001537,7125439.1537427,2945189.92173312
46.3616723917295,7125087.27791482,2881670.80623733
46.3691481874084,7124984.51380761,2880970.09898192
46.3766239830873,7124896.51959231,2880460.79701729
46.3906059416639,7124736.54483663,2879497.51269758
46.4358427787478,7124209.50064799,2876370.10740375
46.4863947612239,7123351.99666211,2886923.71440011
46.5369467437,7122258.12617066,2910492.98530825
46.5533670531874,7121902.57858611,2918143.3351638
46.5697873626747,7122061.38346363,2897702.66993017
46.5862076721621,7122523.11121779,2857502.29815013
46.5977999443872,7122852.08945209,2829181.89635409
46.6278275463636,7123707.24543262,2755822.55337922
46.6604653410387,7124635.39955462,2676084.86458877
46.6632107311999,7124495.95365754,2682040.20842828
46.6659561213612,7124375.53596497,2692078.78143889
46.6687015115224,7124244.47733957,2701983.28315624
46.674316881059,7123977.91879565,2722272.78796482
46.6941694571308,7123038.9154527,2794001.65595241
46.7238582785462,7121633.99151774,2901268.82760074
46.7535470999616,7120229.17444175,3008536.17139369
46.7633187787933,7119787.6466642,3035819.45295669
46.773090457625,7119325.18717896,3036180.86447869
46.7828621364567,7118855.62291928,3036457.87780372
46.806096739797,7117735.94739893,3037117.8710722
46.8376692366176,7116216.66684045,3038018.42257223
46.8563409974433,7115318.03680561,3038550.60367152
46.875012758269,7115003.02406007,3011958.05930754
46.8936845190947,7115022.13869172,2973262.3937721
46.9123562799204,7114942.04165368,2934493.61173344
46.9478032781845,7114862.36645759,2860987.6974757
46.9596118475662,7114835.09392657,2836498.7230704
46.9714204169479,7114608.84305092,2837155.33044977
46.9832289863296,7114346.1574563,2848518.86965868
46.9950375557113,7114079.19736184,2859816.49564617
47.0252244404457,7113393.90705831,2888698.59758643
47.0529456135312,7112765.76126188,2915223.19687041
47.0806667866167,7112335.11063055,2916351.66565289
47.1145945930342,7111923.57466956,2899655.65403629
47.1485223994516,7111511.73171441,2882993.58359764
47.1880172181014,7110646.88362308,2892924.62505926
47.2275120367512,7109573.44544567,2920093.56584683
47.2560453418512,7108797.52775979,2939701.39736884
47.2887872780319,7107818.75175551,2949337.67241681
47.3215292142125,7106804.2908197,2954755.18323915
47.3542711503932,7105790.46402508,2960181.32416757
47.3884609845823,7105492.49725101,2927466.32225881
47.4226508187714,7105477.89095024,2879182.7687365
47.4481315707064,7105468.07716034,2843221.41159412
47.4605093835182,7105463.98150053,2825753.25735642
47.4728871963299,7105111.41968524,2833727.85467931
47.4846706391092,7104632.24037679,2855819.9001975
47.4964540818886,7104149.44648687,2877825.83643372
47.5239780864021,7103018.15876566,2929229.16613071
47.6361689423286,7100631.67076707,2907784.67125176
47.6477294965423,7100506.02350668,2891698.83400586
47.659290050756,7100386.09652835,2875703.43481407
47.6666821658319,7100250.09000334,2868527.27907511
47.6687075325804,7100045.67204075,2874825.37404977
47.670732899329,7099874.25499141,2881570.19689353
47.6734922908396,7099635.24281005,2890673.76233647
47.6797687680796,7099088.30187411,2911394.57146899
47.7041183078654,7096968.67848228,2991781.71226579
47.7310801185955,7094621.28336264,3080792.20646041
47.7580419293256,7092273.96096896,3169802.878809
47.763791841796,7091773.37324671,3188785.43429958
47.7695417542665,7091782.47072299,3177544.85691596
47.775291666737,7091972.3986842,3145381.11087921
47.7795255497064,7092123.30399932,3121886.30139557
47.7872960407261,7092402.8395024,3078744.17553988
47.8117802617964,7093275.27355224,2942796.48773764
47.844552832922,7094443.84625936,2760829.71348194
47.8553489157089,7094828.76312346,2700885.35677918
47.8661449984957,7095213.68385238,2640941.00632758
47.8689720176579,7095117.67826666,2641135.56736723
47.8717990368201,7095056.15107366,2649919.09798347
47.8746260559823,7094980.10256787,2658486.65509833
47.8795713154436,7094848.58563261,2673516.25721054
47.8950771514919,7094440.54813184,2720636.86444131
47.9679834620184,7092547.3061292,2938018.05979975
47.9696167341739,7092586.82520456,2936510.3039557
47.9712500063294,7092579.08868969,2934428.58691782
47.973316094706,7092579.03115143,2931912.25669684
47.977553972823,7092579.85449224,2926726.10828747
47.9921089223856,7092581.39202209,2908917.06268942
48.0638990136711,7092590.55255315,2821079.14803606
48.0788181907235,7092507.59144522,2819241.33508401
48.0937373677759,7092414.72827013,2823917.62803095
48.1086565448283,7092319.75802204,2828562.29710288
48.1565568068709,7092013.14368767,2843474.82850195
48.2033124501242,7091182.92382417,2871580.54050467
48.2500680933774,7090183.29916926,2904143.95643423
48.2968237366307,7088142.95608577,2961266.35653616
48.3405955105268,7085634.55126772,3029242.69141655
48.3568751488134,7084701.4489802,3054516.66034699
48.3662852206566,7084161.80853489,3069125.00193989
48.3756952924997,7084015.42679326,3057724.60140762
48.3851053643428,7083975.81717605,3035004.41020531
48.3945154361859,7083941.52715214,3012371.83333543
48.4167480414635,7083863.64733062,2958896.88893656
48.4444273526184,7083764.71182738,2892318.09325597
48.4721066637732,7083632.90155345,2834258.7219311
48.4786563186618,7083541.87368733,2836505.40255995
48.4852059735503,7083465.78590818,2838949.44722403
48.4975330711898,7083325.92412535,2843534.07900761
48.5370874070154,7082868.86613417,2858236.11035055
48.5686344343257,7082504.71002315,2869962.65191751
48.5760697176794,7081988.24737236,2887979.00549124
48.5835050010331,7081398.3459765,2909837.92414035
48.5909402843868,7080805.89277773,2931653.92610328
48.6138155532715,7078981.81904854,2998776.82828061
48.6359788670584,7077215.2663207,3063811.8533765
48.6581421808453,7075448.57743679,3128846.49808204
48.6653645775795,7074872.86940803,3150039.46484337
48.6691364976823,7074572.20270014,3161107.5578417
48.6717230992324,7074655.88878177,3154569.54240769
48.6743097007824,7074768.84823675,3139113.21099588
48.6768963023324,7074894.38322582,3123885.32724389
48.6813206706841,7075108.22479252,3097794.90613271
48.6939816523787,7075715.46546991,3023133.3246654
48.7488400684418,7078349.06704372,2699639.18375012
48.7592900693518,7078850.6526809,2638016.52230514
48.7697400702618,7079352.29154382,2576393.92784942
48.7742671737247,7079267.49582805,2578880.97538188
48.7787942771876,7079194.38648512,2594395.97921369
48.7833213806505,7079105.65697193,2609692.66948987
48.7916118729768,7078942.27735156,2637735.87755174
48.8182211889672,7078424.52911076,2727744.80142426
48.8469277122107,7077865.43586458,2824847.09213861
48.8654585073203,7077504.58043609,2887529.19238253
48.88398930243,7076918.2548112,2917722.63841215
48.9025200975396,7076191.65132369,2933552.81252862
48.9168633917712,7075632.52370815,2945848.25631342
48.9577769199595,7074039.87145251,2980921.86857058
49.0074112411631,7071745.02900422,3008766.65150204
49.0570455623668,7069296.61732313,3030625.89197682
49.0681519608779,7068748.89654236,3035518.75850761
49.0792583593891,7068729.3341439,3014559.229293
49.0938817120184,7069009.23189346,2967898.49375686
49.104369838756,7069213.30252791,2934497.98586549
49.1308567254723,7069731.4669547,2850147.17942915
49.1518140733905,7070140.43710147,2783404.4338477
49.1727714213087,7070534.37616003,2719630.04138881
49.174848955527,7070510.79555188,2720735.71295354
49.1769264897453,7070526.42162346,2722307.44014304
49.1797135561509,7070540.42843589,2724327.52572017
49.1860944504459,7070569.95242215,2728968.92970357
49.211152055438,7070687.80357242,2747194.86706924
49.3364400803982,7070044.72729177,2850356.47421326
49.4617281053584,7066546.00347281,2958375.74894424
49.4957929464549,7065766.96795598,2952612.79496221
49.5298577875514,7065143.28135874,2929541.93019547
49.5544349309471,7064694.71484273,2912921.69981111
49.6351390603987,7063936.83582382,2866454.4685522
49.7158431898503,7063643.15449793,2834207.55407935
49.7585566730756,7063606.7726837,2822892.55779657
49.801270156301,7063004.40642793,2844083.57256695
49.8347511062619,7062270.30225158,2876888.25612821
49.8682320562229,7061534.57252711,2909659.46578495
49.8847733381113,7061465.53169207,2903707.23594221
49.9013146199997,7061562.56304678,2881845.52348973
49.913867588347,7061639.06890327,2865306.25351902
49.9480364998059,7061849.6496592,2820286.57606149
50.0238433981492,7061827.81891889,2806842.87399821
50.05059428571,7061737.98811947,2819107.88318945
50.0773451732708,7061567.26729545,2834012.22661268
50.0849134967762,7061105.66510461,2852594.7506558
50.0924818202816,7060653.45321004,2871366.0979415
50.1067197737491,7059807.06852734,2906668.81646295
50.1534984443106,7057017.81388029,3022645.35284876
50.1658853292957,7056279.36818679,3053356.01840957
50.1736794373983,7055814.68708671,3072679.78371559
50.1814735455008,7055782.74687808,3061800.33996619
50.1892676536034,7055857.20177505,3036991.33732001
50.1970617617059,7055939.87682374,3012312.85616155
50.2135183807137,7056117.7592096,2960200.07143783
50.270371474706,7056725.63108657,2780154.5633183
50.2753012048902,7056778.4047009,2764542.95284592
50.2784998411106,7056614.33315451,2768325.68906171
50.281698477331,7056467.33922672,2777015.75379576
50.2848971135515,7056310.24290223,2785576.13898325
50.2915839451606,7055982.91816815,2803498.49560154
50.3150424192205,7054838.00386855,2866372.92585226
50.3455485888655,7053348.61347647,2948136.05820819
50.3760547585106,7051859.3029641,3029899.35849983
50.3807692698701,7051862.94178886,3024415.4738801
50.3854837812297,7051864.47061569,3013552.82301654
50.3901982925893,7051873.72564665,3002787.55030197
50.4015183444096,7051896.54035754,2976924.92402441
50.4419856358871,7051974.01991564,2884464.99132287
50.4647442323256,7052017.81131891,2832466.50036756
50.4777944647623,7052039.33981227,2804410.79335635
50.4853821108653,7052038.72435823,2804152.62827563
50.4929697569683,7052053.99695082,2804099.49752597
50.5068475572498,7052085.54401096,2803989.71503607
50.5521541958219,7052180.1215414,2803621.99044558
50.58110012417,7052318.70454799,2800490.70629713
50.5996143889652,7052707.18655997,2782787.7764692
50.6181286537605,7053107.89691954,2765036.3682534
50.665336150161,7054126.61606405,2719773.56402842
50.6792572961475,7054376.2069727,2709751.06792677
50.6846392337363,7054281.46338307,2718971.67025014
50.6900211713251,7054201.84455537,2728415.15451016
50.7000259223291,7054055.90577163,2745945.47168759
50.7314244234629,7053590.49935608,2800956.85802145
50.7800383615155,7052754.53072763,2887525.88131101
50.7975178845515,7051499.97323627,2930133.132416
50.8149974075874,7050244.66863947,2972801.51635916
50.8597138953043,7047036.75957314,3081958.82833198
50.8693365530376,7046346.13225743,3105447.93414187
50.8789592107709,7045801.15162549,3120914.69628985
50.8797429815312,7045896.70160795,3116754.30949377
50.8805267522916,7045935.78128553,3111724.12756356
50.8815225023432,7045997.1408708,3105550.69611074
50.883442723068,7046113.41497284,3093583.5271248
50.8888296260012,7046439.90953819,3060026.96208482
50.9129200608905,7047901.1350037,2909959.81981287
50.9351288669371,7049247.9832307,2771613.4967273
50.9573376729837,7050594.89477726,2633267.31241711
50.9786039228222,7051884.65654108,2500792.65974891
50.9800164223274,7051755.48794955,2502940.98981517
50.9814289218326,7051667.09655088,2511596.26602367
50.9828414213378,7051577.28849956,2519974.70731859
50.985099524606,7051433.93290536,2533445.02314988
50.9908530941083,7051067.56056009,2567746.5829131
51.0154061576293,7049503.16717136,2714130.02773682
51.0416733371269,7047829.81008426,2870733.14074798
51.0679405166246,7046156.37846698,3027336.09885497
51.0762614081592,7045626.28661539,3076944.67697622
51.0845822996938,7045568.27957321,3077108.60240383
51.0900436490524,7045584.71073945,3059954.59731035
51.0955049984111,7045617.63401187,3043037.37254289
51.1054013215759,7045680.28122794,3012362.70612105
51.1342974080162,7045854.82343482,2922784.20960468
51.1591614269396,7046005.52100093,2845706.49654961
51.1737725391864,7046094.02589608,2800412.37236259
51.1883836514332,7046153.58219711,2783874.46791962
51.2035025836582,7046245.96315973,2784049.04464568
51.2186215158833,7046336.40963842,2784146.04872158
51.2542713094885,7046546.63988187,2784375.29755755
51.2797247753691,7046697.70371393,2784540.29127115
51.2891407913869,7046520.02287205,2794870.82722918
51.2985568074048,7046341.87594617,2805643.0693284
51.3166550961773,7046004.17679937,2826340.58477031
51.3805025519799,7044804.61050716,2899348.51107298
51.3874224247004,7044774.36844173,2896201.44691107
51.3943422974209,7044737.38347914,2891971.2235558
51.4055020751878,7044671.31773989,2885167.35010304
51.4379050485531,7044491.07923404,2865425.26395644
51.5081754714591,7044361.97818507,2826666.26626966
51.5784458943651,7044658.06986496,2794399.35858529
51.5902182214442,7044335.0538356,2808551.16584185
51.6019905485233,7043881.15580369,2831644.61391343
51.6137628756023,7043424.26407111,2854683.13109629
51.6458318485794,7042177.56957356,2917443.87038622
51.6688827024006,7041282.13724014,2962556.7562791
51.6801027803329,7040846.23143083,2984515.44479607
51.6871740002943,7040732.32857916,2982659.55019827
51.6942452202557,7040634.92923163,2974463.49127044
51.7013164402171,7040542.24874539,2966334.91175739
51.7201423790745,7040296.9738396,2944688.06641
51.7562810730649,7039824.25429424,2903131.34273725
51.7752400101237,7039576.36321268,2881330.2879658
51.7941989471825,7039052.58658502,2884821.53192304
51.8142792494211,7038359.52323228,2903846.63175085
51.8343595516598,7037667.49613474,2922823.01743394
51.8656568470081,7036586.98177499,2952397.89578194
51.8795487217681,7036107.79676264,2965525.98395647
51.8890453602544,7036107.70536763,2955249.75906078
51.8985419987407,7036248.14604894,2933245.98780024
51.908038637227,7036393.02761785,2911329.16395825
51.9305991888608,7036739.82559212,2859259.21090908
51.9561789578607,7037131.48095877,2800218.55721651
51.9817587268605,7037523.30667707,2741178.3214942
51.9876298767831,7037452.14864622,2743982.25615508
51.9935010267056,7037383.21246846,2751786.9822
51.9993721766282,7037308.83951463,2759521.53672644
52.0152025192056,7037107.60858894,2780386.24257144
52.0795207179917,7036293.29392951,2865162.06664859
52.1112638468678,7035469.78393712,2890367.67076232
52.1430069757438,7034567.90877158,2912753.64186695
52.1839052170459,7033406.68935786,2941603.76203554
52.205093555275,7032128.06889113,2969921.86567608
52.2262818935042,7030847.41249448,2998365.44657719
52.276689274847,7027804.59084568,3066037.22375994
52.2827656436828,7027437.56200331,3074194.05204259
52.2888420125186,7027567.71430177,3057159.19579545
52.2956249336375,7027923.99549442,3020078.70831942
52.3024078547564,7028292.3408875,2983185.39172336
52.3154206652981,7029002.52342366,2912395.14747465
52.3569124899877,7031259.39818893,2686667.12026135
52.382893566615,7032672.86334715,2545322.83510339
52.3878800278993,7032550.13013619,2546974.98008895
52.3928664891837,7032311.456731,2572294.66045443
52.3964303570115,7032126.82129403,2590156.80850619
52.4024241505674,7031816.65974963,2620238.13467549
52.42146939988,7030837.06095822,2715818.70738837
52.4437127487867,7029692.37523762,2827448.72416594
52.4659560976935,7028547.78395274,2939078.8742383
52.4772098274581,7027968.69940964,2995556.69548871
52.483358565181,7027652.29991623,3026414.66714082
52.489507302904,7027638.11141549,3030328.88812926
52.4956560406269,7027708.66759616,3011894.40122948
52.5000989802279,7027770.99489166,2998755.76763656
52.508434246758,7027889.48379892,2974084.63082859
52.5353123878443,7028264.67272511,2894521.30047187
52.6697030932761,7027421.52787923,2868665.7746925
52.680070944377,7027244.02982553,2884246.18920983
52.6904387954779,7026993.18040722,2897725.82132794
52.7008066465788,7026595.34571368,2907037.3123933
52.7221812621371,7025770.37245162,2926239.3299508
52.7534220105649,7024567.65067152,2954308.81123225
52.7846627589928,7023364.72015614,2982377.69220413
52.7918067889956,7023406.08382031,2971755.50811484
52.7989508189984,7023552.65161653,2952081.12505328
52.8060948490012,7023704.50032552,2932497.87834305
52.8233106088126,7024072.35248738,2885298.64060589
52.8885562389439,7025429.2086685,2709390.95320975
52.8893844178356,7025360.32544197,2710936.35899622
52.8902125967272,7025335.08243414,2713253.05344417
52.8912662717358,7025295.35463839,2716008.15681244
52.8933480219748,7025221.68180035,2721511.35009876
52.8994155754803,7025005.87426079,2737535.55233481
52.92748578519,7024006.72566597,2811669.93586162
52.9900824577431,7021753.52488436,2972677.62517548
52.9965509135709,7021455.91241901,2976490.54028414
53.0030193693987,7021140.26825524,2980091.99708268
53.0149226869108,7020556.7712506,2986733.35489726
53.051502243998,7018771.28425707,3007154.62999731
53.0760604037754,7017572.25840514,3020863.83316651
53.0908775266503,7016993.31608481,3021826.37079402
53.1012187866433,7016976.21032371,3000804.66522803
53.1115600466362,7016953.06836174,2979683.97736432
53.1348493421294,7016897.97926175,2932120.49108322
53.1669302794544,7016824.19201576,2866605.54963857
53.1845413742345,7016783.58157503,2830640.2849026
53.2021524690147,7016762.64816223,2819499.8048371
53.2155677911441,7016773.9255209,2817695.94148653
53.2289831132735,7016782.41396627,2815855.21045431
53.2702131643069,7016807.11989935,2810198.84425905
53.3148119984617,7016338.80702337,2829690.02895259
53.3594108326165,7015525.42437779,2868078.75146802
53.3906992328409,7014938.28035094,2895053.89757056
53.4271497159039,7013477.66027761,2929771.78746929
53.4636001989668,7012015.53298012,2964498.19849684
53.4823623704224,7011263.19462599,2982373.24101015
53.5011245418781,7011320.92613217,2954437.20572404
53.5122927648901,7011643.83155239,2918413.04679217
53.5234609879022,7011973.71102688,2882514.91070798
53.5466287834882,7012661.61221474,2808043.89070781
53.5690704876078,7013326.1339652,2735904.11335116
53.5915121917274,7013936.31057276,2667627.19095893
53.5921610246975,7013841.03886878,2669646.31365933
53.5928098576675,7013799.51976969,2672699.29360892
53.5936316437413,7013741.234064,2676316.4443618
53.5952596599103,7013628.95662598,2683558.59301825
53.5998691122157,7013310.37875476,2704042.85038361
53.6194472419684,7011956.59821851,2791051.17756998
53.6443459882764,7010235.16157982,2901705.42747956
53.6692447345843,7008513.65981968,3012359.54939872
53.6813522808513,7007676.55198381,3066167.50064492
53.6881985399149,7007203.20318914,3096593.4123749
53.6950447989786,7007054.31040243,3098897.98332763
53.7018910580422,7007006.51693721,3079942.78826593
53.7068505493895,7006981.81584464,3066368.95973269
53.7167712368601,7006934.21205817,3039200.30063183
53.7496101926579,7006770.17749402,2949258.2259519
53.9138049716468,7007404.96797248,2781527.99116793
53.9234288796259,7007098.71525224,2801731.46838755
53.9330527876051,7006800.72303313,2822085.17864079
53.9521426976826,7006213.11406925,2862452.44898639
53.9731395876569,7005564.59504328,2906849.08074291
53.9941364776313,7004967.26723915,2946837.50363699
53.9963474502401,7005017.30490612,2943171.98896452
53.9985584228489,7005033.4037337,2939072.19581534
54.0015968432304,7005061.33477366,2933516.55889001
54.0086394924328,7005128.87618565,2920629.04612264
54.0361911334724,7005391.29302868,2870209.77146436
54.0919808119107,7005923.13539421,2768116.16880157
54.100045783665,7005743.69102938,2774375.18546943
54.1081107554193,7005523.53212768,2788297.48189986
54.1161757271736,7005298.4177885,2802147.11588644
54.1368864975492,7004718.91207955,2837718.89802291
54.1683249712436,7003840.64840802,2891717.96827633
54.1880419793599,7003289.74261274,2925583.89262396
54.2077589874761,7002914.48514463,2929246.34156899
54.2274759955924,7002582.11931983,2919385.94755009
54.2430370173164,7002322.34730249,2911642.33938357
54.2889100079847,7001558.29723649,2888815.81071935
54.3174769646355,7001730.54220656,2856159.81720138
54.3460439212862,7002072.1662188,2818371.30505196
54.374610877937,7002414.26247845,2780595.46312767
54.3947085059314,7002655.24208162,2754019.4578234
54.4070145341071,7002819.18486064,2750855.72042221
54.4193205622828,7002994.66561443,2749388.09621641
54.4375982419656,7003263.83270842,2747200.96718102
54.4953122544019,7004099.93787094,2740280.00896591
54.5045769589398,7003791.87250003,2758813.89365841
54.5138416634777,7003410.58759519,2782142.01605404
54.5231063680156,7003026.65280373,2805427.93958558
54.5512130655811,7001860.77974751,2876074.64875943
54.5747507318023,7000884.95268203,2935237.8376934
54.5982883980236,6999917.13373289,2993387.60673274
54.6007074208917,6999907.33512764,2991242.950392
54.6031264437598,6999860.8384686,2988644.66011118
54.6064076887647,6999803.08865294,2985195.13330506
54.6139999089262,6999673.13949688,2977206.71234147
54.6435181097963,6999165.92709166,2946144.90064907
54.7911091141467,6995789.85225507,2924031.58689209
54.7998133034609,6995642.14122027,2923977.36335095
54.8021212623332,6995801.0522186,2914803.92709011
54.8044292212056,6995930.57991949,2905213.54540825
54.8076469204889,6996115.96124592,2891917.2158154
54.8152905312891,6996559.44920418,2860322.56047624
54.8456626096881,6998319.80928688,2734778.61870594
54.8669508575494,6999553.85348107,2646783.32660943
54.8882391054107,7000787.84887669,2558787.94521939
54.8956055344193,7001214.85574203,2528338.67626355
54.8985859494677,7001387.6192788,2516019.07511623
54.900326082389,7001284.11393423,2519877.78258864
54.9020662153103,7001200.32561933,2528805.89151831
54.9038063482316,7001117.05267992,2537520.54036333
54.9067504373364,7000975.67493322,2552320.47855075
54.9149625325349,7000580.77470093,2593588.93054729
54.9516964124296,6998813.32648414,2778189.76518862
54.9861080054965,6997157.77025705,2951120.50101775
54.9942661946299,6996765.26759054,2992118.3374333
54.9988003439157,6996547.12277633,3014904.07021282
55.0033344932015,6996604.91934209,3012647.5719107
55.0068795195113,6996642.01739886,3002656.56739642
55.010424545821,6996693.11551186,2992849.93943501
55.0170741273319,6996788.11189528,2974425.99802892
55.0380481544355,6997083.36859689,2916309.63666772
55.0631500390657,6997437.27285771,2846756.77348489
55.0882519236958,6997791.08415928,2777203.68072555
55.0994832650124,6997949.39428372,2746083.53689365
55.1050669488439,6997741.44013198,2751987.78939438
55.1106506326755,6997497.0001021,2766889.28316997
55.116234316507,6997244.14791245,2781668.15291608
55.12883253468,6996672.77554357,2815028.46965701
55.1737667883799,6994639.16990516,2934019.59962294
55.1909999338952,6993859.11327555,2979654.6687541
55.2001317878261,6993445.78077665,3003836.77352369
55.2092636417571,6993193.3992369,3003575.08301061
55.2156795069856,6993013.1268049,2998555.98314154
55.2220953722142,6992837.7847765,2993598.30267422
55.2398852880509,6992352.37272507,2979845.0478783
55.3116688770346,6990652.29629409,2920156.11368422
55.3577668651857,6990638.28476594,2864471.15456362
55.4038648533368,6990678.5730822,2807051.78611038
55.4101161716099,6991079.10776274,2787239.30833792
55.4163674898831,6991469.09315598,2767211.49234129
55.4278929521818,6992185.48264628,2730305.79780841
55.464811245345,6994487.17917365,2612096.10062648
55.4926541103739,6996222.76649758,2522944.78623307
55.5204969754028,6995704.49877802,2590699.94642049
55.5249568773558,6995444.89254818,2616969.30271576
55.5294167793087,6995166.49354717,2642958.03634275
55.5369179657191,6994698.08224792,2686704.98841166
55.5596836658502,6993282.72831803,2819475.82589532
55.5808390368568,6991967.04761504,2942854.41680097
55.6019944078635,6990651.43380042,3066233.14575803
55.6082254308334,6990629.44592405,3066597.24692354
55.6144564538032,6990649.94584564,3048056.39064016
55.6190993714767,6990676.78108482,3034407.645198
55.628129784689,6990730.06000038,3007841.68543345
55.657747155757,6990898.75620661,2920703.6386676
55.6842242656106,6991049.94322493,2842805.53495117
55.6968319065625,6991121.90335755,2805712.61742752
55.7033887851457,6991159.3286331,2786421.6390689
55.7099456637289,6990905.39827197,2791976.1268708
55.7149803738035,6990689.82888888,2803194.87971045
55.7200150838781,6990466.09349311,2814302.93872588
55.7317506695379,6989944.26312391,2840211.08536581
55.7740092437012,6988068.93150859,2933507.40953037
55.7918838604102,6987275.56137186,2972969.74421766
55.8024957608255,6986804.57244147,2996398.02475837
55.8131076612407,6986666.0194231,2991651.65928771
55.823719561656,6986632.01848629,2972157.34198681
55.8320532486846,6986610.31653522,2956926.91613755
55.8523566674782,6986559.36454287,2919817.11448949
55.9049285196317,6986424.62379296,2823723.6974968
55.9365681182193,6987193.49527037,2778644.68094307
55.9682077168069,6988027.2853285,2734508.97791724
55.9925819805991,6988673.23229359,2700511.06176906
56.005350839991,6989010.40615948,2682699.1088691
56.0134498310914,6989096.54493072,2685468.02742813
56.0215488221917,6989176.98621264,2692202.77947842
56.0296478132921,6989254.43478766,2698897.89956023
56.0551080204387,6989497.24948248,2719949.53859113
56.0893619366182,6989824.58730302,2748272.96631882
56.1102508817456,6989853.29622065,2770214.61955874
56.1244677743001,6989253.33204503,2802659.56762239
56.1386846668546,6988656.29902714,2835178.57427626
56.1733373397294,6987203.62189036,2914440.64666432
56.2721347517696,6982726.28517622,3008442.53547606
56.2883607287523,6981951.51473893,3012046.72109503
56.304586705735,6981180.69839116,3015703.55086344
56.3126991203673,6981344.07602466,2993160.11437104
56.3208115349996,6981825.41959095,2951551.70604386
56.3268382926839,6982189.32666965,2920763.01121914
56.339957397231,6982983.3736411,2853730.18274885
56.3877841000377,6985872.78652067,2609349.7904945
56.3975122414375,6986460.58123517,2559641.98187702
56.4072403828374,6987048.3473771,2509934.13494338
56.4114869858611,6986827.72774863,2516562.80984725
56.4157335888848,6986451.8617589,2546167.5426232
56.4187091063589,6986173.57634406,2566651.35936261
56.4234408934655,6985733.04985941,2599275.99864359
56.4376198584264,6984417.27402555,2697030.15905508
56.5033427188179,6978316.42211205,3150142.57220878
56.5076163340145,6977919.78169818,3179606.29433871
56.5098548897833,6977711.98557686,3195039.54578094
56.5105430072759,6977800.97405578,3194479.81478102
56.5112311247685,6977829.77700511,3190558.16448148
56.5121206898926,6977856.17107638,3185727.28241615
56.5138618748182,6977912.87800053,3176203.38097545
56.5187375766585,6978070.04486526,3149551.80174476
56.5365356371958,6978645.05380345,3052262.75303752
56.5698438925848,6979720.74557799,2870189.97569278
56.6031521479738,6980796.48759085,2688117.33571123
56.6094320813884,6980999.31989537,2653789.41696021
56.6118869925321,6981013.53192581,2650561.18334106
56.6143419036758,6981083.45544469,2651422.29174754
56.6167968148195,6981150.33619533,2652154.29527303
56.621558277424,6981275.14650952,2653600.32318774
56.6377433653285,6981700.31211716,2658510.90940305
56.6810753258546,6982837.91322962,2671657.21807746
56.700197871815,6983339.9835957,2677458.80197592
56.7106304827758,6983613.89193186,2680623.94067138
56.7165909436795,6983376.45930148,2697486.1828942
56.7225514045832,6983131.19867951,2715698.32884028
56.7312492867412,6982778.6866017,2742239.62541623
56.7552420359669,6981794.9579157,2815444.67925062
56.7947862321801,6980174.49667525,2936100.8809588
56.8072698907952,6979662.9076167,2974190.6281919
56.8197535494102,6979292.04827433,2984580.68452553
56.8312588941257,6978969.69965409,2977786.73503987
56.8427642388412,6978654.12703782,2971093.21919488
56.8683939251777,6977953.87827452,2956181.67734138
56.9119995181244,6976760.14850073,2930807.16206494
56.9203159733051,6977007.49617351,2908819.8384514
56.9286324284857,6977300.30314397,2884148.91288228
56.939262218085,6977677.18318029,2852653.6355982
56.9722676928243,6978848.51275889,2754858.85421151
57.0054969009651,6980027.23747631,2656400.33962509
57.0111238997541,6980226.8543385,2639727.50424228
57.016750898543,6980032.12476795,2648531.20671769
57.0223778973319,6979736.88815858,2671564.78966489
57.0280048961209,6979430.44791263,2694416.93678316
57.039149484903,6978822.40494339,2739697.87884784
57.0763794445982,6976796.4642261,2890968.78005309
57.0946775203628,6975800.56011309,2965316.22461878
57.1129755961273,6974804.69402481,3039663.76786129
57.1174492031331,6974673.39085496,3041585.02603971
57.121922810139,6974508.99341663,3037815.25820899
57.1263964171448,6974353.1016941,3034148.93484965
57.1368518380615,6973988.62949565,3025564.90027751
57.1737301539795,6972699.69857942,2995281.91362649
57.2053090418122,6971596.24936224,2969351.37005382
57.2144367993905,6971323.41831659,2960216.75011191
57.2166974677221,6971489.97240349,2949935.28288579
57.2189581360538,6971628.37683827,2939213.72756012
57.2220539253045,6971822.67177635,2924609.52224899
57.2292429263744,6972276.76129974,2890685.85093152
57.2574263850519,6974055.24836946,2757691.19121235
57.3015100657223,6976837.44715638,2549665.85184582
57.30913376197,6977318.57970086,2513690.57168057
57.3135449992764,6977596.9763883,2492874.49014013
57.3179562365828,6977499.39528428,2499479.21604411
57.3223674738892,6977333.06922108,2521595.94637008
57.3258202377761,6977195.33188822,2538708.1110366
57.3319478325105,6976952.26562219,2569114.56802297
57.3522542464199,6976150.8238316,2669875.65194893
57.3759479295088,6975215.25372665,2787444.09993017
57.3996416125977,6974279.75372421,2905012.64430351
57.4089395212937,6973912.64946629,2951149.07471252
57.4139634076764,6973714.2910979,2976077.70629413
57.4189872940591,6973698.02612537,2976547.77478624
57.4225457768654,6973658.68389767,2971580.72487669
57.4261042596716,6973630.64713466,2966744.49160431
57.4335828721416,6973570.47696178,2956557.1767254
57.4590690414246,6973362.29977815,2921837.09768551
57.5087643982361,6972956.99221097,2854138.11568961
57.5274850925308,6972400.38101633,2860317.75834345
57.5404471706189,6971871.50489196,2878903.70348231
57.553409248707,6971337.89733258,2897410.41797568
57.5844679214251,6970056.97749328,2941755.40148585
57.6093921971402,6969029.95268165,2977343.53498478
57.6343164728553,6968036.90068227,2987466.29371998
57.6592407485704,6967035.35038292,2986102.69829911
57.6841650242856,6966036.04003152,2984771.10113995
57.7076467005735,6965095.3712174,2983517.99556855
57.7311283768615,6965323.35505084,2930830.23377883
57.7405904872001,6965702.06072243,2895447.75306448
57.7500525975387,6966086.69011466,2860176.84262581
57.7708095981041,6966932.83947613,2782798.12332629
57.7911016859357,6967758.64606112,2707150.39204209
57.8113937737674,6968584.61084591,2631503.03532231
57.8186710875172,6968839.03671648,2608126.63583745
57.8203192792876,6968795.02786543,2611149.63895462
57.8219674710581,6968797.83470553,2614749.60479974
57.8240440461297,6968790.24790763,2619165.64128618
57.8284254533827,6968775.2645104,2628512.60209017
57.8441107763783,6968722.02224807,2661968.85613939
57.9225373913563,6968337.77373558,2826933.49801014
57.9445838865416,6967532.22958663,2859516.41161051
57.9666303817268,6966719.67635192,2892041.66839711
58.0233242989257,6964655.55318309,2968309.07214308
58.0340586619712,6964329.59391337,2965868.42729589
58.0447930250167,6963993.62403821,2963290.16143016
58.0664203820056,6963313.65315986,2958097.5258508
58.1081421570431,6962005.25724278,2948086.74392033
58.1498639320805,6961440.01860662,2913243.60351696
58.1819451798756,6961200.51336111,2879617.81152279
58.2140264276708,6960961.62001114,2846006.70267271
58.2297682002348,6960559.56003867,2850856.82443556
58.2455099727988,6960026.93703475,2869292.01399081
58.2612517453627,6959487.20590192,2887661.76678195
58.3018384048872,6958093.64456026,2935023.59259137
58.3137554262,6957684.76383563,2948930.61766451
58.3200665060096,6957468.18754363,2956295.41825461
58.3242193417578,6957599.88213828,2946802.39841252
58.3283721775061,6957758.19312057,2932339.75228401
58.3325250132543,6957923.56227331,2917975.80713089
58.3422994282797,6958312.42295931,2884150.69180102
58.3778605935877,6959724.30101234,2761085.37389842
58.4132351580374,6961129.03377586,2638666.40742302
58.4190849444218,6961361.32244158,2618422.33217089
58.4249347308061,6961262.1563294,2623758.77983328
58.4307845171905,6961096.22197075,2642951.21701694
58.4366343035749,6960919.22197928,2661972.51610286
58.4483873398034,6960562.7482471,2700208.6370344
58.4886651033041,6959345.94181914,2831247.61356843
58.5081316010107,6958757.69873706,2894579.27425296
58.5189911016107,6958429.56370454,2929909.26436026
58.5298506022106,6958133.68644053,2940044.90507832
58.5407101028106,6957800.7815329,2939901.43587208
58.5515696034106,6957473.13764528,2939827.44406075
58.5790222727592,6956646.51879223,2939638.6623282
58.6945477591748,6955654.98439792,2829587.61984276
58.7245898631913,6955819.11638519,2784193.16326346
58.7546319672079,6956806.01282868,2742024.19052682
58.7846740712244,6957795.92285384,2699864.56732941
58.8235395903932,6959029.30797829,2648131.59402572
58.824659542742,6958930.52825363,2651827.76889225
58.8257794950909,6958881.87838,2656260.19402899
58.8271466041057,6958809.36336996,2661498.80724279
58.8298133141395,6958671.00625316,2671766.66722818
58.8378893000198,6958251.37546305,2702850.17425623
58.8758980525168,6956275.65950911,2849142.13150991
58.9113253815792,6954434.25487618,2985498.67984143
58.9195239448233,6954008.11123007,3017054.17863435
58.9277225080675,6953903.7731729,3019789.3264965
58.9334537907493,6953914.78293904,3005684.87801233
58.9391850734311,6953938.66170574,2991779.98077282
58.9501326998924,6953985.91899966,2965202.3250686
58.9839646337275,6954125.98788248,2883058.34860134
59.0167637282183,6954262.15004248,2803423.15816688
59.0239606417632,6954292.01509221,2785949.24259243
59.0249572608159,6954200.08812163,2787640.24689264
59.0259538798685,6954155.09930411,2790244.38349687
59.0272276600335,6954086.07428639,2793400.78426306
59.0297596710827,6953951.49086614,2799724.0972351
59.0374217845394,6953543.77691602,2818847.1924585
59.0733255005139,6951632.46928209,2908456.07942954
59.1077333298777,6949800.93322876,2994331.82073631
59.1212953255968,6949079.01242622,3028180.08009113
59.1275944166925,6949194.72246957,3017930.46949584
59.1338935077882,6949528.59730309,2986206.15558517
59.1384958884524,6949782.43184294,2963199.70392211
59.1473475912047,6950271.47582701,2918930.34181985
59.1764316986124,6951872.87143558,2773467.04630165
59.2100432213503,6953723.96598657,2605360.92049033
59.2246316022084,6954527.37060354,2532397.91721302
59.2263161271608,6954484.2129434,2533437.56927774
59.2280006521133,6954480.06403452,2538491.22803962
59.2296851770657,6954473.81366009,2543361.2609516
59.23268268823,6954463.80681046,2552078.60436719
59.2413794192226,6954433.9290344,2577357.58752682
59.2812794156508,6954296.08475855,2693336.88859335
59.313522425372,6954184.80394436,2787059.40107152
59.3457654350933,6953274.80467226,2855976.67725042
59.3790608997521,6951857.93513934,2912720.49346988
59.4123563644109,6950440.56657693,2969489.15827595
59.4422468949623,6949604.47670238,2973936.65303557
59.4542056922809,6949373.92378406,2961736.44179811
59.4661644895995,6949148.92610053,2949622.30773368
59.4942007758955,6948623.64302638,2921221.02182468
59.6077940128565,6947846.44351541,2827826.4764205
59.6520369277441,6948754.79756462,2766779.28592968
59.6825683792864,6949856.08937438,2710948.3012953
59.7130998308287,6950958.50400685,2655149.3804647
59.7231323548086,6951321.2292806,2636814.46845605
59.7331648787885,6951263.63671241,2646982.26692709
59.7414521122296,6951059.54192861,2671099.1953557
59.7497393456708,6950847.33724929,2695080.18509641
59.7670190852533,6950403.07613984,2745093.1601559
59.8319901802106,6948599.35130245,2924638.94035217
59.839704102962,6948194.7855453,2933882.11829718
59.8474180257133,6947776.73470801,2942983.15592682
59.8632907404974,6946915.09424193,2961718.10704104
59.9180961932894,6943944.99026615,3026415.89099249
59.9273155074296,6943445.29680157,3037299.06854469
59.9322824520766,6943496.10658216,3025930.57633234
59.9372493967235,6943555.70468131,3011183.05863643
59.9422163413705,6943621.02982353,2996503.17207567
59.9557773517545,6943799.25021464,2956412.76526692
60.0084994572611,6944489.71456325,2800546.20133815
60.0294726857968,6944694.80980946,2745532.73502898
60.0313938064376,6944606.15481736,2748687.05436549
60.0333149270785,6944557.76031888,2752348.72686954
60.0358242259072,6944485.70597609,2757032.93145123
60.0413599887027,6944326.40355987,2767386.70426012
60.0627331998106,6943712.23539655,2807359.90262729
60.0878859575237,6942989.20784023,2854401.30521283
60.1130387152368,6942266.2344978,2901442.84277629
60.1227709187568,6941986.49899162,2919644.33908085
60.1280094405586,6941835.92627018,2929441.59902935
60.1316626422109,6942002.50032682,2921238.23529324
60.1353158438632,6942197.39396414,2906320.01194285
60.1389690455155,6942401.71090182,2891541.99836473
60.1465085732922,6942822.48506804,2861018.36097852
60.1721279158755,6944249.20194253,2757296.82025997
60.2088036598408,6946292.06962913,2608813.64245051
60.2206814435206,6946953.65073137,2560725.93295573
60.2266044318987,6947283.55714674,2536746.46642913
60.2325274202769,6947311.01624878,2537726.01658201
60.238450408655,6947251.88589478,2557440.15655973
60.2430010264405,6947195.77549369,2572416.08049137
60.2518666818696,6947086.73902289,2601619.54799262
60.2825381037511,6946713.73344879,2702651.24245757
60.4358952131587,6940555.30847497,3031284.90891169
60.4383496775141,6940571.96351672,3026257.15373842
60.4408041418696,6940557.84869959,3020798.07498181
60.444194230859,6940543.17279325,3013329.19008227
60.4521780443203,6940511.73469869,2995733.97001156
60.4835262899757,6940386.62584025,2926643.33998812
60.6402675182525,6941799.49166262,2734693.63391615
60.6460008604474,6941675.81723689,2744168.31998844
60.6517342026422,6941566.2900589,2753866.68274693
60.6622927089903,6941365.64887384,2771704.5192864
60.6956809505312,6940725.5193627,2828105.86026735
60.7262750224893,6940139.27003954,2879787.81625663
60.7334624232599,6940132.07158113,2884569.30827984
60.7406498240305,6940541.67478948,2858966.1120183
60.7458523566701,6940827.07470268,2840283.81925579
60.7565682932032,6941414.55229663,2801821.3444957
60.7927172234103,6943400.93088502,2672078.27534364
60.8225395936978,6945039.42368035,2565041.57598686
60.8287327345248,6945379.69408598,2542813.5334424
60.8324194932245,6945522.10073962,2532764.77674231
60.8333007780708,6945439.47637822,2536264.09126109
60.8341820629172,6945405.36483002,2540556.2415886
60.8352796116293,6945352.92560227,2545706.49402592
60.8374374559613,6945254.9684623,2555892.80380665
60.8437735314694,6944966.01678902,2585786.67892538
60.8734092840104,6943614.05383158,2725612.00166091
60.9318454776739,6940948.46548667,3001321.78599453
60.9329119756388,6940996.4567735,3001091.38698565
60.9339784736036,6940987.76424644,2998900.30013676
60.9350449715685,6940987.42907718,2996871.31002392
60.937129941106,6940984.09083668,2992848.28847154
60.9430311835147,6940975.99737942,2981476.52852695
60.9695542219359,6940940.17747842,2930365.52874024
61.0108215258301,6940884.20397382,2850841.10269377
61.027723326077,6940861.29835087,2818270.43524612
61.0379044730605,6940522.15363096,2821921.28681462
61.0480856200441,6940014.56018367,2843455.9012938
61.055703004311,6939629.2997266,2859475.244757
61.0735067291689,6938727.40183578,2896923.31212904
61.0988564867886,6937444.76174598,2950246.04420127
61.1242062444083,6936161.97759943,3003568.39950158
61.1475689450763,6936171.71012162,2971477.08390305
61.1552509917083,6936375.64269354,2944258.79627418
61.1629330383403,6936590.03097699,2917205.55371108
61.17801469183,6937013.08872641,2864084.28557763
61.2288103373634,6938432.35100992,2685160.17687604
61.2409499418888,6938468.90256233,2681949.78578891
61.2492880967339,6938441.74070368,2694861.03698936
61.2576262515789,6938405.3930785,2707638.37973105
61.2750741586568,6938327.80928071,2734385.23906059
61.318562085393,6938137.53345982,2801053.97280688
61.3620500121292,6937875.45665053,2827198.43443503
61.3916625082276,6937655.51182007,2831072.54896659
61.421275004326,6937437.96848837,2834979.81996817
61.4522795838727,6937945.45066514,2803120.76002593
61.4720609327286,6938574.99053098,2766484.95521528
61.4918422815844,6939207.58361475,2729908.46497223
61.5128268152559,6939879.7939174,2691107.7487397
61.5338113489274,6940551.33056734,2652306.1298861
61.5381539906959,6940370.49975863,2661750.10469717
61.5424966324644,6940138.49796011,2678872.89789003
61.5468392742329,6939897.65834217,2695860.84894515
61.5561264632624,6939383.12013893,2732213.49780698
61.5889149397243,6937569.66192581,2860558.12960814
61.6269420056941,6935466.17326302,3009407.67929928
61.6328394746007,6935139.95944346,3032492.19631979
61.6387369435073,6935134.30587774,3030576.24875815
61.6453574222738,6935214.75566757,3010451.81791704
61.6519779010403,6935308.09371897,2990517.25467259
61.664646265511,6935488.7093855,2952359.65827795
61.7048961063712,6936056.68433669,2831114.94920178
61.7228918337595,6936310.78952827,2776906.84151297
61.7331372271055,6936455.43501561,2746044.82901795
61.7433826204514,6936484.00069067,2740867.2106361
61.7536280137973,6936518.71320219,2746327.2967941
61.7638734071433,6936547.8128563,2751710.35073656
61.7891362869722,6936618.26978832,2764988.17934076
61.8982274818491,6935656.08602677,2847181.16474554
61.9713971888645,6933843.02073212,2905165.78861772
62.0078917332285,6932653.0817883,2928248.59747167
62.0279388654027,6931998.79857427,2940937.45581856
62.0479859975769,6931848.69206886,2925642.07238153
62.062528504136,6932007.8806519,2897260.29231392
62.0732734567695,6932128.97481782,2876353.06644546
62.1009447968295,6932442.40432712,2822509.21389535
62.1328163810616,6932802.48654974,2760490.77975167
62.1521043236162,6933241.87678625,2738957.86621126
62.1713922661707,6933782.44202946,2723519.16141996
62.1906802087252,6934320.99392544,2708057.4276809
62.211870132901,6934912.25639601,2691070.88006591
62.2330600570767,6935503.76424166,2674084.67433131
62.2378323873002,6935636.97961503,2670259.08733429
62.2396732251449,6935487.3823536,2676610.54355743
62.2415140629897,6935365.65029972,2684507.42126105
62.2433549008345,6935237.23689719,2692290.99482618
62.2471397615871,6934973.35082473,2708326.22989003
62.2597982380461,6934090.46905815,2761949.15525215
62.3224166197231,6929722.24984561,3027207.77367988
62.3314288742553,6929093.59234236,3065384.81872065
62.3373260515861,6928682.21509342,3090365.95009039
62.343223228917,6928708.808577,3082564.92082387
62.3478678572406,6928779.57190279,3064924.15211462
62.3525124855643,6928863.77668655,3047473.53732119
62.3614280530143,6929025.56883482,3013954.52366938
62.3889068223869,6929519.48674524,2910637.02447957
62.5263006692498,6924145.19810044,3049229.70340416
62.532870890338,6923686.28227568,3074697.58293813
62.5394411114261,6923212.26019445,3099939.60321675
62.5444522385569,6923254.89456238,3092310.43691727
62.5494633656876,6923372.94093088,3070896.86776333
62.5544744928183,6923504.10884389,3049683.31925848
62.5640478640658,6923755.38840812,3009136.05552538
62.5931711098264,6924514.65016859,2885777.49024807
62.6166850351396,6925127.98883637,2786179.53730974
62.6401989604528,6925741.27004599,2686581.42765895
62.6455686417172,6925755.17562957,2682158.60124986
62.6509383229817,6925776.79519782,2688102.21334498
62.6563080042462,6925792.93762872,2693911.78011399
62.6680251569268,6925828.17641482,2706607.50585199
62.7093920215228,6925956.08398598,2751431.96805365
62.7617377394645,6925644.68342611,2808864.98769645
62.8140834574063,6924493.29595256,2867595.55129478
62.8331124730432,6924076.25086715,2888945.70258787
62.8446467647403,6923884.51363383,2897737.27736308
62.8523435484468,6923979.41333224,2886537.51420448
62.8600403321533,6924063.79192777,2875183.8245013
62.8755037018903,6924231.62948386,2852383.17438324
62.9289447536775,6924816.68204281,2773593.01585224
62.9469872776323,6924927.52748784,2754726.41083333
62.957828518902,6924759.5400042,2767232.44807273
62.9686697601717,6924600.31521795,2779866.79090976
62.9911194419548,6924272.70762894,2806024.68001947
63.0079686102956,6924025.78328387,2825655.2106657
63.0248177786365,6923778.98427377,2845286.1138383
63.0435626967048,6923504.41276164,2867125.73798239
63.0449644970825,6923745.3881644,2858227.27514269
63.0463662974602,6923977.74822284,2842175.27333019
63.0477680978379,6924216.72599913,2826401.56374356
63.0500512338184,6924602.414968,2800632.71744427
63.0558280325483,6925578.02026901,2735450.37377397
63.0801556472893,6929687.48850758,2460948.30927575
63.1024144174369,6933447.31235001,2209790.07744261
63.1246731875845,6937207.1855487,1958631.93579943
63.1440492227325,6940476.34581944,1740711.23160326
63.1443668687129,6940432.43679218,1740170.79483609
63.1446845146932,6940447.35684633,1741344.58068911
63.1452933572212,6940530.43813109,1743342.56828912
63.1474142083422,6940801.55160423,1750339.31958032
63.1516206346749,6941341.17938345,1764212.20741506
63.1677529939498,6943410.48552155,1817418.60849241
63.2457417190142,6953413.88965474,2072253.61639105
63.2490545400031,6953863.63259666,2072852.97010097
63.2523673609921,6954279.99219937,2073057.51029128
63.2571563286618,6954887.04627569,2073419.53519183
63.2715615404369,6956715.75825167,2074488.79314604
63.3393413110047,6965318.77804599,2079523.14793453
63.432862089235,6977015.12155341,2090568.98410218
63.4981453992293,6985225.392736,2087006.79152536
63.5634287092236,6993400.51012277,2085236.81007548
63.6287120192179,7001468.76223787,2094848.68157741
63.753027527316,7016755.42302717,2099974.87670823
63.8256034486156,7025718.56345398,2094652.09158489
63.8981793699152,7034496.04845073,2105371.89000903
63.9707552912147,7043255.7225004,2112620.88210816
64.0273605921629,7050163.94832206,2103379.1099302
64.0839658931111,7056942.34540433,2107628.8928192
64.1717901622915,7067435.57202148,2115760.04165023
64.2596144314718,7078021.62501196,2104572.07119885
64.3058666136679,7083453.5741438,2115846.14357713
64.352118795864,7088893.95843471,2125722.48296048
64.4137006178151,7096134.12762214,2123605.98757478
64.4599339746523,7101546.28428718,2123583.71028923
64.518847229245,7108394.69964155,2128779.09704376
64.656416930427,7124358.38437998,2129664.73502649
64.7383675488727,7133777.59867052,2134905.55723861
64.8203181673185,7143256.28326764,2129491.69170251
64.9022687857642,7152647.43638474,2133408.07677784
64.9429381474432,7157266.07103025,2138111.69285116
64.9701712601882,7160157.06340692,2153712.6428237
64.9974043729331,7162991.02743327,2172252.43909435
65.0326230870959,7166671.15075639,2196212.27980577
65.0935802722538,7172489.51435879,2245112.28411054
65.1545374574117,7178101.67506298,2291250.44719055
65.1722054706877,7179769.55408742,2288561.59443665
65.1898734839637,7181432.58653243,2285798.60533096
65.2325796552167,7185448.99292913,2279124.31125909
65.3354862411751,7195036.80266545,2281692.69768511
65.4383928271335,7204533.92086842,2286486.57463366
65.5412994130919,7214125.24296258,2278450.13734889
65.596204326443,7219148.35502427,2283860.7904026
65.6511092397941,7224148.6010673,2291203.77484502
65.7336230622847,7231600.87814858,2295504.23384168
65.8161368847753,7239065.348969,2294288.9220649
65.898650707266,7246535.1400801,2292606.08015531
66.048791211714,7260041.98847841,2295725.79059521
66.3727789816691,7288606.11118977,2306317.52937795
66.447526824229,7294991.36347645,2319474.03814914
66.4980410530972,7299349.70569609,2317210.7283973
66.5485552819653,7303717.40554169,2313272.22334713
66.6265062272263,7310419.74419669,2313470.14338156
66.7044571724872,7317090.53473675,2315191.34469683
66.8972205361862,7333455.36555061,2320449.35858431
67.0524807012913,7346391.78228598,2330019.13517633
67.1570993649118,7355086.1185333,2328245.243742
67.2617180285323,7363734.49064538,2329713.88437505
67.3663366921528,7372213.08308379,2339585.39368072
67.4638217359529,7380125.13128765,2338535.0668923
67.561306779753,7388047.46676327,2335662.20482076
67.658791823553,7395910.49999125,2338890.10849077
67.8327460967779,7409620.61361412,2352184.13415222
68.0067003700028,7423362.86533028,2343837.01454184
68.0630937634517,7427764.00915388,2349075.98066152
68.1194871569007,7432108.57556769,2355214.24668649
68.2203121026369,7439842.56888643,2360372.51550647
68.2987528026452,7445944.13625068,2350918.17039323
68.3502943133569,7449857.8888336,2357552.58292732
68.4018358240686,7453781.63453993,2363058.01900104
68.4755676199515,7459363.05235947,2362924.65244325
68.5492994158344,7464941.41521198,2363119.83432174
68.6691210218009,7473878.31891499,2370752.97009328
68.7889426277674,7482831.70579777,2366371.79434138
68.8467434909253,7487072.48872515,2371437.56091555
68.9045443540832,7491325.49572589,2375764.15938259
68.9852347541419,7497291.48418603,2370073.00165148
69.0659251542007,7503123.85528781,2378759.02707973
69.1257310477285,7507462.23749163,2380348.15951094
69.1855369412564,7511822.87635705,2375878.89631068
69.2453428347842,7516119.18196218,2379116.85880124
69.305148728312,7520398.41759083,2383327.92856139
69.4461135619153,7530403.97460678,2386950.35640159
69.5870783955186,7540355.83750745,2387200.65396343
69.715058774177,7549374.4944596,2386808.54288132
69.7899849323192,7554706.8541698,2381244.84768238
69.8415738714446,7558244.77676171,2388660.30058105
69.8931628105699,7561750.43093523,2398180.57673497
69.9121270453956,7563081.77096416,2399676.58748834
69.9192403621496,7563742.00127246,2388263.70749177
69.9263536789037,7564392.58737461,2376685.84925741
69.940435372818,7565671.94995823,2353782.7705736
69.992145226887,7570385.58919744,2269681.40519726
70.0092821668871,7571947.35777765,2241809.51026897
70.018268871147,7572766.42593333,2227193.36688188
70.0272555754069,7573270.32921199,2237907.64534236
70.0362422796668,7573697.21438896,2260505.51493583
70.0452289839267,7574118.83375153,2283006.57803766
70.0659695066045,7575085.45714934,2334946.57029922
70.1058824707154,7576950.97304473,2434900.29335939
70.1457954348263,7578816.07681891,2534853.6228161
70.1506803349863,7579044.35768438,2547086.81018786
70.1526483127306,7578852.21026022,2560286.49297682
70.154616290475,7578651.75751994,2575969.19870636
70.1565842682193,7578455.81885623,2591529.25904485
70.160527215021,7578051.58361449,2622737.21602403
70.17330140477,7576745.00501206,2723838.38515081
70.2339003607842,7570543.03118945,3203445.12305412
70.2477215141108,7569128.8138567,3312832.22466132
70.2518084605947,7568765.83934433,3338796.91300029
70.2545642273122,7568562.85197265,3337349.15537008
70.2573199940296,7568313.49203193,3335476.76865071
70.2611098954243,7567981.1919545,3332972.52425393
70.2710768749741,7567108.76474727,3326376.24828308
70.3100663615406,7563689.28455729,3300564.65052055
70.3417004884355,7560915.48967775,3279623.54700935
70.3733346153304,7559256.06549765,3221598.14268379
70.3970956111405,7558343.42760869,3166164.21148714
70.4208566069506,7557431.41462589,3110761.57894084
70.4441170761291,7556541.32446024,3056529.14411224
70.4673775453076,7555638.62612075,3037124.99061294
70.490638014486,7554772.71335837,3036069.0450207
70.5072083058536,7554153.94617413,3035279.96341824
70.5545114836056,7552239.83601858,3039632.34672081
70.5595221096257,7551758.14301772,3052444.99044895
70.5645327356458,7551290.78601013,3065511.63238403
70.5733506524402,7550479.22436999,3088486.00175848
70.5981557647824,7548177.85752239,3153098.28068185
70.6267477890723,7545526.86523081,3227577.89360384
70.6404660111791,7544254.7927898,3263312.34213795
70.648082201598,7543548.56044231,3283151.69152259
70.6523657904693,7543209.51863584,3291433.68707876
70.6532142189686,7543287.73740463,3287195.60344977
70.6540626474679,7543296.4083656,3282025.64181649
70.6550941087937,7543320.18316457,3275964.00633124
70.6569931708939,7543363.12082677,3264740.91330206
70.6620878314613,7543477.80386291,3234647.10570156
70.6835838787221,7543964.46435963,3107672.36919177
70.7055785256839,7544461.75564097,2977751.44589319
70.7275731726456,7544959.21753182,2847830.80919074
70.7518964271883,7545509.37301639,2704155.32466909
70.7527583953202,7545395.04211078,2705086.02369288
70.7536203634521,7545365.51901009,2708309.87858446
70.754482331584,7545327.82432041,2711302.73088555
70.7560968132179,7545258.5756365,2716990.0976451
70.7604029143742,7545072.41847127,2732137.06563649
70.7781158690943,7544304.77386221,2794446.79904131
70.8151763705863,7542699.70277467,2924817.23221065
70.8522368720784,7541094.42807826,3055187.36628261
70.8592195897683,7540810.34040218,3062625.78836387
70.8662023074582,7540478.66596051,3063665.38652188
70.8731850251482,7540152.06236186,3064773.82644384
70.891531408725,7539298.83616574,3067682.25225224
70.9613480169237,7535861.3589304,3086189.66196007
70.976363131859,7534730.49760203,3106194.99493132
70.9913782467942,7533602.46874522,3126281.71363467
71.0257416307174,7531029.80748481,3172258.99663743
71.0472611431929,7529416.49436781,3201048.32512946
71.0687806556683,7527971.65648639,3204684.80717261
71.0930800840802,7526409.50873896,3192375.79384605
71.117379512492,7524849.33059416,3180110.3858332
71.1440542330281,7523140.34690894,3166650.91046268
71.1707289535643,7522112.05613773,3128001.11728315
71.1911815478995,7521725.15818558,3082323.15382011
71.206517751135,7521436.19748827,3048112.31774951
71.2500398608052,7520621.65230936,2951032.29513312
71.2654094161103,7520080.22936828,2945993.0633947
71.2754846747871,7519640.98201562,2959240.99161946
71.2855599334639,7519195.37281824,2972372.13550905
71.3070958282076,7518233.92535308,3000440.02399269
71.335535210575,7516969.44095792,3037510.65451294
71.3520927908236,7516232.93154574,3059092.707756
71.3686503710722,7515749.14809784,3054260.11426216
71.3852079513208,7515336.77534595,3037848.87188708
71.4017655315694,7514926.75817245,3021485.35092745
71.4467741274842,7513817.98199866,2977008.66871985
71.4821129404208,7512943.7073715,2965340.81664049
71.5174517533574,7512085.63342678,2964699.20663834
71.5527905662941,7511226.61908586,2964037.82783383
71.568409664448,7510364.96956957,2985692.41936758
71.584028762602,7509224.30648287,3022410.43988369
71.5961300060713,7508338.71520274,3050807.63090485
71.6286566851493,7505952.55051177,3127132.14159499
71.6593212649222,7503704.93050605,3199089.43205197
71.6624652607306,7503671.67588771,3194065.23933843
71.6656092565391,7503622.24385355,3184704.75905979
71.6687532523475,7503581.82315414,3175460.66373476
71.675544181351,7503496.37888512,3155471.61469408
71.6985278826771,7503199.54875071,3087813.97193989
71.7240363808881,7502871.20074175,3012725.87198165
71.7495448790991,7502542.6122815,2937637.35052404
71.7597587522628,7502411.05544302,2907571.13790602
71.7646198165169,7502024.19234868,2915847.51564624
71.769480880771,7501614.97429979,2933057.40154953
71.7743419450251,7501196.30973044,2950125.46796935
71.7846923120201,7500299.33675364,2986484.12714708
71.8184891906607,7497381.58576856,3105213.93548454
71.8581957214056,7493952.55443386,3244702.67989229
71.8698395157995,7493428.50099558,3239072.78635395
71.8775835722516,7493165.91028347,3219411.53580888
71.8853276287036,7492912.16039799,3199899.10274552
71.9008541965487,7492413.19031679,3160776.0016387
71.9498129839301,7490825.25449952,3037394.79010076
71.9885115284407,7490333.06758848,2963444.94598302
72.0272100729512,7490258.09049208,2901881.46869043
72.0508945733113,7490211.2129423,2864190.67284771
72.0620042978378,7490188.47207964,2846510.09461348
72.067454597109,7489850.20215101,2858526.58426407
72.0729048963803,7489496.29803599,2875939.35582928
72.0783551956515,7489136.17215401,2893266.73987852
72.0921918108937,7488217.92726462,2937266.22303783
72.1431243134665,7484845.92899294,3099234.49964017
72.1604522011632,7483698.44801159,3154337.66393828
72.1690774897402,7483354.56322269,3157744.19404247
72.1777027783173,7483075.75447015,3143146.51584221
72.1841942249537,7482871.99162656,3132268.77244501
72.1985990146525,7482427.17963256,3108126.84043485
72.2505870297815,7480809.54107034,3020984.12179336
72.2618444679953,7480459.49528827,3002114.68419417
72.2731019062091,7479818.78813742,3008958.24658372
72.284359344423,7479111.68525776,3026434.23649725
72.2956167826368,7478400.91476588,3043843.11888742
72.3239848697936,7476603.76301849,3087710.87869076
72.3446115723671,7475298.87875749,3119610.01267584
72.3652382749406,7474015.69189085,3150111.30137447
72.3660910090774,7474085.81485592,3147056.03704558
72.3669437432141,7474095.2477377,3143142.88287561
72.3680066634614,7474119.00107185,3138475.81751077
72.3700169371726,7474163.15666958,3129589.60349099
72.3755823755503,7474284.77153404,3105002.13341102
72.3999908395099,7474820.76730462,2997168.87406261
72.4244090143284,7475356.42651375,2889291.9253063
72.4488271891469,7475892.22741195,2781415.20041319
72.4572207206738,7476076.41758082,2744333.55634636
72.4656142522008,7476169.4345551,2713324.00057905
72.4662463430683,7476050.37474012,2716085.6028239
72.4668784339357,7475988.62810816,2719988.29848454
72.4676614299982,7475909.76854872,2724554.42968656
72.4691821669447,7475761.83821715,2733504.88211184
72.4733785732274,7475352.68658629,2758181.25887371
72.4895079926809,7473778.48281751,2853031.39700839
72.5383178794302,7469015.92721941,3140062.16290153
72.5515355390523,7467726.2094927,3217789.68876907
72.5647531986743,7466436.46480079,3295517.18816605
72.5698308237906,7466241.60159484,3293881.4168756
72.574908448907,7466020.75135908,3280452.44067855
72.5799860740233,7465813.00623587,3267203.05768192
72.5899870604006,7465411.19769248,3241093.34699179
72.6193852062687,7464216.62411157,3164327.33425607
72.6432616662069,7463247.44656001,3101982.01585962
72.667138126145,7462249.44799407,3043664.74770251
72.6706932967413,7462001.24187808,3046810.64039758
72.6742484673375,7461787.67875947,3050335.10718101
72.6794570786388,7461467.17985266,3055442.91383516
72.6949959764435,7460509.01746923,3070688.09044011
72.7607720628034,7456458.85717187,3135226.90495906
72.7813973066448,7455705.45607941,3117849.16197787
72.8020225504862,7455137.41254141,3083674.45739126
72.8171418089309,7454722.76773922,3058662.54016406
72.8596867130556,7453561.07996894,2988285.86847909
72.8806598884259,7452920.43494144,2978297.40880818
72.9016330637962,7452277.26588373,2981939.54643543
72.9181958640846,7451767.45760357,2984781.08349754
72.9674862478446,7450245.89424214,2993233.1562527
72.9772381904089,7450149.91922093,2983565.52819073
72.9869901329733,7450059.64115717,2973118.44107429
73.0040014767968,7449887.95437714,2954897.59184434
73.0570486644486,7449372.42636714,2898096.3411305
73.0655229451996,7449289.81780851,2889021.97376704
73.0739972259507,7448735.68837003,2904646.85739665
73.0824715067017,7447937.4732601,2938722.20364443
73.0888200234596,7447334.15641373,2964136.32875688
73.1028427422109,7445994.70274674,3020278.92571618
73.15414170431,7441106.34454141,3225674.00512483
73.1667421967527,7439905.4013414,3276124.52505706
73.1707146324797,7439635.28937338,3286156.2401331
73.1723997750325,7439688.96012114,3278293.01459607
73.1740849175854,7439690.16335546,3269878.04668002
73.1762202164616,7439706.22357548,3259330.45553382
73.1809049834659,7439740.00790558,3236161.98302034
73.1975760651268,7439855.38838736,3153714.22188566
73.2251473513228,7440047.47478665,3017360.83612915
73.2527186375189,7440239.30162078,2881006.98561167
73.2618646875484,7440302.96639714,2835775.24240229
73.2682583056843,7440347.46202049,2804155.62096512
73.2726819219816,7440042.35316909,2806388.22060017
73.2771055382789,7439677.9610797,2826507.01504699
73.28047716246,7439387.99614703,2841629.44504554
73.2863033297435,7438882.42074869,2867795.53906872
73.3046452600243,7437303.54395428,2950174.73571924
73.3272262056323,7435358.36605253,3051591.04811826
73.3498071512403,7433413.42777145,3153007.69795453
73.3623542932185,7432332.72890486,3209360.06071882
73.368051616068,7431842.00840449,3234948.16865374
73.3715406798706,7431618.86309153,3246327.74183113
73.3725078480969,7431668.79322201,3242783.9457158
73.3734750163232,7431661.74937565,3238562.27761105
73.3747354540974,7431665.24363346,3233230.88667389
73.3771974836627,7431671.41765662,3222771.91372829
73.3843776151783,7431688.33457402,3192278.59610719
73.4163583466618,7431766.3534092,3056462.1904223
73.4663134000739,7431887.56901998,2844310.95521991
73.4726699058729,7431810.24203369,2823177.63405228
73.4734002951502,7431680.11280434,2826068.67084708
73.4741306844275,7431613.54725862,2829863.51627392
73.4750691845566,7431516.61278505,2834512.50224416
73.4769172534222,7431326.71186147,2843733.6160933
73.482168001523,7430787.63994592,2869915.63678481
73.5058410611908,7428354.94384857,2987959.24257651
73.5285511390262,7426021.67012098,3101201.58624757
73.5512612168616,7423688.24881173,3214443.66120962
73.5643799106559,7422340.35210631,3279859.09019026
73.5694721181489,7421817.14289099,3305251.02464954
73.5716535412023,7421593.00686449,3316128.52876487
73.5729705074703,7421651.26086938,3313975.71987914
73.5742874737382,7421653.49923133,3306853.16267176
73.5756044400061,7421666.1709795,3299964.07639506
73.5779164333575,7421686.44465355,3287800.75813324
73.5838727372058,7421735.44273206,3256477.47931038
73.6084140271681,7421940.82421792,3127421.30628327
73.6358695676828,7422169.9406387,2983038.7413782
73.6633251081975,7422399.19661226,2838656.43540158
73.6697698352907,7422453.03345551,2804765.16225167
73.6738887242699,7422408.313192,2789356.29613783
73.6780076132491,7422226.37511157,2798860.61158229
73.681068821362,7422111.84572097,2806152.86662611
73.6861527964617,7421923.60074079,2818223.26190963
73.7016342250736,7421338.82986368,2854978.49068301
73.7717701257438,7418694.2305625,3021496.0845587
73.7865359794396,7417782.85674375,3041540.43755945
73.8013018331353,7416823.59048828,3060078.22651883
73.8234634489893,7415385.10758352,3087912.82665705
73.8565968939512,7413235.42226505,3129528.84496108
73.8745300634418,7412081.70296054,3151013.29443094
73.8806561591927,7411798.20169475,3146653.08232637
73.8867822549435,7411500.80651114,3142087.22953417
73.8982059486628,7410937.30416762,3133583.55670111
73.9317879341167,7409295.6636587,3108602.30725186
73.9713686206632,7407359.55657996,3079156.07851054
73.9822229867484,7407259.92368344,3056598.6738245
73.9930773528337,7407279.84221447,3029089.189388
74.0039317189189,7407301.12764322,3001612.98777377
74.0385801249152,7407372.30516459,2913905.78894499
74.0677664125028,7407431.23086793,2840023.86117322
74.073285909529,7407442.4188355,2826051.9366588
74.0788054065553,7407036.34889922,2837671.15431208
74.0843249035815,7406541.3187078,2862229.69132031
74.0898444006077,7406036.34977932,2886618.22284303
74.1010149436769,7405007.95018894,2935993.21283907
74.1366964769489,7401734.90548112,3093718.52725737
74.1668594919963,7398967.32574262,3227048.62885958
74.1727582542446,7398426.1226269,3253123.09434644
74.1761106289332,7398134.89434293,3267066.15373399
74.1767196790038,7398203.13313819,3265397.65024871
74.1773287290743,7398196.96733805,3262576.63712779
74.1781103308642,7398196.67946125,3259230.77749201
74.1796380312915,7398197.14752907,3252613.99699158
74.1838357251989,7398197.60746637,3234452.66584863
74.199810952799,7398201.39054468,3165334.23825013
74.2762617519797,7398217.53132506,2834559.50442178
74.2797895874697,7398114.61686054,2833430.73113306
74.2833174229597,7398058.87699188,2836950.96448668
74.2868452584497,7397993.55321516,2840358.16598607
74.29463190845,7397848.08230833,2847900.20750789
74.3221494137215,7397340.66824229,2874555.85986014
74.3553406878833,7396727.77064722,2906706.40801864
74.3732517833304,7396397.11577647,2924056.0267149
74.3911628787775,7395227.27337486,2965980.30923026
74.4037065152558,7394263.55789774,3000105.33275984
74.416250151734,7393298.91296161,3034203.15517684
74.4582933051862,7390062.69526186,3148489.64270376
74.4725303649026,7388967.22480454,3187191.20760595
74.4867674246189,7387935.37294317,3200909.89540265
74.4995739492704,7386991.02635779,3198601.12248385
74.5123804739219,7386051.46301408,3196371.09172291
74.5426598719131,7383836.59868573,3191103.65620946
74.5637893314079,7382289.07480278,3187424.75833301
74.5752882427366,7381447.07463758,3185423.20571916
74.5867871540653,7381188.02868988,3158800.79126537
74.5952926272112,7381104.91002793,3133106.09570718
74.603798100357,7381024.50324961,3107464.067667
74.6275903913789,7380803.52365978,3035734.54823841
74.6550378959368,7380546.62542203,2952982.63275116
74.6707871065864,7380399.39692519,2905500.47568468
74.6790447309199,7380318.08924606,2880809.93977186
74.6800889887426,7380225.53726239,2882106.96614623
74.6811332465653,7380187.02615715,2884104.19465438
74.6824519223047,7380125.83180787,2886455.8831935
74.6850282155558,7380007.05925129,2891097.40775753
74.6926866507994,7379654.88692741,2904884.78798105
74.727681248625,7378043.25164708,2967884.06718883
74.767231412815,7376222.22872316,3039085.15328469
74.8067815770049,7373905.28786587,3083289.36030476
74.8463317411949,7371358.81356787,3115865.83193089
74.8673116230991,7370008.64332465,3133155.52628311
74.8772511719586,7369369.53882231,3141347.81814067
74.8871907208181,7369174.11650748,3124145.84485516
74.8971302696776,7369100.98620687,3096551.28684265
74.9070698185371,7369031.8680715,3069032.05929826
74.9314748422142,7368867.58360946,3001462.98736942
74.9584799215473,7368683.1991441,2926691.95464932
74.9715107454168,7368594.40031929,2890612.89414535
74.9782377898595,7368548.54663244,2871987.3898708
74.9849648343023,7368209.54643423,2878299.53839089
74.9903459160424,7367914.17986844,2891216.86615515
74.9957269977825,7367611.07522473,2904020.81162658
75.0082169063388,7366903.54152729,2933753.07116961
75.0515974051496,7364454.5060022,3037027.46662536
75.0792417150221,7362893.40526619,3102838.47107778
75.0839783225964,7362983.09295352,3092937.48743067
75.0887149301708,7363167.13870774,3068843.64548036
75.0934515377451,7363362.55446584,3044954.86079493
75.1023554789158,7363736.08350213,3000027.29986468
75.128975258714,7364840.48732208,2865698.49726485
75.1742153961062,7366719.06556549,2637410.38107833
75.1794737848116,7366937.38110027,2610875.76812906
75.1817269354442,7367030.93399532,2599506.04057183
75.1830537984976,7366924.97932035,2601410.56602916
75.184380661551,7366883.71659219,2607107.96785546
75.1857075246044,7366836.86287887,2612588.43111091
75.1880142871805,7366753.35853204,2622180.89389695
75.1941774622393,7366529.89669447,2647793.40444768
75.2209426785007,7365557.27099683,2759023.83377163
75.2624341150992,7364050.11646977,2931453.85499234
75.2804915201906,7363394.14458344,3006496.70342698
75.2855646517988,7363294.004962,3011539.63486525
75.2906377834071,7363154.35823122,3008868.09085904
75.2957109150154,7363022.7564605,3006308.18599374
75.30749361076,7362720.7778708,3000349.39036875
75.3478406615386,7361678.5900648,2979937.21444023
75.3853355669587,7360553.86227289,2966709.66379706
75.3906953703824,7360222.9928794,2977219.66330112
75.396055173806,7359852.34218349,2987916.73178072
75.4059681730505,7359175.22088105,3007681.44102298
75.4352628549635,7357160.14268931,3066077.67695299
75.4595611069608,7355489.62686613,3114515.65072419
75.4838593589581,7353868.94156742,3159146.92190582
75.4851509354688,7353886.87520055,3156402.25329662
75.4864425119794,7353859.68660957,3153081.09858179
75.4881212450828,7353833.58254343,3148897.47408632
75.4914812206388,7353782.93236284,3140493.32642828
75.5020986343767,7353620.87253989,3113940.0394075
75.5512381612988,7352873.43117197,2991049.77767135
75.5703166732081,7352583.06799975,2943337.09681865
75.5799374645449,7352436.68165978,2919276.91511796
75.5895582558818,7351999.68163452,2920220.76709854
75.5991790472187,7351435.9919547,2940622.45965746
75.6062067294355,7351018.58172798,2955422.33153109
75.6220521306966,7350071.77096369,2988797.20840943
75.6823354176374,7346479.70032693,3115780.30219051
75.6890236877138,7346366.32461557,3108288.86473147
75.6957119577903,7346288.23684416,3092847.148984
75.7024002278668,7346216.08570584,3077495.85545276
75.7185834040752,7346045.92845848,3040345.41008737
75.776858492919,7345425.26533095,2906558.70237241
75.7866465599875,7345297.3578096,2886362.40824276
75.7903765260882,7345128.2181739,2891070.91102579
75.794106492189,7344985.86383008,2896131.33762896
75.7997868006364,7344773.56316139,2903794.59852386
75.8153838870115,7344176.41794045,2924830.51678546
75.8815746273116,7341647.13488641,3014109.60544765
75.9043695083584,7340727.51281593,3022968.86244283
75.9271643894052,7339779.75039095,3026365.44565093
75.949959270452,7338833.02649118,3029777.92221855
75.9771300439027,7337705.60638677,3033846.70374377
76.0043008173535,7337600.54117872,2985308.0353431
76.0187827558917,7337828.62890308,2943029.67359869
76.0332646944299,7338060.42283111,2900832.42218405
76.0671250037007,7338608.517332,2802172.82797592
76.0792379890319,7338803.56996378,2766877.69274691
76.0857494028914,7338908.55733323,2747904.84310755
76.0902838752051,7338818.42095008,2749813.09788802
76.0948183475188,7338734.86250531,2758391.70741283
76.0993528198325,7338643.52903997,2766858.89569898
76.1097415928195,7338431.7474802,2786275.35507763
76.1469093035887,7337681.19605201,2855744.88619681
76.1960987423833,7336381.40861156,2947166.04947284
76.2452881811778,7333497.99534157,3035896.04705331
76.266979802019,7332226.97573461,3075026.19509082
76.2886714228601,7330988.01216297,3111616.47231451
76.2907556713036,7330988.89325465,3107772.17366991
76.2928399197471,7330953.03495903,3103460.11411263
76.2956403006925,7330907.81434021,3097750.58589173
76.3017911292199,7330815.70775647,3085200.91178243
76.3247307272548,7330468.15850624,3038392.42501678
76.352235244415,7330052.14662294,2982270.43638319
76.3797397615751,7329635.98689986,2926148.15500533
76.4025789065222,7328221.02159324,2952533.9099246
76.4100823767233,7327555.64064386,2978114.19148172
76.4175858469245,7326880.54592004,3003524.52540284
76.4322102544776,7325557.14102899,3053056.71773321
76.4793149713162,7321306.92091971,3212611.84857188
76.5080466018539,7321014.35667815,3143373.71984573
76.5124097562309,7321135.61086486,3117321.24289353
76.5167729106078,7321281.11595107,3091563.83599041
76.5239674105132,7321514.6552634,3049049.94277182
76.5454504123346,7322211.31390831,2922105.1482951
76.5708253964215,7323035.50038197,2772164.33624204
76.5811699821395,7323371.39444442,2711037.99917368
76.5915145678575,7323664.87193702,2654419.6901167
76.5922215960234,7323585.11677061,2655717.31250737
76.5929286241894,7323568.17578755,2658129.41468914
76.5936356523553,7323544.95952832,2660316.27286332
76.5950485948547,7323506.14724463,2664773.17241149
76.5989820341525,7323395.45556084,2677157.07004979
76.614505909961,7322957.86997542,2726036.19962404
76.6921252890035,7320773.37285648,2970094.82450532
76.696389077233,7320640.13939094,2972181.22899512
76.7006528654625,7320482.21257614,2973941.6640637
76.7074018673705,7320226.90178844,2976762.38267123
76.7258671262633,7319542.81123145,2984490.53301282
76.807223697444,7316490.72080066,3015421.51340369
76.8885802686247,7313049.40946398,3031385.24723538
76.9699368398054,7309625.29403747,3033225.47008421
76.9866653736375,7309002.58978968,3033463.27108017
76.9971281908151,7308709.72388734,3027112.4079535
77.0075910079927,7308929.46959912,2994535.77415048
77.0155414421717,7309091.65139836,2969697.02719688
77.0343758800746,7309470.9283421,2910857.43398518
77.0610408455546,7310011.13078438,2827558.31980496
77.0877058110345,7310551.00764836,2744258.67841925
77.1090275402019,7309611.6117604,2783066.27172831
77.1156527062393,7309144.41796927,2812806.28706239
77.1222778722766,7308664.69325048,2842341.59405887
77.1345861414712,7307766.25657932,2897226.83724697
77.1734346833137,7304943.43465009,3070471.57581761
77.1853475552052,7304077.52174154,3123596.35397071
77.1972604270967,7303285.40536422,3168801.92608984
77.1984665611169,7303293.94553817,3166893.53296961
77.1996726951372,7303251.23326179,3164369.27892069
77.2012218736349,7303207.66384552,3161271.66081541
77.2042722579707,7303122.13661755,3155137.29717129
77.2136216599435,7302858.64050862,3136340.7761626
77.256316048746,7301657.70928593,3050509.03208457
77.2910151205084,7300681.40093096,2980750.32774691
77.3102780075171,7300282.44155783,2960782.38237847
77.3295408945257,7299974.3515493,2949560.14003651
77.3488037815344,7299664.03001037,2938306.44929303
77.3776704346657,7299197.12283482,2921440.48727875
77.3926707268296,7298954.97657488,2912676.85664698
77.4076710189935,7298283.01206724,2928906.20583922
77.4226713111575,7297467.74073572,2955736.24901954
77.4376716033214,7296650.02840577,2982516.51805474
77.4787537865409,7294406.43913577,3055859.10872243
77.4908971453459,7293743.78717148,3077539.16914751
77.4972702479244,7293395.93289151,3088917.08058199
77.5013100814503,7293397.84793551,3081991.18914051
77.5053499149762,7293394.97772502,3071223.54466456
77.509389748502,7293399.05976266,3060541.90963022
77.5192848035031,7293410.43744083,3034363.97792388
77.5552049149174,7293446.27470661,2939330.11314672
77.5968478891337,7293488.45771643,2829156.42368461
77.6034985812204,7293262.94685988,2832103.90591175
77.610149273307,7292998.02826921,2845859.07971006
77.6167999653936,7292725.86642292,2859497.32282137
77.6316862360619,7292112.22959388,2890033.75559596
77.6847957965525,7289931.4356462,2998985.70002474
77.7167315996278,7288370.23235611,3040208.85370878
77.7388774718783,7287123.28013025,3055023.58679661
77.7610233441288,7285879.43188244,3069881.56129744
77.7820723399768,7284699.31357459,3084006.2855498
77.796032214597,7283915.84717604,3093372.79355794
77.8099920892172,7283752.9902945,3068352.54665294
77.8205059643049,7283780.54785128,3038698.63496669
77.8310198393926,7283812.07210165,3009119.31111879
77.8568513950004,7283894.24218005,2936445.55279255
77.8963371558138,7284016.8212529,2825353.70082807
77.9094440337471,7283703.80181171,2826766.18405892
77.9184010263415,7283411.5206993,2842922.7772688
77.9273580189358,7283111.7394962,2858956.0784296
77.9464206412424,7282467.95089474,2893083.72669979
77.9876049442541,7281082.98791726,2966821.5124389
78.0287892472657,7279298.49020819,3011619.68951849
78.0644068890852,7277549.43064044,3036703.12432572
78.1000245309046,7275802.18511953,3061811.70885554
78.1080937450402,7275643.6535828,3053356.28226061
78.1161629591757,7275531.43953618,3039888.7401164
78.1242321733113,7275422.07811893,3026468.07369751
78.1480313119586,7275102.21961645,2986882.90246239
78.1776899558514,7274702.07501411,2937549.56035983
78.1946188750558,7274473.80950755,2909390.77186732
78.204493149981,7274253.53452415,2898617.63985001
78.2106708559583,7273849.54601511,2912341.52791056
78.2168485619356,7273460.62508994,2926290.69063778
78.2280550862103,7272761.95121467,2951578.89470101
78.2619159593703,7270638.05879541,3027975.78275384
78.3026757262851,7268082.37478243,3119939.82039073
78.3090323012154,7267919.28625373,3114356.67668448
78.3153888761457,7267766.39087712,3102844.76828926
78.321745451076,7267619.00830395,3091408.03071727
78.3382038359954,7267240.41257661,3061789.97806485
78.399728725031,7265819.0617166,2951063.6728694
78.413147477941,7265333.74962362,2948148.35546742
78.426566230851,7264782.94517095,2959612.68662835
78.4371814894925,7264343.81597264,2968622.72333387
78.4649613797857,7263190.66662868,2992201.48196644
78.4931171100549,7262023.54448874,3016101.24998467
78.5212728403241,7261137.02184909,3014846.47293165
78.5419436569799,7260634.07743616,2997987.48867428
78.5574776354714,7260258.23132896,2985358.67266518
78.6021487545372,7259180.96466751,2949045.32496431
78.6150012001263,7258669.85828723,2954198.33681601
78.6278536457154,7258097.90935466,2966377.0940091
78.6407060913045,7257523.79945424,2978517.0190478
78.6794592254157,7255789.80697651,3015121.09428734
78.7407947250995,7253025.36704298,3042533.24668921
78.7797460940462,7251244.16246103,3043971.41665628
78.797731563261,7250422.46901855,3044648.07838986
78.8087426475453,7250027.24264797,3040422.19027413
78.8163256842038,7250118.28081882,3020006.17699329
78.8239087208623,7250201.00101296,2999444.3201208
78.8393879150853,7250363.90163851,2957478.1785875
78.8910644203478,7250917.90601973,2817387.83968504
78.9034406608047,7251050.39222138,2783836.62802947
78.9158169012617,7250159.35370587,2813215.66028862
78.9219018931539,7249504.2133042,2846752.81554762
78.9279868850462,7248831.56546065,2880051.2216945
78.9389067518963,7247617.80881068,2939825.10433205
78.9719306716473,7243959.73449904,3120604.87943955
78.9982825371973,7241040.09843491,3264859.12584811
79.0246344027472,7240325.19875447,3225157.88810416
79.0289706403214,7240367.77407145,3200243.71788544
79.0333068778956,7240439.01035708,3175679.57357284
79.0399870228836,7240542.62845995,3137791.6247999
79.0605563997597,7240860.16732292,3021131.36737493
79.0828890749498,7241206.07452204,2894472.20982989
79.1052217501398,7241551.76807536,2767812.64487525
79.1096498777895,7241554.60031115,2747804.64980822
79.1107878880246,7241459.52896792,2750440.96422525
79.1119258982598,7241421.11699754,2753745.49732139
79.1133594727033,7241359.37444446,2757749.07527592
79.1162010441339,7241238.43150546,2765728.68488333
79.1249477149703,7240866.70836884,2790281.08523294
79.1659881323165,7239120.63874671,2905483.27073651
79.1906507778043,7238071.54449036,2974712.63900408
79.2054929852996,7237440.15559539,3016375.44352503
79.220335192795,7236818.19943532,3030167.17864556
79.2351774002903,7236154.78429438,3031255.65283625
79.2500196077857,7235495.40517092,3032404.1753301
79.2881743609053,7233804.53488773,3035359.5252525
79.3043893450034,7233085.17589885,3036614.13831152
79.3206043291015,7232900.20603498,3012882.39556046
79.341504564494,7232985.01563828,2964596.01216684
79.3566967615682,7233048.48364182,2929539.22946508
79.3996863765229,7233231.57395314,2830341.27793079
79.4318836533831,7232169.58046129,2858380.61738995
79.4417111665295,7231677.67854699,2884285.51044752
79.451538679676,7231178.00306226,2910058.98394441
79.4718178294446,7230140.94522924,2963245.8253472
79.4934937153588,7229035.58991914,3020099.77301772
79.5050803959763,7228444.54481567,3050490.16129011
79.5118981174373,7228157.13612374,3064120.94016916
79.5162006866304,7228180.2765682,3054306.87472172
79.5205032558234,7228172.90781534,3044143.92322619
79.527197642407,7228168.90631681,3028379.32376072
79.5465911635368,7228157.48876058,2982705.21541314
79.5744431770607,7228139.65561495,2917107.90733589
79.6022951905847,7228122.03279452,2851511.03186776
79.6285475272646,7227262.67259168,2865312.79378161
79.6376725999856,7226830.04265199,2885986.97733261
79.6467976727065,7226386.1926939,2906528.07287644
79.6658370432344,7225454.59180982,2949391.17620769
79.6895025381521,7224300.09457283,3002673.15134992
79.7131680330698,7223150.70016337,3055363.41274639
79.7149005720284,7223149.36678853,3053499.53805664
79.716633110987,7223108.21084927,3051147.88908074
79.7189434717838,7223060.14743241,3048111.49809307
79.7238856238325,7222960.64095658,3041598.69982878
79.7418607457557,7222596.14311342,3017910.34290017
79.776570784269,7221893.1930146,2972169.62546999
79.8112808227822,7221190.09383409,2926428.59610487
79.8185247166538,7220823.02116368,2932620.87308141
79.8257686105253,7220424.26828717,2944227.31789414
79.8330125043968,7220021.70282908,2955776.06397664
79.8532645126386,7218893.83135793,2988068.09303044
79.8823463510165,7217276.00763177,3034441.69626245
79.9114281893944,7215657.9491118,3080814.75521422
79.91938318262,7215438.89502556,3076423.14008541
79.9273381758455,7215278.26054171,3063193.44237286
79.935293169071,7215122.38961908,3050043.14064679
79.955069308404,7214738.46643501,3017347.86325162
80.0304976197664,7213870.54637224,2889680.4429412
80.1059259311287,7215162.52478723,2751396.19654502
80.12723264375,7214988.53931473,2761075.25509008
80.140137630036,7214724.66574181,2785522.40576322
80.1530426163219,7214454.88446872,2809865.5996747
80.1812948972761,7213858.95347415,2863159.97011589
80.2943276525478,7209154.46048794,3033502.39605441
80.309123871275,7208405.93335275,3053391.80150132
80.3239200900021,7207947.23419566,3049688.49078254
80.3387163087293,7207631.76710692,3029777.67195259
80.3499149417338,7207396.14978719,3014765.69391963
80.3792158858107,7206783.37727172,2975488.59594103
80.4050256076556,7206242.28712658,2940889.56841896
80.4308353295005,7205576.15503491,2930935.01016762
80.4566450513454,7204851.21080592,2939649.86324207
80.4750051658449,7204333.46874348,2945814.00704718
80.5093292413697,7203363.3480839,2957335.18918391
80.5331247975074,7202928.11324087,2949225.65290013
80.5569203536451,7202591.09233746,2933248.27933322
80.5807159097829,7202255.20228171,2917293.67431784
80.6630425686388,7201076.16388951,2893370.82587404
80.7026919724065,7200509.0986587,2893820.34316056
80.7423413761742,7199719.49838952,2904064.3114032
80.817243751362,7197989.994783,2935263.45408036
80.8245060377159,7197458.06363975,2950659.02513591
80.8317683240698,7196899.77991794,2967760.57113028
80.8423528092284,7196083.77145341,2992651.62951093
80.8766864251542,7193434.78949238,3073393.34773536
80.9076892416992,7191043.52516133,3146303.16930265
80.9386920582443,7190960.62849361,3067091.14428521
80.9441690474563,7191145.46998228,3037163.47420735
80.9496460366684,7191345.12488625,3007466.91408294
80.959660219736,7191715.38634528,2953150.1379933
80.9891062517166,7192793.10499567,2793423.59182824
81.019987346797,7193880.48919739,2633153.15894024
81.0207450838608,7193825.92815063,2633849.19186373
81.0215028209247,7193829.26232721,2635522.0637783
81.0224242611119,7193825.24286874,2637321.63846373
81.0241863119381,7193823.48618828,2640836.46846787
81.0290886537503,7193817.2259881,2650595.4434029
81.0507292390063,7193788.56042852,2693678.30593491
81.1184208707612,7193699.70884502,2828441.87945819
81.1587253527462,7191648.77656551,2921690.11159959
81.1990298347312,7189564.89322424,3015160.07127651
81.2140318325028,7188791.44638395,3049953.1827459
81.2290338302743,7188140.64348217,3059857.67449699
81.2440358280459,7187518.76750342,3052634.13215626
81.255175055435,7187060.67145265,3047329.43968256
81.2840737832355,7185875.83753928,3033569.12706627
81.3056430788875,7184990.36717647,3023297.04893622
81.3169392124331,7184526.72044576,3017917.62738216
81.3282353459786,7184684.08794848,2987618.3970867
81.3395314795241,7185037.80035119,2947478.87344964
81.3508276130697,7185394.58954976,2907402.86594181
81.3800746523344,7186321.82474238,2803640.25939621
81.4057776498867,7187135.38247268,2712449.59446467
81.4145233660334,7187412.27124865,2681421.13884662
81.419522436386,7187570.53719891,2663685.20058612
81.4245215067386,7187358.29913265,2672232.43391578
81.4295205770912,7187096.85066231,2693333.41866249
81.4345196474438,7186823.34579011,2714248.33328578
81.4443332472137,7186283.49129536,2755329.59284057
81.4762406353174,7184536.54906542,2888903.15627007
81.5200893368252,7182135.02782073,3072465.2955207
81.5237332557443,7182071.61633024,3073188.36961816
81.5273771746635,7181975.02008762,3068049.48631854
81.5310210935826,7181888.26604883,3063037.33811304
81.5387926202218,7181703.90579397,3052326.44041038
81.5649698338519,7181077.42945006,3016243.4197891
81.6958559020027,7179896.41874023,2843335.4210759
81.7125359047646,7179937.93220066,2822042.46700416
81.7206058382106,7179960.3363804,2811742.9920748
81.7257256693095,7179676.24637149,2821343.31421487
81.7308455004084,7179337.36348312,2837830.77489851
81.7359653315073,7178992.06544122,2854216.15070211
81.7482757632644,7178159.78464324,2893628.37037466
81.7928124336582,7175154.38067436,3036218.75589249
81.8078105812433,7174142.10011305,3084237.04668529
81.8228087288284,7173180.15182541,3127846.70544738
81.8237614361975,7173208.9549634,3126148.26271645
81.8247141435666,7173186.41852089,3123766.88770165
81.8259560407636,7173169.32844371,3120835.12879036
81.8284030796301,7173133.94483905,3115011.44361296
81.8356280363267,7173029.20300022,3097826.92272967
81.8684102141089,7172555.63983284,3019856.05705804
81.9255921087596,7171900.9310715,2883763.25180718
81.9827740034102,7173795.91364232,2746372.39336614
82.0122342820754,7174774.75896909,2675587.01672165
82.0416945607405,7173441.66875779,2752522.15854611
82.0472593300971,7172965.33438189,2783643.5429442
82.0528240994537,7172480.94037592,2814533.53930628
82.0629504619799,7171594.79499359,2870767.42535262
82.0938449231873,7168901.66229276,3042339.34352024
82.119486242521,7166665.888554,3184736.88169709
82.1236282479064,7166304.74865329,3207739.30568733
82.1249821218646,7166357.42696941,3206852.57802212
82.1263359958228,7166357.6423029,3200994.29026877
82.127689869781,7166367.60962341,3195358.09267037
82.1300959213333,7166382.66885893,3185275.53098668
82.1364475368625,7166420.57166521,3158671.61819686
82.1632220906195,7166582.63157958,3046527.3385435
82.1990583281203,7166799.07326974,2896427.58882868
82.211156647779,7166872.17688188,2845753.96316529
82.2232549674377,7166945.27511563,2795080.32519381
82.2262713960826,7166728.74459392,2798711.91186522
82.2292878247274,7166533.73613054,2809055.6687647
82.2323042533722,7166325.78102449,2819223.06557315
82.2379793933875,7165935.07729434,2838386.11259977
82.2565573670808,7164661.34310701,2901117.24706758
82.2824111891645,7162887.91470167,2988415.05766306
82.3082650112481,7161114.62695956,3075713.13116962
82.3181679778072,7160435.39602361,3109151.52097642
82.3236565353027,7160058.94083085,3127684.19859102
82.3291450927981,7159994.15246248,3121384.35804279
82.333378607092,7159956.56962845,3109424.74713304
82.3376121213858,7159929.07653369,3097600.32590283
82.3465948616027,7159872.25419527,3072492.5265847
82.3760730144727,7159679.5740279,2990090.46215509
82.4188459488768,7159400.79703362,2870526.4569776
82.4414997325155,7159771.36523771,2826152.08273976
82.4641535161541,7160358.72398139,2789063.49241489
82.4868072997928,7160943.93831112,2751952.09638084
82.5155109310076,7161684.53091608,2704929.23946222
82.5442145622225,7161556.86634439,2730214.86810026
82.5576214186431,7161326.49691113,2759129.18736779
82.5710282750637,7161090.77933468,2787950.33419166
82.6013770006779,7160552.80431436,2853193.06866178
82.6717216432899,7156923.24905993,3011866.55621338
82.6930862267097,7155416.54002164,3061282.20511313
82.7144508101294,7153925.33512418,3110703.24285845
82.7228596009657,7153336.18808784,3130152.75360944
82.7312683918019,7153340.91131433,3113208.97855048
82.7385905171159,7153555.88056541,3078110.39889585
82.7459126424299,7153782.01091352,3043208.74035294
82.7595099847781,7154208.02723869,2978387.29239202
82.801707868962,7155519.39625305,2777206.93459809
82.8141046986751,7155904.86643449,2718104.91380321
82.8265015283881,7156247.84235314,2662971.3873012
82.8270673586774,7156173.86532843,2664023.95184745
82.8276331889666,7156153.28144393,2666088.62888729
82.8284043148723,7156123.41890379,2668655.54586201
82.8300308083743,7156062.06562172,2674141.61438774
82.8348475081543,7155880.4014569,2690369.00726911
82.8533268182139,7155182.41723822,2752628.44982445
82.8875592067067,7153889.85247191,2867962.5795067
82.9217915951995,7152597.21253043,2983296.59099882
82.9349943015783,7152146.11645544,2997308.90365478
82.948197007957,7151659.60296471,2996351.27652659
82.9584134594272,7151287.45476994,2995672.79855794
82.9846689608232,7150334.23090418,2993929.07043634
83.1027238254002,7145980.31818456,2993583.39923328
83.1883349489108,7143035.03389193,2983587.11551416
83.2739460724215,7140502.77030623,2962118.43206234
83.3029837590548,7139736.90692714,2952956.68283883
83.3320214456881,7139151.97485964,2936173.3749554
83.3389866204217,7139383.9216545,2916361.29532866
83.3459517951554,7139605.54404196,2896361.76898523
83.3591969797398,7140021.98500526,2858342.28864619
83.4018785624697,7141373.53366731,2735837.54464936
83.4195021858983,7141931.34859044,2685253.75162343
83.4269869678575,7142168.28392131,2663770.77308656
83.4344717498167,7141825.47241074,2681400.27344378
83.4397199196266,7141504.89004016,2704862.15598743
83.4449680894365,7141173.24196839,2728158.37627555
83.4557575776139,7140489.009559,2776072.78556061
83.4917164349407,7138215.81703101,2935764.89633267
83.5271134378925,7135977.65516899,3092960.97643785
83.5341157657056,7135746.49088293,3099827.09867957
83.5411180935186,7135552.13480458,3088179.45918495
83.5464293759026,7135413.55772634,3079484.13257855
83.5576500266278,7135124.15093638,3061101.46842458
83.5957683668763,7134132.95131468,2998642.24779283
83.6188773372984,7133532.38212205,2960777.49508656
83.6345542485836,7133068.78973442,2944160.44558027
83.6502311598688,7132523.86297548,2950396.09348517
83.6769163149624,7131587.07506488,2961006.93553563
83.7653886887848,7128060.41459291,3000062.26990249
83.7930061485419,7126791.647558,3014208.68770738
83.8206236082991,7125504.79841395,3028332.10424965
83.8337584448099,7125059.42419663,3026793.30831947
83.8381086408894,7125261.56793415,3008350.40312172
83.842458836969,7125442.42528528,2989585.70379444
83.8494134390732,7125728.27902356,2959620.54887351
83.8686126789486,7126528.05956483,2876906.82318415
83.8904957341512,7127438.66784836,2782628.87169256
83.9123787893537,7128349.4284007,2688351.2034418
83.923388317795,7128807.64336924,2640919.41258686
83.9293866401613,7129057.29085774,2615077.14410027
83.9353849625275,7128947.52887198,2616561.65080587
83.9400953568037,7128762.59312218,2636061.6282083
83.9436735875574,7128609.21767468,2650664.2920469
83.9499433694844,7128339.6213319,2676287.19992997
83.9702303469213,7127474.61040705,2759193.78509392
83.996664480008,7126346.70045832,2867221.10416895
84.0230986130946,7125218.90655986,2975248.58175482
84.0508909610009,7124273.58658718,3007677.40737763
84.0604272950693,7123960.54679811,3002960.8805636
84.0699636291376,7123656.19733509,2998368.04991956
84.0900760157115,7123018.72759954,2988679.16592963
84.1616667236533,7121125.80217202,2950966.69954936
84.233257431595,7119774.82248694,2908044.17019689
84.2579147885784,7119332.54215276,2905793.63059351
84.2825721455618,7118906.95046316,2903997.93501473
84.3339134989246,7118026.70864011,2900263.50285848
84.3432729796353,7118197.06658458,2884792.21824119
84.3526324603461,7118394.86734738,2867125.11285135
84.3654007651707,7118666.7265205,2843052.38248654
84.4082449670499,7119580.53897647,2762275.22014507
84.4238942103457,7119914.05756005,2732770.2752585
84.4318452540075,7120083.54765099,2717779.51056017
84.4397962976693,7119843.01996484,2728002.57849751
84.4477473413311,7119417.74822187,2756114.57533421
84.4537892432233,7119087.83818897,2777355.68213349
84.4670670616918,7118359.95295675,2824048.70416721
84.5164859961995,7115657.70320231,2997841.87868101
84.5320562387836,7114806.17202358,3052597.9992197
84.5410139358171,7114537.92127346,3059451.54393708
84.5499716328505,7114346.14924052,3045570.05416202
84.5564157346837,7114215.34888086,3035699.59232246
84.5705255403983,7113932.3534157,3014080.01827506
84.6220074633049,7112892.45886938,2935187.57619355
84.6366013503277,7112579.35231598,2914404.02278379
84.641513194059,7112331.2682708,2919838.20062423
84.6464250377902,7112102.90756972,2925547.87284431
84.6548509414241,7111714.37231077,2935315.0439664
84.6791078081801,7110586.08146233,2963423.5995918
84.7291066953896,7108261.78346478,3021364.56331515
84.752010241322,7107372.45247192,3023633.45753794
84.7749137872545,7106548.75746543,3012780.83017324
84.7931940360882,7105893.22594132,3004150.407702
84.8244041939263,7104775.55456131,2989417.58075189
84.8556143517643,7104441.68255925,2947535.43234178
84.8868245096024,7104619.12260201,2886916.49794125
84.9089046400792,7104745.73986797,2844059.99315727
84.9277721372269,7104854.94407041,2807440.25963962
84.9402382815512,7104869.54497851,2791247.82067371
84.9527044258754,7104781.67947385,2798693.42950471
84.9651705701997,7104696.79235873,2806176.13622528
85.0014539114512,7104451.37042751,2827953.91892194
85.0299805141832,7104257.84618207,2845075.21465106
85.0585071169153,7103085.16325183,2893173.3009099
85.0803278115653,7101906.85950631,2939459.56806769
85.1021485062154,7100727.45628599,2985715.55563785
85.1260748680613,7099433.09129495,3036433.85979257
85.1384580455316,7098784.7703996,3060972.96910867
85.1409777334165,7098777.55343386,3057028.6147159
85.1434974213015,7098735.74504687,3052640.48750362
85.1469500854884,7098681.67415591,3046697.99450805
85.1549919479112,7098561.67650552,3032853.15325368
85.1861134116261,7098094.45556062,2979269.80918624
85.2214049397616,7097564.99643558,2918507.50805737
85.243978315329,7097536.08731782,2872830.03428671
85.2665516908964,7098585.85208488,2802631.48736875
85.2891250664639,7099634.59897119,2732396.36662647
85.3095804221042,7100583.80409046,2668750.62713173
85.3300357777446,7101533.66981498,2605105.50436692
85.3365305281301,7101835.25571113,2584897.62267212
85.3430252785157,7101803.17658839,2589878.99243051
85.3516868574041,7101639.94707025,2619084.91661017
85.3578125300473,7101512.35654567,2639609.61697114
85.3709856210274,7101235.50186725,2683762.61757357
85.4203857432167,7100203.95174917,2849343.427854
85.4392619653189,7099809.6339296,2912613.09707614
85.445955313391,7099498.17752682,2923817.5024314
85.4526486614631,7099137.96439104,2933357.80538028
85.4625408715899,7098609.75881337,2947494.13762922
85.4941225007175,7096924.71473236,2992623.83576395
85.5297561370788,7095022.73350903,3043542.58656351
85.5653897734401,7092856.46808993,3069526.73083316
85.6010234098015,7090566.07918592,3085259.85969766
85.6366570461628,7088277.1387421,3101011.76571925
85.6408070554208,7088011.01115213,3102847.0666874
85.6423334520935,7088113.05332803,3096269.32055472
85.6438598487662,7088182.05133966,3087690.24970445
85.645386245439,7088262.49980516,3079258.86083705
85.6484454102921,7088420.0169199,3062314.1046482
85.657683634081,7088894.61788387,3011151.23187212
85.6997953886611,7091059.79752196,2777931.1719329
85.7337869704806,7092807.28039172,2589681.27978112
85.7389211039183,7093071.23257817,2561247.78569031
85.7440552373561,7093082.73891431,2557705.81204981
85.7491893707938,7093066.94976163,2573159.92205013
85.7531490750037,7093042.25203251,2584880.92026192
85.7603388336809,7092996.62622645,2606195.84067894
85.7841623669642,7092852.17508458,2676822.80521227
85.8300456999249,7092573.02551977,2812847.18106967
85.8406296993992,7092508.66076983,2844224.23188365
85.8470463727457,7092393.80791076,2850090.20460171
85.8534630460922,7092251.81847922,2854868.54263401
85.8634290888728,7092024.64475789,2862313.3508517
85.8913862245809,7091400.59448928,2883210.98795938
86.0311719031213,7088593.58242255,2906919.06216201
86.0634396634952,7087452.03951795,2927903.86522987
86.0957074238692,7086060.83938574,2962387.92803082
86.1209930839666,7084969.64533768,2989388.24749877
86.1341840024636,7084399.72835132,3003472.61298368
86.1409577601209,7084107.30594217,3010705.53517249
86.1477315177783,7084281.71188336,2992956.37566228
86.1545052754356,7084587.39521098,2963337.68450157
86.161279033093,7084900.67343973,2933847.38677952
86.1759381802777,7085581.63708943,2870017.29129345
86.226959361323,7087945.224908,2647848.65835826
86.2704809691447,7089996.9916095,2573135.23751862
86.2824067584326,7090592.91597344,2571373.21914457
86.2943325477206,7091180.40831202,2569493.08300145
86.3196151542686,7092422.33397449,2565513.05883064
86.3344277666353,7093151.08772404,2563182.04263586
86.3421282894159,7093529.85146143,2561970.11274193
86.3498288121966,7094321.34911124,2535651.21911656
86.355700330948,7095049.66510403,2508841.01979496
86.3615718496994,7095752.03574576,2482110.56805786
86.3760225225458,7097481.79288805,2416308.53516093
86.434451478437,7104471.39923074,2150248.44151533
86.4421833702303,7105396.39250024,2115040.78497299
86.4499152620235,7106254.399273,2107699.4591442
86.4554905664615,7106908.55290655,2109211.27602666
86.4610658708995,7107554.65958051,2110623.55521109
86.4745869990423,7109121.14580883,2114067.4127248
86.5332773234859,7115924.91948923,2129011.56664773
86.6035227455957,7124043.25019785,2132403.76008201
86.6737681677056,7132148.520969,2133048.43230358
86.7653434349265,7142658.94910693,2134398.94123591
86.9269555633699,7161073.58634647,2139701.37975609
87.1343001338782,7184377.99176335,2147541.66131096
87.2531145157889,7197525.16734612,2156052.59468167
87.3245386341023,7205456.03880183,2151471.09738302
87.3959627524157,7213309.17421514,2155285.57163663
87.4856906588653,7223113.88170125,2160196.76230614
87.6037079964808,7235837.20263713,2168928.73684964
87.6958640122187,7245766.1313171,2169281.54215222
87.7880200279567,7255642.23139755,2167062.45432722
87.8801760436946,7265460.60412581,2172653.48819932
88.0069423973515,7278862.33403389,2177647.99707898
88.1337087510083,7292219.12167867,2174097.51158521
88.1953700558995,7298661.48499277,2177078.86498127
88.2331284627635,7302589.16997715,2180653.49846931
88.2708868696274,7306047.71665904,2215748.20987158
88.2967237116697,7308213.22740045,2254022.72428054
88.3225605537119,7310376.91116646,2292257.62792245
88.3982465270967,7316778.22253105,2325994.94732404
88.4327707033106,7319699.91924919,2323135.67563794
88.4672948795245,7322626.87987324,2321150.81581627
88.5343449187497,7328326.4468769,2318762.33607893
88.6456163674447,7337606.08707145,2330060.55411641
88.7017648416519,7342304.27331376,2327683.00485748
88.757913315859,7346994.62911149,2325410.37269937
88.8726289552676,7356501.74713842,2330332.09293488
88.9734271000299,7364737.61620812,2335630.88024833
89.0435706886162,7370554.30665201,2327382.92091281
89.0924635672807,7374517.7532263,2332361.54151772
89.1413564459452,7378463.57303482,2338999.24694376
89.2172335827866,7384643.16726539,2336636.74825751
89.2757564027171,7389346.6111827,2338639.50383458
89.3342792226475,7393973.52722587,2347677.96652984
89.3928020425779,7398657.40787824,2345835.94035508
89.4513248625084,7403359.77547471,2339671.67281617
89.491944050773,7406541.16835914,2344939.83774498
89.5325632390377,7409723.67391937,2350231.50038127
89.614082069358,7416161.64139961,2348530.93909848
89.6956008996782,7422527.21224927,2350840.77062907
89.8236912106267,7432533.34990638,2350187.60991275
89.8974370233892,7438212.69004758,2354821.68765128
89.9711828361518,7443866.91690823,2360771.04451746
90.0449286489143,7449628.22099353,2349320.4910487
90.0916749698196,7453169.84981284,2355257.00145916
90.1384212907249,7456692.34479936,2363998.57986071
90.1997314288783,7461303.7735296,2366876.68905337
90.2610415670316,7465911.62899397,2366823.42343373
90.3387156869826,7471754.1706356,2364880.02125327
90.4586098386764,7480728.01329028,2367534.1457146
90.5785039903703,7489554.25154602,2373892.53224868
90.6983981420641,7498368.04607586,2373758.63393498
90.7884072880128,7504938.68130941,2376077.12733306
90.899037706819,7512960.08900067,2378432.89609613
91.0096681256252,7520839.66724329,2386417.42042031
91.1202985444313,7528728.76747281,2383838.44233479
91.2309289632375,7536587.3880543,2385133.0471869
91.3415593820437,7544392.25209919,2387220.62534142
91.4521898008498,7551929.97040929,2404752.91079529
91.5003883572601,7555244.66919355,2401799.28071866
91.5485869136705,7558566.29806414,2397819.8448985
91.6343716531486,7564576.92274486,2387971.99710278
91.741071036836,7571971.19250244,2390499.01845634
91.8477704205234,7579254.31569521,2398220.09804568
91.9544698042108,7586797.07120811,2377494.29765625
91.9832254237709,7588869.34136578,2367989.34032134
91.9938006376409,7589511.86813579,2375188.48904141
92.004375851511,7590149.8048879,2383372.40184669
92.0223467975863,7591249.29577336,2397265.75582987
92.0883844507602,7595264.51513592,2448315.63854835
92.0983929991576,7595934.72048265,2445150.26663024
92.1084015475549,7596602.31911048,2441124.73605256
92.1257128274462,7597742.21099271,2434175.08025579
92.1876771829052,7601846.14991211,2409304.68693612
92.2193255124358,7603934.82066349,2408633.01066773
92.2509738419663,7606023.26085792,2408530.09247679
92.315457001905,7610295.76873863,2407963.85332953
92.4461153530383,7618889.08436898,2409617.33372626
92.5767737041715,7627341.73192594,2416940.47674627
92.7074320553047,7635710.88934776,2418910.89153264
92.7896796381159,7641024.32474372,2413807.35810501
92.845545572023,7644537.21678487,2420131.99213833
92.9014115059301,7648056.75966118,2424739.47003482
92.9701049543139,7652407.98226979,2421765.38012331
93.0387984026976,7656723.44623403,2423549.3442384
93.1450105564204,7663265.02476597,2431702.39819618
93.2512227101432,7669855.82686093,2427162.18462787
93.357434863866,7676362.98955961,2432526.78563673
93.4636470175888,7682850.67889558,2432296.26344719
93.5384427001434,7687391.66103355,2432905.38147034
93.6132383826979,7691926.02045468,2435131.84553789
93.7003122964854,7697209.18729529,2431999.51202565
93.7608322986782,7700750.76497655,2442309.82667849
93.821352300871,7704326.93920446,2445083.91344865
93.8818723030638,7707931.93063193,2439756.77442834
93.9423923052567,7711506.95976694,2440501.45083178
94.0029123074495,7715070.51591476,2442239.22805795
94.1261381967509,7722280.99408065,2444978.00131427
94.2493640860523,7729316.39082739,2454724.95559488
94.3447954869536,7734805.42515582,2450176.29781875
94.4402268878548,7740323.05136872,2445039.94871865
94.5477172871209,7746441.23409222,2452726.50080309
94.655207686387,7752500.0078737,2454857.51806328
94.799994520473,7760624.47465278,2455969.63109549
94.944781354559,7768585.81730425,2462369.26599004
94.9865234243996,7770880.43752984,2462418.88614887
94.99458921121,7771319.18519797,2462428.02365858
94.9995405558474,7771362.40710947,2475874.91869675
95.0044919004849,7771417.81470674,2490952.53789519
95.0114126584251,7771490.33623843,2511971.40440331
95.0313518203033,7771694.56159044,2572535.05927582
95.0563936544528,7771953.72588375,2648598.75620015
95.0814354886023,7772212.49209505,2724662.07146185
95.0909374875029,7772310.70038045,2753523.94367475
95.1004394864034,7771426.90829995,2811561.53878792
95.1070065027614,7770366.99513674,2867768.32596467
95.1135735191194,7769301.73844477,2923801.52024215
95.1264609758705,7767198.02985698,3033773.79444201
95.167249939074,7760558.95709641,3381851.32313992
95.1928347170366,7756393.79037464,3600180.42481096
95.1953131989233,7755990.31658741,3621330.73039234
95.1977916808101,7755925.32772478,3619600.21533299
95.199673039626,7755809.12126492,3609555.34466801
95.2015543984419,7755718.61484688,3599861.38489848
95.2044191618323,7755581.58569858,3585028.54290976
95.2110378207581,7755253.99428245,3550760.6947467
95.2354188086121,7754054.44441301,3424541.03226658
95.2683847529818,7752431.02196078,3253874.36869236
95.2860376024731,7751561.87899877,3162484.88021756
95.2942534340988,7751157.36214904,3119951.18167609
95.3024692657245,7750705.06223869,3104621.11449727
95.3106850973502,7750324.56813512,3104041.71926486
95.3189009289759,7749936.4156887,3103337.04461969
95.3366690782078,7749085.19646137,3101813.20459347
95.3964796464269,7746236.87410187,3096700.24314688
95.4019811060585,7745685.44260886,3109345.37521292
95.4074825656902,7745132.17045871,3123734.35636767
95.4154827108074,7744323.73329375,3144609.51350923
95.4393150232116,7741909.91219492,3206797.36881622
95.4630995515329,7739503.21457931,3268863.09446559
95.4868840798541,7737096.1173088,3330928.06266236
95.495571446053,7736216.9383091,3353597.50847733
95.4998525512681,7736212.83001718,3340152.1489863
95.5041336564831,7736281.32317038,3312461.76312686
95.5084147616982,7736362.78857709,3285003.41719452
95.5161939678198,7736522.38571785,3235087.40834774
95.5382764157344,7736955.37107251,3093375.65171746
95.5584737368136,7737353.34902763,2963764.87318266
95.5786710578928,7737750.84135149,2834153.37349059
95.5901101625522,7737976.01946178,2760745.73524694
95.5953787230565,7738079.72665366,2726936.05053366
95.597698596148,7738125.38804746,2712048.82862682
95.5990689473527,7737989.62740801,2712855.83574091
95.6004392985573,7737934.18106123,2718117.11597371
95.601809649762,7737877.87964079,2723142.52017739
95.6041506518475,7737774.038298,2731794.52049168
95.6102231988316,7737505.56924171,2754222.37342678
95.6356792606279,7736375.94890064,2848238.70062297
95.6805923719636,7734384.19447417,3014116.78626756
95.7255054832994,7731824.70847954,3108924.11795425
95.7414299310598,7730763.76301852,3126320.03181563
95.7573543788202,7729707.1833577,3143787.26988267
95.7962881285256,7727134.03893092,3186502.22136522
95.8198513727327,7724829.16654189,3224176.86557169
95.8434146169398,7722429.86143549,3263464.11203132
95.8803900684369,7718665.07620614,3325109.0534029
95.8926921195008,7717411.95979514,3345618.27111727
95.8991695606027,7716752.37300535,3356417.30104383
95.903339952225,7716582.2749019,3348133.13423938
95.9075103438472,7716412.81441142,3335263.19098523
95.9116807354695,7716250.33598873,3322486.49796352
95.9218555972566,7715858.82467597,3291301.85069827
95.956906700287,7714499.76906552,3183864.0243109
95.9905722028218,7713195.60853545,3080675.46179934
95.9981850413806,7712900.62589822,3057341.1332077
96.0057978799394,7712246.23787001,3062545.67815304
96.0141939432604,7711409.04139061,3088280.48096045
96.0225900065813,7710564.00091418,3113853.35552079
96.0392784464134,7708870.17704404,3164682.9687254
96.0926010326521,7703477.96971796,3327112.49625999
96.0986225573034,7702868.6927848,3345454.46915915
96.1046440819547,7702657.10053203,3337268.75562224
96.110665606606,7702568.56062433,3309957.33954561
96.1153472529657,7702508.45876523,3288892.59434246
96.1245697590059,7702401.41754548,3247384.94712463
96.1538675583115,7702042.10887455,3115506.97938876
96.1812830391669,7701707.34524565,2992104.14886194
96.1927285413326,7701567.45800884,2940585.35676339
96.199186309695,7701488.53816533,2911517.49458159
96.2056440780574,7701207.77155533,2910125.37788489
96.2121018464199,7700945.55020103,2920719.74398494
96.2185596147823,7700674.57506115,2931177.42430189
96.2325953498707,7700075.92406765,2953915.89844022
96.2798746344615,7698074.96842595,3030522.3421345
96.3345760765135,7695199.05535881,3095399.43607983
96.3892775185655,7691923.02491733,3143959.66968532
96.4304203208548,7689083.81287685,3173563.37237497
96.48850957628,7684828.14085181,3210914.5641418
96.5046088956638,7683707.46793032,3217683.89455017
96.5140815882548,7683337.77942614,3202371.65015878
96.5235542808458,7682960.05616444,3186898.68188703
96.5420685819838,7682206.78099632,3156651.86579769
96.6006374773028,7679844.3453031,3060989.66288907
96.6533002144664,7679165.49888198,2976814.84052719
96.6895353932214,7678768.32938881,2918986.07795803
96.6993538245658,7678661.29411112,2903317.76347329
96.7039697548523,7678610.73445847,2895951.15542173
96.7051027903908,7678468.22190952,2899333.43630985
96.7062358259292,7678381.8546273,2903649.4497802
96.707645663472,7678264.59680398,2908841.8101188
96.7103721938604,7678035.23365715,2918930.85667619
96.7184524030751,7677358.15547755,2948821.36008529
96.7548445411961,7674304.64585469,3083441.3050523
96.796806788665,7670784.44241001,3238666.88511952
96.8037001441379,7670206.13272544,3264166.5378038
96.8081470482241,7670033.23028356,3262712.2523368
96.8125939523102,7669849.48893133,3252694.81543074
96.8170408563964,7669675.058175,3242818.13992172
96.8266278187943,7669306.0800971,3221510.08029296
96.8571187130891,7668119.13049772,3153727.8624857
96.8843725006131,7667059.47990871,3093144.17823989
96.9002339317424,7666442.59500036,3057884.7854433
96.9160953628716,7665712.34734953,3051323.16431838
96.9319567940009,7664977.31780822,3057609.52372453
96.9478182251301,7664239.52085478,3063841.26939024
96.9900019067319,7662269.60167525,3080408.60423709
97.0333680291786,7660635.09762868,3067266.46006369
97.0767341516254,7659205.97606157,3036226.38218182
97.1084613043198,7658090.09994332,3018685.40219441
97.1173009053405,7657542.59973772,3030901.01016502
97.1261405063611,7657003.92661363,3043284.88043274
97.1433771563051,7655967.47233861,3067432.51760057
97.1989719892994,7652604.66259598,3145299.29068869
97.2153888220884,7652235.77804982,3125250.24933365
97.2253870828137,7652235.71252119,3092611.72836722
97.235385343539,7652242.51107748,3060119.10941108
97.2556612202145,7652269.52914139,2994228.8076503
97.2753352130993,7652289.90068237,2930288.34371693
97.2950092059841,7652311.03475179,2866349.46433734
97.3024461855374,7652319.01018855,2842179.87356896
97.3063637313604,7652323.20699658,2829448.15839076
97.3087997635241,7652064.138372,2835697.47110946
97.3112357956878,7651827.26680385,2848520.56513066
97.3136718278515,7651576.73895473,2861140.25728859
97.3181116160237,7651118.4663693,2884184.61766115
97.3316061303125,7649735.29508935,2954224.55330456
97.3913215919495,7643608.92508857,3264156.91358898
97.4344732524582,7639754.98956484,3328266.23091642
97.4411564258712,7639180.89945361,3322214.38192254
97.4478395992842,7638624.82436986,3316353.78966243
97.4608460337186,7637539.02918103,3304929.40757747
97.5042380838057,7633914.49386624,3266811.73669594
97.5175942523215,7633317.00109374,3238993.74799933
97.5309504208373,7632903.30536481,3204542.53301082
97.5443065893531,7632490.51678561,3170125.04999286
97.5864040257568,7631194.65368572,3061647.96512957
97.6270926659089,7630592.11817006,2966854.77673756
97.6677813060611,7630834.40540749,2884828.29310109
97.7084699462133,7631074.31067758,2802780.26074841
97.7134276263529,7630786.43797284,2812587.15309159
97.7183853064925,7630446.93882104,2832447.01503063
97.723342986632,7630098.90564336,2852159.97982911
97.7341042095642,7629336.1896523,2894967.15713092
97.7700213109435,7626803.98992878,3037850.33885644
97.7929682397938,7625185.40659603,3129135.14887778
97.8067078519812,7624216.39770312,3183792.6864759
97.8204474641687,7623131.35611445,3208340.93106833
97.8341870763561,7621932.91940456,3218548.8509035
97.8479266885435,7620738.83165781,3228827.20531121
97.8818111777084,7617802.76631041,3254183.45862207
97.9109565125735,7615274.43635434,3275989.03821861
97.9204769396086,7614567.38732965,3271140.76231984
97.9299973666437,7613853.35602457,3266100.27750749
97.949372454892,7612387.30158138,3255837.01036663
98.0117088565056,7607688.15501103,3222837.83675943
98.0417094299703,7605964.79633859,3196840.36446763
98.0717100034351,7604247.72559781,3170712.39534673
98.1015331610849,7602536.63252669,3144734.31413206
98.1313563187347,7602479.65114014,3047211.84822432
98.1429212130635,7602779.01520753,2994011.54207378
98.1544861073922,7603082.11944658,2940907.12416344
98.1809775507105,7603786.01784581,2819263.93632551
98.2110862278753,7604581.58466845,2681007.13602042
98.2146103886472,7604275.42678449,2691289.55805798
98.2181345494191,7603977.27162163,2712805.38974936
98.221658710191,7603662.14828155,2734074.39798103
98.227822363265,7603105.42051898,2771311.72553905
98.2467432562383,7601411.40510626,2885623.68142944
98.2703679288926,7599294.38319186,3028351.66844276
98.2939926015468,7597177.67830139,3171080.06248847
98.3043900817223,7596246.12354051,3233896.48218425
98.3108311973694,7595669.01997306,3272810.49448994
98.3172723130166,7595365.63825818,3277868.29531975
98.3237134286637,7595059.32228008,3263984.10869489
98.3286421752019,7594834.93811602,3253520.11371616
98.338600571915,7594391.21027955,3232367.21273049
98.3707479559596,7592941.84571133,3164065.25417934
98.4149503520042,7590895.14857767,3076694.05153615
98.4195404194032,7590540.69663627,3082141.94153109
98.4241304868022,7590217.41730799,3087936.07861478
98.4314534619776,7589695.62090371,3097135.79529455
98.4544748821816,7588051.8574421,3126059.54258766
98.4873310769865,7585708.14902957,3167342.21680755
98.5060476826623,7584372.85285211,3190858.62790689
98.5247642883381,7583444.33703167,3182751.02491649
98.5374059233296,7582978.43296746,3160937.57576219
98.550047558321,7582516.74068523,3139214.67409297
98.5793904148289,7581454.65452059,3088799.05422797
98.6027636151545,7580605.5171825,3048636.21529592
98.613841389737,7580203.30903987,3029601.54558338
98.6205093299338,7579878.28064904,3032172.25151134
98.6271772701305,7579574.89611808,3035348.47170701
98.6383115446986,7579064.88163555,3040624.30317928
98.6767554809054,7577300.69944554,3058840.15547305
98.7055605632903,7575979.77509153,3072489.98750385
98.7343656456752,7575159.15473266,3052495.75174923
98.7631707280601,7574555.88537363,3015734.99436298
98.7847925373432,7574103.95570494,2988169.21701211
98.8180502899342,7573359.05885261,2950832.59730023
98.8235519507531,7573095.99638981,2957326.27104301
98.8290536115719,7572847.9524466,2964048.35141291
98.8393862955879,7572392.94979897,2976654.70969669
98.8701137154697,7571021.45086884,3014129.41622148
99.0216186192136,7561925.47220658,3177208.49444727
99.037998842445,7560771.17046493,3180443.41502774
99.0543790656764,7559612.6473581,3183605.01075216
99.0939098396633,7556807.86833215,3191225.83513543
99.1106532982299,7555621.44323153,3194456.24082442
99.1273967567964,7554971.87791144,3170791.14891693
99.1439011450158,7554613.45178751,3130670.27523138
99.1604055332352,7554257.52388104,3090618.13964039
99.2012780649853,7553384.42914802,2991437.63464005
99.2121124201991,7553151.97365028,2965145.63887473
99.2182760127313,7552998.52705955,2951555.9850789
99.219776718405,7552835.82248201,2955228.99714104
99.2212774240788,7552725.06335967,2959541.38841475
99.2231765664743,7552577.4009631,2964862.97382864
99.2269931664274,7552275.3163598,2975586.95308882
99.239437716201,7551294.15875434,3010551.72583117
99.2979272429783,7546678.95058682,3174882.13150436
99.3151765561144,7545318.04659638,3223345.61643431
99.32299422069,7545035.7381432,3218159.90710241
99.3308118852655,7544853.07859316,3196367.3456429
99.3370074171421,7544712.954228,3179213.59910904
99.3508240391158,7544409.01123015,3140954.66013535
99.4000355321961,7543312.36675484,3004671.26797911
99.4186254112546,7542898.67568402,2954749.7246694
99.4243818685639,7542772.76511392,2953189.14415862
99.4301383258732,7542666.74713262,2951888.96625362
99.4404276278309,7542488.83303962,2949546.63466636
99.4702936372206,7541952.5945267,2942732.14687073
99.5006406631015,7541409.20096426,2935810.33703563
99.5165093799286,7541124.91833125,2932190.6661132
99.5269711964687,7540641.05650375,2945514.03762759
99.5374330130089,7540089.09485766,2964098.3282489
99.547894829549,7539535.31403782,2982645.83541143
99.5811540475597,7537770.73553647,3041610.27896687
99.7371874412378,7529016.1543337,3121929.45622648
99.7466249649217,7528829.15429409,3102165.19198679
99.7560624886055,7528634.76889609,3082248.84398495
99.7750526460498,7528232.01641937,3042172.18361543
99.7964719176173,7527783.8018893,2996975.92656197
99.8178911891848,7527334.88473138,2951778.1134978
99.8267990960815,7526725.2322941,2965045.00004714
99.8357070029782,7526048.10377312,2989103.23524844
99.8446149098749,7525365.69043804,3013071.17545483
99.8659705247369,7523722.47369457,3070532.80936342
99.8912639710825,7521780.01258156,3138594.27698624
99.9165574174282,7519837.06772162,3206654.61215535
99.9277919457632,7519246.29797066,3208402.87065832
99.9390264740981,7518752.82422383,3190478.13432527
99.9473033718798,7518393.93698155,3177360.96211893
99.9667993446907,7517556.60350397,3146466.37710509
99.9952966786759,7516327.73963712,3101301.95546278
100.023794012661,7515036.66940968,3061599.05954681
100.02836957634,7514670.70712206,3068179.49004219
100.03294514002,7514324.57661466,3075048.09903759
100.040771516808,7513742.31167187,3086769.8529835
100.06263482295,7512097.06034525,3119499.62921194
100.089342594798,7510089.20488678,3159485.22585618
100.116050366647,7508081.01868199,3199470.23044912
100.124593761912,7507554.59222277,3205476.85954052
100.133137157176,7507443.76401236,3180578.21278857
100.139164115386,7507357.2294604,3162879.95653352
100.151964108293,7507164.66303509,3125297.59608761
100.193949929437,7506547.18816999,3002036.61606152
100.211210232547,7506292.89053693,2951363.50766461
100.221010882822,7506148.57966398,2922590.6969018
100.230811533097,7505790.86250838,2922059.74784031
100.240612183372,7505406.91989383,2934773.22669252
100.250412833647,7505017.31952179,2947390.32137165
100.273288101041,7504100.38923077,2976840.31582714
100.314229864438,7502464.94182509,3029555.12966557
100.355171627836,7500592.30574391,3054076.08215086
100.384594413321,7499182.45493959,3065232.29507824
100.414017198806,7497773.32125754,3076401.38342323
100.457443153536,7495990.87599957,3066587.36834891
100.500869108266,7494297.36082811,3047726.35044086
100.517793300513,7493637.44805166,3040379.81337888
100.528810792587,7493011.31049845,3044604.00304854
100.539828284661,7491878.47968302,3076201.1372146
100.550845776735,7490748.81278144,3107851.22494071
100.579719428494,7487793.3528833,3190798.72890844
100.620222505531,7483644.79732307,3307151.27154194
100.629016231338,7482869.26837817,3322710.63219074
100.637809957144,7482400.1370105,3304077.48864463
100.644650499327,7482027.94281279,3289479.93587574
100.660218678947,7481173.2277029,3256257.86364347
100.710435409437,7478427.53707474,3149110.91945751
100.766763765769,7477483.19856048,3003172.32023937
100.823092122102,7477506.19749416,2845432.65881697
100.839320944403,7477042.57276814,2852941.93016253
100.850272919255,7476644.03617662,2874175.21689202
100.861224894107,7476239.48680315,2895302.00432104
100.885707932862,7475326.8924074,2942531.04605056
100.978827975306,7470443.07588348,3094230.8911
101.010577899105,7468346.14203358,3137604.74285331
101.028898325293,7467137.30960324,3162643.16311605
101.039573856964,7466449.25747347,3162727.03954075
101.050249388635,7465751.5579906,3162521.12522396
101.070842564324,7464393.39336418,3162119.0781723
101.100953990607,7462415.57077741,3161541.58974003
101.13106541689,7460544.6893515,3155693.82737723
101.132398309287,7460625.2238215,3149537.06313366
101.133731201684,7460659.73501868,3142741.90468592
101.135443625737,7460712.23886475,3134155.9694064
101.138846368278,7460819.90039008,3117062.38723872
101.149553641542,7461155.7830925,3063278.03730637
101.19885442914,7462705.69470263,2815636.51445373
101.231914326538,7463663.53856007,2658035.65297097
101.232552524719,7463567.60144371,2659764.06325548
101.2331907229,7463536.40728792,2662730.18967911
101.23397867018,7463494.35600309,2666100.85218258
101.235508015064,7463418.57525783,2672732.26038559
101.239733390475,7463208.11444118,2691029.92414903
101.256046405739,7462393.92532388,2761676.08041658
101.299332153894,7460234.67087066,2949132.80486552
101.31615268451,7459395.5348493,3021977.0433891
101.332973215126,7458599.36169109,3085189.7852709
101.337034516975,7458481.66042195,3082875.50595812
101.341095818823,7458328.67893996,3080189.3731029
101.34732611926,7458101.27688592,3076120.11454367
101.366496711968,7457404.01976107,3063594.36623012
101.400355360186,7456169.99281644,3041468.67972285
101.434214008404,7454793.49040631,3027657.27325428
101.441668071895,7454190.65537437,3042080.91077288
101.449122135386,7453598.74618442,3056700.84060664
101.463251722134,7452487.72452857,3084407.60783248
101.507174838161,7449017.19481479,3170519.108244
101.522380270683,7447816.21174139,3200330.35604493
101.530487497815,7447175.77769288,3216224.94760468
101.536052065076,7446955.71817576,3211149.93983958
101.541616632338,7446759.61569473,3199335.36752778
101.547181199599,7446569.35247639,3187611.23290804
101.561345476404,7446089.73518124,3157759.94402719
101.611503029606,7444382.69135076,3052042.51887512
101.674370474631,7442727.05240809,2983781.94200727
101.705928270606,7442029.41477244,2965293.86402128
101.726736463705,7441568.16393431,2953082.36219839
101.747544656804,7440443.2289708,2979706.64469036
101.763981510196,7439360.01732953,3014385.66345988
101.780418363588,7438274.31603435,3049007.51701505
101.8238823049,7435397.29754153,3140553.28271361
101.831873789613,7434868.8514145,3157386.43763038
101.836572048251,7434833.78712889,3149217.9835677
101.841270306888,7434815.69846169,3134413.12734451
101.845968565526,7434805.33030049,3119719.67933982
101.857020885219,7434785.05866899,3085140.53572716
101.894859760277,7434706.64181748,2966745.96382719
101.92044290549,7434654.24428512,2886699.6159143
101.935558265667,7434645.39229359,2842621.71460979
101.944945193172,7434786.703519,2832930.49647136
101.954332120677,7434939.84766851,2823390.79028975
101.973330021146,7435258.65027084,2804079.3173472
102.006993122091,7435816.07248928,2769854.27972335
102.023556013508,7436090.64674284,2753015.4181198
102.032011146886,7436230.78573432,2744419.37614722
102.040466280265,7435892.94290337,2763101.95794746
102.049736181887,7435299.11125967,2801154.94590635
102.05900608351,7434706.38052917,2839079.06193663
102.078731873011,7433436.66058405,2919783.7077614
102.105564360314,7431714.60589449,3029568.79077924
102.132396847617,7429992.06148465,3139352.81916316
102.139907645763,7429559.48956028,3150245.42099895
102.147418443909,7429077.13736796,3149705.47071633
102.154929242055,7428601.86190292,3149272.11995815
102.172357352023,7427505.57752377,3148263.48590811
102.233461680381,7423651.35943425,3144714.16656292
102.242431220784,7423570.1817038,3122388.35982235
102.251400761186,7423636.34662113,3090788.24962819
102.260370301588,7423706.14126849,3059262.79541154
102.283299798765,7423890.2233233,2978670.76990229
102.30605852377,7424070.44851412,2898675.99472586
102.328817248774,7424251.04794226,2818681.99808139
102.352453823479,7423687.2393038,2824680.61517537
102.360752761219,7423391.58111612,2843893.97141525
102.369051698959,7423086.48089621,2862952.88605103
102.38596236856,7422456.22085826,2901795.56015096
102.444385873588,7420133.54266085,3029040.90641309
102.460589079024,7419126.01157071,3048559.80321511
102.47679228446,7418112.56585597,3068009.21228286
102.516892645288,7415597.82688828,3116137.52325992
102.531776375013,7414665.51179978,3134002.74778021
102.546660104739,7414113.02294306,3125239.47892898
102.561543834465,7413776.46513463,3096537.65316888
102.572351376239,7413535.2292638,3075763.05979194
102.59979242432,7412928.91355437,3023018.75923887
102.620446784742,7412470.68917374,2983316.86997169
102.641101145164,7411889.51815519,2952762.84909385
102.645659776186,7411519.96616836,2963862.5868845
102.650218407209,7411174.15125152,2975309.51259377
102.657553666494,7410626.78155156,2993695.41983271
102.677617628495,7409111.03006062,3043972.40449327
102.703556983221,7407153.31965739,3108975.48340701
102.729496337946,7405195.310293,3173978.01956677
102.755716740933,7404137.80914978,3157690.93083028
102.76492655789,7403914.09744833,3135112.54108811
102.774136374848,7403698.17406224,3112669.1149471
102.793448670756,7403254.17185473,3065607.14398274
102.820909253353,7402617.0468261,2998681.46463057
102.836067789478,7402265.68879852,2961738.54083111
102.851226325603,7401889.84127245,2951819.36834447
102.862975537149,7401622.06116536,2951824.53454195
102.874724748696,7401351.11963564,2951782.38111962
102.908788225988,7400561.46740989,2951659.72539586
102.932441927031,7400014.29371536,2951576.050138
102.956095628074,7398861.66003691,2979213.72304105
102.979749329117,7397447.66336454,3020227.72696827
103.003403030159,7396032.33170668,3061203.98972962
103.029056169117,7394494.85145683,3105641.13027863
103.039524170216,7393868.02213984,3123774.87043156
103.046186382401,7393646.61323425,3119702.51263283
103.052848594586,7393434.71774375,3110654.76746529
103.059510806772,7393226.90490141,3101665.51692647
103.078618619099,7392634.32603597,3075879.10730829
103.155215189432,7390617.72290051,2972197.07225133
103.214159528112,7390386.09826619,2891286.09704417
103.240506941193,7390293.70224836,2855116.33771528
103.252291510358,7389956.19799328,2864789.20184849
103.264076079523,7389575.07132147,2881868.74883065
103.275860648688,7389191.12467354,2898901.35259887
103.31017679104,7388069.09051339,2948499.64174335
103.373833663318,7385346.66166352,3027841.17302897
103.437490535596,7381874.70147209,3092673.17079214
103.456297604309,7381356.64533694,3077701.17798245
103.469114643533,7381195.17767163,3051494.55276765
103.481931682756,7381038.06957195,3025376.24887136
103.512085951493,7380675.45571771,2963931.44497046
103.531986212054,7380434.17304849,2923378.47465378
103.542672125778,7380304.79021478,2901603.02878447
103.553358039503,7379873.48978406,2907223.17663604
103.564043953227,7379363.05871616,2926006.69104029
103.574729866952,7378847.68721993,2944702.52191424
103.600343707444,7377606.21868294,2989516.44233351
103.701536497424,7370181.15294733,3181540.47805695
103.732320984153,7367261.40039979,3243883.63380194
103.744141499741,7366140.67427543,3267818.58221501
103.755962015329,7365963.02382183,3234839.76148545
103.763514779691,7366068.44201421,3195099.05822258
103.771067544052,7366183.96953621,3155539.12939664
103.785728756655,7366417.70179741,3078742.54200931
103.83143046251,7367131.6297018,2839335.82095485
103.840721177227,7367277.03856715,2790667.23478374
103.850011891943,7367316.92660771,2750935.8494008
103.850849153046,7367207.35575421,2753497.54298144
103.851686414148,7367163.65160996,2756935.60059476
103.852752300234,7367093.93541729,2761091.77330869
103.854843768801,7366959.01815347,2769311.71781953
103.860887612734,7366569.47011096,2793049.05632775
103.88849291013,7364787.90454634,2901470.72344413
103.924755324071,7362448.17318003,3043894.43026965
103.936430824288,7361694.80595749,3089750.87942276
103.948106324504,7360941.43845774,3135607.33116549
103.953362894514,7361035.57164378,3126277.96746309
103.958619464524,7361227.30030471,3097995.9095504
103.962744835779,7361389.16131596,3076000.65510224
103.970374415697,7361694.34049528,3035298.08060056
103.994554170562,7362648.10041124,2906292.34980976
104.023964964361,7363809.46209809,2749379.40742885
104.037107412289,7364328.3319905,2679261.47942518
104.050249860217,7364811.01885131,2611935.64482831
104.050657743236,7364707.67860677,2613189.8921222
104.051065626255,7364660.65608367,2615864.04567152
104.051698026296,7364609.55254357,2619719.47575979
104.053264716494,7364476.75571571,2629339.83137888
104.05769147641,7364103.6226396,2656507.80633688
104.070409172128,7363030.41211944,2734560.99152009
104.118757152339,7358951.26055604,3031290.56261309
104.151387770288,7356225.27920967,3228112.22534716
104.152004893892,7356288.88607614,3227418.5443859
104.152622017496,7356267.47119258,3225458.49469285
104.153404975765,7356250.04400839,3223272.03973925
104.15492336093,7356216.77761547,3218946.93640181
104.159073398808,7356125.19964405,3207147.53996954
104.174730439614,7355781.71296931,3162629.43978107
104.249242283395,7354145.04237882,2950765.05824594
104.257055531081,7353687.64233118,2953668.84270568
104.264868778768,7353140.20728909,2971391.98795563
104.272682026454,7352591.77406448,2988986.4991004
104.289531391015,7351402.1209637,3026934.88847222
104.348143330699,7347275.07998854,3158953.59194642
104.36198710489,7346663.07731807,3153211.79390764
104.375830879082,7346137.07620913,3132496.76868867
104.386730282569,7345726.37560829,3116247.20849481
104.415338298986,7344653.54304847,3073599.59220587
104.44128106201,7343678.82011499,3034922.75463402
104.467223825034,7343651.96588294,2969718.5199164
104.486983142434,7344205.58234899,2902994.36144641
104.501928816714,7344625.54365872,2852571.12856556
104.544535501054,7345827.19038427,2708828.42904538
104.552164866334,7346041.98657412,2683088.74310363
104.556955222033,7345809.30157949,2690362.04312151
104.561745577732,7345479.57309249,2714107.96595062
104.566535933431,7345136.87208796,2737619.64038021
104.575424726681,7344495.05992744,2781275.40187831
104.603126325485,7342507.73217302,2917332.76811869
104.626351475864,7340840.70969582,3031402.68505913
104.649576626243,7339173.8353324,3145472.83273213
104.655262329485,7338783.17551666,3171758.80506526
104.656073514045,7338811.00730697,3171061.61873531
104.656884698606,7338773.42946637,3169517.98111901
104.657943866607,7338738.1449124,3167718.66143759
104.660017789956,7338667.45389443,3164134.90657631
104.665934976886,7338465.30092813,3153923.99807628
104.692349713321,7337565.22685681,3108342.59913436
104.740999173884,7335906.74920131,3024391.53644454
104.756446862516,7335347.79941766,3001350.29969363
104.762555261453,7335013.32313139,3006231.60340094
104.768663660389,7334692.90294731,3011314.08889143
104.78047917289,7334080.38800168,3021131.3761317
104.816982372556,7332174.78590113,3051447.4619825
104.856221448553,7330145.96714267,3083312.24617481
104.859045035734,7330166.99267698,3076615.18056286
104.861868622914,7330164.63299456,3069502.41344808
104.865931744005,7330159.33049195,3059329.56319033
104.87594379716,7330158.2459687,3034264.16159354
104.915324668668,7330148.90263893,2935665.61715464
104.958444699761,7330099.20132056,2833117.48544254
104.961285678812,7329994.62466983,2836347.21247539
104.964126657863,7329924.38702527,2840008.59667437
104.968182175108,7329824.79035572,2845168.6314785
104.978375768841,7329563.04544141,2858141.57582933
105.019498263763,7328511.99582395,2910481.53542042
105.047845902563,7327787.116007,2946561.35407798
105.076193541363,7327285.81636312,2948368.03458742
105.104541180162,7326862.10970862,2933453.56730435
105.125858669945,7326545.03268307,2922267.56597185
105.155940809159,7326099.66569154,2906484.91606428
105.163962704277,7325665.7673124,2918627.80385677
105.171984599396,7325157.5770792,2936931.70730937
105.180006494514,7324646.15632522,2955178.09920641
105.202782015084,7323190.71891867,3006986.2697601
105.230582361604,7321416.06193929,3070226.87081567
105.258382708124,7319641.1364345,3133466.85117638
105.264068836604,7319458.00879562,3128582.51039329
105.269754965084,7319255.30054977,3121015.99013201
105.277082378452,7318999.83175557,3111327.92845295
105.297501144177,7318291.23857382,3084327.54959024
105.334388028082,7317008.25281733,3035547.07751926
105.354727730138,7316300.97893167,3008649.50237785
105.375067432194,7315417.54121656,3008750.23014449
105.390756348796,7314709.04646946,3016377.22163053
105.406445265397,7313998.54835274,3023970.54396195
105.456093000846,7311746.87817629,3047997.38616794
105.474177887993,7311128.32238078,3041602.40488694
105.492262775139,7310568.98489067,3029348.93412069
105.510347662286,7310010.79793195,3017117.83241555
105.575335587952,7307992.78516257,2982585.12066583
105.621557323517,7306529.87727072,2984128.71261701
105.657944533669,7305378.99195177,2985358.45220088
105.676042566804,7304362.62554341,3004888.33588114
105.69414059994,7303190.53639388,3032028.97152477
105.712238633075,7302017.26978095,3059140.63436527
105.738818294446,7300292.34020666,3098956.41371307
105.765397955817,7298671.22493815,3132138.34829063
105.767339173563,7298715.67943101,3126180.73263586
105.769280391308,7298718.87541613,3119680.09942733
105.771832520993,7298727.52747465,3111234.60047117
105.777270110336,7298752.53599553,3093227.00036665
105.797298104639,7298840.73396138,3026897.18610673
105.824876444036,7298963.04036671,2935563.26660841
105.852454783433,7299085.16755954,2844228.99693908
105.88098845287,7298621.98562486,2832092.85794052
105.890107540412,7298383.53567629,2846594.73137905
105.899226627954,7298135.53998705,2860945.33856613
105.91784808674,7297621.99168438,2890254.96926415
105.960486600096,7296453.88997129,2957374.34714362
105.986968493339,7295307.95516917,2984513.81408483
106.013450386581,7294064.58612508,3008564.66665133
106.047675018506,7292458.57712545,3039657.21586359
106.060775357362,7291844.24481852,3051559.20306062
106.073875696217,7291785.49619921,3030356.76671995
106.086976035073,7291937.58541153,2992606.73511115
106.097053826101,7292058.10425325,2963635.37769898
106.122755157959,7292370.24827635,2889749.98381924
106.237563903601,7292066.47220813,2849076.50517943
106.249786672152,7291941.38369586,2863567.4326395
106.262009440704,7291809.11580863,2877942.90292663
106.279924811769,7291636.36962989,2883259.31834204
106.297840182834,7291456.99115202,2882260.27650808
106.315755553899,7291279.17652211,2881286.0310525
106.340119241582,7291038.68053366,2879961.97506174
106.364482929265,7290797.53071709,2878637.21202313
106.373246411243,7289950.06794624,2909171.08082302
106.382009893221,7288855.93377012,2953185.4668643
106.390773375199,7287756.42730796,2997087.98384312
106.410551909351,7285268.99957426,3096176.09588573
106.430589316726,7282751.86601039,3196564.95438742
106.450626724101,7280234.35755845,3296952.76368367
106.46027521596,7279022.14600035,3345291.96835014
106.465615848462,7278351.15804951,3372048.67694888
106.470956480963,7278156.68610435,3368677.69884427
106.474883595383,7278146.69584174,3346151.78942238
106.477739935179,7278155.08683446,3330031.26840822
106.482333451649,7278171.49699308,3304065.28636646
106.49526554441,7278206.11679452,3230954.64367683
106.55005837215,7278357.40403216,2921195.93789308
106.562001555861,7278390.21638844,2853677.6086983
106.567115811575,7278404.31060192,2824765.28242375
106.572230067288,7278097.72107029,2823822.12912794
106.577634445654,7277743.16674771,2842217.4022278
106.583038824021,7277369.20480399,2860362.46251347
106.593012324279,7276672.65955937,2893871.8750121
106.623151024692,7274580.83730087,2995143.26051036
106.666090433831,7271599.32897735,3139425.08313535
106.677529742916,7271593.6769049,3119103.69445187
106.684628285377,7271761.95460592,3086409.66731473
106.691726827838,7271942.84682553,3053924.18530955
106.705024640594,7272289.81307173,2993059.70028051
106.746013610474,7273345.66649132,2805436.26325778
106.763060963253,7273785.18854805,2727404.22345667
106.770116318754,7273967.0470502,2695109.18971045
106.774606202132,7274045.98642022,2690110.39693614
106.779096085511,7274178.93946043,2689667.07929506
106.78358596889,7274304.0949852,2689135.64833963
106.794982313347,7274620.57848252,2687802.99364956
106.839222182127,7275854.59578776,2682631.93244634
106.871860793849,7276658.03265276,2682571.7253503
106.873398300172,7276559.44026141,2688726.9387002
106.874935806496,7276473.0731445,2695439.89429144
106.876945807214,7276352.16623567,2704089.67863304
106.881223901101,7276092.36141868,2722530.26452833
106.896380378691,7275174.32213818,2787857.20726187
106.972162766638,7270592.06589888,3113325.22547422
106.972836845161,7270655.40382144,3112266.00270273
106.973510923684,7270647.18974203,3110148.94641131
106.974384030415,7270647.74110326,3107669.33893348
106.976098776271,7270648.11429221,3102724.52428908
106.980896809727,7270648.78437361,3088907.55684722
107.001714149044,7270653.65742532,3028957.98364631
107.030421438393,7270659.7945132,2946286.15581504
107.059128727742,7270666.05750993,2863614.55396167
107.073730389394,7270585.40312681,2829690.75714582
107.078271597295,7270377.49773288,2838129.36171119
107.082812805195,7270195.18445005,2846916.3890891
107.090120250236,7269907.52062743,2861019.006772
107.110628081816,7269085.46615276,2900588.1782933
107.140843511024,7267875.90130284,2958890.38804301
107.171058940232,7266666.12276747,3017192.22734631
107.178316465512,7266550.42060202,3014404.9335186
107.185573990791,7266452.95694855,3004879.67738698
107.19283151607,7266360.11008134,2995423.80455207
107.212399443351,7266112.98692367,2969923.60779163
107.240829448894,7265751.55939962,2932871.71921769
107.269259454437,7265390.43826896,2895820.47782599
107.28033714474,7264773.34120907,2910433.40663701
107.291414835043,7263971.93758137,2940723.23133838
107.300183157185,7263333.41655145,2964618.84170355
107.321892330544,7261747.90410085,3023783.28907064
107.347035610676,7259913.96601232,3092309.60182431
107.372178890808,7258079.76132152,3160835.35951228
107.378033129687,7257887.69686746,3157798.92386525
107.383887368565,7257729.19526045,3145194.36386175
107.389741607443,7257578.2303921,3132707.82794797
107.403332165713,7257231.93115012,3103710.72535667
107.44966037536,7256043.22448777,3004853.26297795
107.470571174216,7255507.01758973,2960233.46180682
107.484346319679,7255885.39311753,2915440.08690759
107.498121465143,7256495.85720555,2865273.14077604
107.511896610606,7257106.98769443,2815134.54903114
107.559033027458,7259200.62646888,2643567.78516121
107.568912135497,7259639.16759966,2607609.59908727
107.573455228235,7259840.89143086,2591073.63197568
107.577998320974,7259607.56440321,2602139.20416927
107.583842553539,7259164.2912113,2637220.96828261
107.588293154199,7258823.06774876,2663749.63086769
107.596828340163,7258164.74401335,2714653.20853585
107.625572919724,7255958.19768165,2886087.91865962
107.648426245573,7254203.27435049,3022386.05275236
107.671279571421,7252448.44934171,3158684.31559639
107.675636900705,7252190.81665685,3179195.10233029
107.676738546422,7252237.89446031,3176144.72178845
107.677840192138,7252222.21839744,3172353.62585151
107.679230050031,7252216.81880103,3167746.76667051
107.681908699809,7252205.23755407,3158822.77004095
107.689802610046,7252170.40803067,3132532.46595276
107.725264522959,7252016.15091757,3014430.85956772
107.773876706673,7251804.23633793,2852532.97225984
107.780122208917,7251559.48309311,2856412.90843415
107.78636771116,7251328.79051531,2866496.08307606
107.792613213403,7251091.30477132,2876494.16060736
107.80865116539,7250478.73481635,2902177.69247202
107.870437689462,7248125.06228734,3001130.15482422
107.901726539742,7246364.72707291,3035776.57777959
107.933015390021,7244470.72591916,3066988.0619038
107.97208045925,7242106.85683705,3105964.99917522
107.983410112306,7241976.73553985,3086006.15826936
107.994739765362,7242077.27521121,3048568.23526371
108.003375397992,7242158.23532261,3020115.80731368
108.024347695197,7242359.59342527,2951015.4625633
108.048022533179,7242584.4626505,2873007.70915616
108.07169737116,7242809.60296055,2795000.45678313
108.076846567038,7242858.57326977,2778034.15516438
108.07890041163,7242767.87097654,2780069.0491504
108.080954256222,7242724.50957788,2783542.42539397
108.083430518335,7242668.05875304,2787609.22516785
108.088525893892,7242544.97120673,2795999.65091027
108.106921469482,7242103.99659217,2826290.00222333
108.198899347433,7239079.04008399,2979995.86676137
108.231984356306,7236993.43988819,3038060.29287955
108.265069365178,7234895.5315159,3096120.80310625
108.275007181245,7234267.14898267,3113561.93222277
108.284944997312,7234215.28128914,3096065.98576673
108.291769391,7234373.25281875,3066864.58524043
108.298593784689,7234541.3630841,3037844.39937263
108.312094490562,7234880.44346416,2980423.86723942
108.355229343262,7235952.38693815,2796951.61405031
108.369128216208,7236298.06928064,2737833.87050296
108.375573295419,7236458.32235001,2710420.18014461
108.379367895767,7236500.66909163,2697213.05298141
108.380233608091,7236384.90327442,2700318.76017841
108.381099320416,7236335.99714515,2704328.78039667
108.382178890992,7236260.16117706,2709105.86101769
108.384274142397,7236115.58493772,2718443.51030286
108.390301193026,7235699.56404334,2745286.47883601
108.41786646232,7233795.08423828,2868057.02484164
108.45198634995,7231438.1584985,3020021.10078336
108.464863252464,7230548.6166977,3077372.5320082
108.477740154979,7229659.07196713,3134723.95897993
108.483106516414,7229754.97113803,3127699.13471742
108.488472877849,7230010.92230023,3095555.89168235
108.492357412336,7230209.54993484,3072521.42856172
108.499104003714,7230558.82887014,3032486.18870697
108.519811681143,7231618.87032138,2909593.94872385
108.539830794339,7232644.61247824,2790789.57686662
108.559849907536,7233670.16484382,2671984.9094187
108.581635033666,7234713.98490504,2549603.74251539
108.582128020912,7234618.88417212,2550933.30400482
108.582621008158,7234590.45402232,2553655.41649238
108.58329331895,7234557.33199189,2557056.15190457
108.584749792498,7234484.1937864,2564508.97690036
108.589123688998,7234265.5378099,2586867.82203938
108.602302049938,7233605.63341715,2654237.246334
108.65439472119,7230998.04548937,2920541.67198551
108.668211017286,7230306.43598005,2991172.32818127
108.682027313382,7229617.5273403,3061624.36416274
108.682873552867,7229668.65818601,3061061.16080199
108.683719792353,7229643.98196945,3059493.94698551
108.684748360205,7229630.39000173,3057831.02552541
108.686668237531,7229602.17265853,3054657.33652425
108.691926221278,7229525.2843871,3045983.01541285
108.714930744624,7229190.62917991,3008030.63199498
108.750731068922,7228669.24643205,2948967.04334849
108.775091616089,7228314.54994628,2908777.02845347
108.799452163255,7227658.51875889,2910161.37747276
108.81694564532,7227127.916081,2923318.53823742
108.834439127385,7226594.41216659,2936426.72876919
108.883389127301,7225085.4811076,2973293.00805811
108.906408420869,7223743.67520361,3001869.56334346
108.929427714438,7222400.59852574,3030492.56630765
108.955425087172,7220886.24998318,3062821.37630183
108.981422459906,7219370.63513971,3095148.55347211
108.986847466809,7219385.93748918,3083779.22009544
108.992272473711,7219472.8545663,3064026.31664232
108.997697480614,7219566.72082785,3044387.63101843
109.010586349434,7219793.00230519,2997717.05127677
109.055346263845,7220571.58871427,2835633.23282987
109.070897393869,7220842.34413898,2779320.21335604
109.078964931298,7220982.76114057,2750106.35615024
109.083972790203,7220965.03272422,2738551.35658631
109.088980649107,7220643.19162162,2756350.70470059
109.092611835741,7220429.26152864,2769500.48382811
109.098797848433,7220066.55657207,2791863.91686733
109.118167398319,7218920.4966198,2861885.43915562
109.14536095955,7217312.69290094,2960192.42697532
109.172554520781,7215704.70438954,3058499.10641854
109.181145269901,7215196.73479301,3089555.31161908
109.18973601902,7214908.28791841,3092749.58475844
109.19832676814,7214648.6385227,3081018.14218481
109.206917517259,7214396.87826146,3069409.98137259
109.225694937539,7213852.00535326,3044034.28082817
109.291814969454,7212040.54878051,2959604.52382817
109.318302010142,7211667.87874739,2940590.3646543
109.34478905083,7211298.49873974,2921613.79579579
109.3711086709,7210933.13411945,2902759.19600402
109.383332728705,7210763.00068634,2894001.64770831
109.389896609218,7210238.95971824,2909792.38617852
109.39646048973,7209618.0770021,2933346.69447321
109.403024370243,7208991.87864757,2956810.69795397
109.419478924257,7207418.92216198,3015639.19432155
109.481739634989,7201473.55531246,3238241.84658727
109.492000386069,7201533.95023635,3206177.94949269
109.498252279102,7201771.05004487,3165770.31467424
109.504504172136,7202027.93177345,3125617.9175831
109.515657410104,7202481.80619868,3053958.59034561
109.551367795691,7203934.12784359,2824520.03735538
109.579548120156,7205080.84087044,2643463.15637389
109.583670903203,7205248.58592244,2616974.49348271
109.587793686251,7205091.20407054,2618615.89262919
109.591916469298,7204935.14688974,2635814.13717693
109.595181594706,7204796.8535746,2649215.64665711
109.60093287294,7204552.41930974,2672862.00935629
109.619687905399,7203763.65886315,2749971.29405996
109.647223372502,7202604.52394961,2863179.42000837
109.674758839605,7201445.54974123,2976387.74612401
109.702915953539,7200607.77013732,3009586.97826218
109.711991745375,7200373.27960574,3002109.08421146
109.721067537211,7200148.96395708,2994781.28971819
109.739623220636,7199696.41029042,2979796.01975129
109.777453329206,7198767.55706669,2949236.90548381
109.815283437776,7197747.84105495,2945957.34972946
109.842121580429,7197014.68892372,2949395.02290301
109.868959723082,7196280.67104869,2952818.49903187
109.887030948976,7195783.38011107,2955197.32813682
109.892478464922,7195291.29667877,2969056.85296401
109.897925980868,7194814.43889815,2983201.94523188
109.907476611865,7193985.03132385,3007977.73789155
109.934925084363,7191588.16164899,3079169.55908021
109.956296553491,7189722.68343696,3134601.35565407
109.977668022618,7187857.0574385,3190032.82136671
109.984507129399,7187260.04112514,3207771.51705128
109.991346236181,7187085.26400671,3198697.62919965
109.999208384136,7187049.03750279,3168949.43838316
110.007070532092,7187022.94797128,3139371.59579694
110.022698708394,7186977.64544659,3080573.31435344
110.073032368492,7186820.86541797,2891185.98480052
110.084452518552,7186785.48619666,2848216.51241336
110.091669383795,7186645.59380782,2841736.67444509
110.098886249039,7186508.81858549,2847535.41526739
110.106103114282,7186367.99842459,2853216.63477316
110.122396224161,7186046.22199142,2866052.04350382
110.182105873367,7184874.69840293,2913097.88419756
110.201120672882,7184667.97240217,2910510.99627669
110.220135472398,7184515.99099343,2899756.97097215
110.239150271913,7184365.73356889,2889033.06392832
110.272719543848,7184102.03993321,2870101.89590336
110.306288815782,7183411.07325231,2880492.84169239
110.330638489442,7182674.61454607,2906145.06183703
110.348598727783,7182129.4944517,2925027.60498744
110.402451939485,7180284.3675903,2976998.5350031
110.456305151188,7177801.86615286,3014900.97313928
110.481154299729,7176656.1718614,3032388.12886933
110.50600344827,7175877.42051637,3022231.60559959
110.530852596812,7175244.64396539,2998983.04562883
110.555701745353,7174613.73078243,2975770.46047813
110.631027990054,7172933.06635747,2932597.88666955
110.687088382949,7171837.12852529,2917529.03301387
110.728671432107,7171550.91392311,2891309.89376703
110.759265363773,7171383.1429896,2870837.66867326
110.783977577209,7171239.84663953,2854295.96483499
110.808689790645,7170741.69358565,2865796.06338588
110.833402004081,7170122.15556552,2888732.87337238
110.858114217517,7169500.9332814,2911637.66243632
110.936467029939,7167603.28348469,2939199.89676545
110.974645164506,7166693.91529386,2936608.53030824
111.012823299073,7165908.19609814,2929831.67111588
111.067419830153,7164924.80064071,2915037.83847871
111.086816591373,7164575.48807403,2909784.04671024
111.106213352593,7163604.37515229,2935142.02990807
111.120917342687,7162716.16627117,2963144.28168526
111.13562133278,7161825.82497659,2991103.83223455
111.179279919453,7159179.38147929,3074119.01790094
111.189702773665,7158547.89889822,3093938.39143629
111.196832557294,7158363.99438198,3089272.9943189
111.203962340922,7158241.33912175,3075136.98353744
111.21109212455,7158124.52635757,3061096.22490026
111.228454195139,7157843.39745213,3026898.94752227
111.29263844624,7156797.65530634,2900469.1087658
111.299987677674,7157205.56348119,2872777.50334773
111.307336909108,7157633.11703121,2844165.18754201
111.319503343363,7158331.03700347,2796815.85676308
111.356089916605,7160445.16252073,2654441.07250237
111.388480051498,7162316.16320002,2528395.51133403
111.392434510025,7162544.60293216,2513006.82983163
111.394858516502,7162467.00826713,2517564.42743284
111.39728252298,7162415.81056558,2527807.44624028
111.399706529458,7162366.62521973,2537866.02921646
111.404082197113,7162266.19631738,2556061.87575728
111.417927653295,7161950.94102926,2613630.04414557
111.483943525587,7160445.44668175,2888116.87815142
111.496391196025,7160130.30414922,2932375.09056509
111.508838866462,7159600.74578089,2944117.77429004
111.517593048865,7159221.04511788,2952287.73248296
111.538390996377,7158315.27740388,2971700.00741055
111.573704275306,7156780.4543615,3004664.63280803
111.59217404894,7155977.56745466,3021905.71510164
111.603228600322,7155673.14797782,3016558.59294824
111.614283151703,7155384.14013044,3007848.56463606
111.628190704068,7155022.64385638,2996920.6671793
111.674695749916,7153815.90065771,2960379.7468861
111.729427463926,7152015.80297855,2960717.68928247
111.764818060141,7150726.39194533,2977672.39078567
111.800208656355,7149583.19260375,2985530.37189855
111.815533240557,7149455.4898303,2966021.19953052
111.830857824759,7149322.8050635,2946420.44845613
111.866094421809,7149012.71597527,2901348.92679652
111.940601497776,7148401.64905949,2860328.22849443
111.969534205833,7148186.3418439,2858671.2959148
111.99846691389,7147851.81548573,2862118.92447589
112.00717637782,7147378.64869751,2879817.8501662
112.015885841749,7146914.30799893,2897682.62983949
112.033195511922,7145997.13573686,2933181.39304111
112.092999508543,7142818.42445871,3055816.13496341
112.106346077852,7142630.13293629,3042447.13060558
112.119692647161,7142602.74379257,3010758.59205955
112.129576891633,7142586.7900435,2987363.56931953
112.154348662098,7142550.43793435,2928730.85828126
112.263430538605,7144857.77373412,2701071.62815534
112.28045181521,7145470.32201058,2668635.97342957
112.297473091816,7146080.85006857,2636186.6338975
112.299904913254,7145952.88118142,2642464.42778459
112.302336734693,7145830.92602441,2652821.78353668
112.304768556132,7145710.99535768,2663044.19589522
112.309538144092,7145465.87662487,2683121.31619952
112.325732941996,7144635.80447011,2751287.59351739
112.359050887188,7142927.1298924,2891526.69238011
112.39236883238,7141218.5878,3031765.99361728
112.398898869282,7140941.17064753,3054054.89281561
112.401687212345,7140947.75267175,3049192.47280727
112.404475555408,7140917.92925587,3043893.1299636
112.408435327543,7140877.59701465,3036432.91238704
112.418128308593,7140786.87463694,3018171.30190205
112.456552587632,7140423.71226217,2945773.63265894
112.512617518525,7140235.61503537,2848550.8924517
112.568682449419,7141136.44353236,2777758.51449362
112.58985293004,7141476.9784623,2751030.50130926
112.61102341066,7141239.13763385,2765406.1330407
112.621578529613,7140935.57249656,2788675.98570575
112.632133648566,7140625.71228277,2811834.38519068
112.65575178162,7139928.01926435,2863657.43180258
112.694464980072,7138787.70395631,2948605.90075411
112.710096908388,7138502.2706508,2952089.81976839
112.725728836704,7138246.31796707,2942430.49520931
112.74136076502,7137994.21017904,2932830.9475383
112.78277198896,7137329.77426511,2907402.02755276
112.823793006187,7136060.16086154,2923570.4639098
112.849061575183,7135026.12114814,2952277.82053841
112.874330144178,7133989.46143204,2980933.18963768
112.942871455869,7132169.28963155,2966391.83741249
113.030528940959,7130552.75142271,2906492.75096108
113.067783769705,7129874.73191364,2906309.86240822
113.105038598451,7129002.23858099,2914268.97948762
113.114351380545,7128388.6619059,2933069.87083009
113.12366416264,7127782.36514874,2952011.72972386
113.14304777065,7126525.58590718,2991433.1731125
113.170449661311,7124745.25734248,3047156.68685231
113.197851551972,7122965.23725703,3102881.05059172
113.208041473883,7122793.71683301,3091827.32082998
113.218231395793,7122869.23943218,3057614.27371626
113.225399294361,7122928.64707757,3033660.19271063
113.241448275953,7123065.65304559,2980021.56866716
113.30230297106,7123582.71622286,2777167.69083204
113.308495310213,7123801.81603369,2767523.33479877
113.314687649366,7124037.02105596,2758082.7613074
113.326588884805,7124492.13179736,2739919.66617536
113.365384968918,7125966.75077719,2680703.68829492
113.396925315594,7127166.02971029,2632563.10617336
113.403684701844,7127345.75219204,2626188.31563638
113.405411380018,7127212.6830126,2633522.04593872
113.407138058193,7127122.03138862,2641423.3419714
113.409383047191,7126995.57216709,2651578.73590002
113.414260668288,7126719.07936492,2673670.34810315
113.432468316319,7125688.80011896,2756131.98924272
113.458474238692,7124216.69288999,2873911.09260374
113.484480161065,7122744.68878569,2991690.35023495
113.494947523599,7122152.21634564,3039096.42587378
113.501108856131,7121803.46885977,3067000.73626341
113.507270188663,7121762.2826158,3065496.27365328
113.513431521195,7121752.25290313,3049529.98825719
113.519592853726,7121753.68733679,3033734.59413532
113.532176676017,7121760.49041314,3001461.46575894
113.572753739674,7121773.91948906,2897384.00320225
113.59335608725,7121781.05353431,2844541.06221848
113.603634949468,7121784.5730161,2818176.74288172
113.606898404611,7121603.12763369,2823080.81747695
113.610161859753,7121453.17165626,2830367.39737774
113.613425314895,7121294.56626836,2837566.47232868
113.621423400956,7120906.87829369,2855230.31271236
113.652162662188,7119420.06081285,2923119.37803364
113.677477057814,7118195.30209677,2979026.77629484
113.70279145344,7116970.61700562,3034934.33499543
113.709694085344,7116858.78931419,3031928.02052908
113.716596717247,7116792.5752423,3019504.83678104
113.723499349151,7116732.61603852,3007179.92995123
113.740220393718,7116590.17299417,2977316.49758942
113.802209416279,7116056.1444939,2866597.23448817
113.813508986025,7115796.27224998,2865893.47437885
113.824808555772,7115495.81973338,2875588.14157785
113.836108125518,7115191.25324767,2885217.26830027
113.866001608319,7114382.64158614,2910693.08395092
113.914805381814,7113070.9575696,2944719.30772509
113.947327181767,7112202.89035254,2944314.7860582
113.97984898172,7111332.67001995,2943877.59638589
113.998282917668,7110838.38499625,2943628.30651788
114.016716853616,7110916.7297559,2917286.0525641
114.029630688609,7111296.13031308,2881849.40154278
114.03955360854,7111591.14221426,2854692.60681659
114.064807372094,7112345.1161768,2785576.3028899
114.084009777262,7112917.29584205,2733020.47927354
114.103212182429,7113489.6340189,2680464.92264523
114.108222773639,7113608.06665738,2668353.51749414
114.108891873236,7113508.90433476,2670862.08322999
114.109560972833,7113459.38934751,2674338.63113448
114.110440261581,7113389.02767695,2678664.06566035
114.112223943355,7113250.05941919,2687512.42828007
114.117409026813,7112845.44850517,2713214.51014198
114.141350127095,7110976.1184619,2831892.04112741
114.165609315751,7109082.23503088,2952146.67215198
114.189868504407,7107188.26562481,3072401.13724663
114.19955567771,7106431.97949806,3120421.15638679
114.206022061117,7105927.13742919,3152475.47749975
114.212488444524,7105950.70755548,3143242.12869472
114.218954827931,7106071.34527291,3113899.09041747
114.223771418107,7106172.6460963,3092214.47272589
114.233330804112,7106376.70391453,3049159.65244195
114.264730675642,7107038.30759658,2907725.6159571
114.307763937865,7107945.80958856,2713893.03265656
114.309595118819,7107876.88701327,2714612.1782499
114.311426299773,7107864.09126925,2717615.54162713
114.313257480727,7107844.66051835,2720481.00932898
114.316859960261,7107804.09314005,2726154.98034138
114.328323595515,7107675.30328695,2744202.65753303
114.382989087674,7107059.52825913,2830263.55028157
114.468596274896,7103324.09100121,2993053.21583277
114.500266076287,7101494.1219785,3057840.08886707
114.511559896253,7100919.08350715,3075056.12165621
114.518307809906,7100827.87860458,3062837.99028393
114.52505572356,7100720.08219412,3050380.668611
114.537231797188,7100520.18520503,3027914.73799355
114.573810277799,7099930.52532097,2960440.00237299
114.598201225308,7099536.89122941,2915445.97489638
114.612378815379,7099218.7813199,2896857.52355867
114.621280339607,7098777.56407571,2909293.23832819
114.630181863835,7098347.03024059,2921887.19393469
114.648096511885,7097485.24696921,2947227.21132944
114.708578857716,7094567.26652005,3032767.25854226
114.719061697085,7094218.80866574,3030427.03763598
114.729544536455,7093889.49460381,3022554.05887705
114.740027375825,7093562.91785764,3014720.71102874
114.772800405427,7092543.77379701,2990230.09678485
114.816159130047,7091465.97745972,2948047.17421822
114.823016017893,7091703.39998818,2926840.53480751
114.829872905738,7091931.51772064,2905452.81437959
114.843447377806,7092378.78908418,2863124.70040002
114.888293899115,7093865.17459663,2723293.51207806
114.904503530871,7094402.21408451,2672751.59474244
114.911119534059,7094621.4347922,2652122.81826087
114.915379164676,7094606.90596989,2654472.53669148
114.919638795294,7094612.90301333,2661709.00972286
114.923898425911,7094610.92238308,2668847.27611732
114.93426919914,7094606.0506824,2686245.27202809
114.974076754502,7094591.28050709,2753027.61770758
115.013212014003,7094561.65654584,2818911.53200791
115.025151050349,7093804.45822934,2851958.43091908
115.037090086694,7093047.67204063,2885119.97845107
115.063197311053,7091397.8139515,2957633.03515122
115.09168058357,7089595.48332808,3036742.43730225
115.104333602265,7088794.93430473,3071885.19207354
115.111526412174,7088339.84175158,3091862.63701155
115.118719222082,7088307.91743859,3082752.27857968
115.128108762441,7088436.55479544,3049206.23681503
115.134893859249,7088536.40967847,3025081.97137802
115.149999414609,7088762.16261631,2971367.50078331
115.206479579804,7089598.88590057,2770517.16766421
115.213473830145,7089702.57956731,2745644.90119276
115.215943959906,7089565.67812997,2748474.6918549
115.218414089666,7089460.86186766,2755552.21941482
115.220884219426,7089344.5519182,2762482.79636821
115.225903282238,7089110.4394927,2776601.2332023
115.243274494743,7088303.10190211,2825462.11797094
115.274128939065,7086868.31622515,2912246.95135934
115.304983383386,7085433.65463078,2999032.00867506
115.331706099451,7085090.77360113,2989251.8513396
115.340677727454,7085121.02842973,2968369.25677389
115.349649355458,7085160.69084655,2947633.95064272
115.368137828238,7085246.84521248,2904898.19888478
115.391155456227,7085351.03257269,2851688.97664838
115.414173084216,7085455.52013983,2798480.48780911
115.420171327464,7085243.61556223,2802795.62667922
115.426169570712,7084989.6234282,2815976.72365463
115.43216781396,7084728.60752513,2829049.38152177
115.446523056118,7084102.02522313,2860347.98193823
115.499855763107,7081779.48363371,2976634.29677098
115.550050011553,7080314.62021467,2983937.14218914
115.566278652334,7079941.77613879,2968896.56677388
115.582507293115,7079573.81888959,2953933.13420634
115.621912779526,7078708.88595605,2919966.41509256
115.648446831708,7078286.81287621,2911639.30150939
115.67498088389,7077867.97390662,2903353.06154766
115.75254967673,7076822.20015941,2881316.62580226
115.787203342375,7076456.6558799,2872760.35335203
115.82185700802,7075950.85002824,2871029.12459902
115.829721921622,7075465.06705908,2887864.64065696
115.837586835225,7074990.23184602,2904894.4472263
115.85257964851,7074089.88976879,2937348.32797132
115.902166095764,7071102.86254928,3044672.6797358
115.918135926344,7070141.03570107,3079238.03964897
115.925098644609,7070147.14510428,3066726.61337829
115.932061362874,7070237.54333343,3043088.03336379
115.939024081139,7070335.7383017,3019569.54957514
115.954764904644,7070560.61253823,2966392.46543599
116.010527939802,7071350.92428192,2777999.37099004
116.019644438054,7071480.22570676,2747199.86146473
116.022932385751,7071434.51542982,2748054.05784686
116.026220333448,7071424.05498371,2750983.19218519
116.030309804775,7071412.43048112,2754542.49680313
116.039808882016,7071374.33252238,2762814.99738512
116.077052118982,7071228.43204582,2795252.41497172
116.142674304241,7070473.1481138,2856210.96570923
116.2082964895,7068699.42919252,2924943.32383798
116.244161585522,7068067.27605184,2925436.35286016
116.268295145702,7067753.26658083,2910051.18023279
116.292428705881,7067441.97111367,2894711.86683651
116.360917642432,7067173.40988494,2846601.30298312
116.399550855986,7067307.01492012,2817363.11325407
116.419841869383,7067367.71317583,2802001.12853491
116.433910606362,7067205.79552939,2807685.83502473
116.447979343341,7066979.06855711,2820552.38027674
116.46204808032,7066750.16100068,2833382.12451799
116.506480473528,7066025.4233004,2873901.95338891
116.559014657504,7065196.03529611,2890076.51822701
116.611548841481,7064364.56068632,2888764.11414995
116.650240124688,7062515.09580432,2940396.76138295
116.670586709319,7061171.3852815,2984329.7089677
116.690933293951,7059825.06884202,3028204.49144152
116.706440650718,7058797.28639703,3061641.90486247
116.721948007486,7057770.5566192,3095081.04096092
116.727627533567,7057490.31994782,3102587.27030463
116.728896645924,7057609.74611284,3095776.86073893
116.730165758282,7057672.81643248,3088211.75555445
116.731717631654,7057763.19653812,3079128.09704796
116.734689957836,7057934.94740446,3061688.74999961
116.743648951843,7058452.39708082,3009131.85659894
116.784648144371,7060821.89234091,2768617.00909118
116.812888361279,7062453.82791488,2602950.21589534
116.821958962111,7062978.0162903,2549738.99711203
116.826180001579,7063221.94877449,2524976.94769354
116.830401041048,7063077.81337841,2526715.82017787
116.833663782768,7062891.63921727,2545943.32603831
116.836074173042,7062737.10360508,2559865.00068814
116.839863305672,7062497.04372037,2581813.17809045
116.850535922872,7061825.17253155,2643622.10918085
116.898191330271,7058822.77965318,2919611.2624247
116.918265518356,7057558.18474765,3035868.10835745
116.926952617268,7057010.90825166,3086178.16993291
116.930905988119,7057082.6049144,3082739.45671492
116.934859358969,7057141.35351417,3068031.50579616
116.938812729819,7057216.12783674,3053542.68155319
116.946098921989,7057354.59391483,3026810.07300184
116.968296780589,7057769.70413712,2945359.99798602
116.994625456814,7058262.79649615,2848754.51548373
117.02095413304,7058755.76687301,2752148.75548443
117.045217785518,7058344.72743263,2759986.71381635
117.053641147342,7058092.22320407,2779935.13408559
117.062064509167,7057829.41064624,2799728.50529397
117.079270478848,7057289.00710935,2840168.43773143
117.106357257464,7056441.69607816,2903835.74775853
117.122971210682,7055921.81381641,2942886.33959202
117.1395851639,7055666.04219848,2946929.1102794
117.152613052832,7055543.04086017,2933852.12937817
117.165640941764,7055423.47513903,2920861.86868413
117.19643299239,7055144.34758308,2890158.75025041
117.235469020311,7054790.69431462,2856361.96103727
117.260109437565,7054588.35803645,2855059.8585093
117.284749854818,7054389.5773801,2853808.4098485
117.330826321144,7054009.78791116,2851865.56395686
117.35917670345,7053510.8312474,2864119.54958691
117.387527085757,7053011.9675531,2876417.48105866
117.418004917334,7052477.21233839,2889640.13272507
117.448482748911,7052655.21696145,2862619.108442
117.464208883677,7052998.61149193,2832892.26632579
117.479935018442,7053345.83990431,2803238.21750099
117.519345810274,7054219.10433583,2728923.07899882
117.551631725588,7053864.34016541,2752675.43978868
117.562074732655,7053555.78705371,2778430.71905539
117.572517739723,7053239.4196358,2804056.76485252
117.594786872117,7052561.03907369,2858707.65043778
117.636921415555,7051267.15675219,2953412.14592208
117.64390751464,7051033.90533875,2955089.07237174
117.650893613724,7050786.7062318,2956592.61602297
117.664882152765,7050288.65657947,2959614.31938535
117.711146865552,7048649.01084025,2969619.17568388
117.776536694226,7047227.11442552,2935340.57623866
117.818565975018,7046611.85622637,2896415.8577194
117.86059525581,7046496.98273341,2857646.09032699
117.904243105865,7046716.50009201,2817471.11050696
117.927405691823,7046831.72199008,2796152.63685055
117.950568277781,7046643.58771431,2802348.23996419
117.973730863738,7046333.41827674,2822342.10359298
117.996893449696,7046020.83948811,2842294.09701477
118.030468543635,7045566.27504733,2871213.97928528
118.051583139045,7044576.23502131,2905939.00786836
118.072697734456,7043343.90010365,2946730.28987882
118.093812329867,7042110.99836717,2987501.3987424
118.117676783452,7040716.84507427,3033581.5212929
118.130729246327,7039954.52905032,3058785.01187586
118.139132448377,7039618.51872614,3065553.26820193
118.147535650427,7039643.99267119,3043030.92046366
118.155938852476,7039662.64778028,3020423.1477503
118.175891858276,7039704.77233362,2966745.74933578
118.241994739478,7040125.31455048,2788344.64571583
118.274043228013,7041944.63905864,2698395.77870015
118.306091716547,7043771.59491842,2608439.8014563
118.336869229104,7045525.77189116,2522051.29886116
118.341389342527,7045432.85547087,2532424.86120222
118.34590945595,7045309.9672333,2551776.17799091
118.350429569374,7045176.09028854,2570970.59669736
118.359936265234,7044894.30047188,2611365.78004314
118.393624564964,7043900.60714041,2754512.00886647
118.419839284919,7043127.05348722,2865901.56327091
118.432554562304,7042751.87422106,2919930.38557662
118.440472616531,7042539.02878389,2947565.13217206
118.448390670758,7042323.23875817,2947639.936008
118.454199344244,7042153.2742946,2947555.1507256
118.46665335119,7041786.93835554,2947386.61457345
118.508424219215,7040564.50723837,2946829.85076964
118.547986951394,7039586.44183278,2940151.59464216
118.587549683573,7038998.42442748,2912066.72723557
118.627112415752,7038492.21178604,2884068.93688875
118.666711350256,7037716.76648982,2885238.73212127
118.70631028476,7036840.7747116,2900743.14765791
118.737548709023,7036148.5982354,2912954.76364317
118.755458770367,7035203.53706351,2937293.7251258
118.773368831711,7034137.99941683,2965964.7581152
118.791278893055,7033071.67615862,2994618.17297068
118.811598587283,7031861.33853686,3027126.04765146
118.831918281511,7030651.30463419,3059634.43778237
118.838533857051,7030257.34422402,3070218.32628483
118.845149432591,7030383.0908239,3053271.00635484
118.852145046513,7030738.43716384,3016392.21063024
118.859140660434,7031104.1350485,2979701.40865219
118.872792297332,7031821.58981489,2908089.48513056
118.917079372693,7034141.04287336,2675762.88267421
118.929749532389,7034804.77205652,2609296.51452845
118.942419692085,7035418.73168517,2546920.26758277
118.942906084885,7035334.15395934,2548176.3907214
118.943392477684,7035307.87502395,2550674.02824915
118.944087836751,7035275.54490804,2553958.30677166
118.945648404574,7035200.30150145,2561406.34013074
118.950487137668,7034968.19679704,2584479.59695952
118.965770929038,7034234.23962775,2657362.43022483
119.027972169877,7031247.8379648,2953977.62397817
119.038339084611,7030750.10434354,3003413.68490702
119.048705999346,7030315.30183927,3025730.28228147
119.056563844532,7029943.17491875,3024807.36030296
119.062663493408,7029663.24803881,3024216.85369095
119.076177009775,7029045.33842984,3022898.3679585
119.125424467624,7026787.15470801,3018083.56432573
119.179250802454,7025704.51900756,2956272.96432453
119.213200011607,7025432.60887214,2899774.51842598
119.24714922076,7025241.76671005,2844705.46680941
119.291445482389,7026022.72907396,2790803.03341686
119.322834484355,7026578.83046828,2752628.6546894
119.338328042026,7026853.80594498,2733786.55094637
119.353821599696,7026746.06287718,2741795.79673986
119.369315157367,7026402.46672444,2770925.34851065
119.38038127164,7026153.23106476,2791662.18693448
119.408834801885,7025510.01484621,2844983.68295083
119.435670056619,7024904.41715016,2895273.9163106
119.462505311352,7024234.9915323,2918380.10912715
119.486595318669,7023568.55149947,2923488.26285162
119.510685325986,7022905.31179648,2928641.6905741
119.544881121514,7021965.38188688,2935959.05192762
119.556849112108,7021885.12214762,2925689.7712823
119.568817102701,7021845.28365177,2912454.31115689
119.584622380162,7021794.24781348,2895000.63687136
119.640596832864,7021614.81533233,2833188.47634363
119.655428860475,7021129.54559775,2843574.16755443
119.670260888087,7020366.22798834,2875142.37245145
119.68085749892,7019817.02500615,2897624.42869124
119.707720038694,7018422.25822902,2954618.18421441
119.72821910807,7017358.82466812,2998112.17146022
119.748718177447,7016359.96689828,3037413.30181445
119.749689972706,7016435.25446153,3034353.27745702
119.750661767965,7016456.41800532,3030512.68034064
119.751899173508,7016496.8555156,3025815.31661207
119.754311531158,7016573.03589496,3016604.16988205
119.761397815229,7016797.1447123,2989558.80610754
119.793708419258,7017820.16231902,2866243.27820963
119.849166521462,7019563.01143711,2655780.63373245
119.849778678798,7019484.80482479,2657001.25242472
119.850390836134,7019462.1377292,2659262.93997855
119.851207941159,7019427.01037997,2662023.77343612
119.852895545362,7019356.91907928,2667802.81851699
119.857839958793,7019151.20538816,2684713.90604391
119.878340476435,7018297.48115946,2754834.04862871
119.909307332502,7017008.19372253,2860753.61329256
119.940274188568,7015718.84486159,2966673.06719954
119.949909048264,7015336.24560419,2996240.20580529
119.955548644736,7015183.72002885,2994036.38540575
119.961188241208,7015006.67408675,2991522.4354012
119.970761100844,7014703.25289974,2987278.8518637
119.997936850998,7013851.4170727,2975246.14196367
120.031806501337,7012789.009829,2960247.52005359
120.051397235023,7012251.66394977,2949357.08881433
120.062948071154,7012408.41785921,2925590.538049
120.074498907284,7012570.71172298,2901705.78811034
120.098711813033,7012906.7008723,2851640.49638791
120.124555349448,7013267.47418407,2798206.80662416
120.150398885863,7013628.05376697,2744772.59823346
120.155745647898,7013485.59937639,2751583.73822056
120.161092409934,7013356.84849775,2761212.54882607
120.167944281735,7013185.31815919,2773480.37181216
120.186673023138,7012715.55272356,2807020.91227261
120.220814323883,7011860.75538485,2868165.00145826
120.254955624627,7011075.33259861,2921240.05048057
120.262100279795,7011066.27746212,2914540.59737661
120.269244934962,7011041.56958191,2907620.39775478
120.282430532085,7010992.54195096,2894862.46548693
120.324400783719,7010844.77958424,2854265.17402962
120.343184389003,7010778.43497505,2836095.51635531
120.354156359815,7010674.69763613,2829005.36274278
120.360862222771,7010298.7904152,2843379.91485164
120.367568085727,7009937.91281901,2857988.31061232
120.379820844099,7009281.81291344,2884663.50270028
120.418588321741,7007197.63711145,2969052.78520421
120.441248054801,7005979.70206105,3018379.31683812
120.451707611774,7005417.48549282,3041147.99119968
120.458666549179,7005293.53866899,3037396.95536749
120.465625486583,7005232.08161614,3023481.08228645
120.472584423987,7005177.26864058,3009669.91123186
120.489090817146,7005049.2333222,2976902.412289
120.549789340904,7004573.4919478,2856399.15958211
120.566310371192,7004486.96784406,2843021.19789872
120.582831401479,7004449.55422865,2838947.99675303
120.599352431767,7004409.1663924,2834834.55371891
120.649480418107,7004284.96127997,2822353.34405595
120.709165569508,7004741.16799058,2792829.91966965
120.741271190038,7005020.87475786,2776128.02823669
120.773376810567,7004805.14254416,2790048.68224705
120.795983174017,7004385.0430952,2818500.78007986
120.812535423347,7004075.15715463,2839290.28453944
120.861066452057,7003153.29549934,2896576.39494195
120.878179901772,7002687.72658158,2902468.16306244
120.895293351487,7002234.66483247,2908315.05226422
120.939309168582,7001066.59919274,2923351.69874035
120.957,7000597.60500216,2929396.17157525
