0,0.973100450448445
5.78122537996114e-06,0.972413711732943
1.71377513957547e-05,0.971161305621186
2.84942774115483e-05,0.970026737654382
3.98508034273419e-05,0.96899848256071
5.12073294431354e-05,0.968066253712483
6.52409054968677e-05,0.967033110914644
7.92744815506001e-05,0.966117254801447
9.33080576043324e-05,0.965305184916151
0.000107341633658065,0.964585032275448
0.000124940713394937,0.963795683326719
0.00014253979313181,0.963116657579062
0.000160138872868682,0.962532570882425
0.000181519258156325,0.96193158142785
0.000202899643443968,0.96143131971417
0.000224280028731611,0.961015044881892
0.000251059460925572,0.960590697736575
0.000277838893119533,0.960254028473797
0.000304618325313494,0.959987104031495
0.00033978333959007,0.959718546174122
0.000374948353866645,0.959521038094438
0.000419260705621849,0.959344667846749
0.000463573057377052,0.959225392024884
0.000520193740778406,0.95912725271183
0.000576814424179759,0.959068085826673
0.000654610414498358,0.959022874657599
0.000750383492840034,0.9589971430932
0.000873033473290527,0.958984698356009
0.000995683453741021,0.958980765835319
0.00111833343419151,0.958979473604553
0.00124098341464201,0.958978993821632
0.0013636333950925,0.958978762668709
0.00151413380665851,0.958978575492128
0.00166463421822453,0.958978417275024
0.00181513462979054,0.958978265380097
0.00196563504135655,0.958978114860087
0.00214934647400482,0.958977931498413
0.0023330579066531,0.958977748215369
0.00251676933930137,0.958977564942871
0.00270048077194964,0.958977381671734
0.00293483189061519,0.958977147882421
0.00316918300928074,0.958976914093022
0.00340353412794629,0.958976680303503
0.00369904624837488,0.958976385499379
0.00399455836880348,0.958976090695064
0.00435326084647524,0.958975732851488
0.004711963324147,0.958975375007631
0.00516613029343467,0.958974921927392
0.00562029726272235,0.958974468846702
0.00623209270879267,0.958973858513841
0.00697387563440682,0.958973118503159
0.00791599741774211,0.95897217863053
0.00918838384278788,0.958970909278635
0.0110873775549766,0.958969014807284
0.0145003030667275,0.958965609989703
0.024355196729576,0.95895577836516
0.0651550876657187,0.958915072554053
0.105954978601861,0.958881421901086
0.146754869538004,0.958899698289388
0.187554760474147,0.95891778769342
0.22835465141029,0.958899232568108
0.269154542346432,0.958862395118054
0.309954433282575,0.958827154000846
0.361301036669263,0.95879173489482
0.412647640055951,0.958758788908179
0.463994243442639,0.958736868054484
0.529555503710331,0.958722810871726
0.595116763978024,0.958731089212633
0.660678024245717,0.958660651991327
0.726239284513409,0.958621809673805
0.791800544781102,0.95866939815066
0.876809540030724,0.958761164722663
0.961818535280346,0.959147132205724
1.02076164111039,0.959424348428757
1.07970474694044,0.959412584188072
1.13864785277049,0.959413399188611
1.25004420228376,0.959378410896196
1.36144055179702,0.959318676615666
1.47283690131029,0.959213845826605
1.58423325082355,0.959290612125882
1.66260093742953,0.959218430314436
1.7177610455838,0.959131497069897
1.78566327224741,0.959217894552998
1.85356549891102,0.959272078706603
1.99846046418234,0.959333160352232
2.07385178185092,0.959257579531424
2.1492430995195,0.959253774939493
2.22463441718808,0.959319980297723
2.30002573485666,0.959328395501734
2.37541705252524,0.959293005805903
2.45080837019382,0.959302960622695
2.54800711798538,0.959267280512112
2.6171215122618,0.959142794494924
2.65809020024828,0.959217622809992
2.69905888823476,0.959292728133901
2.76199754122652,0.959273894842782
2.82493619421827,0.959273404940046
2.88787484721002,0.959468195397496
2.95081350020178,0.959564103976867
3.01859569643321,0.959580575483814
3.06347705286409,0.959468964524917
3.10835840929497,0.959357116397
3.14506022175499,0.959380056836032
3.18176203421502,0.959416030680075
3.24036355727563,0.959401629478215
3.29896508033625,0.959309724003839
3.35756660339687,0.959219086674488
3.40370840847254,0.959148006147825
3.43462270995625,0.959240555942429
3.46553701143997,0.959394617574982
3.49645131292368,0.959548482366329
3.54510811686419,0.959546955363133
3.5937649208047,0.959418151795561
3.63116397900185,0.959412792967278
3.66856303719901,0.959508150887712
3.70596209539616,0.959603296095352
3.74246047557403,0.959575965645183
3.7789588557519,0.959513966466399
3.81545723592976,0.959454579910499
3.86994801037407,0.959458706334915
3.92443878481838,0.959436944546767
3.97892955926269,0.959304486357621
4.033420333707,0.959244537346639
4.07313829085909,0.959297497329932
4.11285624801117,0.959350367711032
4.24193302135973,0.959444940385363
4.31066547448284,0.959396125208107
4.35501447408282,0.959471145785677
4.3993634736828,0.959561064535161
4.46774746182458,0.959506224128727
4.52062518968653,0.959415389706256
4.57350291754849,0.959327271468477
4.67723675617495,0.959290934737945
4.78097059480142,0.959186970379162
4.88470443342788,0.959443922734429
4.95861550427054,0.959388891798945
5.06626795836714,0.959255775322123
5.14483567287063,0.95935748989365
5.24549769182901,0.959137453601738
5.38711079894375,0.959172447806767
5.46062268634144,0.959131419949295
5.53413457373914,0.959042912068663
5.75210995377668,0.95894947733178
5.77957026192465,0.959008739233395
5.80703057007262,0.959068361206462
5.85902585348989,0.959050814952067
5.91102113690717,0.958984687643265
5.96301642032444,0.959031880233144
6.01501170374172,0.959106394012437
6.08111751641054,0.959091863078201
6.13215697018035,0.959063524377075
6.19946128597573,0.958988932362895
6.29235004046423,0.959034869083764
6.38523879495273,0.958910605895974
6.47812754944123,0.958947961335531
6.57101630392973,0.959066247013535
6.62446416458648,0.959072897630463
6.65974677602617,0.958983860627551
6.69502938746586,0.958894535131797
6.72693907864963,0.958832169407517
6.7387234428192,0.958915483983163
6.75050780698877,0.958999539299922
6.77761506739571,0.959192795428652
6.89380430675435,0.959536884035366
6.92515850417193,0.959538477914869
6.94580223546385,0.959446275376783
6.96644596675578,0.959353570899255
7.02169399217154,0.959105379469268
7.04868533808171,0.959096097824967
7.07567668399189,0.959103074044076
7.11595006770208,0.959113513013
7.18178228593667,0.958992343380704
7.24761450417125,0.958905096001244
7.31344672240584,0.958940017883483
7.39512613244167,0.958827865433338
7.45478946849441,0.958839943567088
7.49923023089717,0.95894991725944
7.54367099329994,0.959005572758127
7.58811175570271,0.95896980691173
7.63255251810547,0.958951017715061
7.67699328050824,0.959051373204814
7.7125435467033,0.95913178240415
7.77338236548674,0.959108816957614
7.83422118427019,0.959054359370202
7.86998681886347,0.959145918443645
7.90575245345675,0.95923773773973
7.96968328288874,0.959225939475722
8.03361411232073,0.959130887787301
8.07793010731195,0.959167758612931
8.12224610230317,0.959204822034792
8.27844503964073,0.959334631876151
8.39633810842641,0.959328443572143
8.49968138794478,0.959174497007501
8.60302466746314,0.959128767582654
8.68365259651278,0.959116900457054
8.76428052556243,0.959165384974751
8.82385309192601,0.959284113785104
8.86183414265073,0.95924112839359
8.89981519337546,0.959170024796929
8.9476621249167,0.95913487407238
8.99550905645794,0.959213718485183
9.03699543799333,0.959260880393734
9.07848181952872,0.959152199004368
9.10858890521915,0.959073193694947
9.17628182002658,0.959056830022387
9.24397473483401,0.959131429540382
9.31166764964144,0.959228764340222
9.37965910020124,0.959184309744656
9.44765055076104,0.959099416340558
9.55559130927676,0.959089145500494
9.6411551918792,0.959031006430371
9.72671907448165,0.959118360321181
9.78795920658758,0.959211413198485
9.84919933869351,0.959245209386024
9.89645281334378,0.959135522697835
9.93645784519815,0.959052992883447
9.96327240104365,0.959105263966635
9.99008695688914,0.959157837182839
10.0413132940932,0.9592320202959
10.0925396312972,0.959146230602266
10.1309654671315,0.959082371756449
10.1846337415841,0.958873911820683
10.2383020160367,0.9586988629088
10.2539105225437,0.958784665247917
10.2695190290507,0.958871206279497
10.3060166849765,0.959073490755323
10.3749093916015,0.959171926366633
10.4189506541716,0.959109789231731
10.4629919167417,0.95900972210484
10.5918877156741,0.958671257718028
10.6295116633318,0.958579617288695
10.6535775761741,0.958646141531282
10.6776434890163,0.958750774060115
10.7017094018585,0.958855265012254
10.8037864314299,0.958777867473268
10.8816554502925,0.958757256898002
10.9416422793023,0.95885832627371
11.0016291083121,0.958859499213232
11.0616159373219,0.958837060816412
11.1216027663317,0.958782756547506
11.1948863732443,0.958728179085031
11.3291066624534,0.958798134352551
11.3845681597195,0.958728202199036
11.4400296569856,0.958652455167956
11.4662199001997,0.958750035394965
11.4924101434138,0.958848030930486
11.5285340074931,0.958983169067035
11.5646578715725,0.958895593017303
11.5925957702199,0.9587654237615
11.6205336688673,0.958635380458065
11.6640311579102,0.958686676014154
11.6943201570125,0.9588427413463
11.7246091561148,0.958998465266306
11.7632940157691,0.958944638410458
11.8019788754235,0.958754748977264
11.8311449587473,0.958611721552111
11.8568225339445,0.958631257783616
11.8825001091417,0.958716579991696
11.9081776843389,0.958801700165179
12.0015679945599,0.958927591174677
12.094958304781,0.958743594606323
12.1366981757415,0.958595413191909
12.1595595379287,0.958660087586871
12.1824209001159,0.95875045640988
12.2117619558742,0.958866300543182
12.2732571717821,0.958880194418415
12.3141802802532,0.958758705349985
12.3551033887243,0.958706624669261
12.3852663904272,0.958756756637848
12.41542939213,0.958806760513821
12.541465742622,0.958808722019794
12.5952378321853,0.958661544001157
12.6490099217486,0.958585117661398
12.6732766746083,0.958734637620669
12.697543427468,0.958884573594772
12.7326277541808,0.9591012679278
12.7677120808937,0.959096966760436
12.7934431978426,0.959041898570126
12.8191743147916,0.958986972546322
12.8855916830183,0.958993931552316
12.9520090512451,0.959042224090956
13.0147779096689,0.958933989837472
13.0775467680927,0.958942316929245
13.1403156265164,0.959035222081662
13.2030844849402,0.95905329255729
13.265853343364,0.95901309153862
13.3150534833197,0.958907518607464
13.3642536232754,0.958859188467411
13.4134537632312,0.958881032490545
13.4626539031869,0.958917388216795
13.5250336216171,0.958989433026106
13.6067052321435,0.959114309670731
13.7149134661116,0.958883106493601
13.7662929410755,0.958840775871343
13.8013642079083,0.95893674332404
13.8364354747412,0.959032432838583
13.9499362012402,0.959340282996014
13.9813112441675,0.959291760067829
14.0126862870949,0.959242852303949
14.102148643406,0.959070594815907
14.1927932481086,0.959009696273494
14.2834378528112,0.958981007590959
14.4024838735895,0.958880812759819
14.5215298943678,0.958827182184202
14.5938454926348,0.95893055378524
14.6661610909019,0.959074304918626
14.7798247296697,0.959160952488553
14.8472831362041,0.959146239822749
14.8883587894665,0.959020090829385
14.9294344427288,0.958893676325359
14.9912992866838,0.958902271527621
15.0531641306388,0.958980821747634
15.1150289745938,0.959074275070434
15.2138556107276,0.95885767141957
15.2919536965103,0.958816616291712
15.370051782293,0.958900966617518
15.4481498680757,0.958846704635084
15.5201411404655,0.958720716203465
15.5921324128554,0.958689327936131
15.7471531665089,0.958665984127664
15.8336340592055,0.958574600591788
15.9201149519021,0.958634510083143
15.9828966088708,0.958682344045251
16.082485044431,0.958698377622984
16.1820734799911,0.95867279022911
16.2816619155513,0.958705168198386
16.6119007945831,0.95856156916177
16.6526100188841,0.95850625860531
16.6787004177801,0.958598002968365
16.7047908166761,0.958690124007636
16.7448267196027,0.958831456720121
16.7695696686756,0.958796896384993
16.7943126177485,0.958736680866561
16.8263519847975,0.958658798291458
16.8987740513064,0.958641898009489
16.9711961178153,0.958666292507103
17.1595320107549,0.958613324876773
17.2739523155754,0.958716966116812
17.388372620396,0.958725977785132
17.46072635186,0.958712027423947
17.533080083324,0.958517248555971
17.5842010567669,0.958610312848475
17.6511265131215,0.958897124147777
17.6652548601006,0.958849226726097
17.6793832070796,0.958793167306688
17.7038833831708,0.958695967905731
17.7449513322936,0.958533043037007
17.7686399057654,0.958600861916637
17.7923284792372,0.958739166172036
17.816017052709,0.958877211574612
17.8456907032694,0.959050072847415
17.8753643538297,0.959003162732721
17.8961417323155,0.958927592365774
17.9169191108013,0.95885216366158
17.9979835209805,0.958774175568423
18.0521007678543,0.958833254449483
18.1062180147281,0.958918148134224
18.1603352616019,0.95898566444053
18.2144525084756,0.958941415435425
18.2685697553494,0.958885180852863
18.3397527624586,0.958772252889908
18.3990941986619,0.958799893984962
18.4584356348652,0.958857117082819
18.5378521589305,0.958855415313137
18.6172686829957,0.958999161638693
18.6566086168276,0.959074915450694
18.6820609989282,0.959008042239072
18.7075133810287,0.958940779001
18.7458803816217,0.958839360706648
18.7726454631151,0.958903668527701
18.7994105446086,0.959028250182679
18.826175626102,0.95915263404342
18.8604491114007,0.959253951738067
18.8947225966994,0.959102526530569
18.9190491660299,0.958994772988525
18.9990320835284,0.958876812878688
19.079015001027,0.958920276940124
19.1389194173496,0.958913755610687
19.201251437789,0.959026644540021
19.2635834582285,0.959116538123564
19.2860677485266,0.95900141746619
19.3085520388248,0.958885837648748
19.3486133867237,0.958679825831544
19.3743771448663,0.958676020842557
19.4001409030089,0.958715850060973
19.4259046611515,0.958755551350802
19.5329203571868,0.958827863129322
19.6399360532221,0.959001450544135
19.693534649576,0.958991829178765
19.7471332459299,0.958932149171498
19.8007318422838,0.958871574724038
19.8668435890427,0.958824804957259
19.9329553358016,0.958923517343013
19.9990670825605,0.958846370575661
20.0903282740059,0.958729328177662
20.1626548020546,0.958793802917234
20.2349813301033,0.958738363116573
20.2892049260857,0.958717233839956
20.4176711006801,0.95870240244612
20.5461372752744,0.958481861234011
20.5887242697357,0.958471046677876
20.631311264197,0.958497168744217
20.6738982586582,0.958528851971923
20.7474923883583,0.958600285006066
20.8028537026253,0.958498107720528
20.8582150168924,0.958358784881999
20.8757135483811,0.958418172582242
20.8932120798698,0.958483136634809
20.9268032177934,0.958607817057004
21.004890877818,0.958699432150631
21.0829785378425,0.958649840810052
21.1407517281523,0.958611384010568
21.2278655872956,0.958638916625288
21.3149794464389,0.958580823939137
21.4302779063843,0.958427438252743
21.504200980603,0.958543113748001
21.5781240548217,0.958685362054628
21.6520471290404,0.958413505047769
21.6815260183105,0.958468628308387
21.7110049075806,0.958596727737223
21.7404837968507,0.958724612356468
21.7918266388086,0.958728526961285
21.8431694807665,0.958585023756756
21.8808587192541,0.958544347540945
21.9185479577416,0.958569202480368
21.9562371962292,0.958593932252632
22.0281561440924,0.95869862644406
22.1000750919556,0.958656490817921
22.1719940398188,0.958514162334782
22.2197786569623,0.958568943905834
22.2675632741058,0.958610865896961
22.3109227569219,0.958535988365385
22.3542822397381,0.958460898448563
22.4428267643738,0.958393722388737
22.4962986581621,0.9585441456929
22.5497705519504,0.958808097438201
22.5863195696542,0.958798422743304
22.6228685873579,0.95866555613016
22.6514748633706,0.958561725519439
22.7040984418012,0.958542982858823
22.7567220202319,0.958578812341292
22.8093455986626,0.958643776761253
22.8741072370053,0.958736248014033
22.9664903848935,0.958919859546182
22.9916170647732,0.958851287803568
23.016743744653,0.958782225884204
23.0836112752973,0.958656084568461
23.1362071108671,0.958675431422787
23.2231512944144,0.95866038332419
23.335452396485,0.958751437851678
23.4477534985557,0.958943804809281
23.5109534190453,0.958896712318795
23.574153339535,0.958790603030706
23.6373532600247,0.958730747925223
23.7005531805143,0.958693239573785
23.7662896081131,0.958675054941629
23.8080337323222,0.958766025231072
23.8497778565313,0.958861639692826
23.9100829266119,0.95886228557381
23.9703879966925,0.958803246712947
24.0306930667731,0.958757292220896
24.1234050488822,0.95869726985816
24.2124174175228,0.958616296150592
24.2632179965256,0.95855257230912
24.2940496769577,0.958642322776349
24.3248813573897,0.958762571982199
24.3627386883675,0.958910089720114
24.3964265139868,0.958894226289022
24.4301143396062,0.958843918135097
24.4638021652256,0.958793679561411
24.6273717877241,0.958710845331201
24.7436377455485,0.958995162001841
24.8123056078097,0.958983303502652
24.8584974660818,0.958852894236596
24.9046893243539,0.958711749812489
24.9529508891779,0.958560458190693
25.001212454002,0.958645744861506
25.0470240104099,0.958850985661195
25.0782877512928,0.958928375019947
25.1095514921757,0.958829895073381
25.1408152330586,0.958731311689231
25.2070038327064,0.958694819104075
25.2731924323543,0.958792865814571
25.2926271743924,0.95872519520491
25.3120619164304,0.958657024543837
25.3640837882923,0.958474497190994
25.3932154231422,0.958493920606549
25.4223470579922,0.958552187998575
25.4514786928422,0.958610350604928
25.5109805050095,0.958572335893248
25.5704823171769,0.958450851982497
25.5863282573584,0.958542037865998
25.6021741975398,0.95865795538405
25.6228864656773,0.958809264045632
25.6420354863021,0.958949106273106
25.6611845069268,0.959088908362859
25.6685857652566,0.95914293153256
25.6724558877988,0.959171177735167
25.6747905182136,0.959303385067849
25.6771251486284,0.959483026799965
25.6794597790433,0.959660934139138
25.6837451482638,0.959987710346187
25.697287636334,0.961018783301798
25.7623640992944,0.965941430382834
25.7690221596556,0.966442124529508
25.7725105443797,0.966704239817255
25.774558659418,0.966747471320563
25.7766067744563,0.966742016890672
25.7786548894945,0.966738514059756
25.782376110649,0.966731573794948
25.7943136842024,0.966709450272082
25.8540015519696,0.966598781692702
25.9866169973435,0.966415573497162
26.0444047641917,0.966469262180473
26.1021925310399,0.96640837789801
26.1462029922215,0.966269195588852
26.1902134534032,0.966205655607743
26.2218222188536,0.96625431570185
26.253430984304,0.966302842837969
26.326947964002,0.966262621794805
26.4004649437001,0.966178884635241
26.4954680523065,0.966115145494186
26.6240975856069,0.966047115317096
26.7544220856952,0.965880961324386
26.8847465857835,0.965771337010808
26.9763531114572,0.965751279860832
27.0885677707583,0.965730958510594
27.1526630188824,0.965594495080265
27.2167582670064,0.965530158888429
27.3889474012745,0.965500747706655
27.4851632909996,0.965467364661784
27.5210707636205,0.965338014166451
27.5569782362415,0.965208357707817
27.6297476430303,0.964808804318006
27.7025170498191,0.964364125366301
27.7752864566079,0.963934376936321
27.797825719152,0.96390030602341
27.820364981696,0.963880498557658
27.8552667683916,0.963849739126187
27.9762341023777,0.963792290749079
28.0529099045677,0.963698329008909
28.1295857067576,0.963697588613678
28.2422706180059,0.963615625875375
28.32400936351,0.963560777188672
28.4057481090141,0.963556234331445
28.5152020171343,0.963493921272139
28.6577632756708,0.963336961740385
28.7266473467829,0.9633414139237
28.795531417895,0.963383709692746
28.9129951320231,0.963278588407591
29.1219881587255,0.963146342382572
29.3309811854279,0.963055191841397
29.4609987811203,0.962943913788918
29.5466564925209,0.962956966644757
29.6323142039215,0.962901649527233
29.7570418114061,0.962803156264299
29.8817694188906,0.962732003592006
29.9608043971068,0.962748016205042
30.0398393753229,0.962683407056004
30.118874353539,0.962626355195158
30.2191762159542,0.962592564806246
30.3771194399221,0.962419776027374
30.4209287963594,0.962459532513255
30.4647381527967,0.962517932348176
30.5277525759976,0.962506162697359
30.603422756295,0.96243317720973
30.6790929365924,0.962336018930696
30.8238307084083,0.962274631884767
30.9367422089027,0.962260032535265
31.3534384467806,0.962102658559532
31.5349140164539,0.96191225513489
31.6311864681498,0.961874481477663
31.7274589198456,0.961889411980041
31.9340616596022,0.961719460508953
32.0756433220412,0.961737632964225
32.2172249844802,0.961699470302995
32.4015489908123,0.961511550019582
32.4387892941046,0.961573331438145
32.476029597397,0.961635334541849
32.5323603652012,0.961549845243429
32.5886911330054,0.96141527311955
32.6222239383706,0.961449593631031
32.6557567437359,0.961485335985455
32.7417455404786,0.961470611738073
32.8859125282747,0.961318027261415
32.9778043586384,0.961305625588701
33.0696961890021,0.961278196743022
33.0844092066501,0.96127343223729
33.0991222242981,0.961014568199089
33.1123974190941,0.960634087479139
33.1256726138901,0.960254085455221
33.1563543262002,0.959374598278775
33.1793634922854,0.958713918685743
33.1917230460854,0.958283696912162
33.1959787606122,0.957973466736177
33.200234475139,0.957660071198334
33.2070125124642,0.957160811795443
33.226448681568,0.955726207568516
33.2491387192534,0.954045641298592
33.2718287569388,0.952358801636209
33.2824205717941,0.951569206142699
33.288694258131,0.951100861937105
33.2949679444678,0.950953378867658
33.3014195977608,0.951013607104019
33.3078712510538,0.951071478882205
33.3195962530417,0.951176867850062
33.3619932388697,0.951557765473179
33.383630358144,0.951752019181213
33.4052674774183,0.952262777340206
33.4269045966926,0.952941150395835
33.443230384405,0.953451937837996
33.4905359806883,0.954928658687215
33.5165331182289,0.955629767495869
33.5425302557695,0.95632738305647
33.5620248845861,0.956849766324284
33.5815195134028,0.957371576094099
33.5895847831403,0.957587282051785
33.5976500528779,0.95734168061932
33.603784932803,0.956991281010443
33.6086585887501,0.956714359781057
33.6186249880487,0.956147360714292
33.6526496583951,0.95420619051543
33.6852870688488,0.952336307378807
33.6907643335359,0.952021737454912
33.6962415982229,0.951972651767719
33.70171886291,0.952128170649874
33.7059502893857,0.952246280095492
33.7138223403653,0.952466103046365
33.7384260522562,0.953152643463059
33.781604578709,0.954354936243292
33.7915056458724,0.954630179822757
33.7975556439369,0.954626245215409
33.8036056420014,0.954558695291239
33.8096556400659,0.954491954986302
33.8254971084231,0.954317087454107
33.8849565539664,0.953660030618493
33.9068378616196,0.953722802056994
33.9220044371099,0.953919594640204
33.9371710126002,0.954115586645427
33.9750199894108,0.95460425785574
33.9922949215715,0.954827143085579
34.0030727878584,0.954820452270075
34.0138506541454,0.954783878482103
34.0279011538039,0.954736478805507
34.0755232164815,0.954575806449294
34.1226271388896,0.953932396384188
34.1503283612426,0.953349494008972
34.1780295835956,0.952766337382569
34.1899480581038,0.952515239336844
34.201866532612,0.952529681671549
34.2137850071202,0.952749942336887
34.2224517664949,0.952909171050291
34.2430562651348,0.953287454737666
34.2762902342998,0.953897008794257
34.2937010406885,0.95421601261417
34.3047327681371,0.9542664556077
34.3157644955856,0.954274005369494
34.3267962230342,0.954281847156837
34.3645205644191,0.954308674467989
34.394659846235,0.954330091292183
34.400680481221,0.954521010157216
34.406701116207,0.954772477206065
34.412721751193,0.955022993006968
34.4285277060704,0.95568008498967
34.4884674217237,0.958163405603509
34.4937321334851,0.958380876055202
34.4989968452466,0.958333545006471
34.504261557008,0.958061720786888
34.5082367841439,0.957858592670049
34.5153479972555,0.95749468219697
34.538204834267,0.956322957950849
34.5663564762667,0.954875649070691
34.5945081182664,0.953423692073414
34.6024376231028,0.953392400123891
34.6103671279393,0.953549403912624
34.6163445738409,0.953666408622296
34.6293313236935,0.953920568773685
34.6749510378302,0.954812409590329
34.6886086359278,0.955079061072212
34.6958262625981,0.955219916085728
34.7006381343556,0.9551568516666
34.7054500061131,0.955034904062445
34.7102618778706,0.954913899099533
34.7222283081991,0.954612711211549
34.7654544973254,0.953522967332711
34.7856482062837,0.953012982312853
34.7945965850721,0.95278680790725
34.8035449638604,0.952833703686464
34.8119630674492,0.953046923886734
34.820381171038,0.953258631016837
34.8380477389223,0.953702596024767
34.8970379247424,0.955182071807063
34.9027309246498,0.955189565161379
34.9084239245571,0.955164881432019
34.9157971595587,0.955133553249244
34.9364111081722,0.955045921015243
35.0271030792035,0.95457517104756
35.0937946296026,0.954088611717887
35.1186641303726,0.953749783149722
35.1435336311426,0.953356830908195
35.1684031319126,0.952963673940203
35.1851852536653,0.952698186739598
35.201967375418,0.952500707886006
35.202743167701,0.952536933982304
35.2035189599841,0.952581991713464
35.2045396682711,0.952639004462364
35.2065469853171,0.95275173279173
35.2122569087428,0.953072096466854
35.2376993521576,0.954496810498252
35.2648161609077,0.956010369999724
35.2919329696578,0.957518894791543
35.3006786843136,0.958004358822
35.3018315106226,0.957988468235564
35.3029843369316,0.957921316607233
35.3041371632407,0.957856470680234
35.3061752489558,0.957741063014114
35.3115477360777,0.95743690049569
35.3346975679296,0.956123930703321
35.3577532890396,0.954812501920158
35.3808090101496,0.953497262148131
35.3929950042892,0.952800545472814
35.3990044124927,0.95245656897978
35.4028308842031,0.952306753728719
35.4066573559135,0.952433504455178
35.4094222652466,0.95252781387811
35.413818790935,0.952677290641439
35.4260348213689,0.953092268365625
35.477468710054,0.954835395353279
35.4922974594053,0.955336702384755
35.5006823869444,0.955619922535997
35.5090673144834,0.955626953339887
35.5174522420224,0.95551948214852
35.5258371695615,0.955413002214649
35.545494090019,0.955163256159604
35.6189746366223,0.954155416106553
35.6758007248958,0.953169882980228
35.6928037814794,0.952874559276514
35.6996246264796,0.952756028038146
35.703311691566,0.952691943102983
35.7056506070464,0.952791911476708
35.7079895225267,0.952968768928278
35.7103284380071,0.953143234287327
35.7144327751778,0.953449700502832
35.7261198509079,0.954321232422654
35.7759023531076,0.958014880118263
35.8041709339654,0.960074752734703
35.8045375879381,0.96006525754242
35.8049042419107,0.960037724763482
35.8054844447003,0.959997197979361
35.8070172818651,0.959889471783665
35.8109659609307,0.95961196166377
35.8215006678842,0.958870748723799
35.8602219061092,0.956135948750026
35.8970387002356,0.953520278932407
35.9022637937564,0.953147829187373
35.9074888872773,0.953054030201624
35.9127139807982,0.953116935557359
35.9179390743191,0.953177681736015
35.9280600509178,0.953295475058148
35.9579285757134,0.953643109597952
35.9983803247144,0.954113459487698
36.02129542697,0.954186812972527
36.0442105292256,0.954179434666335
36.0671256314812,0.95417229282291
36.1052373142403,0.954156168925177
36.1113189259991,0.954044478643611
36.1174005377578,0.95393071625996
36.1290862718372,0.953712148927018
36.1645596545571,0.953048202611446
36.1921577013719,0.952530957352425
36.2024645597471,0.952337633744478
36.2127714181222,0.952767237535655
36.2190554936013,0.953240678934772
36.2253395690804,0.953711034111802
36.2365589417712,0.954549857730143
36.2724652235932,0.957224025756613
36.2996119029441,0.959235406035519
36.3042462219389,0.959577893098595
36.306586583678,0.959750753846515
36.3079477858356,0.959741030484036
36.3093089879931,0.95965777996307
36.3106701901507,0.959577451280628
36.3128569019421,0.959447567839424
36.3183474963262,0.959121494491832
36.3413809263601,0.957751029707512
36.3727353719842,0.955878808590158
36.4040898176083,0.953998828706537
36.4140148497159,0.953663622384713
36.4239398818235,0.953444333482417
36.4338649139311,0.953224092614238
36.4581178599391,0.952685426659998
36.4809870139142,0.952176947049722
36.5038561678892,0.951667878492414
36.507784675391,0.951580371431125
36.5092013324841,0.951625805691648
36.5106179895772,0.951696925638097
36.5120346466703,0.951766233005155
36.514812344864,0.951902666136342
36.5227888627377,0.952294141823773
36.5575440767614,0.95399587102738
36.7313201468798,0.955791252566105
36.9510605600999,0.95481052900272
36.9523238771584,0.954777930753453
36.9535871942169,0.954737879461856
36.9551501158538,0.954689992754422
36.9581731126942,0.954596951451713
36.9673391364902,0.95431478810484
37.0091275858216,0.9530261842319
37.0145979731235,0.953075580923206
37.0200683604253,0.953252418463831
37.0255387477271,0.953427527365573
37.0370551080756,0.953796068591
37.0732695313763,0.954953186774796
37.1127133981076,0.956203345765168
37.1259063074247,0.956497703470021
37.1390992167418,0.956790901649483
37.1693820212939,0.95746316786488
37.1862250131022,0.957836667656776
37.2030680049104,0.958209854919906
37.2098834497959,0.95836077674055
37.2127389091644,0.958423993446144
37.2138396934484,0.95838236265723
37.2149404777323,0.958304273554091
37.2160412620163,0.958228129856706
37.2181141673525,0.958084021902604
37.2238577145833,0.957684675597894
37.2494433825894,0.955901428979191
37.2762958279704,0.954022308181578
37.3031482733515,0.952135335866759
37.310974297746,0.951583892461467
37.3155429816631,0.951543838335847
37.3201116655802,0.951759727093608
37.323341941387,0.951909626995758
37.3285842407349,0.952153134759591
37.3438706499657,0.952862598239807
37.4097468615469,0.955907214971058
37.4231138975726,0.955925734593978
37.4316092582921,0.955750852153003
37.4401046190116,0.95557754159254
37.4570955808964,0.955230683249417
37.5144683241823,0.954057323812176
37.5187225991572,0.954117215980795
37.5229768741321,0.954204294679286
37.5282352388917,0.954311064362523
37.5422827558402,0.954596261531638
37.5977667135103,0.955721052015589
37.6449474594389,0.955521914324744
37.6584457355608,0.955271377852415
37.6719440116828,0.955021756275512
37.701930090283,0.954466783570142
37.7135330347198,0.954251832946554
37.7214858502441,0.95427901703831
37.7294386657684,0.954391437126269
37.7373914812927,0.954503048964844
37.7578843494393,0.954790547696973
37.8072233700147,0.955482056256516
37.8404669931034,0.955784764799968
37.8737106161922,0.956018163557698
37.9069542392809,0.956251581361791
37.9343015368658,0.955756346742318
37.94478667613,0.955408851959516
37.9552718153943,0.955062207223947
37.9786450501122,0.954288528653366
38.0117942942199,0.953188912174232
38.0177258045365,0.952991873112075
38.0202495356359,0.953001181301951
38.0227732667354,0.953028621903044
38.0258616157154,0.953061107577236
38.0330202196425,0.953136599464842
38.0598032198163,0.953418994954952
38.1016302972764,0.953859640022755
38.1434573747364,0.954595821449438
38.1852844521964,0.955523592212555
38.2151430047884,0.956184511049567
38.2260399797238,0.956152527953989
38.2369369546592,0.955961980264828
38.2455493044265,0.955812151483101
38.2667365826833,0.955443331201188
38.3003405364439,0.954857704924927
38.3177529480776,0.95455395816538
38.3287139351673,0.954514960862128
38.339674922257,0.954518218615904
38.3506359093466,0.954521182457616
38.3882364414233,0.954531341666057
38.4337378749198,0.954461111863939
38.4792393084163,0.954172032423163
38.5017919118372,0.954029353493357
38.5167782529105,0.953934391520465
38.5317645939838,0.954211836265684
38.5429356504535,0.954532597145942
38.5541067069232,0.954852384995254
38.5822213106416,0.955656191623925
38.6012221440285,0.956198650619013
38.6202229774153,0.956740455534618
38.6245785089699,0.956686040082047
38.6289340405246,0.956584308706671
38.6332895720792,0.956483553976198
38.6438897704933,0.956238089278771
38.6828985317021,0.955333573393981
38.8779423377463,0.955515568281443
38.9235041315991,0.956504345683036
38.9253734186362,0.956479891322378
38.9272427056732,0.956450342325308
38.9297705694012,0.956411393601779
38.9353846407355,0.956324713569987
38.9568291241586,0.955993448841503
39.008742801223,0.955190525361977
39.0606564782875,0.954659578900564
39.1125701553519,0.954243369905936
39.1207303271749,0.95417789756821
39.1256376186762,0.954178218318858
39.1277506571551,0.954297697361801
39.1298636956341,0.95442255436643
39.1326593906365,0.954586748096667
39.1387562012121,0.954944705405774
39.1614903967384,0.956277038256443
39.1834587273567,0.957560771445691
39.205427057975,0.958840896805763
39.2171067964505,0.959520031363064
39.2221532736272,0.95981315377453
39.2248980155208,0.959972502089785
39.2256794295899,0.959953991491057
39.2264608436589,0.959908032577799
39.227242257728,0.959864681140978
39.2287261500409,0.959781379808767
39.2327364399772,0.959556447326451
39.2480088940331,0.958698769545875
39.3219210438362,0.954524974831502
39.3296096510385,0.954332392562913
39.3372982582408,0.954316118572392
39.343336332616,0.954302066294871
39.3567027745424,0.954271030972978
39.4046556850042,0.954159810996437
39.4701650624869,0.954190039295324
39.502328463602,0.954245621817638
39.5197271913942,0.954275642921316
39.5371259191864,0.954585633598634
39.5574402136158,0.955137958678004
39.5777545080452,0.955689011088922
39.6115174803127,0.956603352959907
39.6225014323777,0.956900425374347
39.6334853844427,0.956925446946622
39.6444693365077,0.956815566615535
39.6554532885726,0.956706550533144
39.6817838915523,0.956445104850447
39.7891480913211,0.955166711945026
39.8105886738711,0.954880081027685
39.8232670234014,0.954710566771673
39.8359453729317,0.95486278346469
39.8487715412513,0.955220300407198
39.8615977095709,0.955576416734188
39.8896659139379,0.956354718356923
39.9969068811711,0.957101395072945
40.0090437854039,0.957038592549029
40.0211806896367,0.95697670150754
40.040064254965,0.956624942691211
40.0589478202933,0.956086084272948
40.0728522265297,0.955689409984342
40.1113677247269,0.954588830164241
40.124924090163,0.954200808935643
40.138480455599,0.954205214567581
40.1504205333317,0.954426002552806
40.1623606110644,0.954645393307151
40.1874085863459,0.955105244854953
40.2293539796381,0.955874354156131
40.2387799897414,0.95588391526412
40.2482059998446,0.955879025145094
40.2623740795598,0.955871922972201
40.3131097860765,0.955846496052495
40.3344022969618,0.955777572910698
40.3484748926101,0.95552367120434
40.3625474882583,0.955269275316875
40.3965675497751,0.954653652723942
40.4274160053694,0.95409472770951
40.43714643899,0.954362573788916
40.4435900095391,0.954723469023342
40.4500335800882,0.955081912549393
40.4622779254157,0.955762375080223
40.5001521346814,0.957860907468131
40.5256810087371,0.959269960518605
40.5300193298035,0.959508980402885
40.5317507835555,0.959604339986502
40.5327971553828,0.959583381553736
40.5338435272101,0.959517789243986
40.5348898990373,0.959454623231637
40.5367606016206,0.959340849994385
40.5417181601808,0.959039429840074
40.562922626896,0.957747909952295
40.5855925509751,0.95636306206834
40.6082624750542,0.954973977995527
40.6255637869023,0.953910975477569
40.6428650987503,0.953853570473447
40.6488395615339,0.954049168080647
40.6548140243174,0.954241813911646
40.6652282913191,0.954577753517178
40.6978244525706,0.955627621468611
40.7313876707295,0.956706084178594
40.7369945499751,0.956672888907114
40.7426014292206,0.956542703500938
40.7482083084661,0.956413786724107
40.7609670501014,0.956120157166001
40.8053813218977,0.955096429610429
40.8212933102401,0.954729107210854
40.8302899809518,0.954521289029253
40.8392866516634,0.954593653981695
40.8482833223751,0.954796032311877
40.8572799930867,0.954997263749574
40.8779749198702,0.95545982908354
40.907257565355,0.956113591822476
40.9365402108399,0.956667804480105
40.9436166181576,0.956627783820379
40.9506930254754,0.956585847171051
40.9644417213926,0.956504464072014
41.0094588944282,0.956238026569467
41.0570222100344,0.956101729653725
41.1045855256405,0.956122500005757
41.1231213976174,0.956130509140743
41.1323252558121,0.956134478537676
41.1385198935804,0.955975664425611
41.1447145313488,0.955749857856931
41.1509091691171,0.955524763800731
41.1670989937238,0.954935868792135
41.2292162628199,0.952669150416083
41.2332000832145,0.952523389156347
41.2358197603403,0.95257690996611
41.2384394374661,0.952713954369422
41.2410591145919,0.952848707173371
41.2457218832898,0.953088874543668
41.2594139847312,0.953793421439353
41.318624755044,0.956827550233231
41.3630775921477,0.957460370869283
41.3702509814484,0.957404938811394
41.3774243707491,0.957351231354123
41.3918233776988,0.957243296795408
41.4408667349837,0.956871528711906
41.5428250572517,0.955999995555047
41.5708349549618,0.955633903139851
41.5988448526718,0.955267261671566
41.6251225454014,0.954922999196746
41.6514002381311,0.954953348185715
41.6683318190275,0.955147780484712
41.6852633999239,0.955341389504727
41.7270459103741,0.955818759990398
41.7704838252878,0.956158693530888
41.8139217402015,0.956457177755913
41.8320003497611,0.956581371492579
41.8420151177412,0.956410099950641
41.8520298857213,0.956068857121294
41.8598463234493,0.955803282100431
41.8784768653282,0.955169617610179
41.8984811303261,0.954488206754453
41.918485395324,0.953805772676828
41.9292989204846,0.953436444655498
41.9343929291098,0.953262357574489
41.9375134465733,0.953205133370197
41.9387289741474,0.953287406047417
41.9399445017215,0.953377626344293
41.9414266915558,0.953485835759712
41.9442255652521,0.953690534263917
41.9524324011736,0.954290139800857
41.9891620720047,0.956963950066783
42.0175336026621,0.959018600652968
42.0259755324283,0.959628177600662
42.0344174621946,0.960236943024758
42.0373432345362,0.960403064100874
42.0378703437306,0.960375563985324
42.038397452925,0.960334576347424
42.0390965941123,0.960283259645981
42.0405661665042,0.960174505317798
42.0448831733592,0.959855110505555
42.0580880777185,0.958876722835887
42.1110166100213,0.954933861375032
42.1232190258398,0.954019969677896
42.1354214416582,0.953104225348434
42.1377092114147,0.952932329425927
42.1390429942624,0.952927945923474
42.14037677711,0.952968637057345
42.1417105599576,0.953006822803643
42.1440689665245,0.953075080454316
42.1502404477382,0.953253512596365
42.1760960254429,0.954000267907173
42.2266315078376,0.95545629035191
42.2513461980234,0.955888465805116
42.2679204550084,0.956014839124575
42.2844947119934,0.956141886407546
42.326234142714,0.956461711786533
42.3722037138142,0.956406546982701
42.4181732849143,0.956192381710232
42.4384997539856,0.956097747782392
42.4506483433291,0.956182300549356
42.4627969326726,0.956274324839958
42.484391601953,0.956437865824888
42.5195942596518,0.956704236704512
42.5377272406479,0.956841390033035
42.5489380683973,0.956770698884518
42.5601488961467,0.956657495341249
42.5713597238961,0.956544558728987
42.609992790555,0.956155152869809
42.6712973047065,0.955635345442096
42.732601818858,0.955217249926034
42.7612992719293,0.954768417113987
42.7899967250007,0.95419295907435
42.818694178072,0.953617059779565
42.8327633301212,0.953334470964793
42.8400634477319,0.953187765612504
42.8473635653426,0.953310106018376
42.8546636829533,0.953539296439092
42.861963800564,0.953767264463005
42.8788619688029,0.954294558213768
42.9384523971445,0.956149274905766
42.9763685449005,0.957257104661862
43.0142846926565,0.958352701315911
43.029813868154,0.95880061664182
43.0400737614,0.959096332484486
43.0503336546461,0.959022793618061
43.0581781838927,0.958845903684633
43.0660227131393,0.95867012241428
43.0837619051306,0.958272282741537
43.1523348136468,0.956671930748767
43.1778046594875,0.955916636800508
43.2032745053283,0.955159662381369
43.2261968284277,0.954477290805596
43.238520712669,0.954110005246712
43.2508445969104,0.954032187239488
43.2602134717608,0.954158719354234
43.2673101256572,0.954253456474709
43.283548329755,0.954470187464461
43.345198969185,0.955295885041102
43.3527246695811,0.955534481203932
43.3602503699772,0.95577501883726
43.3743303979586,0.956224621753815
43.4191706707847,0.95765334176823
43.4334643829434,0.958107837850455
43.4427930892446,0.958404216846145
43.4521217955457,0.958275417709837
43.4585982977236,0.958019804099428
43.4650747999014,0.957765972327712
43.4777921427252,0.957266979156412
43.5200856602428,0.955603442800508
43.5378010147613,0.954904830322093
43.545099785483,0.954616685440102
43.5497626057229,0.954585190324357
43.5544254259628,0.954597313787226
43.5590882462027,0.95460861428198
43.5713148154552,0.954638364202942
43.6170237350995,0.954749638168777
43.6408918156857,0.954807725156844
43.664759896272,0.955131340260184
43.6815267493519,0.955411037971467
43.6982936024319,0.955690340407335
43.724988860605,0.956134664939392
43.7410875550858,0.956402412238724
43.7571862495666,0.956334570005844
43.7707875392159,0.95610588916523
43.7843888288651,0.955878003678335
43.816333664722,0.955342349967707
43.834648671205,0.955034933881872
43.8439196572777,0.954879244639604
43.8531906433503,0.954993682979511
43.862461629423,0.955252094826777
43.8717326154956,0.955509239002616
43.892627026677,0.956088260720139
43.9175650270441,0.956778415766058
43.9425030274113,0.957467516909225
43.9544271247886,0.957506746007891
43.9624590496027,0.95735670618766
43.9704909744168,0.957208207427019
43.9869103294542,0.956904406778379
44.0446427467271,0.955834475161301
44.0674642304816,0.955610327111052
44.0902857142361,0.955421996474125
44.1182035311558,0.955191367298252
44.1360947562981,0.955043497825639
44.1447295811387,0.954972117097382
44.1533644059792,0.955168884280184
44.1617704126402,0.955531266804018
44.1701764193012,0.955891916302571
44.1877810253171,0.956646338998809
44.2494975481345,0.959242031721471
44.2500617630891,0.959230662404551
44.2506259780437,0.959208025097666
44.2513904303867,0.959180056933021
44.2529979391175,0.959120449816884
44.2577441718903,0.958944621011765
44.2758706183717,0.958272454610995
44.3085896424757,0.957056644893322
44.3413086665796,0.955837576313347
44.3495607034023,0.955554975426497
44.3516416930359,0.95557112148387
44.3537226826695,0.95559235541598
44.3565313954183,0.955620080285034
44.3628183817225,0.955682248384382
44.3868051725246,0.955919391653741
44.4209152148617,0.956256391811826
44.4397064910882,0.956441940472372
44.4492668948735,0.956536312603413
44.454538296313,0.956408666688877
44.4598096977525,0.956245709821943
44.466266516485,0.956046828409508
44.483349750319,0.955520142009492
44.5122150794369,0.954628776101704
44.5410804085548,0.953735653224411
44.5498067793168,0.953465301398774
44.5508029946512,0.953509288655126
44.5517992099856,0.953589737644375
44.5527954253199,0.95366772668113
44.5545652267763,0.953807033168759
44.5590918997981,0.954162929210175
44.5772600482544,0.955588546547154
44.5993824476289,0.957318423131791
44.6215048470033,0.959041743805577
44.6463896460174,0.960972512574935
44.6497481239139,0.961232468603427
44.6531066018104,0.961220020199904
44.6564650797069,0.96101434065783
44.6589021127452,0.960867973868323
44.662693996013,0.960639496508703
44.673328667949,0.959998210631261
44.7206934249464,0.957131071925182
44.7367888993644,0.956152636078668
44.7468057480682,0.955542651231393
44.7568225967721,0.955365150670434
44.762115982911,0.955447794983396
44.7674093690498,0.955527923183583
44.7772108633759,0.955676469707139
44.8062264399537,0.956116071578654
44.8315591189807,0.956499511932609
44.8461776295896,0.956720635001837
44.8607961401985,0.956648810251297
44.8754146508074,0.956426183944678
44.8869857919976,0.956250476895756
44.9181430174195,0.955777024637011
44.9410332201213,0.955428862909176
44.9555099604406,0.955304362745511
44.9699867007599,0.955488425422989
44.9844634410791,0.95567297639089
45.0238137310704,0.956174261990197
45.0451702190443,0.956446077969371
45.0665267070182,0.956240006974359
45.0815905134569,0.95589317851714
45.0966543198956,0.955547041923125
45.1310517757584,0.954755701977986
45.1437160052239,0.954463983875599
45.1506752314107,0.954303603046853
45.1576344575975,0.954422467616265
45.1645936837843,0.954694764355145
45.1715529099712,0.954965304640236
45.1859508593129,0.955524591789649
45.233636986028,0.957372186001707
45.2515520523011,0.958064362766146
45.2596549113978,0.958112594855296
45.2677577704946,0.958036536837415
45.2758606295913,0.957961607051945
45.2943216945399,0.957790771857744
45.3653399145467,0.957197171501469
45.4107452361984,0.957034651955797
45.4561505578502,0.956826052558579
45.4624788393449,0.956668141657065
45.4688071208397,0.956508053922714
45.4808631715284,0.956203063723786
45.5191268147072,0.955233849877702
45.5522987925243,0.954391910542221
45.5592245785396,0.954450181669316
45.5661503645548,0.954672028031916
45.5730761505701,0.954892113622502
45.5872543427166,0.955342411264449
45.6337925445065,0.956817467272253
45.6469140649031,0.957232492943174
45.6537553339291,0.957448728802813
45.6584303521999,0.957435500245074
45.6631053704707,0.957354561130915
45.6677803887415,0.957274737004684
45.6788315068193,0.95708581739201
45.718934703609,0.956399536523258
45.7500832504803,0.955865785381075
45.7577529332483,0.955823111545956
45.7654226160162,0.956096869761353
45.7715346871633,0.956316149123361
45.7852139949633,0.95680642582822
45.8308081294543,0.958436659255339
45.8462715169404,0.958988238736616
45.8531094398641,0.959231934894249
45.8568266772755,0.95936435867531
45.858024447525,0.959330779082096
45.8592222177744,0.959270474155078
45.8604199880238,0.959212276936704
45.8626145496767,0.959104946399408
45.8686726973097,0.958808709441692
45.8956904728039,0.957485202509765
45.9301948751579,0.955789327074287
45.9427194865199,0.955172177054754
45.9552440978819,0.954554184511834
45.9605136782462,0.954608159132973
45.9657832586105,0.95483911197625
45.9699880574696,0.955021344196579
45.9779016228277,0.955364350493049
46.0034264589499,0.956469045712055
46.0474419129837,0.958367692698991
46.0550966873777,0.9586970825959
46.0627514617717,0.958756478048479
46.0700929442949,0.958641954186084
46.0774344268181,0.958529071858928
46.0923370352125,0.958299721002922
46.1450814094529,0.95748697236307
46.1733485285654,0.956776643922895
46.1924206820187,0.956137132874152
46.211492835472,0.955497314766959
46.24012616859,0.954535074608929
46.2510839885247,0.954166277657485
46.2573096482559,0.95395661391323
46.2635353079871,0.95402295221804
46.2697609677182,0.95420421316816
46.2759866274494,0.954383996185376
46.289595421802,0.954776832162109
46.3350550001537,0.956086747429084
46.3616723917295,0.956778271330164
46.3691481874084,0.95678612535493
46.3766239830873,0.956791865012116
46.3906059416639,0.956802705588877
46.4358427787478,0.956837916834924
46.4863947612239,0.95672525248999
46.5369467437,0.956471616176971
46.5533670531874,0.956389258943544
46.5697873626747,0.956611124193111
46.5862076721621,0.957046798270577
46.5977999443872,0.957353463237155
46.6278275463636,0.958146861664514
46.6604653410387,0.959007682575505
46.6632107311999,0.958943610235428
46.6659561213612,0.958835319665587
46.6687015115224,0.958728478747291
46.674316881059,0.958509531046759
46.6941694571308,0.957734639784652
46.7238582785462,0.956573360011989
46.7535470999616,0.955409100322882
46.7633187787933,0.955112692558048
46.773090457625,0.955109836409019
46.7828621364567,0.955107917312019
46.806096739797,0.955103347019943
46.8376692366176,0.955097090638218
46.8563409974433,0.955093395149568
46.875012758269,0.955384062473833
46.8936845190947,0.955805570579064
46.9123562799204,0.956227715124514
46.9478032781845,0.957026860343053
46.9596118475662,0.957292790909154
46.9714204169479,0.957286193062044
46.9832289863296,0.957163455168807
46.9950375557113,0.957041409875916
47.0252244404457,0.956729261467364
47.0529456135312,0.956442400104192
47.0806667866167,0.956431136992574
47.1145945930342,0.956613616272369
47.1485223994516,0.956795654339533
47.1880172181014,0.956689760286346
47.2275120367512,0.956396908010242
47.2560453418512,0.956185441574826
47.2887872780319,0.956082878777808
47.3215292142125,0.956026294470457
47.3542711503932,0.955969607472938
47.3884609845823,0.956326272305538
47.4226508187714,0.95685116369854
47.4481315707064,0.957241704442446
47.4605093835182,0.957431286345332
47.4728871963299,0.957345575472805
47.4846706391092,0.95710688355083
47.4964540818886,0.956869010048871
47.5239780864021,0.956312887084682
47.6361689423286,0.956551657702349
47.6477294965423,0.956726790676384
47.659290050756,0.95690086045342
47.6666821658319,0.956979125298354
47.6687075325804,0.95691119401333
47.670732899329,0.956838322041869
47.6734922908396,0.956739965216679
47.6797687680796,0.956516020554078
47.7041183078654,0.955646164988084
47.7310801185955,0.954681044116857
47.7580419293256,0.953713854547564
47.763791841796,0.953507321550539
47.7695417542665,0.953630307332614
47.775291666737,0.95398164856458
47.7795255497064,0.954238093336478
47.7872960407261,0.954708603429397
47.8117802617964,0.956188085064207
47.844552832922,0.958160862998189
47.8553489157089,0.95880887801807
47.8661449984957,0.959455974316951
47.8689720176579,0.959454095802153
47.8717990368201,0.95935934683552
47.8746260559823,0.959266945957814
47.8795713154436,0.959104802531243
47.8950771514919,0.958596069047608
47.9679834620184,0.956241773742258
47.9696167341739,0.956258083487153
47.9712500063294,0.956280746613691
47.973316094706,0.956308118023229
47.977553972823,0.956364523004576
47.9921089223856,0.956558165379256
48.0638990136711,0.957512041501701
48.0788181907235,0.957532171875636
48.0937373677759,0.957481657769602
48.1086565448283,0.957431486095834
48.1565568068709,0.957270367582319
48.2033124501242,0.95696714069646
48.2500680933774,0.956615655134093
48.2968237366307,0.955999094643429
48.3405955105268,0.955264472311707
48.3568751488134,0.954991032052944
48.3662852206566,0.954832908900774
48.3756952924997,0.954957643284923
48.3851053643428,0.955205537283861
48.3945154361859,0.955452328494144
48.4167480414635,0.95603489216386
48.4444273526184,0.956759172462396
48.4721066637732,0.95738993958348
48.4786563186618,0.957365771720475
48.4852059735503,0.957339425822132
48.4975330711898,0.957289994375466
48.5370874070154,0.957131460881524
48.5686344343257,0.957004971757031
48.5760697176794,0.956810467997418
48.5835050010331,0.956574282306964
48.5909402843868,0.956338446299326
48.6138155532715,0.955612064376691
48.6359788670584,0.954907161194117
48.6581421808453,0.954201161169296
48.6653645775795,0.953970856767831
48.6691364976823,0.95385053281406
48.6717230992324,0.953921833456762
48.6743097007824,0.954090547576832
48.6768963023324,0.9542566730687
48.6813206706841,0.954541162245094
48.6939816523787,0.95535429374172
48.7488400684418,0.958860695728485
48.7592900693518,0.959525583686475
48.7697400702618,0.960189505110255
48.7742671737247,0.960162878062551
48.7787942771876,0.959995677088258
48.7833213806505,0.959830807645029
48.7916118729768,0.959528402051069
48.8182211889672,0.958556415865688
48.8469277122107,0.957505503933234
48.8654585073203,0.956825821781554
48.88398930243,0.956499024968723
48.9025200975396,0.956328573315239
48.9168633917712,0.956196125381692
48.9577769199595,0.955818089750653
49.0074112411631,0.955520154067284
49.0570455623668,0.955287638144776
49.0681519608779,0.955235575599683
49.0792583593891,0.955464086922018
49.0938817120184,0.955971636734128
49.104369838756,0.956334591984158
49.1308567254723,0.957249916251703
49.1518140733905,0.957972867790225
49.1727714213087,0.958662588989346
49.174848955527,0.958650678961532
49.1769264897453,0.958633633878879
49.1797135561509,0.958611739631635
49.1860944504459,0.958561437014528
49.211152055438,0.958363849825651
49.3364400803982,0.957246914089647
49.4617281053584,0.956081038169466
49.4957929464549,0.956145570380099
49.5298577875514,0.956397996592711
49.5544349309471,0.956579755719325
49.6351390603987,0.957086380517294
49.7158431898503,0.957437091307394
49.7585566730756,0.957559931619807
49.801270156301,0.957331408413684
49.8347511062619,0.9569769543029
49.8682320562229,0.95662259095327
49.8847733381113,0.956687447260744
49.9013146199997,0.956924758634389
49.913867588347,0.957104204800419
49.9480364998059,0.957592291249396
50.0238433981492,0.957738138635314
50.05059428571,0.957605336037973
50.0773451732708,0.957444046595272
50.0849134967762,0.957243452735579
50.0924818202816,0.957040697779472
50.1067197737491,0.956659127579101
50.1534984443106,0.955403348107348
50.1658853292957,0.955070232444169
50.1736794373983,0.954860503638941
50.1814735455008,0.954979281515826
50.1892676536034,0.955249676487666
50.1970617617059,0.955518468754738
50.2135183807137,0.95608553837328
50.270371474706,0.958039305035488
50.2753012048902,0.958208320103523
50.2784998411106,0.958167724877441
50.281698477331,0.958073917067152
50.2848971135515,0.957981518834513
50.2915839451606,0.957788005855763
50.3150424192205,0.957108472452556
50.3455485888655,0.956223272210384
50.3760547585106,0.955336338777454
50.3807692698701,0.955396104946984
50.3854837812297,0.955514481663196
50.3901982925893,0.955631748625298
50.4015183444096,0.95591334703485
50.4419856358871,0.956918656249384
50.4647442323256,0.957483055894812
50.4777944647623,0.957787291378371
50.4853821108653,0.957790091864648
50.4929697569683,0.957790632376233
50.5068475572498,0.957791749240943
50.5521541958219,0.95779551604859
50.58110012417,0.957829141569764
50.5996143889652,0.958020117672353
50.6181286537605,0.958211510365616
50.665336150161,0.958699169591925
50.6792572961475,0.958807025150415
50.6846392337363,0.958707486663749
50.6900211713251,0.958605479137972
50.7000259223291,0.958416053670861
50.7314244234629,0.957821128794454
50.7800383615155,0.956883585847305
50.7975178845515,0.956423404921897
50.8149974075874,0.955962092600676
50.8597138953043,0.954779777639842
50.8693365530376,0.954524956118454
50.8789592107709,0.954357297636977
50.8797429815312,0.95440252151878
50.8805267522916,0.954457373063749
50.8815225023432,0.954524650705969
50.883442723068,0.954655045856545
50.8888296260012,0.955020479232397
50.9129200608905,0.956651121321985
50.9351288669371,0.9581492357579
50.9573376729837,0.959642439689955
50.9786039228222,0.961067714084435
50.9800164223274,0.961044886217607
50.9814289218326,0.960951905612909
50.9828414213378,0.960861890800558
50.985099524606,0.960717131352132
50.9908530941083,0.960348304255648
51.0154061576293,0.958770969142739
51.0416733371269,0.957077453404004
51.0679405166246,0.955377607309742
51.0762614081592,0.954837799071941
51.0845822996938,0.954836145854411
51.0900436490524,0.955023268243079
51.0955049984111,0.955207692973714
51.1054013215759,0.955541897527707
51.1342974080162,0.956516479513211
51.1591614269396,0.957353386031921
51.1737725391864,0.957844470760733
51.1883836514332,0.958023581660593
51.2035025836582,0.958021475053045
51.2186215158833,0.958020213561244
51.2542713094885,0.958017240459069
51.2797247753691,0.958015101222032
51.2891407913869,0.957903551065717
51.2985568074048,0.957787185613653
51.3166550961773,0.957563509737871
51.3805025519799,0.956773660553501
51.3874224247004,0.956807926915222
51.3943422974209,0.956853974494833
51.4055020751878,0.9569280427807
51.4379050485531,0.957142864067777
51.5081754714591,0.957563798177849
51.5784458943651,0.957912991384047
51.5902182214442,0.957760322447121
51.6019905485233,0.957510911110602
51.6137628756023,0.957261966131475
51.6458318485794,0.956583110773468
51.6688827024006,0.956094514861833
51.6801027803329,0.955856500375897
51.6871740002943,0.955876973421551
51.6942452202557,0.955966429634156
51.7013164402171,0.956055122801478
51.7201423790745,0.956291229472979
51.7562810730649,0.956744158221952
51.7752400101237,0.956981588488878
51.7941989471825,0.956944886777045
51.8142792494211,0.956739797561065
51.8343595516598,0.956535142723392
51.8656568470081,0.956216006398244
51.8795487217681,0.95607427079049
51.8890453602544,0.956186095300743
51.8985419987407,0.956425117041064
51.908038637227,0.956663057653753
51.9305991888608,0.957227851449521
51.9561789578607,0.957867411730551
51.9817587268605,0.958506070409946
51.9876298767831,0.958475881524446
51.9935010267056,0.958391540612803
51.9993721766282,0.958307956676354
52.0152025192056,0.958082405888083
52.0795207179917,0.957164807287267
52.1112638468678,0.956892982866511
52.1430069757438,0.956651826696102
52.1839052170459,0.95634084255309
52.205093555275,0.956035709012607
52.2262818935042,0.95572900754956
52.276689274847,0.95499846868792
52.2827656436828,0.954910333787097
52.2888420125186,0.955095862942564
52.2956249336375,0.955499279118642
52.3024078547564,0.955900270489446
52.3154206652981,0.956668686477054
52.3569124899877,0.959110308710146
52.382893566615,0.960632555987006
52.3878800278993,0.960615037540241
52.3928664891837,0.960342678104893
52.3964303570115,0.960150478186927
52.4024241505674,0.959826613359091
52.42146939988,0.958796024260322
52.4437127487867,0.957589430473353
52.4659560976935,0.956379627761203
52.4772098274581,0.955766313855441
52.483358565181,0.955430864756407
52.489507302904,0.955388235943073
52.4956560406269,0.955588957657109
52.5000989802279,0.955731933791957
52.508434246758,0.956000282850534
52.5353123878443,0.956864633734616
52.6697030932761,0.957147411800796
52.680070944377,0.956978627704259
52.6904387954779,0.95683277746312
52.7008066465788,0.956732522170117
52.7221812621371,0.95652571774718
52.7534220105649,0.956223233760634
52.7846627589928,0.955920554453266
52.7918067889956,0.956036086764614
52.7989508189984,0.956249834772643
52.8060948490012,0.956462478857588
52.8233106088126,0.956974577235322
52.8885562389439,0.958878098536802
52.8893844178356,0.958861542139758
52.8902125967272,0.958836540641676
52.8912662717358,0.958806828615774
52.8933480219748,0.958747461227912
52.8994155754803,0.958574554191668
52.92748578519,0.95777376383935
52.9900824577431,0.956029902126114
52.9965509135709,0.955989092791868
53.0030193693987,0.95595062379123
53.0149226869108,0.955879678745436
53.051502243998,0.955661441914109
53.0760604037754,0.955514876683977
53.0908775266503,0.955505738444753
53.1012187866433,0.955734793762622
53.1115600466362,0.955964825069089
53.1348493421294,0.956482432787115
53.1669302794544,0.957194427713709
53.1845413742345,0.957584813485833
53.2021524690147,0.957705689626591
53.2155677911441,0.957725224772102
53.2289831132735,0.957745165329785
53.2702131643069,0.95780643823241
53.3148119984617,0.957596154390363
53.3594108326165,0.957181453304699
53.3906992328409,0.956889859123922
53.4271497159039,0.956515933017046
53.4636001989668,0.956141608655718
53.4823623704224,0.955948807832428
53.5011245418781,0.956252694308725
53.5122927648901,0.956643684798391
53.5234609879022,0.9570329541552
53.5466287834882,0.957839427750317
53.5690704876078,0.958619300308238
53.5915121917274,0.959356230555684
53.5921610246975,0.959334633520988
53.5928098576675,0.959301738719429
53.5936316437413,0.959262783166054
53.5952596599103,0.959184767319272
53.5998691122157,0.958964031327687
53.6194472419684,0.958025248574057
53.6443459882764,0.956828532748955
53.6692447345843,0.955628657091921
53.6813522808513,0.955044041767995
53.6881985399149,0.954713134224817
53.6950447989786,0.954688324138169
53.7018910580422,0.95489531753407
53.7068505493895,0.955043465311852
53.7167712368601,0.955339840357995
53.7496101926579,0.956319627758153
53.9138049716468,0.958138998353654
53.9234288796259,0.957920769241264
53.9330527876051,0.957700787091573
53.9521426976826,0.957264176359773
53.9731395876569,0.956783504824409
53.9941364776313,0.956350154766543
53.9963474502401,0.956389905741528
53.9985584228489,0.956434454932031
54.0015968432304,0.956494802417845
54.0086394924328,0.956634754329273
54.0361911334724,0.957181872813527
54.0919808119107,0.958287717349243
54.100045783665,0.958220339471504
54.1081107554193,0.958070015892591
54.1161757271736,0.957920441793077
54.1368864975492,0.957536049213597
54.1683249712436,0.956951904362417
54.1880419793599,0.95658517018356
54.2077589874761,0.956546226120838
54.2274759955924,0.956654190184052
54.2430370173164,0.956738956162141
54.2889100079847,0.95698873271176
54.3174769646355,0.957342890331695
54.3460439212862,0.957752036655794
54.374610877937,0.958160677309535
54.3947085059314,0.958447943448889
54.4070145341071,0.958481815462443
54.4193205622828,0.958497297017398
54.4375982419656,0.958520349691509
54.4953122544019,0.958593326122178
54.5045769589398,0.958393396893367
54.5138416634777,0.958141611378547
54.5231063680156,0.957890150188355
54.5512130655811,0.95712639804354
54.5747507318023,0.956485802538144
54.5982883980236,0.955855317882021
54.6007074208917,0.95587869268637
54.6031264437598,0.955907090707949
54.6064076887647,0.955944780311689
54.6139999089262,0.95603204114698
54.6435181097963,0.956371187506389
54.7911091141467,0.956619486881809
54.7998133034609,0.956620419754735
54.8021212623332,0.956719758655605
54.8044292212056,0.956823674494244
54.8076469204889,0.956967693053483
54.8152905312891,0.957309719162149
54.8456626096881,0.9586662576674
54.8669508575494,0.959614671590091
54.8882391054107,0.96056112245108
54.8956055344193,0.960888170062851
54.8985859494677,0.961020425369129
54.900326082389,0.960979118818497
54.9020662153103,0.960883171997339
54.9038063482316,0.960789503209006
54.9067504373364,0.960630383140634
54.9149625325349,0.96018639887085
54.9516964124296,0.958195089027153
54.9861080054965,0.956321740149252
54.9942661946299,0.955876478032172
54.9988003439157,0.955628821616757
55.0033344932015,0.955653269054593
55.0068795195113,0.955762007694204
55.010424545821,0.955868680102581
55.0170741273319,0.956069022579316
55.0380481544355,0.956700413088758
55.0631500390657,0.957454900014414
55.0882519236958,0.958208141077885
55.0994832650124,0.958544761080255
55.1050669488439,0.95848132740349
55.1106506326755,0.958320540541598
55.116234316507,0.958161044899651
55.12883253468,0.95780081158583
55.1737667883799,0.956513575541367
55.1909999338952,0.956018929833635
55.2001317878261,0.955756597245655
55.2092636417571,0.955760035030684
55.2156795069856,0.955815114843899
55.2220953722142,0.955869507742475
55.2398852880509,0.956020364348306
55.3116688770346,0.956673555662549
55.3577668651857,0.957278437022598
55.4038648533368,0.957901190926995
55.4101161716099,0.95811497776035
55.4163674898831,0.958331020757967
55.4278929521818,0.958728864989455
55.464811245345,0.960000821604841
55.4926541103739,0.960957769835601
55.5204969754028,0.960228820717461
55.5249568773558,0.959946022965309
55.5294167793087,0.959666123929078
55.5369179657191,0.959194580706896
55.5596836658502,0.957760454620209
55.5808390368568,0.956423718845127
55.6019944078635,0.955083033714566
55.6082254308334,0.955079113569072
55.6144564538032,0.955281254424928
55.6190993714767,0.955429974296665
55.628129784689,0.955719300838916
55.657747155757,0.956667031623303
55.6842242656106,0.957512596119961
55.6968319065625,0.957914679172085
55.7033887851457,0.958123651042616
55.7099456637289,0.958064054883384
55.7149803738035,0.957942971500144
55.7200150838781,0.957823074957377
55.7317506695379,0.9575433085346
55.7740092437012,0.9565344200357
55.7918838604102,0.956107006558469
55.8024957608255,0.95585306587007
55.8131076612407,0.9559050680147
55.823719561656,0.956117344698358
55.8320532486846,0.956283110859445
55.8523566674782,0.956686752031481
55.9049285196317,0.957730299328032
55.9365681182193,0.958217094006337
55.9682077168069,0.958693011110021
55.9925819805991,0.959059265082141
56.005350839991,0.959251035899234
56.0134498310914,0.959220909400631
56.0215488221917,0.959147923987017
56.0296478132921,0.95907536235172
56.0551080204387,0.958847131501393
56.0893619366182,0.95853988226361
56.1102508817456,0.958302240651711
56.1244677743001,0.957952104316394
56.1386846668546,0.957600888336401
56.1733373397294,0.956743687784874
56.2721347517696,0.955731388383896
56.2883607287523,0.955693933735881
56.304586705735,0.955655893186503
56.3126991203673,0.955901027428911
56.3208115349996,0.956352706037696
56.3268382926839,0.956686624518019
56.339957397231,0.957412776593338
56.3877841000377,0.960050349531587
56.3975122414375,0.960584981946376
56.4072403828374,0.9611189915385
56.4114869858611,0.961048143708808
56.4157335888848,0.960730186394739
56.4187091063589,0.960510101299124
56.4234408934655,0.960159346272554
56.4376198584264,0.959106745535671
56.5033427188179,0.95419567109823
56.5076163340145,0.95387447699381
56.5098548897833,0.953706142672524
56.5105430072759,0.953712058649964
56.5112311247685,0.953754894503871
56.5121206898926,0.953807677452748
56.5138618748182,0.953911708065715
56.5187375766585,0.954202702448215
56.5365356371958,0.955263360039279
56.5698438925848,0.957241697517377
56.6031521479738,0.959211467523437
56.6094320813884,0.959581896591451
56.6118869925321,0.959616727928579
56.6143419036758,0.9596072668695
56.6167968148195,0.959599206950163
56.621558277424,0.959583301545114
56.6377433653285,0.959529280988003
56.6810753258546,0.959384630684443
56.700197871815,0.959320780595971
56.7106304827758,0.959285942504507
56.7165909436795,0.959104222528896
56.7225514045832,0.958907847838052
56.7312492867412,0.958621500270181
56.7552420359669,0.957830801913591
56.7947862321801,0.956524569161087
56.8072698907952,0.95611142563231
56.8197535494102,0.955999201683104
56.8312588941257,0.956073900441665
56.8427642388412,0.956147478271852
56.8683939251777,0.956311342749705
56.9119995181244,0.956590055334663
56.9203159733051,0.95682844932337
56.9286324284857,0.95709575556623
56.939262218085,0.957436767388441
56.9722676928243,0.958494002273546
57.0054969009651,0.959555943303081
57.0111238997541,0.959735526764451
57.016750898543,0.959640917043622
57.0223778973319,0.959392796823006
57.0280048961209,0.959146529084231
57.039149484903,0.958658165041445
57.0763794445982,0.95702286048941
57.0946775203628,0.956216972008613
57.1129755961273,0.955409648275698
57.1174492031331,0.955389012430553
57.121922810139,0.955430484230234
57.1263964171448,0.955470805091488
57.1368518380615,0.955565193902917
57.1737301539795,0.955898032044017
57.2053090418122,0.956182838712115
57.2144367993905,0.956282856567121
57.2166974677221,0.956394305005801
57.2189581360538,0.956510576676832
57.2220539253045,0.956668893097434
57.2292429263744,0.95703642231929
57.2574263850519,0.958474433551297
57.3015100657223,0.960714665415111
57.30913376197,0.96110097432934
57.3135449992764,0.961324352503167
57.3179562365828,0.961253510016676
57.3223674738892,0.961015835966691
57.3258202377761,0.960831879011855
57.3319478325105,0.960504821372299
57.3522542464199,0.959419333719768
57.3759479295088,0.958149515097709
57.3996416125977,0.956876147507039
57.4089395212937,0.956375474855292
57.4139634076764,0.956104719395524
57.4189872940591,0.956099641439905
57.4225457768654,0.956153786492703
57.4261042596716,0.956206475464806
57.4335828721416,0.956317445084068
57.4590690414246,0.956695451964504
57.5087643982361,0.957431605444064
57.5274850925308,0.957365834446614
57.5404471706189,0.957165306644584
57.553409248707,0.956965561854854
57.5844679214251,0.956486589372205
57.6093921971402,0.956101831553688
57.6343164728553,0.955993959864765
57.6592407485704,0.95601113119242
57.6841650242856,0.9560279482705
57.7076467005735,0.956043774012032
57.7311283768615,0.956616362580624
57.7405904872001,0.956999956590657
57.7500525975387,0.957382002606922
57.7708095981041,0.958219022869735
57.7911016859357,0.959035838541739
57.8113937737674,0.959851191027321
57.8186710875172,0.960102857711778
57.8203192792876,0.960070345945017
57.8219674710581,0.960031498665425
57.8240440461297,0.959983866104048
57.8284254533827,0.959883028431095
57.8441107763783,0.959521909718189
57.9225373913563,0.957737417648703
57.9445838865416,0.95738581877087
57.9666303817268,0.957034590091129
58.0233242989257,0.956210307023854
58.0340586619712,0.956237618888712
58.0447930250167,0.956266449568178
58.0664203820056,0.956324516820736
58.1081421570431,0.956436436796641
58.1498639320805,0.956816513359725
58.1819451798756,0.957182300677111
58.2140264276708,0.957547633613443
58.2297682002348,0.957495945200837
58.2455099727988,0.957297117297931
58.2612517453627,0.957098929389045
58.3018384048872,0.956587556350714
58.3137554262,0.956437289722903
58.3200665060096,0.956357692327941
58.3242193417578,0.956460630810817
58.3283721775061,0.956617511276386
58.3325250132543,0.956773248604201
58.3422994282797,0.95713977916923
58.3778605935877,0.958470841575637
58.4132351580374,0.959791068548981
58.4190849444218,0.960009023627748
58.4249347308061,0.959951667064568
58.4307845171905,0.959744885673195
58.4366343035749,0.959539884807137
58.4483873398034,0.959127520536828
58.4886651033041,0.957711462684666
58.5081316010107,0.95702549556266
58.5189911016107,0.956642374028315
58.5298506022106,0.956532870802771
58.5407101028106,0.956535203347993
58.5515696034106,0.956536768249472
58.5790222727592,0.956540739191755
58.6945477591748,0.957738011281088
58.7245898631913,0.958229627777602
58.7546319672079,0.958683909599905
58.7846740712244,0.959137631007781
58.8235395903932,0.959693721711364
58.824659542742,0.959654037655418
58.8257794950909,0.959606283193528
58.8271466041057,0.959549871173498
58.8298133141395,0.959439272775526
58.8378893000198,0.95910430088619
58.8758980525168,0.957524473229788
58.9113253815792,0.95604698346196
58.9195239448233,0.955704377850557
58.9277225080675,0.95567482614504
58.9334537907493,0.95582842050186
58.9391850734311,0.955979760652103
58.9501326998924,0.956268886332298
58.9839646337275,0.957161344028774
59.0167637282183,0.958024876001865
59.0239606417632,0.958214137378861
59.0249572608159,0.958196031370819
59.0259538798685,0.958167923396256
59.0272276600335,0.958133885719427
59.0297596710827,0.958065680803943
59.0374217845394,0.957859353490148
59.0733255005139,0.956891277416663
59.1077333298777,0.955961590693576
59.1212953255968,0.955594626569879
59.1275944166925,0.955706017641544
59.1338935077882,0.956050675216493
59.1384958884524,0.956300429762046
59.1473475912047,0.956780623538635
59.1764316986124,0.95835492833999
59.2100432213503,0.960167543433728
59.2246316022084,0.960952041435651
59.2263161271608,0.960940945507402
59.2280006521133,0.960886532012283
59.2296851770657,0.960834094720373
59.23268268823,0.960740214441148
59.2413794192226,0.960467869000485
59.2812794156508,0.959216276743569
59.313522425372,0.95820235911118
59.3457654350933,0.957457269474006
59.3790608997521,0.956844422295981
59.4123563644109,0.95623047728579
59.4422468949623,0.956184026286796
59.4542056922809,0.956317295602928
59.4661644895995,0.956449576897694
59.4942007758955,0.956759551214061
59.6077940128565,0.957775183925699
59.6520369277441,0.958434555593488
59.6825683792864,0.959036128256423
59.7130998308287,0.959636559892156
59.7231323548086,0.959833681821724
59.7331648787885,0.959724045410244
59.7414521122296,0.959464050170551
59.7497393456708,0.959205395075447
59.7670190852533,0.95866549530842
59.8319901802106,0.956722461825789
59.839704102962,0.956622930689821
59.8474180257133,0.956524954463088
59.8632907404974,0.956323201060711
59.9180961932894,0.955625776516637
59.9273155074296,0.955508353170846
59.9322824520766,0.955632106640155
59.9372493967235,0.955792607360408
59.9422163413705,0.955952301717867
59.9557773517545,0.956388137386959
60.0084994572611,0.958078658823075
60.0294726857968,0.958673926425152
60.0313938064376,0.958639994056675
60.0333149270785,0.958600474743462
60.0358242259072,0.958549938001963
60.0413599887027,0.958438213874474
60.0627331998106,0.958006617169599
60.0878859575237,0.957498180051552
60.1130387152368,0.956989172395411
60.1227709187568,0.956792072089934
60.1280094405586,0.956685944133115
60.1316626422109,0.956774714168971
60.1353158438632,0.956936352736296
60.1389690455155,0.95709638939145
60.1465085732922,0.9574267659231
60.1721279158755,0.958547627870388
60.2088036598408,0.960147424571365
60.2206814435206,0.960664336451821
60.2266044318987,0.960921882409772
60.2325274202769,0.960911270429463
60.238450408655,0.960699052762108
60.2430010264405,0.960537800862511
60.2518666818696,0.960223190987898
60.2825381037511,0.959133092373903
60.4358952131587,0.955580601673566
60.4383496775141,0.955635341156472
60.4408041418696,0.955694843954722
60.444194230859,0.955776229807818
60.4521780443203,0.955967893870258
60.4835262899757,0.956719717787619
60.6402675182525,0.958797897816804
60.6460008604474,0.958695664938871
60.6517342026422,0.958590955404567
60.6622927089903,0.958398302405545
60.6956809505312,0.957788630991737
60.7262750224893,0.957229255469783
60.7334624232599,0.957177359653309
60.7406498240305,0.957454315496214
60.7458523566701,0.95765633109786
60.7565682932032,0.958071952093885
60.7927172234103,0.959471140681399
60.8225395936978,0.960622239434921
60.8287327345248,0.960860922577829
60.8324194932245,0.960968810885761
60.8333007780708,0.960931319427757
60.8341820629172,0.960885174702793
60.8352796116293,0.960829824906029
60.8374374559613,0.960720319627498
60.8437735314694,0.9603988054947
60.8734092840104,0.958891952284971
60.9318454776739,0.955906044070092
60.9329119756388,0.955908441232335
60.9339784736036,0.955932317200029
60.9350449715685,0.955954407794797
60.937129941106,0.955998211399123
60.9430311835147,0.956122003822568
60.9695542219359,0.956677978117223
61.0108215258301,0.957541678484305
61.027723326077,0.95789495010925
61.0379044730605,0.957856155860879
61.0480856200441,0.957623805070568
61.055703004311,0.957450902787347
61.0735067291689,0.957046459055185
61.0988564867886,0.956469940900493
61.1242062444083,0.955892693396669
61.1475689450763,0.956241958012593
61.1552509917083,0.956537523187657
61.1629330383403,0.956831078565422
61.17801469183,0.957406942855024
61.2288103373634,0.959341254834047
61.2409499418888,0.959375861378302
61.2492880967339,0.959236391630497
61.2576262515789,0.959098348317788
61.2750741586568,0.958809250065027
61.318562085393,0.958087843804211
61.3620500121292,0.957805062661688
61.3916625082276,0.957763563832451
61.421275004326,0.957721696078628
61.4522795838727,0.958065891780015
61.4720609327286,0.958461266508993
61.4918422815844,0.958855649847303
61.5128268152559,0.959273640709813
61.5338113489274,0.959691260534914
61.5381539906959,0.959589690751386
61.5424966324644,0.959405256707561
61.5468392742329,0.959222226073009
61.5561264632624,0.95883030877101
61.5889149397243,0.95744391941453
61.6269420056941,0.955830723939689
61.6328394746007,0.955580024957912
61.6387369435073,0.955600913522466
61.6453574222738,0.955819936890715
61.6519779010403,0.956036757959851
61.664646265511,0.956451491193842
61.7048961063712,0.957766802128089
61.7228918337595,0.958353645800112
61.7331372271055,0.958687413345854
61.7433826204514,0.958743374598063
61.7536280137973,0.958684210445721
61.7638734071433,0.958625885322262
61.7891362869722,0.958481991894523
61.8982274818491,0.957593480500132
61.9713971888645,0.956968245176378
62.0078917332285,0.956720193286492
62.0279388654027,0.956583779042951
62.0479859975769,0.956750385222345
62.062528504136,0.957058360941174
62.0732734567695,0.957285086744837
62.1009447968295,0.957868466568864
62.1328163810616,0.958539492911988
62.1521043236162,0.958771518149785
62.1713922661707,0.958937282922536
62.1906802087252,0.959103241022814
62.211870132901,0.959285496944952
62.2330600570767,0.959467675768141
62.2378323873002,0.959508695551754
62.2396732251449,0.959440425138621
62.2415140629897,0.959355380894246
62.2433549008345,0.959271560799243
62.2471397615871,0.959098829789539
62.2597982380461,0.958520731024596
62.3224166197231,0.955650177801178
62.3314288742553,0.955235537856923
62.3373260515861,0.954964012712572
62.343223228917,0.95504905795867
62.3478678572406,0.955241290501839
62.3525124855643,0.955431337717525
62.3614280530143,0.955796155516698
62.3889068223869,0.956918822818966
62.5263006692498,0.955423152219555
62.532870890338,0.955146540098842
62.5394411114261,0.954872258681145
62.5444522385569,0.954955409065145
62.5494633656876,0.955188718044617
62.5544744928183,0.955419696256762
62.5640478640658,0.955860856009317
62.5931711098264,0.957200395274251
62.6166850351396,0.958279048203119
62.6401989604528,0.959355157193515
62.6455686417172,0.959402915640121
62.6509383229817,0.959338641431233
62.6563080042462,0.959275819558046
62.6680251569268,0.959138504093411
62.7093920215228,0.958653349668956
62.7617377394645,0.958032071132746
62.8140834574063,0.957397806117196
62.8331124730432,0.957167010664455
62.8446467647403,0.957071985831946
62.8523435484468,0.957193382003794
62.8600403321533,0.957316440903739
62.8755037018903,0.957563472877473
62.9289447536775,0.958416077250517
62.9469872776323,0.958620067696483
62.957828518902,0.958485077664946
62.9686697601717,0.958348637893587
62.9911194419548,0.958066021113947
63.0079686102956,0.957853814892978
63.0248177786365,0.95764150539481
63.0435626967048,0.95740519200073
63.0449644970825,0.957501193160127
63.0463662974602,0.957674786849414
63.0477680978379,0.957845281872127
63.0500512338184,0.958123686038741
63.0558280325483,0.958827151455198
63.0801556472893,0.961777822790063
63.1024144174369,0.964461050998872
63.1246731875845,0.967128775877766
63.1440492227325,0.969431091624284
63.1443668687129,0.969436904960968
63.1446845146932,0.969424460924888
63.1452933572212,0.969403147624625
63.1474142083422,0.969328547851241
63.1516206346749,0.969180594427087
63.1677529939498,0.968612717999173
63.2457417190142,0.965883006079705
63.2490545400031,0.96587559506953
63.2523673609921,0.965872466370459
63.2571563286618,0.965867224871388
63.2715615404369,0.965851661733914
63.3393413110047,0.965778390572632
63.432862089235,0.965633962239242
63.4981453992293,0.965653172807407
63.5634287092236,0.965653352606196
63.6287120192179,0.965532439225038
63.753027527316,0.965442795512663
63.8256034486156,0.965479023483889
63.8981793699152,0.965344595415137
63.9707552912147,0.965247188203496
64.0273605921629,0.965329918919262
64.0839658931111,0.965269035000554
64.1717901622915,0.965158196866305
64.2596144314718,0.965253232914732
64.3058666136679,0.965120469002661
64.352118795864,0.965002563139944
64.4137006178151,0.96500849544036
64.4599339746523,0.964996278068929
64.518847229245,0.964925057645246
64.656416930427,0.96487882607607
64.7383675488727,0.964801156928884
64.8203181673185,0.964837093717599
64.9022687857642,0.964773604440514
64.9429381474432,0.964712713186854
64.9701712601882,0.964539401721958
64.9974043729331,0.964334748464001
65.0326230870959,0.964070090189987
65.0935802722538,0.963533393692477
65.1545374574117,0.963026152902221
65.1722054706877,0.963051102840145
65.1898734839637,0.963076856770455
65.2325796552167,0.963139062476945
65.3354862411751,0.963089294556927
65.4383928271335,0.963015869440227
65.5412994130919,0.96307971887282
65.596204326443,0.963010060088685
65.6511092397941,0.962919727231345
65.7336230622847,0.962856291753822
65.8161368847753,0.962851954192681
65.898650707266,0.962852610146184
66.048791211714,0.962787703238833
66.3727789816691,0.962607497303458
66.447526824229,0.962451438136028
66.4980410530972,0.962465543861946
66.5485552819653,0.96249759883922
66.6265062272263,0.962479813189515
66.7044571724872,0.962445750311745
66.8972205361862,0.962351041095516
67.0524807012913,0.962218027616839
67.1570993649118,0.962216698531757
67.2617180285323,0.962180657007729
67.3663366921528,0.962054772357304
67.4638217359529,0.962047482657753
67.561306779753,0.962059733488547
67.658791823553,0.962006598013349
67.8327460967779,0.961831565049413
68.0067003700028,0.961888910142683
68.0630937634517,0.961822267254662
68.1194871569007,0.961746082388821
68.2203121026369,0.961672429984464
68.2987528026452,0.961759652767865
68.3502943133569,0.961679132526857
68.4018358240686,0.96161070851721
68.4755676199515,0.961598978088709
68.5492994158344,0.961583719208748
68.6691210218009,0.961480564205838
68.7889426277674,0.961506523267561
68.8467434909253,0.961442038332477
68.9045443540832,0.961385462591056
68.9852347541419,0.961432557878947
69.0659251542007,0.961325357016884
69.1257310477285,0.961298002010108
69.1855369412564,0.961335752229355
69.2453428347842,0.961290758756707
69.305148728312,0.961235331602597
69.4461135619153,0.961172663422588
69.5870783955186,0.961146385068707
69.715058774177,0.961129218954751
69.7899849323192,0.96117642951976
69.8415738714446,0.961088250564889
69.8931628105699,0.960977476796506
69.9121270453956,0.96095821443109
69.9192403621496,0.961079471150493
69.9263536789037,0.961202493330422
69.940435372818,0.96144577376263
69.992145226887,0.962337966872993
70.0092821668871,0.962633264714416
70.018268871147,0.962788043979707
70.0272555754069,0.96267197443046
70.0362422796668,0.962428578565106
70.0452289839267,0.962186105669627
70.0659695066045,0.961625924463873
70.1058824707154,0.960545969887005
70.1457954348263,0.959463472173069
70.1506803349863,0.959330810430015
70.1526483127306,0.959188669795584
70.154616290475,0.959019666820179
70.1565842682193,0.958851916625849
70.160527215021,0.958515310125868
70.17330140477,0.9574231233432
70.2339003607842,0.952205844579001
70.2477215141108,0.951007404738508
70.2518084605947,0.950722532403294
70.2545642273122,0.950738961933887
70.2573199940296,0.950760177492001
70.2611098954243,0.950788547978297
70.2710768749741,0.950863261404866
70.3100663615406,0.951155513265376
70.3417004884355,0.951392478081956
70.3733346153304,0.952033878383047
70.3970956111405,0.952644158926249
70.4208566069506,0.95325327037651
70.4441170761291,0.953848715056497
70.4673775453076,0.954062977382247
70.490638014486,0.954076598429213
70.5072083058536,0.954086708711141
70.5545114836056,0.954043750215256
70.5595221096257,0.953904869316119
70.5645327356458,0.953763133668978
70.5733506524402,0.953513794876996
70.5981557647824,0.95281186779534
70.6267477890723,0.952001378328135
70.6404660111791,0.951611995178715
70.648082201598,0.951395668103554
70.6523657904693,0.951305437667294
70.6532142189686,0.951351843068083
70.6540626474679,0.951408655233084
70.6550941087937,0.951475223890374
70.6569931708939,0.95159845206364
70.6620878314613,0.95192871277221
70.6835838787221,0.95331951197401
70.7055785256839,0.954738158701467
70.7275731726456,0.956152367969236
70.7518964271883,0.957711187864934
70.7527583953202,0.957701371712066
70.7536203634521,0.957666492982253
70.754482331584,0.957634135622267
70.7560968132179,0.957572634365223
70.7604029143742,0.957408803753447
70.7781158690943,0.956734240427591
70.8151763705863,0.955319600442659
70.8522368720784,0.953900530834109
70.8592195897683,0.95381989237314
70.8662023074582,0.953809323080202
70.8731850251482,0.953797988606765
70.891531408725,0.953768237735526
70.9613480169237,0.953574083276901
70.976363131859,0.953357900641684
70.9913782467942,0.953140715892974
71.0257416307174,0.95264317472565
71.0472611431929,0.952331356801231
71.0687806556683,0.952294945127012
71.0930800840802,0.952433726715259
71.117379512492,0.952571982702915
71.1440542330281,0.952723642000338
71.1707289535643,0.953149530273605
71.1911815478995,0.953650355570313
71.206517751135,0.954025086920452
71.2500398608052,0.955086760922347
71.2654094161103,0.955142998097717
71.2754846747871,0.954999601165992
71.2855599334639,0.954857447915705
71.3070958282076,0.954553465926137
71.335535210575,0.954151655148257
71.3520927908236,0.953917561801932
71.3686503710722,0.953971547021136
71.3852079513208,0.954151877521725
71.4017655315694,0.9543316093523
71.4467741274842,0.954819753651515
71.4821129404208,0.954949122167361
71.5174517533574,0.954958175262497
71.5527905662941,0.954967445949069
71.568409664448,0.954733281865848
71.584028762602,0.954335181733884
71.5961300060713,0.954027063953044
71.6286566851493,0.953197889611777
71.6593212649222,0.952414753576548
71.6624652607306,0.952469935483212
71.6656092565391,0.952572695722356
71.6687532523475,0.952674135087763
71.675544181351,0.952893400629227
71.6985278826771,0.953634784790915
71.7240363808881,0.954456166034794
71.7495448790991,0.955276063894932
71.7597587522628,0.955603943815533
71.7646198165169,0.955514723211162
71.769480880771,0.955328196087033
71.7743419450251,0.955143160748879
71.7846923120201,0.954748755249494
71.8184891906607,0.953458385740294
71.8581957214056,0.951937671308287
71.8698395157995,0.952000742838236
71.8775835722516,0.952217167081749
71.8853276287036,0.952431833943286
71.9008541965487,0.952861917039054
71.9498129839301,0.954215611955232
71.9885115284407,0.955023925902523
72.0272100729512,0.955694951488625
72.0508945733113,0.956105284003853
72.0620042978378,0.956297643140625
72.067454597109,0.9561677607514
72.0729048963803,0.955979160183218
72.0783551956515,0.955791425526065
72.0921918108937,0.955314369338082
72.1431243134665,0.953553888922429
72.1604522011632,0.952953387783471
72.1690774897402,0.952916893354607
72.1777027783173,0.953077465268346
72.1841942249537,0.953197071822103
72.1985990146525,0.953462394231845
72.2505870297815,0.954418837098183
72.2618444679953,0.954625673741204
72.2731019062091,0.954552506445643
72.284359344423,0.954363385254666
72.2956167826368,0.954174926658307
72.3239848697936,0.953699704159861
72.3446115723671,0.953353818669188
72.3652382749406,0.953022926374433
72.3660910090774,0.953056222450789
72.3669437432141,0.953099057012536
72.3680066634614,0.953150108797571
72.3700169371726,0.95324729931834
72.3755823755503,0.953516110260486
72.3999908395099,0.954693141779943
72.4244090143284,0.955867595334761
72.4488271891469,0.957039012926414
72.4572207206738,0.957440980749931
72.4656142522008,0.957776999396899
72.4662463430683,0.957747348257139
72.4668784339357,0.957705188654294
72.4676614299982,0.957655872943104
72.4691821669447,0.95755917379815
72.4733785732274,0.957292471069051
72.4895079926809,0.956265872895303
72.5383178794302,0.953144978530435
72.5515355390523,0.952296117859259
72.5647531986743,0.951445652164118
72.5698308237906,0.951464100896659
72.574908448907,0.951612212056083
72.5799860740233,0.951758270257811
72.5899870604006,0.952045940907896
72.6193852062687,0.952890699879427
72.6432616662069,0.953575603994007
72.667138126145,0.954215537601964
72.6706932967413,0.954181762560755
72.6742484673375,0.954143765667432
72.6794570786388,0.954088719570218
72.6949959764435,0.953924388164008
72.7607720628034,0.953228027355665
72.7813973066448,0.953420053428689
72.8020225504862,0.953795263312137
72.8171418089309,0.954069673507038
72.8596867130556,0.954840884793041
72.8806598884259,0.954951371553825
72.9016330637962,0.954913181352443
72.9181958640846,0.954883402826517
72.9674862478446,0.954794827845411
72.9772381904089,0.954900525488681
72.9869901329733,0.955014685281493
73.0040014767968,0.955213757462726
73.0570486644486,0.95583373320572
73.0655229451996,0.95593270050595
73.0739972259507,0.955763938345887
73.0824715067017,0.955394698179701
73.0888200234596,0.955119133734366
73.1028427422109,0.954509801494177
73.15414170431,0.952273518963273
73.1667421967527,0.951722524383966
73.1707146324797,0.951612957740711
73.1723997750325,0.951699221922477
73.1740849175854,0.951791655724121
73.1762202164616,0.951907453461079
73.1809049834659,0.95216170972036
73.1975760651268,0.953065359526
73.2251473513228,0.954555865482931
73.2527186375189,0.956041482256048
73.2618646875484,0.956533222841763
73.2682583056843,0.956876662325072
73.2726819219816,0.956853139294929
73.2771055382789,0.956635435283095
73.28047716246,0.956471766038736
73.2863033297435,0.956188441447306
73.3046452600243,0.955295256504086
73.3272262056323,0.954193240924153
73.3498071512403,0.953088524580288
73.3623542932185,0.952473514011566
73.368051616068,0.952193976303038
73.3715406798706,0.952069615888676
73.3725078480969,0.952108394484708
73.3734750163232,0.952154746000319
73.3747354540974,0.952213245109749
73.3771974836627,0.95232798656793
73.3843776151783,0.952662353082658
73.4163583466618,0.954148601846546
73.4663134000739,0.95646046047508
73.4726699058729,0.956690323464465
73.4734002951502,0.956659219654958
73.4741306844275,0.956618140906389
73.4750691845566,0.956567847712237
73.4769172534222,0.956468070659142
73.482168001523,0.956184648150941
73.5058410611908,0.954904615572222
73.5285511390262,0.953673230335514
73.5512612168616,0.952438476463311
73.5643799106559,0.951723661004696
73.5694721181489,0.951445888377707
73.5716535412023,0.951326842348308
73.5729705074703,0.951350372356234
73.5742874737382,0.951428669763637
73.5756044400061,0.951504362456591
73.5779164333575,0.951637978816129
73.5838727372058,0.951981895968855
73.6084140271681,0.953396108274774
73.6358695676828,0.954973035637125
73.6633251081975,0.95654448690309
73.6697698352907,0.956912571108587
73.6738887242699,0.957079988581008
73.6780076132491,0.956977229038083
73.681068821362,0.956898310729567
73.6861527964617,0.956767649095835
73.7016342250736,0.956369570686625
73.7717701257438,0.954561693968637
73.7865359794396,0.954345000476861
73.8013018331353,0.954144779075143
73.8234634489893,0.953843973620799
73.8565968939512,0.95339385586361
73.8745300634418,0.953161409125571
73.8806561591927,0.953209831063769
73.8867822549435,0.953260532415547
73.8982059486628,0.953354968983856
73.9317879341167,0.953632248479124
73.9713686206632,0.953958871422117
73.9822229867484,0.954205621998757
73.9930773528337,0.954506022956667
74.0039317189189,0.954805858154736
74.0385801249152,0.955761632843521
74.0677664125028,0.956565191371611
74.073285909529,0.95671699372509
74.0788054065553,0.956591698996602
74.0843249035815,0.9563258971749
74.0898444006077,0.956061812881604
74.1010149436769,0.955526712670316
74.1366964769489,0.953813086576534
74.1668594919963,0.952359412902736
74.1727582542446,0.952074577906481
74.1761106289332,0.95192219550036
74.1767196790038,0.951940353167739
74.1773287290743,0.951971342578849
74.1781103308642,0.952008077945471
74.1796380312915,0.952080714585519
74.1838357251989,0.952280024898022
74.199810952799,0.953037749953204
74.2762617519797,0.956646453565534
74.2797895874697,0.956658963677694
74.2833174229597,0.956620842268393
74.2868452584497,0.956583968859101
74.29463190845,0.956502338807475
74.3221494137215,0.956213702011468
74.3553406878833,0.955865322032328
74.3732517833304,0.955677211856111
74.3911628787775,0.955223214968972
74.4037065152558,0.954853366639056
74.416250151734,0.954483514514075
74.4582933051862,0.953241663536619
74.4725303649026,0.952820349420825
74.4867674246189,0.952672448359522
74.4995739492704,0.95270001519191
74.5123804739219,0.952726705716231
74.5426598719131,0.952789732810906
74.5637893314079,0.952833748367736
74.5752882427366,0.952857693835847
74.5867871540653,0.953149949872944
74.5952926272112,0.953431443919448
74.603798100357,0.953712180017378
74.6275903913789,0.954496560296589
74.6550378959368,0.955399791917524
74.6707871065864,0.955917244449965
74.6790447309199,0.956186096000686
74.6800889887426,0.956172206665816
74.6811332465653,0.956150571424294
74.6824519223047,0.956125132746867
74.6850282155558,0.956074915507437
74.6926866507994,0.955925713764649
74.727681248625,0.95524333923694
74.767231412815,0.95447088469201
74.8067815770049,0.953993478467541
74.8463317411949,0.953643327829807
74.8673116230991,0.953457373856499
74.8772511719586,0.95336923570388
74.8871907208181,0.953557951736382
74.8971302696776,0.953859943390088
74.9070698185371,0.954160900659153
74.9314748422142,0.954898991823059
74.9584799215473,0.955714360070303
74.9715107454168,0.956107273312759
74.9782377898595,0.956309978400288
74.9849648343023,0.95624213311162
74.9903459160424,0.956102316046463
74.9957269977825,0.955963708167493
75.0082169063388,0.955641689536006
75.0515974051496,0.954521360158365
75.0792417150221,0.953805985900438
75.0839783225964,0.953914029187382
75.0887149301708,0.954176923821002
75.0934515377451,0.954437399307109
75.1023554789158,0.954926854323762
75.128975258714,0.956387156737267
75.1742153961062,0.958858180718299
75.1794737848116,0.959144528101144
75.1817269354442,0.959267169187484
75.1830537984976,0.959246840979369
75.184380661551,0.959185373321797
75.1857075246044,0.959126255241423
75.1880142871805,0.959022765886128
75.1941774622393,0.958746328639253
75.2209426785007,0.957543869636329
75.2624341150992,0.955673504098246
75.2804915201906,0.95485709235408
75.2855646517988,0.954802309388197
75.2906377834071,0.954831790225477
75.2957109150154,0.954860032059374
75.30749361076,0.95492575456884
75.3478406615386,0.955150836821625
75.3853355669587,0.955297702989312
75.3906953703824,0.955183923078351
75.396055173806,0.955068169099881
75.4059681730505,0.954854196913268
75.4352628549635,0.95422144219444
75.4595611069608,0.95369591391825
75.4838593589581,0.953211337316423
75.4851509354688,0.953241346999798
75.4864425119794,0.953277773737597
75.4881212450828,0.953323636527964
75.4914812206388,0.95341574826679
75.5020986343767,0.95370666090786
75.5512381612988,0.955050583883337
75.5703166732081,0.955571295138875
75.5799374645449,0.955833648705398
75.5895582558818,0.95582440987834
75.5991790472187,0.955603585938237
75.6062067294355,0.955443347721131
75.6220521306966,0.955081802542841
75.6823354176374,0.953703537368692
75.6890236877138,0.953785740204174
75.6957119577903,0.953954763254306
75.7024002278668,0.954122720885597
75.7185834040752,0.954528913245744
75.776858492919,0.955988706496141
75.7866465599875,0.956208748735327
75.7903765260882,0.95615792972242
75.794106492189,0.956103212593278
75.7997868006364,0.956020331323921
75.8153838870115,0.95579277543885
75.8815746273116,0.954825711951555
75.9043695083584,0.954731224640778
75.9271643894052,0.954696407379715
75.949959270452,0.954661411342754
75.9771300439027,0.954619677661003
76.0043008173535,0.955149455255274
76.0187827558917,0.9556096423701
76.0332646944299,0.95606847146211
76.0671250037007,0.957139419477387
76.0792379890319,0.957521938013913
76.0857494028914,0.957727427209289
76.0902838752051,0.957706951615748
76.0948183475188,0.957614131840266
76.0993528198325,0.9575225200009
76.1097415928195,0.957312376966967
76.1469093035887,0.956559699487239
76.1960987423833,0.955568018527375
76.2452881811778,0.954607301614065
76.266979802019,0.95418297139964
76.2886714228601,0.95378594216479
76.2907556713036,0.953827979345543
76.2928399197471,0.953875214435982
76.2956403006925,0.953937744688491
76.3017911292199,0.954075139896855
76.3247307272548,0.954587245980513
76.352235244415,0.955200481626086
76.3797397615751,0.955812892234724
76.4025789065222,0.955528889667021
76.4100823767233,0.955251710937141
76.4175858469245,0.954976238951128
76.4322102544776,0.954438797771659
76.4793149713162,0.952703173044948
76.5080466018539,0.953462243381075
76.5124097562309,0.953746981208771
76.5167729106078,0.954028256788581
76.5239674105132,0.954492149282156
76.5454504123346,0.955874492136283
76.5708253964215,0.957501835598926
76.5811699821395,0.958163587675464
76.5915145678575,0.958775721657847
76.5922215960234,0.958761873487036
76.5929286241894,0.95873582122866
76.5936356523553,0.958712218972504
76.5950485948547,0.958664092871806
76.5989820341525,0.958530350211223
76.614505909961,0.958002087468306
76.6921252890035,0.955355196935379
76.696389077233,0.95533277409084
76.7006528654625,0.955313961482693
76.7074018673705,0.955283822054274
76.7258671262633,0.955201199741209
76.807223697444,0.954871106678576
76.8885802686247,0.954705074667267
76.9699368398054,0.954693112283008
76.9866653736375,0.954691993773451
76.9971281908151,0.954761998006286
77.0075910079927,0.955116833038943
77.0155414421717,0.95538721053967
77.0343758800746,0.956027066537955
77.0610408455546,0.956931361940209
77.0877058110345,0.957833868541906
77.1090275402019,0.957415255038276
77.1156527062393,0.95709359478985
77.1222778722766,0.956773960333333
77.1345861414712,0.956179404202484
77.1734346833137,0.954297528299489
77.1853475552052,0.953718886808771
77.1972604270967,0.953226048565665
77.1984665611169,0.953246924266394
77.1996726951372,0.953274663721393
77.2012218736349,0.953308680616114
77.2042722579707,0.953376036568163
77.2136216599435,0.953582365197076
77.256316048746,0.95452333619097
77.2910151205084,0.955286661261294
77.3102780075171,0.955505204205414
77.3295408945257,0.955628180440584
77.3488037815344,0.955751471094832
77.3776704346657,0.95593618908876
77.3926707268296,0.956032138668837
77.4076710189935,0.955857083855869
77.4226713111575,0.955566838441772
77.4376716033214,0.955276955033209
77.4787537865409,0.954482113717269
77.4908971453459,0.954246889231152
77.4972702479244,0.954123392199111
77.5013100814503,0.954199068300539
77.5053499149762,0.954316710226465
77.509389748502,0.954433365794976
77.5192848035031,0.954719128098996
77.5552049149174,0.955755032196383
77.5968478891337,0.956953011217258
77.6034985812204,0.956921532203554
77.610149273307,0.956772739616746
77.6167999653936,0.956625186154277
77.6316862360619,0.956294645536215
77.6847957965525,0.955113310088782
77.7167315996278,0.954667277751613
77.7388774718783,0.954508500902465
77.7610233441288,0.954349188161207
77.7820723399768,0.954197679548357
77.796032214597,0.954097183744547
77.8099920892172,0.954370929047639
77.8205059643049,0.954694634252588
77.8310198393926,0.955017285184638
77.8568513950004,0.955809024045945
77.8963371558138,0.957016649579201
77.9094440337471,0.957002049795447
77.9184010263415,0.956827260413318
77.9273580189358,0.956653761288666
77.9464206412424,0.956284252557379
77.9876049442541,0.955484830808728
78.0287892472657,0.955000697377178
78.0644068890852,0.95473116963682
78.1000245309046,0.954461201312233
78.1080937450402,0.954553901411258
78.1161629591757,0.954701179943808
78.1242321733113,0.954847892383906
78.1480313119586,0.95528034777544
78.1776899558514,0.955818725689071
78.1946188750558,0.95612573795145
78.204493149981,0.956243455202987
78.2106708559583,0.956095106376327
78.2168485619356,0.955944221384105
78.2280550862103,0.955670541142813
78.2619159593703,0.954842764094834
78.3026757262851,0.95384429511171
78.3090323012154,0.953905729617674
78.3153888761457,0.954031940819867
78.321745451076,0.954157282318954
78.3382038359954,0.954481714225127
78.399728725031,0.955692554367736
78.413147477941,0.955725448800064
78.426566230851,0.955601889166873
78.4371814894925,0.955504772311816
78.4649613797857,0.955250533450682
78.4931171100549,0.954992682957484
78.5212728403241,0.955008465292922
78.5419436569799,0.955193497917225
78.5574776354714,0.955332051567012
78.6021487545372,0.955730210022047
78.6150012001263,0.955675298751085
78.6278536457154,0.955543991326314
78.6407060913045,0.955413073987142
78.6794592254157,0.955018111457924
78.7407947250995,0.954725570918776
78.7797460940462,0.954714086631066
78.797731563261,0.954708644305657
78.8087426475453,0.954755699087651
78.8163256842038,0.954978232994533
78.8239087208623,0.955202267272744
78.8393879150853,0.955659185081599
78.8910644203478,0.957181109956053
78.9034406608047,0.957544851695686
78.9158169012617,0.957228181828854
78.9219018931539,0.956865569909062
78.9279868850462,0.956505304948043
78.9389067518963,0.955857890421211
78.9719306716473,0.953894169231059
78.9982825371973,0.952321055387087
79.0246344027472,0.952758153740258
79.0289706403214,0.953031070310284
79.0333068778956,0.953299921632406
79.0399870228836,0.953714301179003
79.0605563997597,0.954987833576876
79.0828890749498,0.956366473813394
79.1052217501398,0.957740946554343
79.1096498777895,0.957957809975349
79.1107878880246,0.95792946374004
79.1119258982598,0.957893740462007
79.1133594727033,0.95785049220626
79.1162010441339,0.957764276027626
79.1249477149703,0.95749889467533
79.1659881323165,0.956251631576812
79.1906507778043,0.955500451074956
79.2054929852996,0.955047783434164
79.220335192795,0.954898811394178
79.2351774002903,0.954888503141817
79.2500196077857,0.954877529909165
79.2881743609053,0.954849278573819
79.3043893450034,0.954837288232529
79.3206043291015,0.95509659637996
79.341504564494,0.955622659087394
79.3566967615682,0.95600420353257
79.3996863765229,0.957082093435627
79.4318836533831,0.956780052851367
79.4417111665295,0.956499673842364
79.451538679676,0.956220569392051
79.4718178294446,0.955644072082565
79.4934937153588,0.955027006521897
79.5050803959763,0.954696818713077
79.5118981174373,0.954548696312561
79.5162006866304,0.954655782423824
79.5205032558234,0.954766722689084
79.527197642407,0.954938740046391
79.5465911635368,0.9554367497399
79.5744431770607,0.956151040681337
79.6022951905847,0.956864204432236
79.6285475272646,0.956716276348702
79.6376725999856,0.956492587175581
79.6467976727065,0.95627026167472
79.6658370432344,0.955805996411675
79.6895025381521,0.955228208099327
79.7131680330698,0.954656127960149
79.7149005720284,0.954676476339738
79.716633110987,0.954702241771634
79.7189434717838,0.954735495307444
79.7238856238325,0.95480680459358
79.7418607457557,0.955066082276069
79.776570784269,0.95556630982405
79.8112808227822,0.956065990320567
79.8185247166538,0.955999465990682
79.8257686105253,0.955874068835243
79.8330125043968,0.955749274218618
79.8532645126386,0.955400152157254
79.8823463510165,0.954898311977388
79.9114281893944,0.954395919964458
79.91938318262,0.954444400547852
79.9273381758455,0.954589237869042
79.935293169071,0.954733151102164
79.955069308404,0.955090752537471
80.0304976197664,0.956482924505272
80.1059259311287,0.957980839350116
80.12723264375,0.957876350762599
80.140137630036,0.957611916839213
80.1530426163219,0.957348471133102
80.1812948972761,0.95677119054968
80.2943276525478,0.954927718597567
80.309123871275,0.954712451885171
80.3239200900021,0.954753952228974
80.3387163087293,0.954971941976377
80.3499149417338,0.95513622314905
80.3792158858107,0.955565755720964
80.4050256076556,0.955943795663096
80.4308353295005,0.956053705169254
80.4566450513454,0.955960563413224
80.4750051658449,0.95589468295379
80.5093292413697,0.955771527968951
80.5331247975074,0.95586084943758
80.5569203536451,0.956035554352271
80.5807159097829,0.956209941770615
80.6630425686388,0.956472886196362
80.7026919724065,0.956469331805751
80.7423413761742,0.956359797805934
80.817243751362,0.956024447306403
80.8245060377159,0.955858116540889
80.8317683240698,0.955673206342339
80.8423528092284,0.955403945119644
80.8766864251542,0.954529413376916
80.9076892416992,0.953738250194046
80.9386920582443,0.954604056289462
80.9441690474563,0.954930232578173
80.9496460366684,0.955253619628605
80.959660219736,0.955844505242095
80.9891062517166,0.957577674496481
81.019987346797,0.959310124282312
81.0207450838608,0.959302731170643
81.0215028209247,0.959284647502374
81.0224242611119,0.959265211162818
81.0241863119381,0.959227232547834
81.0290886537503,0.959121771072942
81.0507292390063,0.958655902400904
81.1184208707612,0.957195579737196
81.1587253527462,0.95618705235983
81.1990298347312,0.955173936346814
81.2140318325028,0.954796230293133
81.2290338302743,0.954689666666328
81.2440358280459,0.954769972219212
81.255175055435,0.954828939813396
81.2840737832355,0.954981857204518
81.3056430788875,0.955095978830155
81.3169392124331,0.955155731983694
81.3282353459786,0.955485626181033
81.3395314795241,0.955921949364814
81.3508276130697,0.956357155206011
81.3800746523344,0.957482024443439
81.4057776498867,0.958468316331454
81.4145233660334,0.958803424969549
81.419522436386,0.958994863389069
81.4245215067386,0.958902934083015
81.4295205770912,0.958675290115563
81.4345196474438,0.958449574971692
81.4443332472137,0.958005903818344
81.4762406353174,0.956560313987813
81.5200893368252,0.954566186700208
81.5237332557443,0.954558441346325
81.5273771746635,0.954614774312209
81.5310210935826,0.95466969366843
81.5387926202218,0.9547870308975
81.5649698338519,0.95518210746602
81.6958559020027,0.957066266586912
81.7125359047646,0.957297316073199
81.7206058382106,0.957409027973419
81.7257256693095,0.957305517252497
81.7308455004084,0.957127344863232
81.7359653315073,0.956950226375708
81.7482757632644,0.956523919014373
81.7928124336582,0.954978200698746
81.8078105812433,0.954456479238351
81.8228087288284,0.953982235567186
81.8237614361975,0.954000735443935
81.8247141435666,0.954026821096222
81.8259560407636,0.954058908478777
81.8284030796301,0.954122643916124
81.8356280363267,0.954310662779509
81.8684102141089,0.95516277190078
81.9255921087596,0.956645840571999
81.9827740034102,0.958132183143451
82.0122342820754,0.958896068596467
82.0416945607405,0.958066387022162
82.0472593300971,0.95773019166858
82.0528240994537,0.957396277343981
82.0629504619799,0.956787780803298
82.0938449231873,0.954926148792215
82.119486242521,0.953375234817718
82.1236282479064,0.95312420443207
82.1249821218646,0.953133792555938
82.1263359958228,0.953197953866887
82.127689869781,0.953259651141691
82.1300959213333,0.953370006540804
82.1364475368625,0.953661065859575
82.1632220906195,0.954885914804164
82.1990583281203,0.956520150269713
82.211156647779,0.957070541943505
82.2232549674377,0.957620268623117
82.2262713960826,0.957581388628379
82.2292878247274,0.957469641746165
82.2323042533722,0.957359811483633
82.2379793933875,0.957152733318434
82.2565573670808,0.956474179749389
82.2824111891645,0.955528201698311
82.3082650112481,0.95458023979933
82.3181679778072,0.954216608090848
82.3236565353027,0.954014944998476
82.3291450927981,0.954083960933611
82.333378607092,0.95421475054416
82.3376121213858,0.954344001786558
82.3465948616027,0.954618325871596
82.3760730144727,0.955517487059225
82.4188459488768,0.956818991579748
82.4414997325155,0.957299968418786
82.4641535161541,0.957700934629484
82.4868072997928,0.958101799934505
82.5155109310076,0.95860922159944
82.5442145622225,0.958335803189253
82.5576214186431,0.958023143368591
82.5710282750637,0.957711291646302
82.6013770006779,0.957004569640849
82.6717216432899,0.955286641431264
82.6930862267097,0.954751179203273
82.7144508101294,0.954214985927375
82.7228596009657,0.954003799102081
82.7312683918019,0.954188981262606
82.7385905171159,0.954571857211545
82.7459126424299,0.95495223481783
82.7595099847781,0.955657833879614
82.801707868962,0.957840802016819
82.8141046986751,0.958480120459429
82.8265015283881,0.959075742883311
82.8270673586774,0.959064536378449
82.8276331889666,0.959042262628456
82.8284043148723,0.959014579164872
82.8300308083743,0.958955402095463
82.8348475081543,0.958780316122406
82.8533268182139,0.958107943923914
82.8875592067067,0.956859760706452
82.9217915951995,0.955608140763232
82.9349943015783,0.955456532474769
82.948197007957,0.955468110573691
82.9584134594272,0.955476377943638
82.9846689608232,0.955497617258969
83.1027238254002,0.955511608778524
83.1883349489108,0.955627427426223
83.2739460724215,0.955867167658524
83.3029837590548,0.95596869987466
83.3320214456881,0.956152718969273
83.3389866204217,0.956367689212722
83.3459517951554,0.956584619451709
83.3591969797398,0.956996733872978
83.4018785624697,0.958322074330258
83.4195021858983,0.958868202432642
83.4269869678575,0.959099945798828
83.4344717498167,0.958910125839561
83.4397199196266,0.958657068445228
83.4449680894365,0.958405689984439
83.4557575776139,0.957888236982293
83.4917164349407,0.956159358147758
83.5271134378925,0.954451043066375
83.5341157657056,0.954376592611358
83.5411180935186,0.954504261691832
83.5464293759026,0.95459953186584
83.5576500266278,0.954800866859113
83.5957683668763,0.955484298654032
83.6188773372984,0.955898115104692
83.6345542485836,0.956080069472453
83.6502311598688,0.956013483890242
83.6769163149624,0.955900178700237
83.7653886887848,0.955483074466006
83.7930061485419,0.955331877272396
83.8206236082991,0.955180922387853
83.8337584448099,0.955198746321385
83.8381086408894,0.955399319736864
83.842458836969,0.955603359862977
83.8494134390732,0.95592900602266
83.8686126789486,0.956826660737487
83.8904957341512,0.957847661433611
83.9123787893537,0.958866374810521
83.923388317795,0.959378038256084
83.9293866401613,0.959656566943675
83.9353849625275,0.959640793618405
83.9400953568037,0.959430622751451
83.9436735875574,0.959273206516465
83.9499433694844,0.958996862331436
83.9702303469213,0.958101545587971
83.996664480008,0.956932302916951
84.0230986130946,0.955760042371054
84.0508909610009,0.955408972315462
84.0604272950693,0.955461106562164
84.0699636291376,0.955511866653404
84.0900760157115,0.955618919138404
84.1616667236533,0.956033985944997
84.233257431595,0.95650405415196
84.2579147885784,0.956529557003851
84.2825721455618,0.956550074720012
84.3339134989246,0.956592730216738
84.3432729796353,0.956760475242809
84.3526324603461,0.95695194476801
84.3654007651707,0.957212700841066
84.4082449670499,0.95808658566667
84.4238942103457,0.95840536681156
84.4318452540075,0.958567246521198
84.4397962976693,0.958457149003481
84.4477473413311,0.958153708055918
84.4537892432233,0.957924317404494
84.4670670616918,0.957419661508028
84.5164859961995,0.955536355601848
84.5320562387836,0.954941368023379
84.5410139358171,0.954867220817401
84.5499716328505,0.955019114358377
84.5564157346837,0.955127074571488
84.5705255403983,0.955363445131584
84.6220074633049,0.956224963867803
84.6366013503277,0.956451743706853
84.641513194059,0.956393231727422
84.6464250377902,0.95633166964056
84.6548509414241,0.956226334971474
84.6791078081801,0.955923083371875
84.7291066953896,0.955297336413257
84.752010241322,0.955274687050835
84.7749137872545,0.95539491568413
84.7931940360882,0.955490504522385
84.8244041939263,0.955653632695942
84.8556143517643,0.956110395797193
84.8868245096024,0.956769143919401
84.9089046400792,0.957234288888939
84.9277721372269,0.957631364008748
84.9402382815512,0.957806910119103
84.9527044258754,0.957726388251489
84.9651705701997,0.957645442857293
85.0014539114512,0.9574097723833
85.0299805141832,0.957224408146912
85.0585071169153,0.956704738478187
85.0803278115653,0.956204198321603
85.1021485062154,0.955703437127344
85.1260748680613,0.955153732875439
85.1384580455316,0.954887580417602
85.1409777334165,0.954930632962234
85.1434974213015,0.954978603675309
85.1469500854884,0.95504355254526
85.1549919479112,0.955194820548339
85.1861134116261,0.955779800746961
85.2214049397616,0.956442243332617
85.243978315329,0.956938730957478
85.2665516908964,0.95769814125579
85.2891250664639,0.958456684736427
85.3095804221042,0.959142976633525
85.3300357777446,0.959828230160491
85.3365305281301,0.960045589421836
85.3430252785157,0.959991920407067
85.3516868574041,0.959677072837544
85.3578125300473,0.959455711357052
85.3709856210274,0.958979157501034
85.4203857432167,0.95718754157588
85.4392619653189,0.956501085843645
85.445955313391,0.95637997855107
85.4526486614631,0.956277055115012
85.4625408715899,0.956124492446227
85.4941225007175,0.95563709461737
85.5297561370788,0.955086545693435
85.5653897734401,0.954808142255983
85.6010234098015,0.954641783419796
85.6366570461628,0.954475153728577
85.6408070554208,0.954455733819269
85.6423334520935,0.954527329007876
85.6438598487662,0.95462084078922
85.645386245439,0.954712694371304
85.6484454102921,0.954897247993623
85.657683634081,0.955454034023117
85.6997953886611,0.95798345427132
85.7337869704806,0.960014947222484
85.7389211039183,0.960321002884163
85.7440552373561,0.960359163652256
85.7491893707938,0.960192559843904
85.7531490750037,0.960066190149165
85.7603388336809,0.959836296005667
85.7841623669642,0.959073699629708
85.8300456999249,0.957601377074577
85.8406296993992,0.957261076876448
85.8470463727457,0.957197669163325
85.8534630460922,0.95714612466322
85.8634290888728,0.957065818858896
85.8913862245809,0.956840292024658
86.0311719031213,0.956589203783111
86.0634396634952,0.956363700810401
86.0957074238692,0.955991756554939
86.1209930839666,0.955700322650451
86.1341840024636,0.955548227021917
86.1409577601209,0.955470098940656
86.1477315177783,0.955663067576081
86.1545052754356,0.955984864549983
86.161279033093,0.956305019049854
86.1759381802777,0.956997196519384
86.226959361323,0.959398246046219
86.2704809691447,0.960199951577617
86.2824067584326,0.960217571057771
86.2943325477206,0.960236483138634
86.3196151542686,0.960276518997128
86.3344277666353,0.960299962197152
86.3421282894159,0.960312150447945
86.3498288121966,0.960593998641943
86.355700330948,0.960881110484429
86.3615718496994,0.961167244245063
86.3760225225458,0.961870854213645
86.434451478437,0.964704864481686
86.4421833702303,0.965078585512176
86.4499152620235,0.965154943069637
86.4554905664615,0.965137307303364
86.4610658708995,0.965120751418053
86.4745869990423,0.96508039793185
86.5332773234859,0.964905232013692
86.6035227455957,0.964850311325553
86.6737681677056,0.964824742090779
86.7653434349265,0.964786078197408
86.9269555633699,0.964686942169238
87.1343001338782,0.964549327449697
87.2531145157889,0.96442796987465
87.3245386341023,0.964458556022516
87.3959627524157,0.964399603561436
87.4856906588653,0.964324390758351
87.6037079964808,0.964201539314322
87.6958640122187,0.964174716931791
87.7880200279567,0.964175500289739
87.8801760436946,0.964092904125001
88.0069423973515,0.964008325024975
88.1337087510083,0.964015204954403
88.1953700558995,0.96396831704399
88.2331284627635,0.963920933681038
88.2708868696274,0.963537336791939
88.2967237116697,0.963122369949983
88.3225605537119,0.962707458947393
88.3982465270967,0.962330539673961
88.4327707033106,0.962354394320449
88.4672948795245,0.962368850107287
88.5343449187497,0.962381148994099
88.6456163674447,0.962238160038127
88.7017648416519,0.962252680502092
88.757913315859,0.962266089875938
88.8726289552676,0.962190976710891
88.9734271000299,0.962114774104113
89.0435706886162,0.962189687859173
89.0924635672807,0.962126935755114
89.1413564459452,0.962046398006298
89.2172335827866,0.962057261784359
89.2757564027171,0.962024708572368
89.3342792226475,0.961916758218972
89.3928020425779,0.961925538423408
89.4513248625084,0.961980697888305
89.491944050773,0.961916632044127
89.5325632390377,0.961852301265482
89.614082069358,0.961855427628402
89.6956008996782,0.961815632596743
89.8236912106267,0.961799094297694
89.8974370233892,0.961735923324325
89.9711828361518,0.961658663333515
90.0449286489143,0.961768137710243
90.0916749698196,0.961695995078434
90.1384212907249,0.961593733831354
90.1997314288783,0.96155191688502
90.2610415670316,0.961541616643301
90.3387156869826,0.961548718733704
90.4586098386764,0.961498995593231
90.5785039903703,0.96140977556137
90.6983981420641,0.961390380329796
90.7884072880128,0.961349907638031
90.899037706819,0.961305592308796
91.0096681256252,0.961201051481731
91.1202985444313,0.961210110413859
91.2309289632375,0.961177562252206
91.3415593820437,0.961136600369144
91.4521898008498,0.960930044124429
91.5003883572601,0.960953970128299
91.5485869136705,0.960988917482655
91.6343716531486,0.961080628180839
91.741071036836,0.961035878516972
91.8477704205234,0.960935478380794
91.9544698042108,0.961140591545427
91.9832254237709,0.961237919175361
91.9938006376409,0.961158947663033
92.004375851511,0.961069377053929
92.0223467975863,0.960917239001475
92.0883844507602,0.96035784713348
92.0983929991576,0.9603903641211
92.1084015475549,0.960432153586861
92.1257128274462,0.960504319631659
92.1876771829052,0.960762422783835
92.2193255124358,0.960764684435673
92.2509738419663,0.960760821953861
92.315457001905,0.960756748390367
92.4461153530383,0.960718479827843
92.5767737041715,0.960619472062463
92.7074320553047,0.960578296063482
92.7896796381159,0.960620595518294
92.845545572023,0.960544089585405
92.9014115059301,0.960486054499955
92.9701049543139,0.960507710728912
93.0387984026976,0.960478188927351
93.1450105564204,0.960374716292291
93.2512227101432,0.960407894559657
93.357434863866,0.960334531605909
93.4636470175888,0.960321503805287
93.5384427001434,0.960304078071878
93.6132383826979,0.960269232774845
93.7003122964854,0.960290351170637
93.7608322986782,0.960170734084099
93.821352300871,0.960132262477471
93.8818723030638,0.960181061041133
93.9423923052567,0.960164469449055
94.0029123074495,0.960137196266152
94.1261381967509,0.960090385370605
94.2493640860523,0.959968404012006
94.3447954869536,0.960004293403696
94.4402268878548,0.960046444831042
94.5477172871209,0.959948863582466
94.655207686387,0.959911329496018
94.799994520473,0.959879816132731
94.944781354559,0.959791640057978
94.9865234243996,0.959785587637792
94.99458921121,0.959784434070465
94.9995405558474,0.959639222862385
95.0044919004849,0.959476330142168
95.0114126584251,0.959249164997589
95.0313518203033,0.958593991736536
95.0563936544528,0.95776979906508
95.0814354886023,0.956944117938516
95.0909374875029,0.956630424451716
95.1004394864034,0.956001589057864
95.1070065027614,0.955392252609182
95.1135735191194,0.954784001454631
95.1264609758705,0.953587877165609
95.167249939074,0.949780836203889
95.1928347170366,0.94737626721857
95.1953131989233,0.947142637049653
95.1977916808101,0.947161998581338
95.199673039626,0.947273724425252
95.2015543984419,0.94738146736631
95.2044191618323,0.947546272102633
95.2110378207581,0.947926809526932
95.2354188086121,0.949325644003121
95.2683847529818,0.951210141948359
95.2860376024731,0.95221601998759
95.2942534340988,0.952683401504983
95.3024692657245,0.952852483340401
95.3106850973502,0.952859757155116
95.3189009289759,0.952868421937556
95.3366690782078,0.952887187522274
95.3964796464269,0.952950126785445
95.4019811060585,0.952812943170436
95.4074825656902,0.952656609360978
95.4154827108074,0.952429721639521
95.4393150232116,0.951753147622787
95.4630995515329,0.951076876983272
95.4868840798541,0.950399592537652
95.495571446053,0.950151955981596
95.4998525512681,0.950300131919461
95.5041336564831,0.950604954335975
95.5084147616982,0.950906984839604
95.5161939678198,0.951455492235598
95.5382764157344,0.953009118815696
95.5584737368136,0.954425400451036
95.5786710578928,0.955837268888155
95.5901101625522,0.956634958052943
95.5953787230565,0.957001882671608
95.597698596148,0.957163354609383
95.5990689473527,0.957154924578026
95.6004392985573,0.957097959257743
95.601809649762,0.957043549227833
95.6041506518475,0.956949875472385
95.6102231988316,0.956706961204816
95.6356792606279,0.955687271144117
95.6805923719636,0.953882556119769
95.7255054832994,0.952851282826308
95.7414299310598,0.952663239410896
95.7573543788202,0.952474324385037
95.7962881285256,0.952011983599459
95.8198513727327,0.951603887867939
95.8434146169398,0.951177916890431
95.8803900684369,0.950508713520352
95.8926921195008,0.950285848889923
95.8991695606027,0.950168455234941
95.903339952225,0.95026016461558
95.9075103438472,0.950402371895756
95.9116807354695,0.950543490170963
95.9218555972566,0.950887725303293
95.956906700287,0.952071698807169
95.9905722028218,0.9532059181938
95.9981850413806,0.953462007732878
96.0057978799394,0.953406649475939
96.0141939432604,0.953126995289033
96.0225900065813,0.952848960311053
96.0392784464134,0.952295850890689
96.0926010326521,0.950523716995512
96.0986225573034,0.950323162527164
96.1046440819547,0.950413857552406
96.110665606606,0.950714820881717
96.1153472529657,0.950946790043634
96.1245697590059,0.951403502290547
96.1538675583115,0.952851543018715
96.1812830391669,0.954202321546564
96.1927285413326,0.954765058532615
96.199186309695,0.95508225670672
96.2056440780574,0.95509811207506
96.2121018464199,0.954983236283398
96.2185596147823,0.954869843309759
96.2325953498707,0.954623213932072
96.2798746344615,0.953791282313845
96.3345760765135,0.953088393354617
96.3892775185655,0.952564292102334
96.4304203208548,0.9522465298502
96.48850957628,0.951846920747564
96.5046088956638,0.951775308731606
96.5140815882548,0.951944338871127
96.5235542808458,0.952115088883654
96.5420685819838,0.952448723217038
96.6006374773028,0.953502245019414
96.6533002144664,0.954423844228687
96.6895353932214,0.95505573662782
96.6993538245658,0.955226790546745
96.7039697548523,0.955307191445538
96.7051027903908,0.955270678303538
96.7062358259292,0.955223850292171
96.707645663472,0.955167539888687
96.7103721938604,0.955058109258406
96.7184524030751,0.954733741068326
96.7548445411961,0.953269976332744
96.796806788665,0.951576231669061
96.8037001441379,0.951297380452794
96.8081470482241,0.951313789113754
96.8125939523102,0.95142435047101
96.8170408563964,0.951533315296407
96.8266278187943,0.951768289629901
96.8571187130891,0.952514974522183
96.8843725006131,0.953181312429247
96.9002339317424,0.953568665648269
96.9160953628716,0.953642203340217
96.9319567940009,0.953575223494589
96.9478182251301,0.953508837762709
96.9900019067319,0.95333232107861
97.0333680291786,0.953480088902139
97.0767341516254,0.953823025617936
97.1084613043198,0.954017452061987
97.1173009053405,0.953885264713477
97.1261405063611,0.953751177344824
97.1433771563051,0.953489568195123
97.1989719892994,0.952644991927162
97.2153888220884,0.952865595132583
97.2253870828137,0.953223038634682
97.235385343539,0.95357858654232
97.2556612202145,0.954298695624673
97.2753352130993,0.954996414376048
97.2950092059841,0.955693040619174
97.3024461855374,0.955956094395859
97.3063637313604,0.95609460085126
97.3087997635241,0.956027239522467
97.3112357956878,0.955888278311015
97.3136718278515,0.955751521651642
97.3181116160237,0.955501690615646
97.3316061303125,0.9547414949741
97.3913215919495,0.951362120297111
97.4344732524582,0.950666205640769
97.4411564258712,0.95073422543986
97.4478395992842,0.950800086100058
97.4608460337186,0.950928448622815
97.5042380838057,0.95135647183787
97.5175942523215,0.951663616427133
97.5309504208373,0.952042918779738
97.5443065893531,0.952421529675702
97.5864040257568,0.953612747487711
97.6270926659089,0.954649854926648
97.6677813060611,0.955543532990913
97.7084699462133,0.956435692573097
97.7134276263529,0.956329771312623
97.7183853064925,0.956114609725455
97.723342986632,0.955900965174598
97.7341042095642,0.955436700472366
97.7700213109435,0.953883571491695
97.7929682397938,0.952888509807682
97.8067078519812,0.952291654042668
97.8204474641687,0.952024905616983
97.8341870763561,0.951915747251244
97.8479266885435,0.951805777983845
97.8818111777084,0.951534348485027
97.9109565125735,0.951300803028342
97.9204769396086,0.951355818003221
97.9299973666437,0.951412955851855
97.949372454892,0.951529305039573
98.0117088565056,0.951903159446639
98.0417094299703,0.952192683411709
98.0717100034351,0.952483437306646
98.1015331610849,0.952772346905251
98.1313563187347,0.953839924990041
98.1429212130635,0.954420450251821
98.1544861073922,0.954999176431905
98.1809775507105,0.956322027345047
98.2110862278753,0.957820894667204
98.2146103886472,0.957710182131552
98.2181345494191,0.957477610133867
98.221658710191,0.957247638057523
98.227822363265,0.956844739493581
98.2467432562383,0.955605638112311
98.2703679288926,0.954053747487208
98.2939926015468,0.952496498813959
98.3043900817223,0.951809424928143
98.3108311973694,0.951383263411128
98.3172723130166,0.951328397113064
98.3237134286637,0.951481753409688
98.3286421752019,0.951597282124975
98.338600571915,0.951830708283358
98.3707479559596,0.952583647934104
98.4149503520042,0.953545436640297
98.4195404194032,0.953486688367537
98.4241304868022,0.953424068312959
98.4314534619776,0.95332464508614
98.4544748821816,0.953011924545693
98.4873310769865,0.952565196843227
98.5060476826623,0.952310522667229
98.5247642883381,0.952401697020175
98.5374059233296,0.952642002205822
98.550047558321,0.952881177192541
98.5793904148289,0.953435755973778
98.6027636151545,0.95387707330948
98.613841389737,0.954086079151726
98.6205093299338,0.954058771141135
98.6271772701305,0.954024792118419
98.6383115446986,0.953968360512586
98.6767554809054,0.953773472319736
98.7055605632903,0.953627376960464
98.7343656456752,0.953847997069093
98.7631707280601,0.954251162789077
98.7847925373432,0.954553247930582
98.8180502899342,0.954962406768355
98.8235519507531,0.954892214929358
98.8290536115719,0.954819484348496
98.8393862955879,0.95468303186687
98.8701137154697,0.954277203598544
99.0216186192136,0.952514433427535
99.037998842445,0.952481745908346
99.0543790656764,0.952449870118081
99.0939098396633,0.952373054910265
99.1106532982299,0.952340483199484
99.1273967567964,0.952601566945838
99.1439011450158,0.953042063413973
99.1604055332352,0.953481372042791
99.2012780649853,0.954567370336456
99.2121124201991,0.954854825963678
99.2182760127313,0.95500341277244
99.219776718405,0.954963747616842
99.2212774240788,0.954916980621261
99.2231765664743,0.954859288819337
99.2269931664274,0.954743017626016
99.239437716201,0.954363706559263
99.2979272429783,0.952576710755568
99.3151765561144,0.952048340686911
99.32299422069,0.952105939694341
99.3308118852655,0.952345494476453
99.3370074171421,0.952533958688858
99.3508240391158,0.952953996348043
99.4000355321961,0.954447091275424
99.4186254112546,0.954992819532098
99.4243818685639,0.955010139779486
99.4301383258732,0.955024572099182
99.4404276278309,0.955050540063079
99.4702936372206,0.95512612426692
99.5006406631015,0.955202882870326
99.5165093799286,0.955243017911421
99.5269711964687,0.955098940324771
99.5374330130089,0.954897599922559
99.547894829549,0.954696575515643
99.5811540475597,0.954056912583218
99.7371874412378,0.953199405044811
99.7466249649217,0.953416196162583
99.7560624886055,0.953634564506628
99.7750526460498,0.954073684325467
99.7964719176173,0.954568374089192
99.8178911891848,0.955062542456959
99.8267990960815,0.954919322852663
99.8357070029782,0.954658464178076
99.8446149098749,0.954398453419042
99.8659705247369,0.953774500301698
99.8912639710825,0.953034319178569
99.9165574174282,0.952292932156328
99.9277919457632,0.952275174875211
99.9390264740981,0.952472977204204
99.9473033718798,0.952617666951362
99.9667993446907,0.952958249122084
99.9952966786759,0.953455691610194
100.023794012661,0.953893034863008
100.02836957634,0.953821970440514
100.03294514002,0.953747695788928
100.040771516808,0.953620892401439
100.06263482295,0.953266686043564
100.089342594798,0.952833571711478
100.116050366647,0.952400046365954
100.124593761912,0.952335426056719
100.133137157176,0.952608745268417
100.139164115386,0.952802941725892
100.151964108293,0.953215063123194
100.193949929437,0.954564053065141
100.211210232547,0.955117464638026
100.221010882822,0.955431397636403
100.230811533097,0.955438038067239
100.240612183372,0.955300424612503
100.250412833647,0.955163833530864
100.273288101041,0.954844868948758
100.314229864438,0.954273352536477
100.355171627836,0.95400992439329
100.384594413321,0.95389136034334
100.414017198806,0.953772622178475
100.457443153536,0.953884201285014
100.500869108266,0.954094409576046
100.517793300513,0.954176261843645
100.528810792587,0.954131609614123
100.539828284661,0.953788951480061
100.550845776735,0.953445445424521
100.579719428494,0.952543937522145
100.620222505531,0.951276319427766
100.629016231338,0.951107065873291
100.637809957144,0.951313115266783
100.644650499327,0.95147448352005
100.660218678947,0.951841538829851
100.710435409437,0.953023296089731
100.766763765769,0.954621251758246
100.823092122102,0.956339614320872
100.839320944403,0.95625906145105
100.850272919255,0.956029034568979
100.861224894107,0.955800064644246
100.885707932862,0.955287801886747
100.978827975306,0.953643154633543
101.010577899105,0.953173493987913
101.028898325293,0.952902145386524
101.039573856964,0.952902877227234
101.050249388635,0.952906807198571
101.070842564324,0.952914470377481
101.100953990607,0.952925541686445
101.13106541689,0.952994091198833
101.132398309287,0.953061335575303
101.133731201684,0.953135671223007
101.135443625737,0.953229558226624
101.138846368278,0.953416410471422
101.149553641542,0.954003837085095
101.19885442914,0.956698743734478
101.231914326538,0.958405577848748
101.232552524719,0.958387096425527
101.2331907229,0.958355061901127
101.23397867018,0.958318671280719
101.235508015064,0.958247051746601
101.239733390475,0.95804938092018
101.256046405739,0.957285383584088
101.299332153894,0.955251895796609
101.31615268451,0.954459229931805
101.332973215126,0.953770405187192
101.337034516975,0.953795993842714
101.341095818823,0.953825731399939
101.34732611926,0.95387076708339
101.366496711968,0.954009358601756
101.400355360186,0.954254070993659
101.434214008404,0.954408208912586
101.441668071895,0.954252116933295
101.449122135386,0.954093799732154
101.463251722134,0.953793588588259
101.507174838161,0.952859306226758
101.522380270683,0.952535409514942
101.530487497815,0.952362620821401
101.536052065076,0.952418816533801
101.541616632338,0.952548854160916
101.547181199599,0.952677848908077
101.561345476404,0.953006109579441
101.611503029606,0.954166739546897
101.674370474631,0.954915887166315
101.705928270606,0.95511917215993
101.726736463705,0.955253394435322
101.747544656804,0.954965788506703
101.763981510196,0.954589984719993
101.780418363588,0.954214498291891
101.8238823049,0.953220157277256
101.831873789613,0.953037080322735
101.836572048251,0.953126627460304
101.841270306888,0.953288772422819
101.845968565526,0.953449621484529
101.857020885219,0.953827923227452
101.894859760277,0.955120808982559
101.92044290549,0.955992838383164
101.935558265667,0.956472263351848
101.944945193172,0.956577263887489
101.954332120677,0.956680565744627
101.973330021146,0.956889589550301
102.006993122091,0.957259816925442
102.023556013508,0.957441858960488
102.032011146886,0.957534761269215
102.040466280265,0.957332902802544
102.049736181887,0.956921252598222
102.05900608351,0.956510627218619
102.078731873011,0.955635574472381
102.105564360314,0.954442479445368
102.132396847617,0.953246238409226
102.139907645763,0.953128002355169
102.147418443909,0.95313506997304
102.154929242055,0.953140953159865
102.172357352023,0.953154622257832
102.233461680381,0.953202710166851
102.242431220784,0.953447292903848
102.251400761186,0.953792818026767
102.260370301588,0.95413725457079
102.283299798765,0.955016571553058
102.30605852377,0.955887692669049
102.328817248774,0.956757134963429
102.352453823479,0.956693302409258
102.360752761219,0.95648519765752
102.369051698959,0.956278699497837
102.38596236856,0.955857578542441
102.444385873588,0.954475888361288
102.460589079024,0.954265123592906
102.47679228446,0.954055033651593
102.516892645288,0.95353475240294
102.531776375013,0.953341467949558
102.546660104739,0.95343870227168
102.561543834465,0.953753503338748
102.572351376239,0.953981216282581
102.59979242432,0.954558823975474
102.620446784742,0.954993121698425
102.641101145164,0.9553276121657
102.645659776186,0.955207509349871
102.650218407209,0.955083532317056
102.657553666494,0.954884311521299
102.677617628495,0.954339130519029
102.703556983221,0.953633283698713
102.729496337946,0.952926335944932
102.755716740933,0.953107274720005
102.76492655789,0.953355017624982
102.774136374848,0.953601129565442
102.793448670756,0.954116749702927
102.820909253353,0.954849003257396
102.836067789478,0.955252699226299
102.851226325603,0.955361700361451
102.862975537149,0.955362281381089
102.874724748696,0.955363385576345
102.908788225988,0.955366601488268
102.932441927031,0.955368815486503
102.956095628074,0.955070284474666
102.979749329117,0.954626197017751
103.003403030159,0.954182087707921
103.029056169117,0.953699979968314
103.039524170216,0.953503093559862
103.046186382401,0.953548181169534
103.052848594586,0.953647669954452
103.059510806772,0.953746487379188
103.078618619099,0.954029825110422
103.155215189432,0.955166412127004
103.214159528112,0.956048214192632
103.240506941193,0.956441827578012
103.252291510358,0.956337457072642
103.264076079523,0.956152599331008
103.275860648688,0.955968183754301
103.31017679104,0.955430754158866
103.373833663318,0.954571916805116
103.437490535596,0.953871897835199
103.456297604309,0.954036799683165
103.469114643533,0.954323519965746
103.481931682756,0.954609084154782
103.512085951493,0.955280164180109
103.531986212054,0.955722531392642
103.542672125778,0.955959887933388
103.553358039503,0.955899742738924
103.564043953227,0.955696456814883
103.574729866952,0.955494046562304
103.600343707444,0.955008514549977
103.701536497424,0.952927142711597
103.732320984153,0.952250538807224
103.744141499741,0.951990503348277
103.755962015329,0.952352868920908
103.763514779691,0.952788383151434
103.771067544052,0.953221473371588
103.785728756655,0.954061011744425
103.83143046251,0.95666828135672
103.840721177227,0.957196480684278
103.850011891943,0.95762741694989
103.850849153046,0.957599897623284
103.851686414148,0.957562716707106
103.852752300234,0.957517805616631
103.854843768801,0.957428961831077
103.860887612734,0.957172303461345
103.88849291013,0.955998159356389
103.924755324071,0.954451154752659
103.936430824288,0.953951934137797
103.948106324504,0.953452160698294
103.953362894514,0.953554023994569
103.958619464524,0.953862906164973
103.962744835779,0.954102950742607
103.970374415697,0.954546807605287
103.994554170562,0.955950762430588
104.023964964361,0.957652589980572
104.037107412289,0.958411013789152
104.050249860217,0.959138088688336
104.050657743236,0.959124776745058
104.051065626255,0.959095984559456
104.051698026296,0.959054431188976
104.053264716494,0.958950740088308
104.05769147641,0.95865778369492
104.070409172128,0.957815078339973
104.118757152339,0.954597081313417
104.151387770288,0.952449925331976
104.152004893892,0.952457381854612
104.152622017496,0.952478930421885
104.153404975765,0.952502951420926
104.15492336093,0.952550461549836
104.159073398808,0.952680051332603
104.174730439614,0.953168642423026
104.249242283395,0.955486669436927
104.257055531081,0.955456117956299
104.264868778768,0.955264273658001
104.272682026454,0.955073753011921
104.289531391015,0.95466257455761
104.348143330699,0.95322917086818
104.36198710489,0.953293493800057
104.375830879082,0.953521473769383
104.386730282569,0.953700223886685
104.415338298986,0.954169012815915
104.44128106201,0.954593739095324
104.467223825034,0.955305037625058
104.486983142434,0.956030385579823
104.501928816714,0.956577756480072
104.544535501054,0.958134540743007
104.552164866334,0.958412750481086
104.556955222033,0.958334559427881
104.561745577732,0.958078172078338
104.566535933431,0.957824209993372
104.575424726681,0.957352297758614
104.603126325485,0.955878355678785
104.626351475864,0.954638907356282
104.649576626243,0.953396048620351
104.655262329485,0.953109177657541
104.656073514045,0.953116747108123
104.656884698606,0.953133742489476
104.657943866607,0.953153531819554
104.660017789956,0.953192945178115
104.665934976886,0.953305225432184
104.692349713321,0.953806097807944
104.740999173884,0.954727148798346
104.756446862516,0.95497985974063
104.762555261453,0.954927409597826
104.768663660389,0.954872725139607
104.78047917289,0.954767063066933
104.816982372556,0.954440652243278
104.856221448553,0.954097372667198
104.859045035734,0.954170505428908
104.861868622914,0.954248223417326
104.865931744005,0.954359358918564
104.87594379716,0.954633046388713
104.915324668668,0.955708046952847
104.958444699761,0.956823507293929
104.961285678812,0.956788668903606
104.964126657863,0.95674905681457
104.968182175108,0.956693226573321
104.978375768841,0.956552859175653
105.019498263763,0.955986086943019
105.047845902563,0.955594978223912
105.076193541363,0.955576486799956
105.104541180162,0.955739922461051
105.125858669945,0.955862460599349
105.155940809159,0.956035292226849
105.163962704277,0.95590416364684
105.171984599396,0.955706086119265
105.180006494514,0.955508556092886
105.202782015084,0.954947233466016
105.230582361604,0.954261093547132
105.258382708124,0.953573916106017
105.264068836604,0.953627789038627
105.269754965084,0.953711040471531
105.277082378452,0.953817602325236
105.297501144177,0.95411444699777
105.334388028082,0.954650257587038
105.354727730138,0.954945432550269
105.375067432194,0.954946428803859
105.390756348796,0.954864905595231
105.406445265397,0.954783739710957
105.456093000846,0.954526825501832
105.474177887993,0.954598109516246
105.492262775139,0.954733181615306
105.510347662286,0.95486796670946
105.575335587952,0.955249343789346
105.621557323517,0.95523598273372
105.657944533669,0.955225303309759
105.676042566804,0.955014757736977
105.69414059994,0.954721429825941
105.712238633075,0.954428230222938
105.738818294446,0.953997300145708
105.765397955817,0.953638289586753
105.767339173563,0.953703354555392
105.769280391308,0.953774446884811
105.771832520993,0.953866781292553
105.777270110336,0.954063579321549
105.797298104639,0.954787743191357
105.824876444036,0.955782998497529
105.852454783433,0.956776079127885
105.88098845287,0.956909004195246
105.890107540412,0.956752033009526
105.899226627954,0.956596674146468
105.91784808674,0.956279221063693
105.960486600096,0.955551392955149
105.986968493339,0.955258360910208
106.013450386581,0.954999058117956
106.047675018506,0.954663611227185
106.060775357362,0.954535137606866
106.073875696217,0.954766709772721
106.086976035073,0.955178113483679
106.097053826101,0.9554935840582
106.122755157959,0.956297122239511
106.237563903601,0.956739981681288
106.249786672152,0.956582802472033
106.262009440704,0.956426841141436
106.279924811769,0.956369441587029
106.297840182834,0.95638072882671
106.315755553899,0.956391742466162
106.340119241582,0.956406707460045
106.364482929265,0.956421681190719
106.373246411243,0.956091572158308
106.382009893221,0.955614996779453
106.390773375199,0.95513915163639
106.410551909351,0.954063336766242
106.430589316726,0.952970769952216
106.450626724101,0.951875556797981
106.46027521596,0.951347230533072
106.465615848462,0.951054523695939
106.470956480963,0.951092076532233
106.474883595383,0.951339862510088
106.477739935179,0.951517068049198
106.482333451649,0.95180234653675
106.49526554441,0.952604642801504
106.55005837215,0.955988106121492
106.562001555861,0.956722259599609
106.567115811575,0.957036272318172
106.572230067288,0.957047235958511
106.577634445654,0.956848292324718
106.583038824021,0.956652026460491
106.593012324279,0.956289362954598
106.623151024692,0.955191531169295
106.666090433831,0.953622830698603
106.677529742916,0.953845113627219
106.684628285377,0.954202083466983
106.691726827838,0.954556464848549
106.705024640594,0.955219664945408
106.746013610474,0.957258022555837
106.763060963253,0.958103084643455
106.770116318754,0.958452371595503
106.774606202132,0.958506292762779
106.779096085511,0.958510778415707
106.78358596889,0.958516236006947
106.794982313347,0.958529915365734
106.839222182127,0.958582976883041
106.871860793849,0.958581740086242
106.873398300172,0.958515358296226
106.874935806496,0.958442900688431
106.876945807214,0.958349543177836
106.881223901101,0.95815045403909
106.896380378691,0.957444461516493
106.972162766638,0.953910671364507
106.972836845161,0.953922102023521
106.973510923684,0.953945267029993
106.974384030415,0.95397237348096
106.976098776271,0.954026425829523
106.980896809727,0.954177427342915
107.001714149044,0.954832010327519
107.030421438393,0.955733147054247
107.059128727742,0.956632494326099
107.073730389394,0.957001217680932
107.078271597295,0.956910062359582
107.082812805195,0.956815043286072
107.090120250236,0.956662490515553
107.110628081816,0.956234218646867
107.140843511024,0.95560245007328
107.171058940232,0.954969803369338
107.178316465512,0.955000479532626
107.185573990791,0.95510459162328
107.19283151607,0.955207912460484
107.212399443351,0.955486418692174
107.240829448894,0.95589079045721
107.269259454437,0.956294794608963
107.28033714474,0.956137291546937
107.291414835043,0.955809514912897
107.300183157185,0.955550779624819
107.321892330544,0.95490953611898
107.347035610676,0.954165680716269
107.372178890808,0.953420603597606
107.378033129687,0.953454292823531
107.383887368565,0.953592599310238
107.389741607443,0.95372955467108
107.403332165713,0.954047431797632
107.44966037536,0.95512948814087
107.470571174216,0.955617033713005
107.484346319679,0.956103787270753
107.498121465143,0.956647874373814
107.511896610606,0.957191001060764
107.559033027458,0.959044605201138
107.568912135497,0.959432144185124
107.573455228235,0.95961024997985
107.577998320974,0.959491302995998
107.583842553539,0.959113298685744
107.588293154199,0.958827259822765
107.596828340163,0.958277910007686
107.625572919724,0.956422876648797
107.648426245573,0.954942617501997
107.671279571421,0.953457497723754
107.675636900705,0.953233571237856
107.676738546422,0.953266860026447
107.677840192138,0.953308404711674
107.679230050031,0.953358851422123
107.681908699809,0.953456558909154
107.689802610046,0.953744286291142
107.725264522959,0.955034558641616
107.773876706673,0.956797361370768
107.780122208917,0.956755783632717
107.78636771116,0.956646758543483
107.792613213403,0.956538648297503
107.80865116539,0.956260817340874
107.870437689462,0.955188790988751
107.901726539742,0.954815052078561
107.933015390021,0.954478829943938
107.97208045925,0.954058599001472
107.983410112306,0.954277006029467
107.994739765362,0.95468558570196
108.003375397992,0.954995844640347
108.024347695197,0.955748453159255
108.048022533179,0.956596584788607
108.07169737116,0.957443130174925
108.076846567038,0.957627042443732
108.07890041163,0.957605187805905
108.080954256222,0.957567619510262
108.083430518335,0.95752364211562
108.088525893892,0.957432912202295
108.106921469482,0.957105208646871
108.198899347433,0.955440507310136
108.231984356306,0.954812276563447
108.265069365178,0.954183242238869
108.275007181245,0.953994107205183
108.284944997312,0.954185449983168
108.291769391,0.954504050168934
108.298593784689,0.95482042474317
108.312094490562,0.95544575036394
108.355229343262,0.957438083077338
108.369128216208,0.958078189162988
108.375573295419,0.958374710136159
108.379367895767,0.958517578384995
108.380233608091,0.958484234604919
108.381099320416,0.958440942296174
108.382178890992,0.958389404648612
108.384274142397,0.958288639778047
108.390301193026,0.957998847473645
108.41786646232,0.956671083310584
108.45198634995,0.955022193026333
108.464863252464,0.954398335735669
108.477740154979,0.953773615886957
108.483106516414,0.953850213539012
108.488472877849,0.954200965359751
108.492357412336,0.954452117512447
108.499104003714,0.954888293351885
108.519811681143,0.956224589666868
108.539830794339,0.957512703467188
108.559849907536,0.958797185383873
108.581635033666,0.960116595702552
108.582128020912,0.960102477814158
108.582621008158,0.960073182944984
108.58329331895,0.960036576623179
108.584749792498,0.959956343692364
108.589123688998,0.959715554657966
108.602302049938,0.958989268018537
108.65439472119,0.956106946955536
108.668211017286,0.955339404975572
108.682027313382,0.954572503840601
108.682873552867,0.954578531923681
108.683719792353,0.954595700148129
108.684748360205,0.954613886355893
108.686668237531,0.954648598121894
108.691926221278,0.954743458128339
108.714930744624,0.955158257444891
108.750731068922,0.955803038327278
108.775091616089,0.95624125825505
108.799452163255,0.956227744456541
108.81694564532,0.956085848299575
108.834439127385,0.955944447498284
108.883389127301,0.955546546000727
108.906408420869,0.955238281284075
108.929427714438,0.954929302177655
108.955425087172,0.954580058781042
108.981422459906,0.954230565391349
108.986847466809,0.95435473473624
108.992272473711,0.954570241128346
108.997697480614,0.954784382063227
109.010586349434,0.955292866073349
109.055346263845,0.957054398558811
109.070897393869,0.957664814850578
109.078964931298,0.957981162307454
109.083972790203,0.958106398952985
109.088980649107,0.957914289123121
109.092611835741,0.95777225442749
109.098797848433,0.95753059582269
109.118167398319,0.956773138079138
109.14536095955,0.955707562466346
109.172554520781,0.954639478632266
109.181145269901,0.954301533714497
109.18973601902,0.954267318134317
109.19832676814,0.954396082143941
109.206917517259,0.95452344479808
109.225694937539,0.954801724838705
109.291814969454,0.955726384127717
109.318302010142,0.955934281010851
109.34478905083,0.9561416660578
109.3711086709,0.956347620622665
109.383332728705,0.956443251289911
109.389896609218,0.956272759642072
109.39646048973,0.956017947408317
109.403024370243,0.955763987636351
109.419478924257,0.955126644404774
109.481739634989,0.952706794098972
109.492000386069,0.953058037006167
109.498252279102,0.95349991124364
109.504504172136,0.953938515878835
109.515657410104,0.954720240615556
109.551367795691,0.957214129844116
109.579548120156,0.959172521166184
109.583670903203,0.959458330770312
109.587793686251,0.959440969109441
109.591916469298,0.959255525588676
109.595181594706,0.959111007961736
109.60093287294,0.958855902464801
109.619687905399,0.958023007681925
109.647223372502,0.956797428050974
109.674758839605,0.955568531004311
109.702915953539,0.955208687954162
109.711991745375,0.955290762023956
109.721067537211,0.955371161390332
109.739623220636,0.95553551847561
109.777453329206,0.955870517884686
109.815283437776,0.955908619444226
109.842121580429,0.955872920810908
109.868959723082,0.955837375873404
109.887030948976,0.955812645502402
109.892478464922,0.955662873383246
109.897925980868,0.955509904428131
109.907476611865,0.95524183363009
109.934925084363,0.954470693302381
109.956296553491,0.953869347775761
109.977668022618,0.953267202635045
109.984507129399,0.953074339124069
109.991346236181,0.953174140051596
109.999208384136,0.953499908789476
110.007070532092,0.953823555716767
110.022698708394,0.954466235648315
110.073032368492,0.956530133491706
110.084452518552,0.9569971007465
110.091669383795,0.957067793970623
110.098886249039,0.957005146536244
110.106103114282,0.95694377637265
110.122396224161,0.956805102560603
110.182105873367,0.95629643786635
110.201120672882,0.956325059399546
110.220135472398,0.956442362026451
110.239150271913,0.956559302950991
110.272719543848,0.956765664519449
110.306288815782,0.956654370289165
110.330638489442,0.956377223043865
110.348598727783,0.956173114318296
110.402451939485,0.955611675882149
110.456305151188,0.955204454066208
110.481154299729,0.955016449579855
110.50600344827,0.955129051001434
110.530852596812,0.955383989012979
110.555701745353,0.955638387659689
110.631027990054,0.956112350854747
110.687088382949,0.956278861452268
110.728671432107,0.956564634467644
110.759265363773,0.9567875140615
110.783977577209,0.956967540762304
110.808689790645,0.956843792388274
110.833402004081,0.956595999182822
110.858114217517,0.956348422723878
110.936467029939,0.956053025864196
110.974645164506,0.956083361311763
111.012823299073,0.95615894530458
111.067419830153,0.956322183457011
111.086816591373,0.956380140950929
111.106213352593,0.956106573271812
111.120917342687,0.955803853779915
111.13562133278,0.955501401954354
111.179279919453,0.954602199725837
111.189702773665,0.954387254828543
111.196832557294,0.954438644166414
111.203962340922,0.954593293845447
111.21109212455,0.954746837370682
111.228454195139,0.955120578092284
111.29263844624,0.956499671930324
111.299987677674,0.956799680277674
111.307336909108,0.95710944125973
111.319503343363,0.957621611102901
111.356089916605,0.959158157925543
111.388480051498,0.960514173852626
111.392434510025,0.96067945245214
111.394858516502,0.960630531972259
111.39728252298,0.960520279259837
111.399706529458,0.960411983395678
111.404082197113,0.960216039182991
111.417927653295,0.959595550430578
111.483943525587,0.956625392780823
111.496391196025,0.956144835190285
111.508838866462,0.956018294082498
111.517593048865,0.955930258804887
111.538390996377,0.955721021697337
111.573704275306,0.955365479368393
111.59217404894,0.955179413227021
111.603228600322,0.955238428587359
111.614283151703,0.955334057240367
111.628190704068,0.955454005117223
111.674695749916,0.955854854480761
111.729427463926,0.955855400865295
111.764818060141,0.955673796522664
111.800208656355,0.955590884893222
111.815533240557,0.955803665456279
111.830857824759,0.956017354707394
111.866094421809,0.956508359314597
111.940601497776,0.956955544287713
111.969534205833,0.95697404445902
111.99846691389,0.956937382538306
112.00717637782,0.956746211095729
112.015885841749,0.956553135416308
112.033195511922,0.95616922135657
112.092999508543,0.954840458312211
112.106346077852,0.954986759787318
112.119692647161,0.955332365689325
112.129576891633,0.955587340682912
112.154348662098,0.956225722644679
112.263430538605,0.958690258120291
112.28045181521,0.959039647111023
112.297473091816,0.959388921313478
112.299904913254,0.959321392987976
112.302336734693,0.959209752273275
112.304768556132,0.959099538314704
112.309538144092,0.958883019696321
112.325732941996,0.958147118173803
112.359050887188,0.956629393089684
112.39236883238,0.955106576077356
112.398898869282,0.954864089210987
112.401687212345,0.954917126622129
112.404475555408,0.954975009686805
112.408435327543,0.955056478896322
112.418128308593,0.955255823983049
112.456552587632,0.956045269220988
112.512617518525,0.957102558824332
112.568682449419,0.95786845179915
112.58985293004,0.958157282696116
112.61102341066,0.95800208586396
112.621578529613,0.957750566034425
112.632133648566,0.957500130951112
112.65575178162,0.956939226220751
112.694464980072,0.956018281184896
112.710096908388,0.955981031046689
112.725728836704,0.956086756921377
112.74136076502,0.956191798851146
112.78277198896,0.956469926673803
112.823793006187,0.956297070297579
112.849061575183,0.955987136207403
112.874330144178,0.955677562114474
112.942871455869,0.955840186354014
113.030528940959,0.9564956874998
113.067783769705,0.956499263772077
113.105038598451,0.9564147654964
113.114351380545,0.95621171079636
113.12366416264,0.956007013666271
113.14304777065,0.955580693013032
113.170449661311,0.954977397386342
113.197851551972,0.954373285009737
113.208041473883,0.95449441650109
113.218231395793,0.954867708500194
113.225399294361,0.955128868457587
113.241448275953,0.955713110138401
113.30230297106,0.957915861393397
113.308495310213,0.958019868438472
113.314687649366,0.958121606433888
113.326588884805,0.958317274229646
113.365384968918,0.958954635627636
113.396925315594,0.959472131930077
113.403684701844,0.959540566275563
113.405411380018,0.959461665093573
113.407138058193,0.959376519633687
113.409383047191,0.95926708356073
113.414260668288,0.959028933627039
113.432468316319,0.95813888459653
113.458474238692,0.956864614463477
113.484480161065,0.955586758498411
113.494947523599,0.95507140387163
113.501108856131,0.954767779690604
113.507270188663,0.954784295688572
113.513431521195,0.954958533971026
113.519592853726,0.95513081474153
113.532176676017,0.955482605966498
113.572753739674,0.956615260747012
113.59335608725,0.957189260374934
113.603634949468,0.957475368920287
113.606898404611,0.957422585434801
113.610161859753,0.957343867647263
113.613425314895,0.957266106222474
113.621423400956,0.957075248893772
113.652162662188,0.956340954170005
113.677477057814,0.95573536122586
113.70279145344,0.955128955510181
113.709694085344,0.955162001299252
113.716596717247,0.955297604388931
113.723499349151,0.95543208124324
113.740220393718,0.955757748734042
113.802209416279,0.956963146890079
113.813508986025,0.956971398161519
113.824808555772,0.956866793994796
113.836108125518,0.956762887492948
113.866001608319,0.956487873400854
113.914805381814,0.956120838753132
113.947327181767,0.95612727301742
113.97984898172,0.956134067612507
113.998282917668,0.956137937371869
114.016716853616,0.956424295310039
114.029630688609,0.956808590197961
114.03955360854,0.957102863883004
114.064807372094,0.957850949701844
114.084009777262,0.958418972989681
114.103212182429,0.958986286234349
114.108222773639,0.959116954741147
114.108891873236,0.959090066975161
114.109560972833,0.95905259666824
114.110440261581,0.959005993140798
114.112223943355,0.958910631830329
114.117409026813,0.95863352231737
114.141350127095,0.957351801204345
114.165609315751,0.956049350962268
114.189868504407,0.954743150743802
114.19955567771,0.954220503275539
114.206022061117,0.953871288790548
114.212488444524,0.953972195206148
114.218954827931,0.954292612922172
114.223771418107,0.954529228464641
114.233330804112,0.954998655385932
114.264730675642,0.956537317824417
114.307763937865,0.95863759632636
114.309595118819,0.958629974602051
114.311426299773,0.95859750181032
114.313257480727,0.958566534641113
114.316859960261,0.95850521459072
114.328323595515,0.958310113336582
114.382989087674,0.957378620388045
114.468596274896,0.955617429220353
114.500266076287,0.954915408526796
114.511559896253,0.954728882947019
114.518307809906,0.954862438325764
114.52505572356,0.954998602461177
114.537231797188,0.955244074691649
114.573810277799,0.955980509245946
114.598201225308,0.956470922228754
114.612378815379,0.956673736352772
114.621280339607,0.956539592367491
114.630181863835,0.956403662843554
114.648096511885,0.956130027932093
114.708578857716,0.955205118272987
114.719061697085,0.955231450864999
114.729544536455,0.955318053024776
114.740027375825,0.95540420032607
114.772800405427,0.955673426261411
114.816159130047,0.956135185806062
114.823016017893,0.956365327565072
114.829872905738,0.956597342830405
114.843447377806,0.95705618144699
114.888293899115,0.958568656047262
114.904503530871,0.959114107186097
114.911119534059,0.959336546864808
114.915379164676,0.959311191085405
114.919638795294,0.959232975559252
114.923898425911,0.959155826752555
114.93426919914,0.958967738579834
114.974076754502,0.958245031162806
115.013212014003,0.95753095760659
115.025151050349,0.957174094447235
115.037090086694,0.95681570411393
115.063197311053,0.956031026820091
115.09168058357,0.955173422159445
115.104333602265,0.954791926312381
115.111526412174,0.954574915455132
115.118719222082,0.95467445383948
115.128108762441,0.955040207348264
115.134893859249,0.95530303522322
115.149999414609,0.955887686050966
115.206479579804,0.958067198172258
115.213473830145,0.958336372736095
115.215943959906,0.958306047339173
115.218414089666,0.958229638870717
115.220884219426,0.958154836297084
115.225903282238,0.958002409663776
115.243274494743,0.957474492713885
115.274128939065,0.956535314870671
115.304983383386,0.955594186912575
115.331706099451,0.955701524810418
115.340677727454,0.955928844759417
115.349649355458,0.956154426268018
115.368137828238,0.956618989343713
115.391155456227,0.957196749543759
115.414173084216,0.95777376838782
115.420171327464,0.95772747435744
115.426169570712,0.957585117544824
115.43216781396,0.957443909114468
115.446523056118,0.957105652961503
115.499855763107,0.95584667657987
115.550050011553,0.955770580743518
115.566278652334,0.955935216628983
115.582507293115,0.956098941972205
115.621912779526,0.956470446131593
115.648446831708,0.956561966457226
115.67498088389,0.956653016583674
115.75254967673,0.956894907962847
115.787203342375,0.956988700047233
115.82185700802,0.957008682605999
115.829721921622,0.956826937288732
115.837586835225,0.956642981791479
115.85257964851,0.956292198499353
115.902166095764,0.95513024904535
115.918135926344,0.954755389627226
115.925098644609,0.954891912227601
115.932061362874,0.955149555611052
115.939024081139,0.955405725356631
115.954764904644,0.955984404819379
116.010527939802,0.958028623870846
116.019644438054,0.958361952126316
116.022932385751,0.958352808863151
116.026220333448,0.958321113826533
116.030309804775,0.958282594466877
116.039808882016,0.958193081369157
116.077052118982,0.957841912498276
116.142674304241,0.957182360976181
116.2082964895,0.956439702882792
116.244161585522,0.956435817446386
116.268295145702,0.956603822011146
116.292428705881,0.956771259908987
116.360917642432,0.957294367066754
116.399550855986,0.957611289708305
116.419841869383,0.957777737221559
116.433910606362,0.957716475148686
116.447979343341,0.957577460889824
116.46204808032,0.9574388085176
116.506480473528,0.957000632824189
116.559014657504,0.956826865119041
116.611548841481,0.956843063464636
116.650240124688,0.956286069108073
116.670586709319,0.955811059036482
116.690933293951,0.955336190080911
116.706440650718,0.954973956604485
116.721948007486,0.954611411199599
116.727627533567,0.954530105555949
116.728896645924,0.954604190573318
116.730165758282,0.954686634005726
116.731717631654,0.954785572275436
116.734689957836,0.954975463349599
116.743648951843,0.955547256441963
116.784648144371,0.958154782372372
116.812888361279,0.959942204652526
116.821958962111,0.960514834401252
116.826180001579,0.960781065961102
116.830401041048,0.960762669399189
116.833663782768,0.960555940622504
116.836074173042,0.960406246136453
116.839863305672,0.960170137984596
116.850535922872,0.959504561483095
116.898191330271,0.956520731015416
116.918265518356,0.955257945035508
116.926952617268,0.954710382360711
116.930905988119,0.954747749333405
116.934859358969,0.954908119393143
116.938812729819,0.955066005107938
116.946098921989,0.955357166605743
116.968296780589,0.956243154682454
116.994625456814,0.957291760233023
117.02095413304,0.958337958010172
117.045217785518,0.958254028727633
117.053641147342,0.95803850365585
117.062064509167,0.957824581471104
117.079270478848,0.957387211277081
117.106357257464,0.956697768203206
117.122971210682,0.956274377704994
117.1395851639,0.956230994365314
117.152613052832,0.956373527141392
117.165640941764,0.956515064355241
117.19643299239,0.956849411385087
117.235469020311,0.957217271717681
117.260109437565,0.957231878083199
117.284749854818,0.957245925848236
117.330826321144,0.957267899642153
117.35917670345,0.957136031792736
117.387527085757,0.957003648082647
117.418004917334,0.956861263109955
117.448482748911,0.957154316071575
117.464208883677,0.957476153082768
117.479935018442,0.95779696446181
117.519345810274,0.958599941891465
117.551631725588,0.958343626542482
117.562074732655,0.958065357336295
117.572517739723,0.957788337396513
117.594786872117,0.957197001035055
117.636921415555,0.956170725438795
117.64390751464,0.956153023221478
117.650893613724,0.956137239532251
117.664882152765,0.956105519933254
117.711146865552,0.956000458240503
117.776536694226,0.956376739121642
117.818565975018,0.956801315288199
117.86059525581,0.957222648435839
117.904243105865,0.957658054042323
117.927405691823,0.9578889318641
117.950568277781,0.957822205617082
117.973730863738,0.957606115176411
117.996893449696,0.957390382024126
118.030468543635,0.957077504239295
118.051583139045,0.95670257236618
118.072697734456,0.956261907647111
118.093812329867,0.955821034921371
118.117676783452,0.955322238089884
118.130729246327,0.955049188089738
118.139132448377,0.954976140852566
118.147535650427,0.955221723353753
118.155938852476,0.955468119675586
118.175891858276,0.956052605169155
118.241994739478,0.957989152534504
118.274043228013,0.958958706246864
118.306091716547,0.959926262519362
118.336869229104,0.960853524216584
118.341389342527,0.960742005182844
118.34590945595,0.960533783200158
118.350429569374,0.960327183676984
118.359936265234,0.959892084611484
118.393624564964,0.95834689386892
118.419839284919,0.957140868884303
118.432554562304,0.956554740470173
118.440472616531,0.956254702893994
118.448390670758,0.956254392410769
118.454199344244,0.956255711182403
118.46665335119,0.956258399038873
118.508424219215,0.956267306748145
118.547986951394,0.956342231032368
118.587549683573,0.956648970335704
118.627112415752,0.956954366651802
118.666711350256,0.956943465880673
118.70631028476,0.956777060469154
118.737548709023,0.956645958015058
118.755458770367,0.956383531593331
118.773368831711,0.956074089561983
118.791278893055,0.955764629528355
118.811598587283,0.95541328567197
118.831918281511,0.955061662139359
118.838533857051,0.954947123557804
118.845149432591,0.955131692841291
118.852145046513,0.955532880672482
118.859140660434,0.955931642854491
118.872792297332,0.956708917129192
118.917079372693,0.959221498112644
118.929749532389,0.959937783904687
118.942419692085,0.960608993831169
118.942906084885,0.960595653814954
118.943392477684,0.960568799610298
118.944087836751,0.960533480022223
118.945648404574,0.960453377197205
118.950487137668,0.960205135442245
118.965770929038,0.959420115869775
119.027972169877,0.956211267273912
119.038339084611,0.955674248331898
119.048705999346,0.955432107340724
119.056563844532,0.955443034530684
119.062663493408,0.955450123501498
119.076177009775,0.955465934760602
119.125424467624,0.955523672863618
119.179250802454,0.956199214402732
119.213200011607,0.956814150495779
119.24714922076,0.957412557293792
119.291445482389,0.957995278686934
119.322834484355,0.958407511658351
119.338328042026,0.958610843029719
119.353821599696,0.958524402478612
119.369315157367,0.958209768662469
119.38038127164,0.957985664468698
119.408834801885,0.957408914548155
119.435670056619,0.956864278845428
119.462505311352,0.956614734118303
119.486595318669,0.956560755327001
119.510685325986,0.956506270300631
119.544881121514,0.956428891296883
119.556849112108,0.956540740893745
119.568817102701,0.956684708491999
119.584622380162,0.956874486199065
119.640596832864,0.95754594474822
119.655428860475,0.957434393504996
119.670260888087,0.957093499909394
119.68085749892,0.956850581249991
119.707720038694,0.956234186101113
119.72821910807,0.955763226035722
119.748718177447,0.9553373337747
119.749689972706,0.955370514351523
119.750661767965,0.955412326490552
119.751899173508,0.955463426957885
119.754311531158,0.955563621337915
119.761397815229,0.955857678743479
119.793708419258,0.957196044921532
119.849166521462,0.959471190678948
119.849778678798,0.959458185873238
119.850390836134,0.959433805175199
119.851207941159,0.959404059256769
119.852895545362,0.959341780128303
119.857839958793,0.95915948674784
119.878340476435,0.958402849362788
119.909307332502,0.957257527357655
119.940274188568,0.95610931480488
119.949909048264,0.955788327873086
119.955548644736,0.95581268284759
119.961188241208,0.955840470673482
119.970761100844,0.955887383707362
119.997936850998,0.956020359776564
120.031806501337,0.956186059772968
120.051397235023,0.956305790981405
120.062948071154,0.956563881156587
120.074498907284,0.956823096176123
120.098711813033,0.957365972447422
120.124555349448,0.957944654831036
120.150398885863,0.958522609197161
120.155745647898,0.958449203153086
120.161092409934,0.958345241412365
120.167944281735,0.958212769420251
120.186673023138,0.957850392712728
120.220814323883,0.957189036445921
120.254955624627,0.956614277830751
120.262100279795,0.956687119185016
120.269244934962,0.956762384123125
120.282430532085,0.956901116398513
120.324400783719,0.957342278924562
120.343184389003,0.957539586992892
120.354156359815,0.957616738063767
120.360862222771,0.957461670570233
120.367568085727,0.957303977087712
120.379820844099,0.957015877984598
120.418588321741,0.956103265077954
120.441248054801,0.955568979263097
120.451707611774,0.955322145038704
120.458666549179,0.95536332411067
120.465625486583,0.955515132067388
120.472584423987,0.955665733199858
120.489090817146,0.956022835248758
120.549789340904,0.957333688984792
120.566310371192,0.957479062214023
120.582831401479,0.957523340637257
120.599352431767,0.957568058198035
120.649480418107,0.95770371940391
120.709165569508,0.958022715847417
120.741271190038,0.958203028358744
120.773376810567,0.958052706496696
120.795983174017,0.957745264373392
120.812535423347,0.957520496623632
120.861066452057,0.956900724851598
120.878179901772,0.956837796540096
120.895293351487,0.956775318051896
120.939309168582,0.956614606984285
120.957,0.956549986487024
