0,4104039.62397836,1956116.60325445
6.02035874863461e-06,4241870.57840906,1974353.92822439
1.76652387827503e-05,4485858.64920004,2007216.82614367
2.93101188168659e-05,4702716.65787599,2037238.76004663
4.09549988509816e-05,4895482.11150591,2064754.38975375
5.25998788850972e-05,5066849.4854495,2090037.20101958
6.70038160309501e-05,5252812.40970621,2118556.0027302
8.1407753176803e-05,5413623.74950877,2144355.71225448
9.58116903226558e-05,5552705.86990083,2167725.74919242
0.000110215627468509,5673011.95883273,2188909.07100595
0.000128342045790952,5801686.63729756,2212780.06862824
0.000146468464113395,5908926.8372672,2233872.67187131
0.000164594882435838,5998322.42223481,2252493.63870693
0.000186722530637491,6087619.59643371,2272268.34756173
0.000208850178839144,6159154.53076061,2289190.72542733
0.000230977827040797,6216478.038576,2303637.5325533
0.000258904634014333,6272942.21252154,2318855.23869251
0.000286831440987869,6315657.38770583,2331233.51092527
0.000320575178867011,6353710.46865254,2343106.03222386
0.000354318916746153,6380890.83419784,2352267.9783312
0.000396613071747446,6404343.5387827,2360820.15837323
0.000438907226748738,6419736.08706643,2366922.18473257
0.000494815487471729,6432355.74186811,2372368.32027634
0.000550723748194719,6439586.99731902,2375792.73903699
0.000628943687856647,6444898.45256767,2378553.51498871
0.000724758331018394,6447678.10983481,2380170.1415374
0.000846161046636109,6448897.69014635,2380971.96839949
0.000967563762253825,6449245.16897674,2381233.20698465
0.00108896647787154,6449345.15339383,2381317.41007016
0.00121036919348926,6449374.15788187,2381344.8288667
0.00133177190910697,6449382.62278652,2381354.28944871
0.00148041643114548,6449385.39142825,2381358.72952566
0.00162906095318398,6449385.95561693,2381360.97428218
0.00177770547522249,6449386.0543896,2381362.72522809
0.001926349997261,6449386.05397644,2381364.36604635
0.00210735272367596,6449386.02688459,2381366.33352275
0.00228835545009093,6449385.99420215,2381368.29443499
0.0024693581765059,6449385.96076152,2381370.25443005
0.00265036090292087,6449385.92721751,2381372.21429723
0.00288043322795057,6449385.88456137,2381374.70545877
0.00311050555298027,6449385.84190284,2381377.19661728
0.00334057787800997,6449385.79924421,2381379.68777566
0.00362947893627,6449385.74567789,2381382.815915
0.00391837999453002,6449385.69211158,2381385.94405434
0.00426756221002845,6449385.62736829,2381389.72490107
0.00461674442552687,6449385.562625,2381393.50574781
0.00505612696129661,6449385.48115731,2381398.26325823
0.00549550949706634,6449385.39968962,2381403.02076864
0.00608174317921468,6449385.29099366,2381409.36834193
0.00678715325088217,6449385.16020072,2381417.00632362
0.00767295727956602,6449384.99596021,2381426.5975603
0.00884881940724307,6449384.77793885,2381439.32946442
0.0105536119254644,6449384.46184638,2381457.78847792
0.0134467443827083,6449383.92541898,2381489.11450178
0.0204707700932233,6449382.62306594,2381565.16867497
0.0504784163868196,6449377.05922681,2381890.08302214
0.0941369382627736,6449368.96432358,2382362.80520751
0.108866030198141,6449806.95958439,2355755.60933771
0.118430786240393,6450251.46851798,2326466.7497244
0.127995542282646,6450701.44710624,2297269.4309583
0.148037737909085,6451643.38354564,2236082.21401506
0.192265090938027,6453721.96327686,2101058.32229252
0.20212243662845,6454176.19982869,2076898.66043082
0.211979782318872,6454650.29233252,2075264.99005599
0.219320454683798,6455012.00109976,2074113.26241526
0.236008388576681,6455830.43272447,2071490.63510517
0.280752782322772,6458025.11559446,2064459.12421051
0.325497176068862,6460296.43354185,2055570.32227541
0.380143493390094,6463140.40336527,2042979.00799816
0.434789810711326,6465993.8255927,2037221.4024288
0.489436128032558,6468855.8732031,2035407.6538
0.519152948005193,6470208.99404684,2049169.71589495
0.548869767977827,6471460.89436641,2071238.58459512
0.578586587950462,6472711.36402738,2093290.49405927
0.592613047539439,6473301.65214513,2103698.44536333
0.600979241723982,6473683.30424454,2107493.98488715
0.606332472466785,6474047.59895185,2097888.43189843
0.611685703209589,6474399.22001137,2088104.90801762
0.621039664798592,6475016.16302813,2071027.50462183
0.652284107192668,6477076.28362259,2013982.36781472
0.677047401778846,6478709.07767032,1968770.33487844
0.701810696365025,6480320.13390835,1928259.25237735
0.706863201665545,6480584.21405824,1932096.65718628
0.711915706966065,6480867.65523919,1936175.52319507
0.720122760838578,6481323.86172229,1942769.51408907
0.746840309167059,6482810.17036386,1964242.38873174
0.776889268001955,6484481.77772007,1988392.53546132
0.794466181718202,6485459.57237846,2002518.99015125
0.812043095434449,6486576.16060377,1997022.44198997
0.829620009150696,6487734.03867298,1982168.04101756
0.847196922866942,6488895.19972184,1967358.58406025
0.896870405563538,6492175.57305982,1925495.96073773
0.917146068901961,6493536.04402638,1920212.31100967
0.937421732240384,6494908.20631526,1917186.48881622
0.962774300349283,6496622.71929652,1913388.68311292
1.0664417896748,6503337.01764449,1930835.89967879
1.12418556009157,6507016.78885292,1940231.54873954
1.16334168797707,6509529.71530777,1936422.11791569
1.20249781586256,6512046.98908789,1932580.30860551
1.25935162410727,6515766.72203351,1925904.651278
1.28952241297541,6517740.7045359,1922360.00520781
1.31969320184355,6519503.20678641,1937239.43946518
1.35787794025623,6521606.38670069,1968733.55678982
1.38545340410121,6523124.2930094,1991459.29342765
1.40323948816187,6524149.91078626,2000466.53138552
1.4147251879795,6524915.86701907,1989590.53171947
1.42621088779713,6525682.17312351,1978631.26249261
1.45188675446277,6527391.72609045,1954144.77305158
1.48687795023702,6529721.61537939,1920774.10753781
1.52186914601127,6532023.35820508,1909330.73971455
1.55759164435199,6534373.15825587,1911316.4232091
1.59331414269271,6536720.89142487,1913275.24086414
1.62977600694851,6538986.91705407,1923818.81929776
1.66623787120432,6541225.91693925,1936326.25896196
1.69370187301872,6542912.87737881,1945742.32797698
1.72116587483312,6544727.33103001,1937223.6681954
1.74089960818543,6546057.07914119,1927144.95621327
1.76063334153775,6547383.60818019,1917091.86085618
1.80597862205469,6550429.70718533,1896991.19796479
1.83475286300351,6552359.06831316,1896851.1167971
1.86352710395234,6554289.31699301,1896744.9871164
1.94636198429617,6559594.76810201,1916755.90964663
2.01022316277498,6563499.99152426,1943214.33611554
2.06046643911196,6566409.55551605,1958267.88886632
2.08926213094802,6568079.30046019,1966889.17745793
2.11805782278408,6569930.45117919,1955271.98940275
2.14100230657473,6571481.17198443,1936207.55669024
2.16394679036538,6573027.47037047,1917183.31029329
2.19511266277317,6575132.45637382,1891334.85684115
2.21089247657854,6576111.93220837,1893363.09507824
2.22667229038391,6577068.02422522,1902464.95441418
2.24245210418928,6578023.35857265,1911530.72173441
2.28913615276368,6580849.86407745,1938354.40608997
2.32626054003854,6583067.75271516,1947608.66604517
2.36338492731339,6585270.29922688,1951086.10906188
2.40050931458825,6587465.34242421,1954661.30399973
2.45759357351585,6590667.8196017,1969092.60160407
2.49413090187048,6592707.94603066,1978346.22699939
2.5176332760776,6594094.85312212,1973898.26381362
2.54113565028473,6595507.54245357,1965878.21233568
2.56463802449185,6596914.11805317,1957873.57281573
2.66449738627977,6603206.89954741,1918221.98627209
2.69670347448803,6605291.63556207,1904428.51224684
2.71484911032222,6606394.2743898,1908263.33873211
2.73299474615642,6607488.54479086,1914797.64217135
2.75114038199061,6608584.78598762,1921317.07960975
2.83247772010943,6613394.70202065,1947108.37718188
2.8866842553778,6616489.85354202,1960825.47646321
2.94089079064618,6619644.59408093,1958400.38129529
2.98247659159251,6622092.98156591,1952441.25984782
3.02406239253885,6624414.47626782,1958584.70956769
3.06564819348518,6626664.83335472,1973657.83120003
3.10723399443151,6628972.34971557,1982895.81823207
3.12804780236691,6630193.69735488,1973605.10677409
3.14886161030231,6631435.14481913,1964270.88966891
3.2074924101136,6634862.59575355,1944413.07084221
3.22258500681782,6635694.01071717,1950595.54260969
3.23767760352204,6636505.2481542,1956844.61514863
3.27561360453129,6638562.87112912,1972537.56803796
3.46529360957755,6649268.75585908,1944546.54288964
3.49344040207799,6650982.23743088,1928400.92973264
3.51190123805698,6652009.62268308,1931165.87497236
3.53036207403596,6653001.47385245,1941536.71277795
3.54882291001494,6654003.10970889,1951871.12760208
3.60688097329195,6657146.86157803,1980264.05460057
3.62754091373749,6658254.8866793,1979436.39682939
3.64820085418303,6659385.55013329,1978563.72316413
3.7044671533903,6662426.77594401,1977216.97357744
3.75132633407547,6664858.59134042,1985998.35447675
3.79818551476065,6667289.54415102,1994797.66936276
3.85033347442238,6669993.3374657,1994758.95697628
3.90248143408411,6672701.01455246,1993966.98084107
3.95718635972523,6675630.69807186,1985183.89773786
4.01189128536635,6678559.45512201,1977913.57614158
4.06659621100747,6681505.88389788,1976174.68598059
4.10789348355569,6683664.58404719,1979014.9116568
4.14919075610392,6685650.85682927,1999560.06604426
4.18015941788088,6687114.95290607,2014985.12742483
4.19861018451169,6687994.19011321,2024174.46247362
4.20834322182514,6688570.30639952,2016329.96940086
4.21807625913859,6689152.16081732,2006145.19519852
4.2300108477341,6689862.00152165,1993682.93498194
4.26771247571298,6692112.6256256,1954310.8669561
4.28984249446392,6693433.56619722,1931200.34907192
4.31197251321486,6694667.51501553,1925616.67284907
4.32833387041823,6695574.58160087,1932785.98219576
4.34079028950578,6696253.82898861,1938210.57290627
4.37505724407425,6698122.14850779,1953137.35946883
4.44585123736457,6701949.00760409,1966401.06749734
4.51664523065488,6705733.73424678,1971433.40228404
4.58743922394519,6709408.79928304,1981115.7122845
4.68649920282274,6714375.9114211,1997342.05374846
4.73837590654581,6717030.0974364,1992496.76090545
4.79025261026888,6719736.44190414,1982815.79313875
4.84212931399195,6722588.42523862,1965253.07336719
4.89400601771502,6725503.48896995,1945828.89903806
4.91086968576414,6726324.95816728,1952820.43419444
4.92773335381326,6727089.23930177,1967424.74789767
4.94459702186238,6727869.34150959,1981992.26676878
4.99404884074833,6730131.68819107,2024718.85389747
5.01253779026926,6731098.55657584,2020171.55681103
5.03102673979019,6732115.92934757,2005541.12376947
5.04552751927994,6732910.5239981,1994097.87230036
5.08760454877007,6735216.83842197,1960890.03510555
5.09885050704757,6735833.15356326,1952014.56203076
5.10589336575297,6736141.11609672,1956323.10877116
5.11293622445836,6736449.78081448,1962819.306424
5.12191804317484,6736846.5909442,1971067.8787947
5.14872782370884,6738023.03793173,1995695.57706356
5.28277672637884,6744682.22049857,1977179.11384085
5.3021668986161,6745695.87029674,1964766.64677014
5.30999873685374,6746036.62710359,1969700.1711322
5.31783057509138,6746392.60846229,1974732.41313782
5.33409576325464,6747132.32149848,1985171.91765446
5.40202915887536,6750218.02459122,2027798.51540384
5.41768032886879,6750898.22418153,2030317.35731423
5.43333149886223,6751577.80597926,2032789.55502749
5.47313533809073,6753305.18182882,2039080.01632365
5.53137378513627,6755973.18812862,2031629.38177055
5.57137000997165,6757880.53115584,2016609.60476405
5.59915660194918,6759206.34197512,2006187.33510913
5.61584813642232,6759955.43411889,2009254.95978955
5.63253967089545,6760705.89569042,2012889.74843164
5.66239312413794,6762050.71955971,2019384.23246926
5.70427603476621,6763960.20331772,2026158.06347998
5.72937186712104,6765179.46004321,2017819.91450492
5.75446769947587,6766403.54246783,2009444.058415
5.78987290096358,6768129.723739,1997628.31496087
5.8252781024513,6769744.84417381,2003842.10234951
5.86068330393902,6771285.73816662,2017418.10942883
5.89608850542673,6772859.33315145,2030979.07175386
5.91557341060548,6773803.74594108,2025683.44276574
5.93505831578423,6774765.34411137,2017050.14705031
5.95454322096298,6775717.75711088,2008429.87451744
5.98591354624304,6777259.5137486,1994551.1358438
6.0172838715231,6778653.39550684,1998446.17459163
6.04142167326659,6779686.14622775,2012813.00406833
6.05958016269084,6780449.68632564,2023596.05184344
6.0924593244833,6781831.72856862,2043121.66547977
6.12533848627575,6783236.17592531,2044384.99008157
6.14883157503389,6784282.70836689,2041316.71448852
6.17232466379203,6785297.11580711,2038257.24851694
6.2586454422638,6789549.68280599,1990738.09151489
6.28649013455051,6791003.08101008,1969834.31544402
6.30392936834357,6791858.15719585,1962503.27588647
6.32136860213664,6792609.6011986,1975407.91585926
6.33880783592971,6793363.65324713,1988351.72935114
6.38557538278508,6795386.84951626,2023061.03374179
6.39939720554323,6795984.6418576,2033319.10785269
6.40779989873553,6796400.77536045,2030102.02689364
6.41620259192783,6796810.99558091,2025995.93166966
6.42923132332749,6797443.94710042,2019647.820815
6.47428712647971,6799639.93084986,1997693.39273202
6.54007024053201,6802728.27843653,1993666.95401447
6.58348296216519,6804738.80197977,2002996.27648967
6.62689568379837,6806725.64661049,2007791.6170497
6.71906773642682,6810807.94167736,2019757.91307302
6.79055144002227,6813666.57705326,2052184.14275596
6.81725794255549,6814827.22377959,2048965.99610134
6.84396444508872,6816030.53526286,2037153.05138053
6.87067094762195,6817232.90225589,2025362.97770708
6.95461756825934,6821415.61076088,1975584.20056382
7.07737984570748,6827276.59423032,1994203.86669799
7.11182964287739,6828896.34181036,2003830.50321787
7.14627944004729,6830606.94698651,1989307.16073301
7.18072923721719,6832318.60796313,1974802.06961686
7.22727665451313,6834509.98539991,1976434.32130387
7.25874923859172,6835943.19619511,1987821.3599819
7.2902218226703,6837375.02252466,1999184.87511025
7.33445345331268,6839434.5746467,1998419.65059803
7.37868508395506,6841511.06148421,1992822.58930911
7.42291671459744,6843432.09216719,2001362.86783406
7.45500374558401,6844748.2894518,2017229.69316137
7.48033865092313,6845786.57415229,2029740.55329725
7.53058341773212,6847851.46423312,2039417.19831668
7.5808281845411,6849900.15259125,2039242.85997081
7.62000626304021,6851598.84899519,2030797.53527868
7.65918434153932,6853382.40589421,2014252.44779706
7.69836242003843,6855166.72042329,1997722.02949567
7.70738954543162,6855486.56466117,2003747.81346389
7.71641667082481,6855796.40397754,2012166.36953464
7.72766951558724,6856190.58266004,2022633.48496482
7.76229717921163,6857389.25212735,2054845.91258396
7.78746854301683,6858260.88381437,2078261.71411858
7.80306223809905,6858848.99334174,2088148.91812936
7.81865593318128,6859461.16410828,2078637.12745721
7.83016535438689,6859964.29094188,2071584.80019731
7.85795025877747,6861121.98167681,2054551.54923835
7.89727858810981,6862761.70370176,2030442.44125427
7.91058055571651,6863278.13033161,2031225.51860509
7.92388252332321,6863790.33331612,2034446.98639178
7.94041132922217,6864436.11536122,2038433.04334778
7.99622130773917,6866599.95543972,2051892.00071076
8.03302613433901,6868025.59731699,2052786.48871261
8.06983096093884,6869450.71915269,2052736.45212547
8.13059640913163,6871687.70813865,2061555.55813803
8.19136185732441,6873823.5308329,2079239.57733847
8.23342489604997,6875288.69419319,2082762.55193353
8.27548793477554,6876752.22293522,2083992.87640323
8.32839762349015,6878583.24390389,2084530.33193523
8.3759160214186,6880230.10554287,2084219.28949234
8.40609242932627,6881345.71517311,2079757.30004593
8.43626883723395,6882598.50587978,2058194.50843293
8.45987645144849,6883629.18855388,2041314.58647317
8.48647713335639,6884766.59782285,2022290.97403918
8.50249799455433,6885409.01166265,2014432.76931165
8.51316933571276,6885780.89606561,2022435.45523017
8.5238406768712,6886142.34844287,2030515.54688708
8.5473371686233,6886940.28026448,2048299.95004845
8.58709097076494,6888288.59662274,2078389.36052129
8.62684477290658,6889789.51625985,2074341.07828602
8.65280560515283,6890840.08424561,2060796.63699385
8.67876643739908,6891874.24505262,2047280.60572865
8.72994266886874,6893882.16723953,2038099.76278062
8.7811189003384,6895878.1138785,2041452.00064185
8.817946555243,6897293.5296708,2044169.45203851
8.9119634752031,6900824.40344539,2053079.3452795
9.00598039516319,6904191.00207071,2068634.8526744
9.05806107436535,6906040.17503963,2069319.98667949
9.11014175356751,6907871.53301822,2070843.30246846
9.18353965380065,6910395.48486005,2077994.26980802
9.25693755403379,6912865.94245141,2081678.57458619
9.30627119495993,6914581.66195775,2079272.09732599
9.32481319433167,6915342.33989968,2067467.24572165
9.34335519370342,6916100.7632612,2055621.72290683
9.39218841183914,6918096.40418745,2024426.72677536
9.41463977427493,6918897.69830839,2028762.44741971
9.43709113671071,6919644.09170351,2043345.09737921
9.45456021824739,6920227.21905483,2054666.25588401
9.50808474450483,6922004.96684976,2086190.5554677
9.54446325742562,6923092.50882696,2095437.28703281
9.5808417703464,6924194.30525345,2104667.27552886
9.62946073058833,6925833.03654562,2096314.34960572
9.67807969083026,6927546.8076231,2074332.39267423
9.71211978180792,6928794.21784661,2060065.58903092
9.75456595808064,6930469.34193484,2044821.73173768
9.78642594075269,6931726.99105997,2033377.96285086
9.81828592342474,6932841.67775222,2039689.39724265
9.85014590609679,6933869.83389569,2059435.220229
9.87272481562659,6934597.33539052,2073407.71234393
9.94526139502367,6937171.34524693,2070549.69016714
10.0385699260841,6940613.89595473,2047175.00632721
10.0795388869471,6942119.11598891,2047997.09577134
10.1205078478102,6943570.50924396,2052210.83037197
10.1614768086733,6944986.21741932,2059881.56786441
10.2024457695364,6946410.17097422,2067215.55138438
10.2776898749394,6948956.91869995,2071006.95977801
10.3326982740654,6950711.82035747,2080618.69691169
10.4109719987899,6953173.43517783,2093876.73282991
10.4351641116892,6954026.41413409,2084399.64320785
10.4593562245884,6954877.37781584,2074886.93224849
10.4982274553595,6956243.28980387,2059602.69752212
10.5216249950397,6957049.03440858,2059802.26056981
10.54502253472,6957855.07906934,2060826.10980434
10.5842006495014,6959211.0200944,2062536.47206608
10.6446160704367,6961148.55111927,2075670.0322098
10.705031491372,6963059.23879326,2089687.80996319
10.7268466123569,6963809.49291723,2083281.74241418
10.7486617333417,6964562.86913464,2076833.62272831
10.8045912215557,6966464.3887853,2062772.13029954
10.8239826454396,6967087.44349077,2067501.0822017
10.8433740693234,6967699.57222047,2072269.57276713
10.89424540546,6969307.63172038,2084777.43020386
10.9201257062261,6970174.06440265,2082193.8131999
10.9460060069921,6971055.88779152,2076977.82208512
10.9772517245671,6972105.86793262,2070687.08218836
11.0413113811228,6974178.22712101,2073051.52610691
11.1053710376786,6976195.69675359,2085236.03707646
11.1550421965437,6977644.41792392,2095693.30146777
11.1888622970468,6978625.27728521,2102813.94319137
11.2226823975498,6979796.01491095,2089253.19767474
11.2565024980528,6981045.08998986,2065344.23927074
11.2824981356188,6982006.05339278,2046983.49553569
11.3035537236657,6982734.10203153,2036477.92465657
11.3174674270105,6983181.57819593,2043978.36163063
11.3313811303553,6983608.9140579,2051535.45922395
11.3644870150529,6984628.38652045,2069512.83322131
11.393935127365,6985534.28258768,2085503.75045207
11.414294640187,6986202.59362575,2085678.90316288
11.4346541530091,6986877.48720182,2081086.48247085
11.4550136658311,6987553.39180567,2076510.97290253
11.4922830669074,6988791.41042318,2068134.80362628
11.5180467255435,6989562.13831167,2073156.44946124
11.5438103841796,6990304.93185288,2082920.49454846
11.5695740428156,6991047.01211158,2092671.36060244
11.6050133136586,6992119.88794983,2101911.36760419
11.6260471157882,6992813.2650193,2092213.54223615
11.6470809179178,6993528.01331421,2082474.25829962
11.7001743324659,6995328.93863716,2057974.72800748
11.7180117292263,6995926.05801452,2058195.63950316
11.7358491259866,6996525.84003506,2058466.60385055
11.7797027929337,6998002.93621326,2059130.56319647
11.86005129516,7000547.4815454,2072935.42101046
11.9403997973863,7003066.96196078,2079512.92976485
11.9950642227711,7004793.99284393,2076172.07089588
12.0497286481559,7006592.47671131,2069124.66071373
12.1043930735407,7008378.83870879,2063178.34281285
12.1312973765325,7009208.65775701,2068622.27846907
12.1582016795243,7010032.38424974,2074090.87936952
12.2396848460726,7012437.16610422,2090428.53138696
12.3023139097328,7014191.74217162,2103436.08317523
12.339748172998,7015043.5836249,2121135.33562077
12.3771824362632,7015893.07747426,2138858.75221684
12.3945583311498,7016288.1027588,2147085.62406136
12.4119342260365,7016844.70618628,2136692.92362451
12.4293101209232,7017452.79006368,2117489.66655403
12.4466860158099,7018062.88938352,2098322.95340342
12.4941375985079,7019731.11579653,2045979.21018855
12.5128998789028,7020299.93404911,2045991.457731
12.5316621592978,7020852.00366469,2055743.95302604
12.546524749411,7021287.56799646,2063439.6414067
12.5899820989194,7022559.36468235,2085943.25202771
12.6490494302554,7024116.81268412,2106023.61937452
12.6848218107843,7025040.84299468,2116865.67563898
12.7205941913132,7026154.0956479,2104768.22994785
12.743874346029,7026961.69211515,2085691.74776046
12.7671545007447,7027771.10364674,2066649.84936595
12.7943792647917,7028718.97718246,2044381.1502602
12.8092905468502,7029130.08758502,2047472.97581345
12.8242018289086,7029511.2693979,2060202.38219074
12.839113110967,7029886.94894119,2072885.57962214
12.8772323999841,7030844.97312006,2105311.58209717
12.9056570209562,7031584.07054137,2123121.85522263
12.924812729229,7032130.57293714,2117623.24791954
12.9439684375017,7032674.66374256,2112085.41338879
12.9947150032341,7034113.66758562,2097416.06788926
13.0177103292983,7034709.05038607,2100288.10849747
13.0407056553625,7035285.42759552,2106091.67023205
13.0637009814268,7035878.5894287,2111889.28403885
13.1472656772059,7038140.25032731,2109014.70485201
13.2101459490003,7039913.88665722,2095380.76360624
13.2730262207947,7041690.60847178,2094658.72710854
13.3218543534924,7043024.92271385,2098066.66337887
13.37068248619,7044306.77715615,2106427.11177475
13.4195106188877,7045569.76780319,2113021.31748736
13.4683387515853,7046808.94415407,2116938.70624193
13.5305450154757,7048355.1476645,2121055.26083526
13.5950048965933,7049939.04636347,2124372.44405285
13.6355053236265,7051012.45004411,2117441.08270942
13.6760057506597,7052102.10889211,2109208.38921218
13.7366474548905,7053523.79084637,2120850.23071623
13.7768977200603,7054391.47307574,2139105.67893889
13.7969772074756,7054823.87290016,2148203.49867618
13.8094687969309,7055177.24664999,2143063.83533877
13.8219603863861,7055542.85459862,2134272.81133515
13.8344519758413,7055910.39192751,2125503.77959776
13.8738814737408,7057070.93556373,2097823.05487197
13.89772635879,7057772.40377018,2081082.92787709
13.9102834454272,7058063.80378336,2085203.1633548
13.9228405320644,7058343.49051087,2092381.01374704
13.9353976187016,7058640.46987665,2099542.68136687
13.9749296994018,7059544.84839997,2122084.77991801
14.0618508801936,7061468.87722515,2142145.66207924
14.0983513022362,7062262.09522004,2145503.65889479
14.1348517242787,7063114.03525214,2140593.68851587
14.1622411978103,7063755.17445951,2136595.27003251
14.2241091664161,7065243.84324502,2127210.94792167
14.2973188376194,7067081.94404014,2115444.5942598
14.3407559984303,7068132.53572208,2117950.9656885
14.3841931592412,7069181.81161463,2121108.38168706
14.4635541045431,7070970.7898719,2133550.76759663
14.4939102027379,7071639.63449453,2138951.54026213
14.5138695352873,7072190.68349941,2131076.20875187
14.5338288678367,7072775.37164717,2118017.30018532
14.5537882003861,7073361.03806265,2104977.01533803
14.5878615478063,7074361.7903894,2082715.1361851
14.6219348952265,7075314.13507181,2078485.42160231
14.6569423799145,7076268.92704421,2084579.43163611
14.6919498646024,7077226.69655652,2090653.01495471
14.7422133541106,7078355.02816709,2113259.21829389
14.7924768436189,7079430.71426091,2138559.57924542
14.815774388524,7080054.8518787,2133271.71003865
14.8390719334291,7080706.97159521,2119641.10611263
14.8623694783342,7081360.47436007,2106035.97207997
14.8994809981455,7082402.77161208,2084363.67375536
14.9116268272874,7082721.40865675,2085364.05733306
14.9237726564292,7083043.51911711,2086808.91217229
14.9462654501957,7083645.70094145,2089477.61385631
15.0378857040316,7085997.39154946,2102417.2706573
15.0651139968318,7086679.75223193,2107147.20315386
15.0923422896321,7087353.49745966,2111873.17059383
15.1020364843308,7087464.70366834,2119190.69341132
15.1117306790295,7087402.02288504,2148616.95197965
15.1188699678427,7087268.89072778,2170338.46206355
15.1335376934214,7087074.16129043,2214980.60238765
15.1895033007904,7086324.48486092,2385309.1553925
15.197195363344,7086221.50147694,2408719.595246
15.2048874258977,7086214.78441313,2413407.08982052
15.214689980132,7086192.75419413,2404586.00392435
15.2244925343664,7086177.28140602,2395869.23049488
15.2443665500725,7086150.68540597,2378192.08102622
15.2770567500579,7086103.19775834,2349112.64679444
15.2949365821928,7086077.38117666,2333207.95475546
15.3128164143277,7085936.15547272,2336210.21185127
15.3306962464626,7085770.3869207,2346967.08985279
15.3485760785976,7085602.88561488,2357693.04336862
15.4004343935592,7085125.42910568,2388136.41620339
15.4069744471989,7085152.90551447,2382083.38615232
15.4135145008385,7085174.33472947,2375861.08537222
15.425219597361,7085207.46541021,2364738.64379067
15.4623841702266,7085322.52660484,2329429.49179901
15.4904623122617,7085409.03174672,2302752.6045734
15.5185404542967,7085467.2769693,2294982.94683596
15.5466185963318,7085528.11283408,2297160.68209137
15.5688403438647,7085575.1575824,2298864.63165677
15.6421888461428,7086113.29649239,2271056.37327569
15.6763705908729,7086489.21367825,2246480.35602807
15.6926488940536,7086668.78360303,2234788.14322204
15.7089271972343,7086675.64618486,2241307.34581421
15.7213277912826,7086603.24888565,2258145.93910809
15.7308382783053,7086544.90112829,2271007.5748901
15.754789426566,7086395.10669737,2303401.90542712
15.781521256545,7086229.30708888,2339557.91842864
15.796200268799,7086138.17982543,2359411.85614834
15.8108792810529,7086117.47286167,2360635.23955495
15.8222538873625,7086101.09812248,2356288.39402275
15.8336284936721,7086086.92268695,2351976.06446382
15.8664137013714,7086048.20764758,2339544.7932016
15.8929163705764,7086016.19354738,2329495.09943551
15.9194190397814,7085857.82652403,2338228.62588769
15.9404108556051,7085634.39651862,2350686.05575335
15.9614026714287,7085444.67052447,2363140.60693764
16.0002391051716,7085094.14832714,2386011.72352597
16.0123960347078,7085010.08220737,2384509.02692248
16.024552964244,7084922.50836428,2382930.98414521
16.0514246155475,7084724.80813587,2379444.86698684
16.1616453392617,7083744.27869417,2386012.74210222
16.1983772210981,7083373.84142908,2393718.08422784
16.2351091029345,7082793.23549614,2409192.79893036
16.2635996749864,7082335.02648631,2421492.94455097
16.3298347070175,7081107.53378552,2449392.21319576
16.3762746433454,7080093.82447647,2468341.3938404
16.4053821083658,7079489.62277588,2476100.38027906
16.4344895733863,7079010.10784937,2465469.42681071
16.456057309321,7078653.67805654,2457570.88932698
16.4864889311072,7078149.49914428,2446425.13469762
16.5169205528934,7077454.28594711,2453974.07618878
16.5409391594523,7076801.92857615,2471960.55640682
16.5589996203284,7076310.12063872,2485458.94390541
16.6137874173143,7074604.73088764,2528766.6705145
16.6685752143002,7072376.31047079,2579223.33239011
16.6941862999655,7071313.82751745,2602794.85269909
16.7197973856308,7070295.42763189,2606605.46535865
16.7381276582043,7069564.07487766,2605050.98193907
16.7564579307777,7068833.71691672,2603512.70851883
16.822439173124,7066231.81446376,2598170.48144702
16.9222684720875,7062314.96672921,2596306.65095826
16.982383555144,7059827.56510941,2607057.15371278
17.0424986382005,7057439.31253877,2604207.07169469
17.1026137212571,7055086.99413886,2596054.25409157
17.1627288043136,7052726.27384729,2596721.68368076
17.2089101461322,7050930.81933027,2596460.69177685
17.2779210110911,7048302.49112965,2591088.17604212
17.3469318760501,7045950.99066225,2572034.41440586
17.3917054961394,7044505.64068894,2555454.74951874
17.4182181988688,7043530.24996852,2559653.03722069
17.4447309015982,7042511.56722767,2570388.59976542
17.4712436043276,7041492.03073514,2581107.34236406
17.5645940595739,7037966.61153455,2588986.64890424
17.6384548749039,7035108.46680865,2592360.03135953
17.712315690234,7032194.87572962,2600025.93469765
17.8289072659825,7027837.97701288,2585668.10162062
17.8854948578382,7025866.54560005,2573539.64519076
17.9420824496938,7023737.86897393,2580286.05202095
17.985718884344,7022059.13651876,2590569.38324301
18.0293553189942,7020409.02869011,2592352.81317925
18.0894083948901,7018151.49692948,2589040.00244707
18.149461470786,7015925.76659918,2586738.7578918
18.2591108829711,7011810.26504715,2588527.80485932
18.3687602951562,7007459.29995969,2603243.18629943
18.3906310586368,7006565.59966635,2607144.68820394
18.4125018221175,7005972.33878772,2590756.94032697
18.4343725855981,7005568.04594019,2558729.14428191
18.4497238030128,7005285.90755489,2536283.42348721
18.4929153293482,7004494.66670079,2473132.70210378
18.5123433440934,7004073.5167314,2465902.80432536
18.5317713588387,7003642.46913229,2471220.2609944
18.5464418039904,7003315.72488288,2475201.8611152
18.5883279844399,7002380.4774252,2486569.35343073
18.620474265664,7001812.54996761,2480043.36999529
18.6526205468881,7001321.74270859,2464655.82836469
18.6847668281122,7000830.35874265,2449286.14976357
18.7267138642244,7000012.22579454,2453677.93065676
18.7686609003365,6999100.59543237,2472213.38031235
18.7986479660772,6998449.89411109,2485449.05273831
18.8105127942272,6998266.60711138,2481559.16587765
18.8223776223772,6998088.98074861,2476378.82673075
18.8404168487738,6997808.32072249,2468507.42913428
18.8965828179551,6996950.0103372,2444012.5481821
18.9118401259627,6996607.39374972,2449263.17679433
18.9270974339704,6996245.52228444,2458122.37071435
18.942354741978,6995882.62277355,2466964.18528552
18.9975411375297,6994568.68917394,2498945.52440327
19.0956414399527,6991459.85452099,2551335.40960917
19.1205215779171,6990678.57440148,2553281.48421962
19.1454017158815,6989893.28127406,2552740.73770326
19.1766814797287,6988906.54850919,2552069.59216032
19.2286793886983,6986981.48709983,2569212.93506032
19.2806772976678,6984835.48817675,2601378.39935673
19.3029826356933,6983934.23767937,2612333.71246634
19.3180047086881,6983401.86548222,2607175.15818222
19.3330267816829,6982866.12875708,2601961.22238807
19.3699637393384,6981545.60929237,2589139.71507867
19.3969579390247,6980581.51068267,2579770.89439567
19.413611543772,6979876.78687664,2585065.85020398
19.4302651485194,6979156.5667647,2592964.04953831
19.4509553363347,6978260.93419599,2602762.48700515
19.4855968306972,6976760.64545633,2619167.39967902
19.5202383250597,6975436.53658885,2615777.37573446
19.5548798194222,6974219.93459871,2598047.52140146
19.5796308494149,6973351.70030038,2585399.75730218
19.6274084936651,6971602.07752113,2579240.70189198
19.6751861379153,6969809.38561564,2586822.16731432
19.7096607100385,6968534.65226873,2589667.26681337
19.7441352821618,6967302.02533285,2585708.68601245
19.8111559885765,6964913.42686357,2579201.49007356
19.8978508468705,6961832.29485479,2578498.35580292
19.9845457051646,6958927.25614394,2567623.0390932
20.0463926412936,6956791.00869824,2569761.46760307
20.1082395774226,6954654.17192117,2573498.51067307
20.1738224906367,6952505.62074313,2564959.98145067
20.2394054038509,6950452.94031146,2555589.861727
20.3483974823974,6947274.03037478,2538213.18801493
20.4096463487544,6945500.86255237,2534254.73227831
20.4337888256773,6944640.15024906,2546322.10743686
20.4579313026002,6943781.04368279,2558420.67641586
20.4907643820156,6942614.06695525,2574875.72970507
20.5235974614309,6941590.88476381,2571036.59738379
20.5564305408463,6940612.49890934,2559090.8303861
20.5892636202616,6939635.02991883,2547161.80890585
20.6373863223007,6938091.44542056,2550027.33598066
20.6855090243398,6936522.05289704,2558826.94249654
20.733631726379,6934960.75404962,2561123.5486687
20.7957410384668,6932946.79568598,2560427.33066263
20.8381459696795,6931714.52260373,2551554.43982524
20.8805509008921,6930499.57796192,2541718.70634769
20.9528428301825,6928199.54283163,2550869.9013461
21.004842454583,6926532.40143766,2560861.11568665
21.0207068451146,6926133.46305699,2553407.43932805
21.0365712356461,6925732.35376355,2545902.01388635
21.0763510859573,6924723.83024692,2527081.43527291
21.0981703403375,6924171.27938827,2516759.24681832
21.1116041633279,6923741.12474899,2521030.40805363
21.1250379863183,6923306.36510152,2527109.42242852
21.1435092225808,6922707.54819581,2535453.13990832
21.1903871891743,6921187.01502329,2556628.2839745
21.2209228056902,6920259.46049433,2557503.22203318
21.251458422206,6919351.36940253,2552315.80935944
21.2819940387219,6918444.06338593,2547142.01194003
21.3439618594315,6916480.58187414,2551643.78189255
21.4059296801411,6914502.54102315,2559410.08613708
21.4288062628546,6913882.85713176,2551973.446331
21.4516828455681,6913260.71731384,2544501.74773216
21.4960442500916,6912052.58925574,2530011.39681151
21.5230043627019,6911261.98946498,2532043.35319336
21.5499644753121,6910466.59065929,2536006.57730868
21.5865798777329,6909385.9068279,2541382.38499218
21.6665538855306,6906824.46699125,2555980.29496337
21.7465278933282,6904348.58812972,2554804.30719048
21.8015279078851,6902709.14851583,2545736.25799103
21.856527922442,6901269.75952017,2532910.92131705
21.9115279369989,6899784.18200167,2525497.69154667
21.954018909622,6898510.30650016,2535670.17775796
21.9965098822451,6897237.13732503,2545855.67993193
22.0737905442085,6894718.99260807,2559479.97223116
22.1510712061719,6892477.77947004,2546492.75465313
22.2283518681354,6890362.18536448,2530306.17350218
22.2818083211965,6888889.56337118,2531687.63660884
22.3352647742576,6887142.48681742,2548870.60983125
22.4014137315314,6884816.56565095,2579478.19136609
22.4192945788864,6884232.35922874,2577041.5829819
22.4371754262414,6883644.41669736,2574545.44835629
22.4798732472582,6882237.61217157,2568583.14416698
22.5722011082873,6879206.66754414,2565235.01358807
22.6645289693163,6876320.05708845,2556551.74877566
22.7568568303453,6873261.81611157,2565816.66569673
22.8327439250856,6870691.32067446,2573325.22482132
22.9086310198258,6868180.92038687,2567029.69118778
22.9646035385337,6866309.41353883,2568482.37914817
23.0205760572415,6864514.93794899,2564899.53058452
23.064881036603,6863193.94713237,2555121.16214911
23.1091860159645,6861833.0266911,2549674.10996752
23.153490995326,6860328.18140711,2560913.26071772
23.1977959746874,6858824.08371194,2572165.91983204
23.2341844645851,6857590.66391933,2572825.4524263
23.2705729544827,6856356.57026546,2572903.88383159
23.3415858160364,6854147.05745145,2560743.5318444
23.41259867759,6852058.44242111,2544531.60401001
23.4781353453957,6850064.04092447,2549954.47002293
23.5436720132013,6848086.63955106,2550614.83266707
23.6536134210211,6844787.03845849,2549436.41442114
23.8011875953111,6840092.17364357,2565162.4624264
23.8217216130818,6839493.99274147,2561007.55514383
23.8422556308525,6838893.55872536,2556813.05770829
23.8979466013898,6837263.13657608,2545435.4873605
23.9636061728675,6835391.1571343,2541958.05905264
24.0292657443453,6833437.46043193,2545248.20797715
24.0802307625608,6831843.40556323,2554073.02867536
24.1311957807762,6830268.05594616,2556627.19428627
24.1907732311243,6828430.61470412,2554911.04953034
24.2503506814723,6826824.20597045,2540866.71669447
24.2949199987939,6825652.19702733,2528642.39518519
24.327929715145,6824673.72488183,2533727.97119559
24.360939431496,6823680.31394552,2541458.6269467
24.4014439628757,6822465.22783242,2550498.51653512
24.429208957444,6821663.63522487,2548449.49834741
24.4569739520124,6820862.67927028,2546375.80800067
24.541192732883,6818341.76319388,2548497.32988452
24.6254115137536,6815803.70536252,2551991.53425234
24.7096302946242,6813474.86795495,2536592.94633484
24.7938490754949,6811534.06810216,2509804.15623974
24.8584826871676,6810182.8203787,2499166.18507611
24.9073855699099,6809149.39318816,2494395.69656711
24.9562884526523,6807990.24638467,2503623.09229588
24.9935884350503,6807106.80530509,2510673.35677785
25.0282354007625,6806315.28538342,2510297.32438344
25.0628823664747,6805527.25568881,2508310.20638011
25.0793438868277,6805153.00465479,2507367.63031577
25.0958054071807,6804778.75968845,2506425.16312625
25.1009614892032,6804773.66160978,2501289.87263539
25.1061175712257,6805005.28495962,2473325.90781089
25.1097604831952,6805219.16604216,2453452.41778175
25.1151221335248,6805492.47307766,2424180.10279791
25.1315662779759,6806335.01089107,2334406.57479879
25.1586613023453,6807722.68641196,2186485.92253717
25.1857563267147,6809110.43665116,2038565.38962393
25.1943278350003,6809549.45809929,1991770.75189497
25.1988937586736,6809783.31624584,1966843.89480624
25.2034596823469,6809942.88235347,1961896.01605828
25.2068444555316,6810098.93348926,1963790.41087752
25.2102292287162,6810257.21513922,1965546.27917642
25.2167171510842,6810549.52620146,1968941.74294771
25.2396666877558,6811585.80897553,1980947.17573526
25.2901928259975,6813866.7724619,2007378.69824273
25.3184988799561,6815216.80560152,2006387.04292465
25.3468049339147,6816600.4962586,1996831.60577505
25.3751109878732,6817982.06446282,1987298.02123625
25.4690461301951,6822726.21075777,1964172.52897061
25.562981272517,6827538.07652155,1953650.0908974
25.7275729062314,6836418.51080254,1917438.09544342
25.7809675433841,6839527.66465386,1893169.5747099
25.8343621805367,6842548.07279408,1891899.2011666
25.8835557394651,6845288.3758705,1902611.07408739
25.9327492983935,6847931.65947393,1914946.96771677
25.981225158883,6850484.2859537,1927927.2347463
26.0297010193724,6853185.29251397,1919738.42053533
26.0709350180048,6855537.9423546,1901246.8935719
26.1121690166373,6857918.40267266,1884861.00034903
26.1534030152697,6860391.45807243,1873506.56544489
26.1935888136237,6862793.68868561,1862443.26773847
26.2198396244267,6864293.69070057,1866505.13923034
26.2460904352297,6865771.64004257,1874318.36449187
26.2723412460327,6867262.42208489,1882115.71514562
26.3368972072046,6871001.42805949,1881679.39713174
26.4014531683764,6874798.03787632,1866397.43107618
26.4469363846132,6877471.20785548,1864564.63605957
26.482479280921,6879560.26913067,1863743.36177324
26.5523935304497,6883641.62234551,1865685.0756796
26.6453081468318,6889065.47349306,1865039.59412467
26.738222763214,6894515.30574839,1859597.59351514
26.8311373795961,6899927.55523078,1859875.13615209
26.9029479392734,6904067.61576811,1866581.0055087
26.91963341073,6905100.74065929,1859322.4935374
26.9363188821867,6906132.67026999,1852012.17086993
26.9788471384313,6908761.05445364,1833383.58470439
27.004941792411,6910374.26237454,1821953.26145595
27.0212383495267,6911322.25383252,1825877.9353927
27.0375349066424,6912260.73492235,1832493.50374796
27.0576936572998,6913432.61787544,1840655.6181966
27.092011487204,6915417.92278251,1854555.24033601
27.1155488710436,6916940.73963537,1842974.08785845
27.1320043436387,6918067.85773119,1823696.7830529
27.1484598162339,6919197.8272179,1804468.73898318
27.190993459224,6922120.31376611,1754764.35165979
27.2252979595659,6923987.77464956,1787985.22421418
27.2364940314402,6924531.93707124,1812005.16836747
27.2476901033144,6925070.59846388,1835936.35591501
27.2720372127323,6926239.65334355,1887985.96422279
27.289474170591,6927077.81076183,1925262.64464195
27.2985509588953,6927514.05291917,1944666.95567116
27.3076277471997,6928039.89014573,1944022.95036485
27.3167045355041,6928556.49694997,1935396.0444844
27.3257813238084,6929077.6240033,1926835.56846985
27.3478746444627,6930347.69682624,1905991.08965899
27.3951084907342,6933061.09354969,1861427.61127572
27.4171044781995,6934278.66890617,1859023.89747418
27.4391004656649,6935495.16067939,1863544.70836559
27.4610964531303,6936710.20023319,1868042.44184321
27.5331332372913,6940715.45185793,1872859.67168247
27.5843008850852,6943577.61685335,1867935.77115912
27.635468532879,6946461.58946975,1863746.98910738
27.794246526511,6955431.4796543,1856433.90110034
27.8605535881345,6959059.26585286,1866786.97307507
27.9053356928765,6961517.26399798,1872798.85733465
27.9501177976185,6964013.66245438,1865859.85413482
27.9834845838376,6965877.69187,1860673.21304016
28.0620070028973,6970229.69459952,1859956.17193471
28.1405294219571,6974523.24445307,1865356.13944847
28.2190518410169,6978782.64737666,1870145.09205652
28.2975742600766,6983085.27123884,1862362.53304056
28.3442258328649,6985570.24387011,1868253.65945657
28.3908774056532,6988051.46474349,1874749.5654773
28.4444029976261,6990947.04596853,1870623.98512289
28.497928589599,6993853.44178999,1864079.64215603
28.566162802193,6997511.01895435,1865664.73617848
28.6157507448651,7000151.67655606,1867941.14460268
28.6825754941178,7003675.05908479,1873599.27645087
28.8366857236488,7011713.35613685,1878492.13983255
28.9907959531798,7019609.93379691,1886198.85907425
29.0844282355938,7024276.01430272,1895737.32756943
29.1342798496215,7026858.63879933,1885360.3519086
29.1841314636493,7029492.12613097,1867780.36874462
29.233983077677,7031918.73998497,1881890.87730252
29.2838346917047,7034261.99310915,1910986.10656753
29.3188379448067,7035958.78926256,1915659.8613056
29.3462330509237,7037307.8110539,1908554.35939431
29.3679475395187,7038378.37137761,1902944.5784391
29.439435517037,7042001.98948143,1883747.63017575
29.4874944658613,7044489.80046993,1870441.64678754
29.518797456498,7045967.96256281,1879120.5522757
29.5501004471346,7047395.56292667,1899559.01194053
29.5741473893142,7048483.5367125,1915241.08826022
29.605353668696,7049958.28840385,1929634.04876166
29.6249244343284,7050898.54868953,1920443.45847544
29.6444951999607,7051871.18618427,1911198.30744071
29.6941711286056,7054336.9232349,1887734.66032546
29.7861652159754,7059199.5472633,1851676.44203695
29.8210877960859,7060870.74948197,1863636.76439665
29.8447807887663,7061938.138155,1883291.98067813
29.8684737814467,7063003.66239048,1902912.14172908
29.9019049386528,7064521.77228246,1927570.9271162
29.9104209290036,7064976.89591757,1921090.82168098
29.9189369193544,7065422.54648335,1914465.36357936
29.9349868916285,7066258.01186441,1901992.45487365
29.9965316373759,7069470.8797897,1854162.5418464
30.009268081756,7070050.7200015,1858523.45391653
30.0220045261361,7070620.08592295,1868511.67332648
30.0347409705162,7071187.45956348,1878467.10034009
30.0728919476937,7072885.20409412,1908291.28229727
30.1012436107272,7074161.30830506,1929058.60247256
30.1105610987619,7074605.7974547,1925864.15517415
30.1198785867967,7075051.90437034,1922560.98661266
30.1391253751042,7075969.49144421,1915748.13480874
30.2184596750817,7079705.53981986,1894673.24665412
30.2749049618927,7082418.95401615,1896176.91332969
30.3313502487036,7085083.76299979,1896971.22478992
30.4727973352034,7091780.75063172,1891852.17132725
30.5405056200786,7095117.64271913,1876989.86417105
30.6082139049538,7098471.00642308,1863509.19437407
30.6262728153959,7099258.33076578,1875510.30751415
30.644331725838,7100049.05745559,1887572.70457389
30.687330079047,7101935.3377845,1916289.79303336
30.7180244069715,7103345.47689574,1918822.86084457
30.7487187348959,7104782.20967887,1908473.900045
30.7716053653938,7105854.68266212,1900779.5941682
30.8465337827721,7109310.77357047,1895380.32669021
30.9286387476544,7113075.87899098,1900032.39421776
31.0107437125367,7116815.59719456,1900599.71748967
31.1016160587561,7120873.31760635,1908694.68014784
31.1162809975585,7121592.92030453,1901842.43933418
31.1309459363608,7122309.31575285,1894932.78042046
31.1670293002659,7124068.72330666,1877935.65112989
31.2025515739199,7125781.38580515,1863085.33537437
31.2163982887724,7126427.00199961,1866802.24337869
31.2302450036249,7127063.84437143,1870582.64332671
31.2637959916968,7128610.38893553,1879737.73873885
31.3629290809952,7133157.0742362,1890552.64592224
31.4620621702936,7137681.8454716,1890847.00243776
31.5611952595919,7142180.68397409,1891648.66001002
31.6517907939195,7146194.25891264,1900036.52328275
31.742386328247,7150202.71189412,1901013.6895127
31.8075240730228,7153132.12299257,1890999.82503023
31.8726618177985,7156093.51941731,1885858.60583411
31.9377995625742,7158965.53841679,1892237.97462901
32.00293730735,7161790.16683329,1905091.24400257
32.0210208114867,7162644.26943793,1897287.57948599
32.0391043156234,7163495.10094211,1889424.50984901
32.082598444789,7165537.58343984,1870515.62530934
32.1367662887317,7167871.02312805,1883979.03046158
32.1726980877454,7169362.88158814,1904675.92888012
32.2086298867591,7170856.68968628,1920300.56504453
32.2369758233759,7172032.49159,1919875.12509742
32.2653217599928,7173207.63560098,1919438.47777852
32.380718842288,7178081.81562497,1907662.74271986
32.4961159245832,7183156.46887315,1885480.72732256
32.5455713944257,7185315.74536036,1887107.78586992
32.5950268642681,7187465.18822589,1890046.74360005
32.6210775900795,7188495.14037993,1901244.6044015
32.6471283158909,7189490.58938072,1914793.89367607
32.6808094634112,7190796.66853102,1932301.23004441
32.6984640750837,7191476.43400035,1941477.9402303
32.7091835252312,7191959.35201139,1935905.04055881
32.7199029753788,7192447.86844274,1928288.50855362
32.7341659072418,7193081.66363459,1918177.05548527
32.7826253498329,7195262.78619766,1883819.58521587
32.8341186731286,7197314.69234422,1897196.42574192
32.8543873841927,7198076.11163852,1913512.35707083
32.8746560952567,7198835.43873557,1929788.69609379
32.8959744541889,7199632.29266835,1946908.63405993
32.9101464378656,7200211.14494788,1946169.57646167
32.9243184215423,7200791.52428204,1940390.67765272
32.938490405219,7201373.42094756,1934637.77028831
32.9838912671432,7203239.64538012,1916205.67667366
33.0453462090146,7205803.50524068,1904269.53451393
33.1068011508859,7208375.38593645,1898685.40220364
33.1682560927572,7210871.47643249,1906643.65962764
33.2126847342901,7212707.77003591,1907483.93547596
33.257113375823,7214608.72581708,1895868.06986565
33.2999397387921,7216447.0188592,1884669.46616146
33.3128385787436,7216934.15790668,1890798.87775665
33.3257374186951,7217425.5233764,1897054.54751545
33.3536114293327,7218492.50158204,1910566.66789879
33.480310760958,7223260.11983313,1939743.34532657
33.7464275876993,7233334.85608062,1927872.45530559
33.7953762655827,7235243.41299041,1920147.19896933
33.8443249434661,7237083.95604124,1924960.49923841
33.8787637865983,7238372.31843532,1929293.44040022
33.937798322459,7240603.22112076,1930126.38148188
34.0859314891783,7246071.29572126,1939940.39726833
34.1202261994763,7247549.18130807,1918666.97811953
34.1427377123577,7248609.30728583,1892401.85285821
34.165249225239,7249671.30227922,1866175.9818574
34.1856473094014,7250635.41110026,1842411.64243153
34.2060453935637,7251598.48543342,1818647.3441428
34.2108087288559,7251714.29730558,1826103.68276003
34.2155720641481,7251847.14473431,1837403.79588804
34.2203353994403,7251974.75963716,1848634.79548269
34.2322814269643,7252293.06138304,1876815.4982371
34.2825300387224,7253637.35272342,1995350.09808608
34.2954884701802,7253983.87569072,2025918.48127706
34.3084469016379,7254483.84522997,2025053.98015311
34.3173190142151,7254836.88605024,2012372.08414992
34.3261911267922,7255195.92138252,1999790.3971413
34.3449995988896,7255962.291949,1973108.64938551
34.3767753906231,7257252.84358355,1928030.99514532
34.3977032264553,7258103.04250309,1898342.58867202
34.4186310622874,7258862.77494348,1897075.97529431
34.4352179172884,7259458.4744212,1906082.48185555
34.4518047722894,7260051.74586659,1915045.28236896
34.4959909207625,7261628.59147749,1938924.04968037
34.5177449857026,7262412.50881149,1940698.28125471
34.5394990506427,7263200.25481202,1940128.65973715
34.5676162266452,7264197.31121151,1939403.64914903
34.6802657021117,7267962.24998452,1965616.2873524
34.7215482349865,7269398.01353179,1962870.10715884
34.7503404682946,7270446.44008692,1950123.37491064
34.7791327016027,7271496.15913822,1937403.42355787
34.8672582616318,7274801.43853698,1916884.74474247
34.9038627859155,7276163.35629488,1913688.14347632
34.9253096949048,7276849.28727429,1926475.5416283
34.9467566038942,7277537.71403751,1939314.03801261
35.0002142097452,7279260.39834272,1971126.25632962
35.0115738299852,7279659.48413112,1968039.64246279
35.0229334502252,7280054.64037864,1964858.82641232
35.0469938582949,7280885.74521373,1958128.26159311
35.1497156319357,7284455.18365132,1941011.07483447
35.1988783693751,7286172.36909514,1938788.04181365
35.2480411068145,7287821.74761673,1945071.24734764
35.2853970661678,7289073.80103788,1950010.60637565
35.3888342835337,7292489.9674096,1956565.71919847
35.4478884645521,7294528.28725474,1946501.52950243
35.5069426455706,7296569.77546805,1935644.78821073
35.5586591069822,7298315.96440457,1941408.44374827
35.6103755683939,7300050.5974712,1946853.10988787
35.7193565364455,7303636.70084123,1952205.07638282
35.828337504497,7307323.54988382,1940524.56214
35.884280892471,7309266.86126337,1931712.06734631
35.940224280445,7311084.09277434,1942349.46068229
35.996167668419,7312854.20618897,1960679.30900508
36.0263922871253,7313853.65103099,1957368.76470581
36.0566169058315,7314863.11872833,1952071.30426221
36.0972513975141,7316199.22846781,1944955.90710918
36.1493737011104,7318060.73254746,1928836.43553882
36.2014960047067,7319917.05881394,1913909.61281255
36.2102734192814,7320161.18367167,1920465.381337
36.219050833856,7320411.62761556,1927129.16005566
36.2372172526841,7320935.95832724,1940910.80733797
36.2770412313708,7322079.29194785,1971122.44939943
36.2965913213818,7322640.77883637,1985953.8703302
36.309142461678,7323063.25003996,1983233.47391807
36.3216936019742,7323489.33098278,1975695.53251022
36.3342447422704,7323917.00362947,1968185.76436436
36.3735828457952,7325260.02387125,1944645.97807171
36.402083515622,7326205.32488945,1929590.08136085
36.4129728012506,7326549.96971078,1933565.09415968
36.4238620868792,7326881.35591586,1937621.05077128
36.44832067012,7327631.23619024,1946724.7154686
36.5031434058966,7329346.95617177,1964408.96269536
36.5179331581901,7329845.12297008,1957106.18350527
36.5327229104835,7330364.14700863,1949728.20048485
36.5659448006142,7331523.97148569,1933159.20842476
36.5935310786034,7332488.98613851,1919401.2094268
36.6211173565927,7333351.49919142,1926032.01327671
36.6410376731156,7333961.21492625,1935455.01669687
36.6609579896386,7334570.10490161,1944861.40349544
36.7064110762763,7335955.45255784,1963683.40426937
36.751864162914,7337315.82359382,1966296.26475019
36.7843836239942,7338288.39447421,1968150.60240452
36.8582877592899,7340561.56004652,1961419.01502575
36.9321918945856,7342890.78519443,1952136.850239
37.0290576755062,7346020.22943654,1938403.16445494
37.0847615926076,7347889.70764482,1927430.79019941
37.140465509709,7349630.79706702,1937310.0546505
37.1842700095006,7350968.46193814,1951330.60083466
37.2280745092922,7352264.72732121,1960547.86597753
37.2821167267237,7353834.23093819,1968559.04886471
37.3361589441551,7355585.51881561,1951320.9389542
37.3902011615865,7357416.14694903,1921446.30014056
37.4136317208343,7358095.83492605,1926754.3544676
37.4370622800821,7358719.10693494,1945528.21363122
37.4543848622423,7359178.53959501,1959378.25966968
37.505950887768,7360561.14918935,1994219.36265184
37.5189775955899,7360944.08993436,1990622.88208169
37.5320043034119,7361323.05670126,1986956.31748813
37.5620260736946,7362190.82053667,1978510.22942353
37.7013986148188,7366349.19101094,1953273.94772725
37.760546782731,7368111.10471342,1954575.48516007
37.8196949506433,7369868.46791172,1956152.50070212
37.8794359628915,7371563.41303077,1966758.41453469
37.9391769751398,7373259.73334096,1969200.98797685
38.0340529911796,7375919.02828866,1972360.80761268
38.1289290072194,7378512.59136089,1979023.20285961
38.1897411852166,7380216.35302997,1972150.08162715
38.2300331556792,7381470.72506826,1956376.11303181
38.2703251261418,7382769.74305695,1936702.59652036
38.3106170966044,7384044.9365107,1923719.66165745
38.3396767349369,7384921.58647183,1929895.07795424
38.3687363732694,7385798.83710585,1936083.55729118
38.442436551885,7387719.94585719,1975775.57413865
38.4848544702239,7388688.03997189,2010085.09742764
38.5272723885627,7389820.95027775,2005787.7871586
38.5486816033157,7390425.48522127,1992624.67708821
38.5700908180687,7391031.77858853,1979498.19814541
38.6046657438908,7392000.37369,1962159.69910377
38.6258757628645,7392551.49188322,1966836.36844575
38.6470857818381,7393104.95824037,1971559.70985335
38.7013007762547,7394524.69209855,1983632.33598672
38.7226871117317,7395138.84571801,1978087.5604067
38.7440734472086,7395758.12717012,1971588.2101532
38.7793978902202,7396767.04943291,1960858.37682418
38.8611369643812,7399091.42906699,1956016.33364702
38.9428760385423,7401340.54760152,1964115.28590918
39.0049269144708,7402999.24736213,1973148.10334658
39.0421945622549,7404038.52052485,1968940.90863181
39.079462210039,7405070.17802793,1964713.57584923
39.2012568348802,7408391.69407808,1966051.85484558
39.288523318307,7410674.98105187,1975112.75004844
39.3475390780742,7412259.68676441,1971478.18703534
39.4065548378414,7413830.59270607,1967411.92337176
39.459406790268,7415161.80619306,1977877.74854797
39.5122587426946,7416502.33236676,1984311.20948548
39.5651106951212,7417886.46754826,1977223.84342811
39.6179626475478,7419268.42528913,1972358.15760617
39.6708145999745,7420643.77759165,1971866.04182373
39.7517670170232,7422730.44723865,1975141.64592476
39.8842233043172,7426056.67980361,1981879.8783392
39.9521783623985,7427835.48666359,1972849.38294755
40.0201334204798,7429611.18020165,1966259.4378437
40.088088478561,7431333.43757087,1974130.78554284
40.123148920195,7431735.2437051,2023418.26171509
40.1443635121103,7431845.25766202,2067596.47840155
40.1655781040256,7431953.40317537,2111727.21452367
40.1845328076268,7432047.05072127,2151156.56509939
40.1964081498612,7432106.79300551,2175859.88261766
40.2082834920956,7432270.10076429,2176325.4655628
40.22015883433,7432431.47932063,2165690.58452532
40.2295979093933,7432562.68599082,2157291.17048173
40.2535367372037,7432900.40106809,2135985.51177375
40.283920313147,7433326.52772794,2108943.1485351
40.3018703061882,7433566.65466833,2095387.84984625
40.3130096827058,7433667.27404202,2100081.32326322
40.3241490592234,7433773.17303917,2104867.43986567
40.3477997183354,7434005.40714292,2115024.45099295
40.4461637474396,7434678.85352308,2164295.29329345
40.4857519839028,7434823.6760592,2187350.02011623
40.525340220366,7435150.14207687,2178496.89283921
40.5488810887396,7435406.93947159,2162386.79488889
40.5724219571132,7435656.87905148,2146307.38055853
40.591910356833,7435865.85588929,2132996.40559335
40.6113987565527,7435926.38818832,2139637.79534158
40.6308871562724,7435916.20174248,2160887.489003
40.6449580690519,7435907.20950388,2176192.51738359
40.6838094902643,7435877.83033957,2218451.38348326
40.7241937482664,7436084.05433518,2215833.06130242
40.7391087911752,7436201.65188299,2203149.48616851
40.754023834084,7436322.15198023,2190523.27039611
40.7904161178707,7436622.02311396,2159714.88558246
40.8171803945025,7436818.73683793,2153115.35683715
40.8439446711343,7437008.01805324,2155682.82184834
40.8707089477661,7437201.05932572,2158227.59085407
40.9552674930774,7437925.76940807,2149587.41099914
41.0665371502164,7438732.34844892,2161414.76526848
41.1310466461839,7439043.45720021,2179388.93813899
41.1955561421515,7439269.21877329,2194545.98642502
41.2224439864978,7439409.23425163,2191577.3318715
41.2493318308442,7439563.79458212,2186710.73501524
41.2864570661238,7439752.97957397,2179992.06070521
41.3377734355546,7439893.60470565,2189917.2912243
41.3890898049854,7439991.9597235,2206819.40679324
41.4404061744162,7440151.12375671,2205035.30581502
41.4768480973798,7440271.62684,2200132.11172656
41.5132900203433,7440369.01061665,2198936.43967661
41.5497319433069,7440433.47626699,2204294.20540568
41.5861738662704,7440497.6682836,2209645.12996715
41.6368284422504,7440763.69909801,2195283.74168537
41.6874830182303,7441088.51223702,2172629.61626419
41.7212445241433,7441233.26682011,2172960.59938971
41.7550060300563,7441353.03709214,2182548.0971622
41.7887675359692,7441470.37896919,2192116.66529737
41.8570794009801,7441436.30927994,2220384.37807067
41.8878808596244,7441393.5069112,2233930.28898795
41.9186823182687,7441503.90966199,2226804.83051174
41.949483776913,7441683.09826876,2205998.80680123
41.9719184123153,7441814.45461271,2190866.39319011
42.0433583478024,7442231.14014585,2171547.67958298
42.0794193674287,7442446.89416947,2171324.18985642
42.102521358801,7442563.84474185,2172898.44880795
42.1256233501733,7442528.80750307,2188782.015461
42.1420377793946,7442505.1598493,2200099.14118691
42.1892421630117,7442441.48807896,2232645.98050733
42.2135967571648,7442539.05985188,2229273.2052641
42.2304322737043,7442655.72919093,2215618.68815073
42.2472677902437,7442774.61573876,2202011.85578812
42.2905981318452,7443085.9520642,2166991.3987579
42.3140667248101,7443156.97897868,2167091.12554695
42.337535317775,7443189.78564623,2180271.57901219
42.3550037668849,7443212.96655841,2190053.6701493
42.4070207468225,7443306.53671791,2212907.30416247
42.4224291625175,7443385.13575637,2207721.64957643
42.4378375782125,7443461.21633738,2202485.72483078
42.4767094180553,7443647.64668816,2189277.11249339
42.5302334870615,7443762.21721413,2194184.47927628
42.5655847560225,7443775.15499887,2209319.2658482
42.6009360249836,7443796.16723744,2223843.98805482
42.6173345828537,7443834.9259635,2220500.41795862
42.6337331407238,7443878.04896471,2217098.64418429
42.6727649245925,7443974.21924826,2209001.71768629
42.7063539137902,7444106.55191787,2198978.21127999
42.7399429029879,7444432.09237091,2175699.7939965
42.7735318921856,7444757.13297207,2152404.54224916
42.7933607702162,7444947.95887383,2138652.03643368
42.8131896482468,7445005.49250264,2145284.50771136
42.8330185262774,7445020.91316713,2162509.24090337
42.8488505804754,7445031.92372515,2176232.40311405
42.8958046885544,7445060.63186535,2216931.71092692
42.9107888039104,7445112.69066764,2217748.16249557
42.9257729192663,7445163.78074209,2213614.85576859
42.9407570346223,7445216.08406942,2209505.01567763
42.9895926853515,7445389.61840532,2196110.01740481
43.026765810617,7445422.44411588,2201918.29027449
43.0639389358826,7445425.69185178,2214062.58572454
43.1011120611481,7445435.3759423,2225723.28844604
43.1228615019476,7445458.38503418,2223504.84845775
43.144610942747,7445485.23105304,2221248.64238155
43.2031543215574,7445542.15720231,2216402.6749903
43.229074874489,7445489.81678894,2223835.12189163
43.2549954274206,7445438.73340751,2231299.40676307
43.3039070283298,7445346.87946869,2244227.48385904
43.3379238582601,7445287.2849752,2243888.63638447
43.3719406881904,7445226.78597426,2243528.7365883
43.4075415726023,7445227.18671287,2237479.52317745
43.4431424570141,7445454.23927207,2210084.28247798
43.4708209179418,7445630.27995773,2188769.80177633
43.4921776239026,7445764.93905371,2172322.88195696
43.5135343298633,7445775.08405777,2176545.82009957
43.5363429527472,7445735.6148109,2194185.80598423
43.559151575631,7445695.06839638,2211786.27780141
43.5885472221537,7445639.61248247,2234468.72183127
43.6179428686763,7445663.1967826,2237296.60052427
43.6429363703844,7445706.90717449,2228693.21137952
43.6679298720925,7445751.95230913,2220120.20540003
43.7405050857392,7446012.46252015,2196671.82869497
43.7840672407241,7446233.22513499,2183290.95699617
43.8276293957089,7446333.85286742,2189485.91038569
43.8681147811926,7446365.3106721,2205884.10470319
43.9086001666762,7446345.80912531,2222910.70802491
43.9747327553345,7446059.81032339,2254683.26643566
43.9933903105416,7445977.25286026,2263647.17707668
44.0120478657487,7446058.92308656,2252279.51254735
44.0309883698573,7446225.61928172,2229038.20407618
44.0499288739659,7446385.88652687,2205837.69752214
44.0998947380029,7446813.96824427,2144634.38178391
44.1057727487317,7446825.10541239,2146637.21816993
44.1116507594605,7446848.21717486,2149002.19779799
44.1218487475584,7446898.21753206,2153084.05179035
44.1539028216616,7447038.16593593,2165911.06391931
44.195314699048,7447220.32257133,2182483.95852205
44.2203712216934,7447370.31536624,2181040.19287935
44.2454277443389,7447522.51429861,2176870.54569933
44.2761232271362,7447709.34025419,2171771.49772606
44.3411362186644,7447987.00792871,2178804.04854492
44.4061492101926,7448183.75581545,2196227.67501691
44.4576417502896,7448209.4025241,2209580.24413869
44.5763148025156,7448224.36520328,2224938.17765137
44.6726130427118,7448314.2881708,2217118.10011996
44.768911282908,7448419.95390326,2215742.21276949
44.8652095231042,7448323.13576422,2233729.60086883
44.903629229956,7448278.33729115,2241574.9290604
44.9269446089312,7448317.54759368,2233346.91729095
44.9502599879065,7448364.06444067,2225079.32682321
45.0112931312858,7448459.48422598,2209116.13145423
45.0576699625715,7448472.75909228,2216116.38281053
45.0921593172843,7448483.01483179,2221334.79652194
45.1630145592146,7448381.0604519,2234125.68360291
45.2037994214756,7448333.28573238,2239219.79737861
45.2276748729988,7448413.45667423,2228330.78581701
45.251550324522,7448491.8236598,2217397.80667585
45.2885237411124,7448609.09306263,2200465.60847863
45.3254971577028,7448601.50099044,2206171.39787409
45.3624705742933,7448550.6428696,2222244.98111813
45.3918088076867,7448509.79360238,2234984.79351641
45.4206981007984,7448507.00944191,2235550.07635842
45.4495873939101,7448511.32123131,2231264.51151003
45.4784766870218,7448516.09276751,2226990.18021443
45.5929572570806,7448683.85503957,2209936.36924432
45.6227712491157,7448653.47531594,2216238.43846618
45.6525852411508,7448602.73090565,2225947.62177719
45.6823992331859,7448551.72622956,2235649.28875902
45.7231535104238,7448670.05915783,2224645.67556512
45.7497995028951,7448826.76457715,2205196.92644981
45.7764454953664,7448984.7836872,2185780.45845816
45.7980236316327,7449114.87457042,2170057.60866575
45.809437750147,7449089.52684096,2175963.6727931
45.8208518686613,7449063.09973922,2185082.83622979
45.8322659871756,7449035.36606186,2194180.05057145
45.8709304137128,7448938.79235945,2224997.54776539
45.8915253705306,7448887.89283456,2241413.14401463
45.9121203273484,7448962.31670423,2238081.32839417
45.9327152841662,7449092.63672127,2220527.97050431
45.9476763427453,7449188.81817877,2207811.14315411
45.9897867576574,7449464.04835673,2172018.26510291
46.0172222531733,7449587.41549189,2167136.01522001
46.0446577486891,7449705.40396784,2173438.27204252
46.0660682805242,7449794.37005131,2178334.35049107
46.1349199985522,7449951.97865294,2197835.15629617
46.2037717165802,7450000.02434387,2219088.24351412
46.2240495227684,7450051.51097924,2215508.58210711
46.2443273289565,7450102.54453831,2211887.12219285
46.2975533105408,7450231.17264227,2202380.25754019
46.3475345934248,7450345.58917695,2202495.99722693
46.3975158763087,7450457.94746288,2203096.75506282
46.4662420515037,7450521.80409929,2212167.37823538
46.5016192581486,7450563.6272478,2216367.15275632
46.5117823381653,7450667.52562974,2207318.75791905
46.5219454181819,7450771.90434336,2198165.75305718
46.5427392358476,7450977.10334863,2179443.64061041
46.5807181955667,7451358.42193551,2145251.13137239
46.6044385972046,7451585.04507841,2128393.03213597
46.6281589988425,7451788.3813108,2131390.78142206
46.6456877028902,7451940.00756534,2133634.15334894
46.6978654115101,7452395.37025371,2140312.92642792
46.7185024730404,7452429.74346464,2154054.11892072
46.7391395345706,7452445.05176454,2169153.07345629
46.7700800068218,7452487.7895486,2191787.66982847
46.7954403414434,7452515.55743255,2210337.32666373
46.8114905845219,7452589.26825245,2209492.30748357
46.8275408276003,7452668.3205945,2203441.52167126
46.8435910706788,7452748.5051059,2197413.64415139
46.8960547483924,7453013.71710159,2177710.06937775
46.9156052712529,7453056.57301088,2180852.82320638
46.9351557941133,7453094.01521027,2186755.36379099
46.9591234724728,7453139.36887415,2193979.37660695
47.0531092480552,7453243.19447474,2213208.57684081
47.0989421952585,7453264.74733209,2219145.56640243
47.1141248477969,7453358.10051901,2211744.9306497
47.1293075003353,7453466.06283545,2202775.77245722
47.1513260585738,7453601.50433594,2189774.40631171
47.1837797217653,7453815.47163861,2170616.32033725
47.2045995241501,7453917.12754366,2163652.29720218
47.2254193265349,7453923.51699939,2175849.32950398
47.2462391289197,7453931.34807834,2188076.74266183
47.3070107762303,7453955.40604219,2220112.15342697
47.330822874237,7453952.28524522,2221637.93904316
47.3546349722437,7453947.61987016,2223132.06377392
47.4226017783585,7453965.07429477,2222865.94384048
47.4905685844733,7454048.5752646,2213434.43330165
47.5290124915102,7454339.83950316,2189036.74115704
47.5674563985472,7454702.40083896,2158327.12265331
47.5942819104386,7454955.56011054,2136905.70918084
47.6113445378802,7455051.82795598,2137345.1877082
47.6284071653219,7455135.81241192,2145140.06165246
47.6454697927635,7455218.36357506,2152904.77184659
47.6963609255152,7455460.74763267,2176064.03303573
47.718726554901,7455588.32521005,2176246.29496435
47.7410921842868,7455713.14516649,2174406.66985124
47.7712695071452,7455882.30549615,2171932.59864059
47.8883626915204,7456483.6123389,2174724.36427104
47.9546303943846,7456651.88280827,2190732.54508848
47.9994451562829,7456733.95533332,2203325.67677945
48.0171744043764,7456814.34131601,2200601.09243396
48.0349036524699,7456884.58613307,2197575.33437675
48.0730423111331,7457027.45875249,2191067.15247855
48.132770333708,7457156.09190492,2195448.64460208
48.1924983562828,7457211.81926419,2211940.88169271
48.2201042019248,7457318.22767203,2206893.72820264
48.2477100475668,7457445.80020008,2197003.27311326
48.2753158932088,7457573.82676011,2187124.61939236
48.3375208143753,7457821.32605624,2181807.91558814
48.3997257355418,7458049.31252502,2187747.77134923
48.4275953068406,7458007.59126773,2201021.03931971
48.4554648781395,7457965.1911633,2214438.42182622
48.4931089610626,7457912.57408185,2232563.01783401
48.5183733472,7457911.09653143,2233239.71479912
48.5436377333375,7457913.54763987,2229491.57062832
48.5689021194749,7457916.50907675,2225755.28009645
48.6680521991272,7458399.26058279,2176535.42625427
48.7452383837507,7458635.57537837,2182950.5689737
48.8224245683741,7458693.68949374,2216136.54540238
48.8801833795414,7458734.40429028,2215396.29840067
48.9561228506029,7458886.86616302,2206382.00392444
49.0004003662582,7458998.13725307,2199640.9484625
49.0175622707301,7458972.13640947,2204896.43834863
49.0347241752019,7458955.4140859,2210200.22494938
49.0788585647155,7458917.79199026,2223840.09926601
49.1415405556091,7459038.38965456,2214382.02084822
49.2042225465027,7459238.57174167,2191579.40674922
49.235280408657,7459346.76444782,2190439.0482143
49.2663382708113,7459456.2696899,2189326.01784792
49.359084375822,7459931.08711107,2174089.43008208
49.4131646161418,7460207.73235856,2168710.75591348
49.4672448564616,7460342.98720872,2186816.01697712
49.5213250967814,7460388.98346455,2206225.22130505
49.5882545863711,7460275.61163114,2232737.49138925
49.6805045339185,7459679.23734944,2277664.87570695
49.699245069311,7459543.67321382,2287042.99019139
49.7104322208313,7459534.9377549,2281975.03743194
49.7216193723517,7459525.86816089,2276007.90286348
49.7395976742506,7459495.24696922,2266425.3166096
49.7990460586884,7459417.8020395,2234748.27346434
49.8204756077938,7459401.5714883,2232685.45241959
49.8419051568992,7459386.80751306,2231109.88771906
49.8836151857909,7459368.90940288,2228043.55452422
49.9363862990379,7459205.24974736,2239026.60057746
49.9891574122849,7458986.69797532,2256785.81577713
50.0181066757834,7458995.19708975,2249782.92239756
50.0470559392819,7459053.78819829,2232535.87286156
50.0760052027805,7459117.3561454,2215314.00737238
50.0902192593466,7459149.94893964,2206858.68142335
50.0973561992487,7459165.82729983,2202613.00811533
50.1044931391507,7458926.47958794,2218319.79971569
50.1126505657595,7458564.37468892,2250859.70392363
50.1208079923683,7458196.53078226,2283276.70708521
50.1370392034699,7457456.00779979,2347785.97760953
50.1950881546882,7454821.31569952,2578501.64175453
50.1993191613774,7454629.14113887,2595317.61414015
50.2020130407086,7454605.75553602,2595273.16907927
50.2047069200399,7454533.22827019,2590552.1435609
50.2074007993712,7454470.67854361,2585965.37006206
50.2125243040248,7454353.35292198,2577213.98240964
50.2289948439747,7453968.50858237,2549080.57959191
50.3037164824081,7452219.45568178,2428152.04537872
50.3099123742237,7452053.45965195,2428629.64540906
50.3161082660393,7451899.03372612,2429278.14529874
50.3275266334314,7451623.78646974,2430459.97794738
50.3630547251121,7450751.8462636,2434128.96667686
50.4044125350206,7449776.46358889,2436631.50242249
50.4331680632958,7449160.67036309,2427925.68171153
50.4619235915709,7448564.83427395,2419203.84665392
50.5509141632577,7446460.54088596,2428132.68546221
50.6140335705028,7444808.78031011,2450990.79790311
50.6596907851217,7443520.3844881,2460710.78646915
50.7148050023657,7441917.23435394,2472786.34267825
50.7786181634676,7439934.19200812,2487884.24521243
50.8424313245696,7438104.2870241,2481058.53339379
50.9062444856716,7436375.08807546,2462665.10070683
50.9544199695477,7435261.18579019,2445900.17523773
51.0025954534239,7434080.50103755,2434886.59322282
51.0074773699377,7433832.25956764,2443891.0362598
51.0123592864514,7433597.35738036,2453109.89935031
51.0208061149993,7433199.78740343,2469038.43636017
51.0454556457926,7432023.70093086,2515513.90250327
51.085266891127,7430126.11732622,2590578.49512282
51.1250781364615,7428584.7858726,2594895.02560236
51.1361158456571,7428189.48747168,2584325.37457689
51.1471535548527,7427803.35516405,2573836.99198516
51.1718693124528,7426945.96499801,2550351.85118751
51.1923486270011,7426232.91713127,2530889.71580855
51.2128279415493,7425384.1947401,2532104.72281914
51.2359023676811,7424381.9647705,2547796.04954766
51.2589767938129,7423373.35258441,2563443.40176981
51.3190653205464,7420598.95458642,2601783.94901607
51.3791538472799,7417513.52776225,2634908.74116811
51.4047275638199,7416248.04124796,2643490.96766468
51.4223009705997,7415504.73694713,2632434.11313028
51.4398743773795,7414759.42241204,2621333.37952511
51.4855170720859,7412817.8864884,2592497.94551998
51.5203557917412,7411254.48168306,2588703.62933164
51.5551945113965,7409650.06402232,2598098.2477382
51.5810292418632,7408459.62964602,2605046.75408664
51.6664797239506,7404277.78348647,2627742.00939757
51.703827808927,7402438.37115368,2635537.53516873
51.7280588931093,7401335.48114581,2628619.24846155
51.7522899772917,7400231.18033889,2621666.28663949
51.7859421158923,7398694.21245536,2612006.91726641
51.8195942544929,7396937.11718512,2622814.67934752
51.8532463930936,7395040.65323539,2648575.56859341
51.8772044991291,7393689.85515125,2666895.33583755
51.8961590887793,7392619.52009463,2681387.06709184
51.9083230695357,7392058.61476473,2676858.42733046
51.9204870502921,7391529.41710504,2665601.89899744
51.9326510310485,7391002.09805073,2654383.81761101
51.967016895227,7389516.7214338,2622691.57159717
51.9883279108709,7388594.52833443,2603037.24821401
52.0001169516104,7388079.27774748,2592404.83252052
52.0044414199125,7387802.19151658,2597384.33459455
52.0087658882145,7387539.11331539,2602608.81359782
52.0158481880537,7387116.38234097,2611139.0537641
52.0356492374968,7385918.68045885,2634979.57843976
52.0769758373455,7383421.60153879,2684740.79378965
52.0996225212766,7382053.04884546,2712009.32741079
52.1080953346038,7381535.77420216,2713663.85730762
52.116568147931,7381011.19719202,2714792.99361549
52.1318779248069,7380051.40074196,2716836.48612681
52.1789534458824,7377117.00094312,2723135.1658444
52.2503532518838,7372756.15530972,2720286.14932248
52.3217530578852,7368437.54958368,2714195.14299585
52.3799634274029,7364931.75606411,2712957.11686606
52.4381737969206,7361761.06369079,2690557.30821166
52.5084038804446,7358080.4527552,2658270.38248198
52.5269632096407,7357006.38052041,2665881.38435447
52.5455225388368,7355935.06718466,2673550.90508716
52.5897690227586,7353387.83351452,2691841.04565502
52.6537695632158,7349512.08640153,2709019.83031893
52.6941125635747,7347045.02504682,2718721.43244249
52.7207113798024,7345516.74728007,2714051.88391982
52.7473101960302,7344009.72958029,2706147.59994194
52.7739090122579,7342502.99820338,2698250.81984507
52.8495257905316,7338220.12914325,2690532.67678088
52.9251425688053,7333887.61469078,2694246.86246522
52.9784441906847,7330759.28396509,2702006.70155657
53.0622354302057,7325811.68883461,2707451.75607315
53.1460266697268,7321067.26789163,2694974.97959223
53.2110051633674,7317525.84234628,2678167.6944902
53.2759836570081,7314023.0558958,2675422.97913059
53.3409621506488,7310591.54379753,2669868.06033064
53.4698324178044,7303746.23116622,2671596.05680451
53.5987026849601,7296647.02329741,2686034.34371482
53.6604805345333,7293255.42851621,2684207.48314853
53.7222583841065,7289813.70144831,2686156.38680157
53.7840362336797,7286288.47952455,2695231.15004424
53.8458140832529,7282895.11705472,2689266.18128647
53.9075919328261,7279513.89005624,2681255.5202585
53.9403285620565,7277614.36610583,2689367.60409696
53.9730651912868,7275715.78604358,2697503.21527162
53.9990068138341,7274212.90245164,2703952.10729583
54.0146527166446,7273422.55428231,2697020.99583846
54.0302986194551,7272633.25581312,2689266.59935626
54.0568681057862,7271293.67304637,2676105.02413038
54.0870685577814,7269771.5468164,2661145.98864641
54.1172690097766,7268023.13746058,2668572.61675913
54.1380300917933,7266722.97270132,2685451.47038387
54.1587911738101,7265421.08546556,2702291.18294579
54.1880434911491,7263583.74045493,2726015.44328886
54.2172958084882,7261874.48389859,2728564.62910961
54.2465481258272,7260229.03388151,2716163.39175474
54.267561003308,7259048.11724219,2707279.26303485
54.3323124448485,7255474.40982403,2689366.74691031
54.397063886389,7251970.09529058,2681043.08420927
54.4410923354076,7249537.54402153,2683901.41760322
54.4851207844263,7247099.63570857,2687388.80881899
54.5711480841729,7242179.1552662,2699636.91514158
54.6571753839195,7237277.15011759,2700831.60688333
54.7432026836661,7232508.17114277,2691559.36334472
54.8118222296577,7228778.83546057,2683199.51099458
54.9135441045233,7223151.39756654,2690164.08325168
54.9741993206808,7219641.44659374,2701799.89164874
55.0348545368382,7216276.18274739,2697936.592899
55.0955097529957,7213009.17352924,2682477.62271513
55.1424689382159,7210450.23720669,2683228.80666315
55.175907325444,7208627.92557853,2684747.35042073
55.2329676411792,7205665.89005126,2676605.00829725
55.2900279569144,7202806.03499801,2660534.55651933
55.3249865327136,7200949.31165404,2664219.42478996
55.3599451085129,7199058.39134164,2673406.28093824
55.3949036843122,7197167.04881219,2682583.17852
55.4394879408645,7194752.02832626,2684345.00299032
55.4840721974168,7192334.46146005,2684792.05977685
55.5534692276935,7188569.06574985,2685209.94942967
55.6555159463358,7183190.24403892,2675697.27473508
55.7575626649781,7177922.57022227,2668877.52004556
55.8596093836204,7172893.26984111,2654126.5055581
55.9616561022627,7168084.54060972,2640290.17038078
56.0637028209049,7163294.67306405,2639649.50318569
56.1657495395472,7158515.94715968,2639272.04114711
56.2886958220003,7152840.78267712,2634633.58167864
56.5451271048613,7141473.51658959,2620048.48333965
56.588953710531,7139484.71793442,2628704.09540082
56.6327803162006,7137484.6602807,2631934.91417489
56.6766069218702,7135477.93236689,2633302.09765826
56.7387418656916,7132707.02553622,2629536.40228587
56.9117899898871,7125400.97800018,2605525.52627148
56.9392499566598,7124177.68789026,2611953.17802456
56.9667099234325,7122956.00874679,2618415.4113499
57.043658619669,7119612.25279733,2621717.43979292
57.1206073159054,7116364.39579669,2612885.39429247
57.1780040811827,7114033.9376481,2604766.51102445
57.2357012456653,7111506.15088548,2613574.39982369
57.293398410148,7108868.97830768,2632947.21598569
57.322008699812,7107643.21656566,2630305.40070738
57.350618989476,7106435.04990746,2623895.67990709
57.37922927914,7105227.32231387,2617494.61635715
57.4424587227672,7102460.14937294,2619060.44465281
57.5056881663945,7099687.48741055,2625239.72512861
57.5326163655515,7098664.47818403,2614252.95282381
57.5595445647084,7097639.68378034,2603227.82268279
57.6067025534971,7095843.96321814,2586450.62556722
57.6538605422859,7094068.59545244,2585080.37651614
57.688695775735,7092757.86911735,2584081.5633958
57.7481728602609,7090312.74553561,2597245.8014724
57.8076499447867,7087827.88547733,2611719.5256339
57.8690830339954,7085266.42710653,2610967.77169616
57.9305161232042,7082673.6065853,2612763.97388961
58.0086433737435,7079397.57619033,2613831.07711827
58.0354453847787,7078444.33931759,2601622.14775187
58.062247395814,7077489.64407834,2589380.78703235
58.102816843776,7076017.31129056,2573634.22174467
58.115482799661,7075454.32537396,2580400.51117269
58.128148755546,7074895.91803106,2587247.39996766
58.1564619073556,7073652.50446193,2602553.20301043
58.2678440422879,7068886.59040636,2618283.03318221
58.3104862553799,7067123.3767207,2612384.9416053
58.3531284684719,7065461.19738857,2603647.45508115
58.4276330616149,7062562.72988122,2594274.19403697
58.4846359959029,7060340.5483086,2594803.18818036
58.5416389301909,7057955.33189228,2605280.33553618
58.5986418644789,7055512.90771685,2619473.9943406
58.6327157157961,7054097.9346414,2617221.50054573
58.6667895671132,7052684.41509317,2614489.08007414
58.7360615059833,7049759.20473728,2614597.70661244
58.8053334448534,7046790.66498884,2620088.23110897
58.8746053837235,7043723.7227716,2626917.38561965
58.9789066679165,7038992.17225832,2636618.38142566
59.064982843037,7035328.3255117,2622037.71897067
59.1510590181574,7031677.02069748,2617334.4628369
59.2371351932779,7028012.39885263,2619874.13312823
59.3232113683983,7024380.14969101,2617217.05360344
59.4092875435187,7020724.15986012,2618852.58115429
59.4710607748431,7017950.61496163,2629395.49964041
59.5328340061674,7015271.55697567,2628813.67344453
59.5946072374918,7012668.20710121,2618319.0869126
59.6563804688161,7010227.97379318,2607049.40961003
59.7654377992633,7005685.0369758,2616035.58927751
59.8257917571196,7003195.07726656,2617830.6877295
59.8655546491004,7001652.65610351,2606549.05243455
59.9053175410812,7000108.31538687,2596941.11804735
59.945080433062,6998548.2599712,2598123.31102319
59.9848433250427,6996989.15283089,2599321.95027132
60.0271727684505,6995271.60794876,2603466.9859547
60.0695022118582,6993520.75315982,2609233.46713323
60.0935475770672,6992526.48232366,2612508.05599407
60.1019238989828,6992291.35100146,2607157.71159271
60.1103002208983,6992363.30239478,2578949.04751933
60.1186765428139,6992428.87427253,2550644.68805108
60.1370361126552,6992569.06381961,2488611.01624914
60.2015746519401,6993068.02678404,2275678.52881468
60.203443476795,6993055.17064542,2275124.40998429
60.20531230165,6993077.434018,2274982.97716844
60.2077798267442,6993100.7181897,2274713.03543592
60.2133040169548,6993150.45564336,2274127.20298775
60.2348524471612,6993346.43175425,2271839.65298644
60.3072899438992,6993985.0034357,2265632.4490524
60.3797274406372,6994599.22614984,2272807.8770425
60.4326039448313,6995276.40006561,2251602.26259305
60.5048871814954,6996469.3548735,2204305.24829227
60.5199851809333,6996681.98151396,2207030.07753341
60.5350831803711,6996899.25255712,2209828.94993407
60.5697737755488,6997401.99942059,2216257.37880001
60.6004263548495,6997850.44902982,2221598.93757439
60.6117016446563,6998101.84034587,2214710.4428839
60.6229769344632,6998350.42253993,2207739.37904211
60.6483685021935,6998906.79058544,2192045.73317613
60.6919230776015,6999863.75880595,2165127.41426431
60.7192973935123,7000436.67143035,2161764.16354087
60.7466717094231,7001008.19964963,2164212.8116581
60.774046025334,7001578.83642744,2166646.35154794
60.8774929418359,7003875.78604711,2156890.44620914
60.9575587446356,7005786.20812504,2144716.4352466
61.0376245474353,7007839.78222677,2130045.81857975
61.117690350235,7010029.21794689,2112449.22925602
61.2177144711288,7013032.60428655,2088140.58074509
61.2804910677461,7015103.55738943,2065178.05518556
61.3432676643635,7017179.83379313,2058167.03531866
61.4060442609809,7019249.38503323,2059010.22084782
61.4688208575983,7021247.34868573,2065369.55557849
61.5315974542157,7023223.76612535,2070683.7089965
61.6362499992818,7026452.86484494,2075893.35946897
61.6857636795313,7027974.18079291,2076756.0590746
61.7352773597807,7029716.60916878,2056596.92590396
61.7847910400302,7031543.8290309,2027839.73283648
61.8343047202797,7033135.58549077,2039165.57170443
61.8706799402672,7034240.90494124,2060716.66149292
61.8977805674212,7035063.39743587,2076753.69893605
61.9203457199927,7035751.60692982,2078043.73804004
61.9429108725642,7036439.13324475,2077941.06576966
61.977006537889,7037466.84520789,2077791.47694002
62.0536641685878,7039820.59952938,2073988.57626063
62.0923499256078,7041024.00352998,2071313.34996016
62.1182921946269,7041684.78925019,2082370.47324734
62.1442344636459,7042298.79352367,2098940.65824077
62.1701767326649,7042912.04034394,2115495.69545621
62.1898900969845,7043377.53068768,2128075.74934484
62.2020754286156,7043733.09572967,2131632.83363417
62.2142607602468,7044195.3156612,2113984.43947827
62.2228883016112,7044537.00432014,2101422.29755646
62.2435459869836,7045351.95865617,2071350.85491031
62.2736198633432,7046540.45693603,2027572.58184606
62.3036937397028,7047695.65131119,1991525.04620645
62.311062474909,7047923.47078035,1996266.44342467
62.3184312101151,7048160.89027996,2001148.40739104
62.3329259352642,7048631.67769631,2010736.39365071
62.3885207218341,7050428.88338425,2047511.82732201
62.4284277368964,7051728.71495407,2054618.30307058
62.4683347519586,7053022.17396075,2053803.68231527
62.5082417670209,7054292.7136451,2054377.28977248
62.5573711441607,7055809.95299459,2061655.85389373
62.6065005213005,7057341.04831676,2065996.54414774
62.6396661123557,7058468.34229776,2055821.29213618
62.6728317034108,7059594.30611283,2045620.37586003
62.6924765449987,7060260.40915191,2039578.06236179
62.7121213865866,7060710.09808276,2054750.16358671
62.7302622488586,7061027.51455778,2081308.14533922
62.7484031111307,7061342.42831178,2107817.01527219
62.7957190809262,7062160.7508026,2176960.62659783
62.8109248901313,7062599.2699227,2170212.19673354
62.8261306993365,7063068.7837602,2151600.58426595
62.8380355016665,7063439.02314558,2137074.16355701
62.870383947137,7064447.66484934,2097599.0504657
62.8964202965198,7065258.63785429,2065826.34993629
62.9116310928467,7065724.90481242,2060878.6651627
62.9268418891735,7066205.02720753,2060326.38880667
62.9420526855004,7066683.73319319,2059752.53493061
62.9945937582193,7068335.76728955,2057771.95445072
63.0522439165609,7070283.64021388,2044646.87224882
63.1098940749025,7072182.82189737,2037969.66675242
63.137278294283,7072952.23781056,2052335.35402283
63.1646625136636,7073723.34674007,2066734.11571392
63.2443526878394,7075837.74463515,2097115.21955297
63.2787829570686,7076702.30988896,2106240.35319648
63.2979122507217,7077182.98652387,2111314.90253572
63.3098719732564,7077590.85005065,2102958.71783328
63.3218316957911,7078016.41627381,2091982.8978776
63.3369983128215,7078538.71991726,2078083.08105307
63.3850132842225,7080220.17243797,2034082.43731742
63.4189623785649,7081362.41552272,2023310.27166671
63.4427075250976,7082152.15426533,2027232.95151403
63.4664526716303,7082939.91737348,2031121.09676642
63.5099949804346,7084286.36110031,2044936.41619196
63.5535372892388,7085324.44648741,2081407.3595643
63.5970795980431,7086363.16542492,2117893.1107572
63.607224947439,7086694.15555726,2113823.80493568
63.617370296835,7087035.61137947,2104331.03355578
63.6275156462309,7087379.46885534,2094877.7026666
63.6570486701071,7088382.50969281,2067355.09129858
63.6840006077525,7089297.06127784,2042237.60695816
63.6976426174879,7089760.03538652,2029524.17920046
63.7066703296934,7089979.34660485,2033488.88943421
63.7156980418989,7090193.30251594,2042174.89663325
63.7247257541045,7090404.75044129,2050821.39683249
63.7512709667722,7091024.61548632,2076250.58808531
63.8839970301106,7095218.94175131,2022673.3613374
63.9200339506002,7096257.45950397,2025863.37730486
63.9325145527765,7096561.27952732,2040087.18360759
63.9449951549528,7096860.52688119,2054232.82214646
63.9734946933982,7097539.89758576,2086539.52932029
64.0479204853409,7099012.3874415,2143089.74357666
64.0798032273751,7099576.8558826,2160662.09082053
64.0983328977649,7099901.31835993,2170882.43016228
64.1098070802916,7100180.68308197,2165888.30177028
64.1212812628183,7100467.62204072,2158800.36543038
64.1367275415328,7100838.09058483,2149274.51613917
64.1855762984144,7102034.57718747,2119155.36165444
64.2250559953159,7102983.52068048,2111072.96923113
64.2645356922174,7103931.43808469,2112498.97532338
64.3040153891189,7104853.69264025,2115851.00678014
64.3304895926181,7105327.40206299,2129685.70556428
64.3569637961172,7105802.63649741,2143553.25090346
64.3838685922947,7106287.04734569,2157646.50479795
64.396750348811,7106518.59807037,2164394.05714271
64.4096321053273,7106950.95994517,2149606.1311936
64.4193993476292,7107307.33195049,2132564.83819279
64.429166589931,7107666.43207581,2115568.87001614
64.4563515345472,7108668.29685357,2068259.84997845
64.479317415294,7109513.75427321,2028292.81790225
64.5022832960407,7110316.75978912,1995408.77862057
64.5072781452486,7110406.42736379,2002215.4332094
64.5122729944564,7110513.70935012,2009270.58745075
64.5206689394618,7110698.31658922,2021097.5959193
64.5471573519915,7111269.36114034,2058413.72557997
64.5747917410925,7111865.89768285,2097344.63254943
64.6024261301936,7112500.38959118,2129931.43969853
64.6082584514124,7112719.63586818,2122907.37144438
64.6140907726313,7112924.00707714,2115666.7323769
64.6242964481382,7113276.40459057,2103020.62806524
64.6572461641995,7114425.67915189,2062192.31812898
64.6862143329431,7115435.4717004,2026297.19676094
64.7037037154273,7116002.16361808,2012063.61701288
64.7211930979115,7116454.82703699,2026151.82776999
64.7337922107285,7116783.72274991,2036346.38535446
64.7676470332008,7117670.41860786,2063736.82474102
64.7917601573369,7118301.13946224,2083245.49888786
64.815873281473,7119033.64202706,2081612.12601165
64.8399864056091,7119797.37216939,2068714.11281339
64.8591201563697,7120404.810946,2058505.90521107
64.8900622395973,7121388.5699535,2041997.37254825
64.9210043228249,7122252.07908185,2046692.07181266
64.9519464060526,7123074.39633218,2061628.26835207
64.9828884892802,7123895.52629806,2076541.16604147
65.0251027872671,7125143.79552109,2073413.04635853
65.0545628627369,7126064.16574241,2059892.03548216
65.0840229382066,7126985.95375737,2046398.42403864
65.1039444533425,7127549.86425327,2043731.84874001
65.1238659684783,7127903.80226487,2067736.09004864
65.1378818137478,7128155.10088973,2084665.63843654
65.1764703083096,7128849.95841481,2131274.1297307
65.1935345746108,7129156.71133841,2151884.7355592
65.210598840912,7129592.04997749,2150616.31332807
65.2271619948772,7130040.4410513,2135951.33258004
65.2437251488423,7130497.89393488,2121345.26077213
65.2847645407411,7131635.14975834,2085153.08383923
65.3306626184532,7132731.91525342,2086039.23813289
65.3600309532263,7133393.17020383,2099951.82991457
65.3893992879994,7134052.74977488,2113832.30702417
65.4234114705497,7134971.90945436,2105215.63104898
65.4574236530999,7135947.21452544,2085204.2403542
65.4840979562577,7136713.01001696,2069528.57292459
65.5319111669375,7138088.62662032,2059115.34324973
65.5797243776174,7139473.94018474,2057632.44804141
65.6275375882972,7140812.88020315,2060342.46506067
65.7009431493528,7142833.48215125,2069862.47433342
65.7206261870428,7143219.14723347,2083622.14037367
65.7403092247329,7143607.5173602,2097439.73979712
65.788536094087,7144563.25421938,2131293.90120174
65.8187798406764,7145242.13160691,2133427.0394659
65.8490235872657,7145939.40716388,2123660.3229201
65.8725352510975,7146486.39236934,2116089.88497688
65.9508602826997,7148418.55734297,2097002.37877971
66.1069743828843,7152043.51734278,2114880.83316587
66.1628945312331,7153062.08694137,2137163.62607693
66.1934166364312,7153606.21760131,2149326.12421338
66.2239387416292,7154288.94705829,2140769.88423367
66.2454117753595,7154786.8166316,2130636.35180883
66.2668848090899,7155285.40764642,2120516.53872362
66.3506412703555,7157372.65675345,2090626.83626654
66.3866741406438,7158312.73507081,2080487.29484612
66.4227070109322,7159113.45169218,2089688.45201996
66.5418358949598,7161488.8206226,2133612.34233822
66.59114586749,7162471.00793833,2132858.53074076
66.6404558400202,7163581.63332283,2121060.14436086
66.6897658125504,7164726.70801482,2106801.98418169
66.7325544989264,7165676.15248853,2105745.22456729
66.7753431853023,7166631.14073928,2108307.28325573
66.8181318716783,7167569.39808895,2111041.60002479
66.9311291442493,7169894.34714265,2125680.38710699
66.9846448084719,7170873.63611593,2141080.47908707
67.0381604726944,7172014.07717801,2130521.85673306
67.0796958657247,7172947.51766893,2114116.50194954
67.1212312587549,7173798.74560382,2112793.08070099
67.1515408759264,7174374.09082511,2122507.56334228
67.1818504930978,7174948.18214835,2132197.07172467
67.2305231063309,7175974.91877062,2128894.47982734
67.2791957195641,7177049.79864702,2114231.93109461
67.3173403803244,7177898.9288152,2107145.84137178
67.3554850410847,7178760.38719416,2105418.29155536
67.3936297018451,7179621.30714252,2103680.91680513
67.4241694689689,7180185.36940804,2114190.44795231
67.4547092360928,7180722.53589426,2127917.01185042
67.4852490032166,7181259.10738652,2141636.38055905
67.5297440102992,7182173.45014888,2136800.10661387
67.5742390173819,7183140.76702871,2119476.31593376
67.6079999882746,7183830.04019943,2113037.94191614
67.6327106418005,7184241.10031396,2124294.15259065
67.6574212953264,7184653.0421465,2135567.26974979
67.7120701813545,7185592.02920208,2152915.37437056
67.7667190673826,7186608.74955399,2143308.19645754
67.8081695167529,7187404.38175882,2135503.53643292
67.8782798212119,7188872.97429677,2118769.80813346
67.9448103550288,7190248.61721472,2116479.32063539
68.0113408888457,7191549.06373688,2124727.23276926
68.0591069319539,7192300.58411218,2144309.98035711
68.1068729750621,7193066.54334247,2160060.28830667
68.1379203297614,7193609.20974738,2155323.95634419
68.1689676844607,7194150.38204957,2150558.61426934
68.2620652181703,7195901.12812386,2133306.64562359
68.3384084813806,7197539.10510414,2112274.2867548
68.4147517445909,7199262.87310035,2094969.70341353
68.4527111940557,7200022.88945824,2105903.13102873
68.4906706435204,7200783.90851237,2116858.05170024
68.5422897987933,7201847.19314915,2117101.39311088
68.5939089540662,7202911.77816865,2114059.30349466
68.6198650151174,7203264.57630006,2129336.17513732
68.6458210761687,7203571.56400957,2149911.9812593
68.6717771372199,7203877.904502,2170473.4111772
68.692121686442,7204117.33892451,2186589.45952728
68.712466235664,7204500.80612611,2181454.66169084
68.7301236943339,7204885.6989109,2164979.35762289
68.7477811530037,7205273.06913045,2148552.26534584
68.7939541334534,7206289.96149735,2105595.5525505
68.8153158586339,7206658.17371084,2107805.56588646
68.8366775838143,7207007.43076454,2119010.41223619
68.8580393089947,7207355.10546233,2130185.32017248
68.9226313843148,7208322.88092858,2159489.13211698
68.9872234596349,7209134.60253337,2180400.65577364
69.0174806040379,7209698.41760527,2168928.32384895
69.0477377484409,7210373.59593805,2141593.6411988
69.069133936078,7210852.22203609,2122289.92506172
69.1045923394867,7211610.55608763,2097251.05907664
69.1158428686791,7211778.33619247,2104208.84459585
69.1270933978715,7211951.65627184,2111259.58291362
69.1514402000477,7212332.19260715,2126512.23847993
69.1974827077137,7213047.42336934,2155355.33712038
69.2251688952221,7213429.4299685,2161566.6343453
69.2528550827305,7213807.09514594,2166609.60102428
69.297190692884,7214398.37806815,2174686.30891594
69.3167759663517,7214735.36891996,2168990.67984275
69.3363612398195,7215085.3584732,2161665.03675966
69.3650802387326,7215582.13834177,2150928.07987535
69.4709419790569,7217274.17252896,2152022.92500678
69.5299026892757,7218204.41745091,2155487.51337286
69.5888633994945,7219154.3304603,2150723.64646383
69.6478241097133,7220094.52371134,2150448.05360478
69.7067848199322,7220997.56760779,2154195.67038736
69.7433880403198,7221391.52368472,2170748.24044789
69.7799912607075,7221786.57001464,2187327.30588243
69.7986074620611,7221988.65622747,2195759.80602854
69.8100694094477,7222196.1095444,2189797.41501794
69.8215313568343,7222410.67819862,2182138.26742547
69.8378037216384,7222698.41013008,2171277.77084676
69.8901383788706,7223649.8590996,2136355.93384504
69.918069130514,7224044.44235058,2139413.14727449
69.9459998821574,7224377.91305658,2154574.64699288
69.9675672439548,7224640.27347017,2166259.73506271
69.9946208773809,7224967.92013479,2180916.95272274
70.01215450393,7225269.64903356,2176786.55377733
70.0296881304791,7225593.79454279,2166396.75772596
70.0472217570281,7225919.26436391,2156032.38783654
70.1038153660888,7226959.36223211,2125832.36186454
70.1197251081693,7227202.63550306,2130012.33024211
70.1356348502498,7227449.83195443,2134262.04366029
70.1725975269801,7228029.33915039,2144133.32811338
70.237576590568,7229105.2597996,2146149.83078563
70.3025556541559,7230207.2068948,2138105.56475424
70.324357563011,7230494.66259721,2145490.25287018
70.346159471866,7230784.26699466,2152918.44082692
70.4045316289354,7231588.26766797,2169155.25244623
70.4215970841592,7231907.22329415,2161198.57992861
70.438662539383,7232222.89481661,2153179.44453626
70.4795754887087,7232974.7058386,2133955.51459502
70.5380741476987,7233901.41177499,2137203.34601267
70.5783121886225,7234492.73731902,2150905.88252611
70.6185502295463,7235080.51838055,2158763.79728881
70.6587882704701,7235656.90137143,2159702.65845592
70.699026311394,7236233.95302859,2160653.49411748
70.7847408443633,7237532.59398449,2154148.0494343
70.8704553773326,7238804.78913979,2154939.94305885
70.956169910302,7240237.39900962,2140582.8521416
71.0135473701278,7241203.32292931,2132662.09485184
71.0709248299537,7242028.80144981,2149654.69599843
71.1283022897796,7242846.90635009,2159204.62352999
71.1856797496055,7243649.57831422,2161013.81892226
71.2430572094314,7244544.7206137,2153076.06561292
71.3004346692573,7245469.38424913,2141769.51277849
71.3578121290832,7246629.68470373,2119362.26816423
71.3981128596661,7247444.33963363,2103611.14740769
71.4115484502581,7247645.55861228,2108509.1535552
71.42498404085,7247837.82014131,2115192.12568787
71.4440181655951,7248127.84047247,2124648.08078995
71.5089820354718,7249116.97982226,2150178.24807345
71.5367548673347,7249607.22472663,2143068.25344466
71.5645276991975,7250095.4753992,2135918.08956044
71.6393973999501,7251363.01854436,2130320.64003516
71.6990692100124,7252348.711459,2135759.48802094
71.7587410200747,7253170.95061146,2150418.7401161
71.8033642781059,7253793.0801832,2159965.84638416
71.835406673036,7254308.53852752,2153212.42732455
71.867449067966,7254822.36386788,2146424.63367768
71.9579807316622,7256271.30541085,2139173.33533925
72.0001996594465,7256944.07057567,2139001.41226495
72.0280478253185,7257291.46078395,2147674.39459956
72.0558959911905,7257640.19975469,2156379.09812996
72.0910945866899,7258083.03752365,2167381.90051914
72.1142184223161,7258529.81656736,2157404.25312206
72.1373422579422,7259032.20790557,2136356.00466894
72.1604660935684,7259544.35565974,2115343.02135852
72.185164564562,7260093.22315462,2092899.34544268
72.1980123257659,7260378.20649831,2081224.28538691
72.2063743650996,7260476.15526826,2085712.17991114
72.2147364044332,7260572.45477805,2094308.2712079
72.2230984437669,7260666.36182954,2102866.55163665
72.2481478895995,7260945.2061295,2128508.57678956
72.2797179911235,7261297.97247505,2160825.96469314
72.2958477060611,7261478.11025597,2177337.38472835
72.3119774209986,7261770.71491871,2172837.3650974
72.3244141156711,7262006.82260879,2163495.55622276
72.3368508103435,7262244.92991445,2154188.5725998
72.373736049437,7262954.09016891,2126583.40593549
72.4031284063395,7263502.25937156,2108075.05006403
72.414535099872,7263668.30384412,2112337.00740806
72.4259417934044,7263838.98442168,2116677.13446946
72.4520505588897,7264234.88059894,2126606.63281037
72.567122698002,7266015.07339602,2140876.01969573
72.6275010637361,7266843.90393939,2149040.54803706
72.6878794294702,7267544.93833028,2171472.21510894
72.7316858738979,7268276.98383806,2155972.29321032
72.7624986717613,7268842.01462394,2136385.20206946
72.7933114696247,7269407.88373319,2116817.42945198
72.8129712355612,7269681.88499015,2120422.70398175
72.8326310014977,7269903.11611325,2132589.45570683
72.8522907674342,7270133.60786868,2144727.24336408
72.8884948194953,7270555.73838125,2167079.53542796
72.9246988715564,7271090.10742284,2164816.00662412
72.9609029236174,7271660.65002162,2150880.74254056
72.9890376317922,7272104.79164163,2140068.51872296
73.0514396553344,7273178.22147922,2127196.25386962
73.1138416788767,7274227.02161483,2122946.80777437
73.1580695196229,7274864.85278052,2135510.25325839
73.2022973603691,7275495.05455079,2148129.03182112
73.2702355413873,7276256.22452741,2168782.95047804
73.3381737224055,7277091.81211821,2170036.16600258
73.4061119034237,7277986.31394455,2157872.3486443
73.4430905881252,7278435.28070996,2161466.5575094
73.4800692728267,7278885.27219558,2165082.0785342
73.5410480175306,7279767.7974488,2154382.46908856
73.6020267622344,7280700.63601805,2137006.81327369
73.618499429318,7280872.05263342,2144097.19032635
73.6349720964017,7281047.08557115,2151257.09980074
73.6732102298478,7281459.10555171,2167876.10501242
73.7334059092849,7282245.7449009,2167229.59082753
73.7713701587369,7282802.11873884,2153114.81108603
73.8093344081889,7283374.20305267,2140980.59943176
73.847298657641,7284003.0122142,2134914.2835178
73.9010429515056,7284866.56138796,2127092.4152913
73.9133025612058,7284984.52639274,2134109.61875831
73.9255621709059,7285106.39927751,2141200.94069529
73.9539736584106,7285394.25001983,2157631.37185162
74.082939916068,7286826.77429492,2172388.21448435
74.2119061737254,7288586.31361956,2147548.58339055
74.2310427232681,7288765.33698864,2156825.55993676
74.2501792728109,7288941.02826367,2166159.20503977
74.2973965878217,7289379.76573043,2189188.62739311
74.312682932651,7289593.28539134,2184653.27866395
74.3279692774803,7289810.33158443,2177511.88289235
74.3473172806758,7290086.54105527,2168489.11833019
74.3877533919797,7290664.74111792,2149632.8546689
74.4281895032836,7291114.43439878,2154772.92584096
74.4686256145875,7291521.38773117,2170507.32325969
74.5090617258913,7291947.63590471,2181140.73123943
74.5494978371952,7292430.95190395,2173990.36648458
74.5899339484991,7292913.68693462,2166827.01823918
74.6575933042669,7293680.4953729,2168280.16372578
74.7252526600348,7294493.16016589,2166214.59951956
74.7929120158026,7295382.74167139,2154149.81763283
74.8350807052453,7295878.56864466,2157912.07313546
74.8772493946881,7296355.40677512,2163998.49670618
74.9327170984127,7297061.53600452,2162413.16160952
75.002284130991,7297966.36038437,2152999.07597166
75.0251879660067,7298187.51900947,2159927.5393797
75.0480918010224,7298410.65096275,2166897.60456056
75.0818023003501,7298741.99687637,2177156.80899486
75.0995988964283,7298916.20240081,2182572.5382226
75.1057982691825,7299071.76715145,2175099.63549149
75.1119976419368,7299222.36578674,2166766.76926149
75.1219782054716,7299453.58985911,2153376.61947507
75.1524328840932,7300177.76982903,2112520.69218732
75.1848064612823,7300946.48926581,2069089.62986735
75.2171800384714,7301721.79405103,2046379.98065865
75.2400478990713,7302294.54309077,2043542.55257985
75.2573062151911,7302725.09318081,2041370.0507354
75.3089855265572,7304028.8350604,2034464.01317831
75.4069396331392,7306621.20606553,2018522.75592782
75.5048937397213,7309255.81244869,2013288.09780377
75.5809655284306,7311287.87315711,2013971.15255123
75.6570373171399,7313394.53417375,2005931.53885898
75.7331091058492,7315505.10855444,2001074.58378548
75.8091808945585,7317616.4392155,2001757.42051582
75.867227259609,7319332.82849354,1988453.85001565
75.9252736246596,7321041.20742559,1981018.43438714
75.9833199897102,7322747.59587986,1981298.65079867
76.0413663547608,7324456.46075914,1980303.8635805
76.1708810634103,7328277.03084038,1978314.99043979
76.2466706942425,7330601.92548239,1967669.63966156
76.3224603250748,7332943.57046949,1958961.70094463
76.3830075464242,7334753.33209828,1967904.90167509
76.4506024577822,7336843.18137881,1962780.62082714
76.5181973691402,7338923.08710536,1957745.82886288
76.5857922804982,7340947.24299895,1966970.47755143
76.6430412603848,7342697.17453818,1962663.50391728
76.7002902402715,7344471.76110677,1954369.5167926
76.738817902507,7345632.89802149,1957272.0076153
76.7773455647425,7346795.01898685,1960196.35071963
76.9032140657861,7350544.58505584,1965818.82536125
77.0081384214785,7353728.48548195,1957321.99072002
77.113062777171,7356977.53269296,1948968.00837272
77.1752595901469,7358839.0812305,1956079.66927478
77.2374564031227,7360727.92161383,1956318.83155777
77.3402307432505,7363865.28660702,1949837.99961799
77.4430050833784,7366981.45386853,1951266.43556748
77.5172310924291,7369171.43942683,1958785.52874525
77.5914571014798,7371307.8881712,1965023.6404614
77.6657249258382,7373517.76992885,1957565.73428526
77.7399927501965,7375710.74146776,1954908.95575582
77.8357115287884,7378471.87915393,1961848.39263158
77.9063373052675,7380456.00707427,1969619.48996853
77.9907889857168,7382853.45237082,1965567.00481635
78.075240666166,7385327.9058415,1955570.1095597
78.1596923466152,7387769.90170714,1955953.50614788
78.2441440270645,7390132.87324668,1964790.30258568
78.301081065753,7391682.14585025,1972717.49485779
78.3242040601318,7392365.9802407,1967733.59522447
78.3473270545107,7393040.84034212,1962714.95428807
78.4133631636981,7394955.13270759,1951913.6049516
78.4793992728855,7396841.86857665,1955114.91506083
78.545435382073,7398702.47543168,1958455.87011063
78.6952735093621,7403026.54999914,1945389.56989367
78.7250609320263,7403836.771535,1951332.93202716
78.7548483546905,7404625.11132246,1959406.0632556
78.7948577894156,7405708.78149227,1970242.91224515
78.8336620089097,7406775.16750599,1968679.47959947
78.8724662284038,7407851.65114203,1965223.62918419
78.9266379617146,7409339.57934109,1961077.15606547
78.9930116443728,7411194.80004906,1956861.46596282
79.0350526218352,7412287.86939827,1965177.53172576
79.0770935992975,7413363.10078969,1975730.09901311
79.1330379590392,7414861.49177805,1974138.37876337
79.188982318781,7416397.9147332,1961590.8486081
79.2333646822999,7417601.33820106,1960192.78943931
79.2777470458188,7418803.016455,1961662.02424582
79.3325356639555,7420275.01508787,1963270.18714782
79.4794600799236,7424212.90834177,1962604.85283476
79.5589871831681,7426276.90234376,1969198.94059885
79.6385142864125,7428336.87150302,1971880.20149124
79.7180413896569,7430399.10729899,1969221.89565716
79.8155858834985,7432871.21278244,1975077.817429
79.9131303773401,7435313.17901268,1977312.04651969
80.2133691284684,7442756.33651405,1979104.71999314
80.2850803939365,7444539.29310627,1975502.47172872
80.3567916594046,7446214.75499467,1985708.3220288
80.4135392153409,7447559.722148,1989960.28395222
80.4586154804779,7448717.13859798,1976153.47364183
80.5036917456149,7449866.37472781,1964131.52146563
80.5316542090932,7450532.30668151,1969216.17995795
80.5596166725715,7451199.80307081,1974336.36703273
80.6378670306252,7453117.25802668,1976727.88903182
80.6946243652086,7454535.54759405,1969149.96115983
80.72845288476,7455299.70584157,1976729.66248296
80.7622814043115,7456053.23986043,1986655.30587623
80.8064987116108,7457059.06549831,1995554.94502698
80.8351321721469,7457782.96541786,1985916.31399462
80.863765632683,7458505.54458732,1976246.22241658
80.9468081363415,7460523.82434344,1970980.60263468
81.0130865255166,7462110.05338473,1977779.07953049
81.0793649146916,7463733.52315919,1971555.53792997
81.1456433038667,7465311.49936282,1973892.76214119
81.227891049858,7467230.62746955,1979928.05969389
81.3583735573727,7470283.96872459,1978872.20980299
81.4888560648874,7473331.28180011,1978472.58206261
81.619338572402,7476259.26088578,1987477.18375676
81.7223474361792,7478597.86012784,1981560.76101495
81.8049102060299,7480583.51406972,1967738.96533847
81.8556511327655,7481764.24375714,1971002.6890001
81.906392059501,7482955.29924426,1973592.97531564
81.988760018577,7484892.04774245,1969950.81391168
82.0711279776529,7486784.67122685,1974226.60113914
82.1534959367288,7488911.86185738,1948432.94365805
82.1867823778101,7489819.66215811,1931114.03859971
82.2200688188914,7490521.39077915,1945394.25598722
82.2414180201549,7490904.10506524,1968159.13554406
82.2627672214184,7491284.87782855,1990878.89750356
82.2880552222061,7491732.53696831,2017790.31594194
82.3133432229939,7492254.89827995,2024352.74823885
82.3310927858823,7492641.22218648,2015843.71883986
82.3446139761752,7492937.45968915,2009401.93869758
82.3821809777883,7493765.33982043,1991502.9684067
82.4471625364382,7495164.22339858,1985292.97882064
82.5121440950881,7496572.72926254,1986419.38047164
82.5771256537381,7498033.83524757,1978293.84439377
82.642107212388,7499454.92737452,1979766.64769825
82.756024022867,7501944.7232429,1979845.36811314
82.869940833346,7504448.95132198,1978364.21227907
82.959551932051,7506493.56345131,1969081.95315765
83.049163030756,7508470.96376824,1973116.7052107
83.138774129461,7510342.24021665,1987625.70901826
83.1961498519565,7511514.70783404,1991651.79842958
83.2535255744519,7512752.23836637,1984284.8532351
83.2949895553643,7513652.42377485,1978351.29088364
83.3444148599602,7514667.03084093,1982586.49381564
83.3938401645561,7515674.490872,1988128.90948062
83.4713026239341,7517286.97230699,1986668.48795462
83.530132520785,7518474.34828846,1988862.99516633
83.6028303703275,7519909.62947852,1995867.28826267
83.67552821987,7521373.30192886,1991914.96919272
83.7283164018607,7522440.92370035,1989504.61800189
83.8764891501398,7525409.06093246,1991669.87213048
83.9628237570474,7527136.85742068,1989820.63477583
84.0491583639549,7528843.84745481,1990726.49620867
84.1421759957741,7530717.04610696,1986534.73923211
84.2351936275932,7532634.9509467,1978970.91939564
84.3002804236025,7533951.41660836,1983471.61559593
84.3653672196119,7535156.68572366,1995337.44840052
84.4304540156213,7536397.96196664,1997817.03653996
84.4794213727918,7537355.50056881,1991561.04616861
84.5283887299624,7538292.59501041,1989826.03773496
84.6011170557452,7539699.14811892,1992117.14197568
84.673845381528,7541096.73166188,1991394.60317092
84.7465737073108,7542478.09259384,1992531.46383802
85.0007683362042,7547082.8077139,2007909.07043137
85.0342227141619,7547708.31347729,2003247.30919641
85.0676770921195,7548332.86782266,1998560.64613724
85.1720896840651,7550322.3706516,1989357.90954254
85.2432435701893,7551569.6696353,1998458.14239184
85.3143974563136,7552792.38635758,2010086.06845687
85.3855513424379,7554105.56230982,1996362.64041487
85.4372056104428,7555001.81331467,1999223.6245914
85.4888598784477,7555881.05441504,2007131.39959352
85.5405141464526,7556763.97465269,2008237.73216774
85.5921684144574,7557645.71380267,2007448.27507542
85.6651863579036,7558796.04478963,2017469.76060494
85.7202322020049,7559702.69572753,2017943.11961492
85.758997445291,7560389.52174266,2008342.78021147
85.7977626885771,7561076.78565978,1998753.11684496
85.8490062610534,7561992.70621783,1996804.24772943
85.9002498335298,7562906.28189361,1995392.6928148
86.0024028666121,7564669.54699148,2002212.96422193
86.0750394091988,7565974.11928632,1995502.97795309
86.1259965360931,7566835.23419058,1998638.95303955
86.1769536629873,7567651.9622907,2009405.41014908
86.2279107898816,7568538.66948675,2006645.39519233
86.2788679167758,7569473.06243884,1992589.08721401
86.3189518136816,7570191.30205827,1988109.36534669
86.3590357105873,7570899.4562599,1991067.83695921
86.3991196074931,7571607.12303487,1994013.53188313
86.4637459182147,7572637.4057088,2005865.50826202
86.5043876151112,7573296.5040793,2011409.05645517
86.5323223384142,7573807.98242069,2003905.39652931
86.5602570617172,7574318.38234744,1996373.24393375
86.5997600641605,7575037.27095369,1985721.19877227
86.6233359101446,7575422.37797742,1990087.63251486
86.6469117561287,7575808.47021833,1994612.05841118
86.7022818620654,7576723.41876982,2004775.11598818
86.7613111477201,7577699.40866242,2004072.82315416
86.8203404333747,7578690.96875707,2002630.96681596
86.9087443760657,7580160.57769843,1999278.93342403
87.0147629845907,7581888.56357353,2004921.51281575
87.1207815931157,7583556.22641445,2009688.89172951
87.2898913622267,7586231.02590713,2004888.90885736
87.4044503632571,7588088.19742719,2001975.49705789
87.5190093642875,7589893.8420081,2006530.1256346
87.5837458145133,7590872.49624568,2011744.00354543
87.6484822647391,7591981.04188366,1998205.92882981
87.6988905336589,7592874.08500337,1982714.95476898
87.7277639475268,7593351.34960475,1985657.18708452
87.7566373613948,7593826.79111454,1989118.31459293
87.8128619350423,7594738.6433151,1997163.0014215
87.8844415263421,7595783.65060266,2013054.37025062
87.9375524037233,7596621.16762465,2009634.78538313
87.9906632811046,7597478.27610258,1999835.09248503
88.0437741584858,7598247.28042349,2007454.25393558
88.0809886826964,7598776.1139281,2015437.3225685
88.1278719725231,7599488.43038484,2014541.85611699
88.1869313954302,7600415.96061834,2003886.40321252
88.2459908183373,7601272.09930324,2009028.04976791
88.291911284026,7601925.31193442,2016558.39337205
88.3378317497147,7602575.2079976,2018151.72919058
88.3837522154034,7603230.35939184,2018453.51413463
88.4572483207538,7604307.43807782,2012714.03951222
88.5068942633804,7605034.01033127,2009812.14675412
88.556540206007,7605676.6509148,2020528.34135756
88.5947007748558,7606170.8726249,2028777.06989282
88.6272751526334,7606652.10106384,2023627.82675894
88.6598495304111,7607138.93307753,2016045.09086293
88.7018274043337,7607762.88881223,2006606.86773504
88.7567011710278,7608607.69663701,2003752.7304575
88.811574937722,7609471.21401354,1998993.36668139
88.8664487044161,7610412.64270451,1987000.91015161
88.9036778892297,7611044.04685681,1980322.77312496
88.9409070740433,7611619.42206863,1987084.8801332
88.9679648100827,7612038.16941965,1992017.87136609
89.0588134300419,7613260.28523085,2019407.76408294
89.0932583065209,7613675.56998122,2032045.5835692
89.1158112065803,7614024.74169317,2027060.62505063
89.1383641066397,7614392.01953165,2016257.27748892
89.1609170066991,7614759.97158039,2005471.59628055
89.2048290904642,7615459.81005972,1988558.74084237
89.2208630198832,7615664.16719512,1994516.78820222
89.2368969493021,7615871.05595009,2000530.06518115
89.2766772293225,7616391.34843788,2015447.98435431
89.3388362093236,7617279.87234385,2016266.06927359
89.4009951893248,7618188.75448826,2003850.77384749
89.428731757315,7618543.32771218,2009534.3795172
89.4564683253053,7618899.44074692,2015257.47706229
89.5058424516177,7619543.62087063,2023691.99718604
89.5552165779301,7620220.65639221,2018965.39145214
89.5923148739937,7620729.0693661,2015401.7253664
89.6682002747782,7621710.62288149,2020452.83901513
89.7440856755628,7622660.00536562,2025428.94904483
89.8771469472857,7624472.59474163,2009858.81225902
89.9469154151161,7625471.69982978,2004345.53571424
90.0166838829464,7626446.89320988,2007080.41402437
90.0714618854648,7627150.85852365,2016090.83605574
90.142790281295,7627312.27216799,2099486.73314425
90.1611818514462,7627234.7566087,2133456.59252603
90.1795734215973,7627155.36101131,2167377.28173156
90.1957681354859,7627081.82421906,2197245.49779539
90.2119628493745,7627019.49508449,2206186.58161676
90.2245887329757,7626951.34005437,2207126.91270012
90.237214616577,7626884.9769431,2208101.32524407
90.2743506726735,7626694.55894808,2210966.59055784
90.3061333835226,7626572.76178053,2209029.67864536
90.3379160943716,7626611.95052543,2188513.18419323
90.3627251587222,7626642.06126181,2172480.14039072
90.3915165964054,7626674.98470152,2153872.23759765
90.4203080340886,7626563.97622966,2161717.07578102
90.4433139060985,7626443.40916451,2177023.57506529
90.4663197781084,7626321.91204754,2192303.73371118
90.5060502410528,7626133.12075513,2212735.18442264
90.529213160238,7626089.47161675,2205161.37618264
90.5523760794232,7626044.00727153,2197540.67969676
90.6108800873426,7625892.68812183,2184484.48043479
90.6548313582957,7625695.53732775,2195179.62497821
90.6874214696606,7625549.5904272,2203123.52814441
90.7395997729649,7625035.50567119,2233560.39512369
90.7917780762691,7624436.04599206,2269700.10093024
90.8186634842962,7624181.99365847,2271180.24055576
90.8455488923234,7623937.06629866,2264926.01682997
90.8724343003506,7623692.79715159,2258690.69579823
90.9629333347879,7623091.79525408,2231201.67983418
91.0411298231047,7622555.40894154,2227794.8060616
91.1193263114215,7621938.72844105,2241623.56965762
91.1768864683199,7621466.83315826,2243895.64232983
91.2534886333529,7620980.23948398,2231286.22018434
91.3300907983859,7620647.79776848,2209853.69793277
91.3905578840927,7620503.14457525,2190461.33531975
91.4313716522718,7620319.7478693,2195492.1418691
91.4721854204509,7620118.15615167,2206072.90795151
91.51299918863,7619871.20287845,2217672.24815178
91.5696317926546,7619393.99650558,2236853.86614472
91.6949074267278,7618268.98904681,2255430.20711025
91.7221346969125,7618125.89953127,2245794.68064804
91.7493619670973,7618001.63970663,2233317.14098555
91.7829023802946,7617848.76450785,2217954.5570615
91.8392142557337,7617576.28008831,2211317.71585085
91.8955261311728,7617303.9334835,2213128.32666815
91.9293085927274,7617250.06251804,2202612.49156881
91.9630910542819,7617208.78799044,2190272.53649829
91.9953091433132,7617169.63148542,2178506.42318297
92.0154892497662,7617071.61298077,2183382.20806987
92.0356693562192,7616961.79264648,2192101.71612436
92.0558494626722,7616851.47871367,2200808.28795663
92.0999391570445,7616608.6758416,2219829.96514441
92.1163498195585,7616537.15265892,2218540.78165076
92.1327604820725,7616463.25942275,2217166.8424522
92.1728772539204,7616275.03019815,2213807.39797952
92.2515231498105,7615847.41518554,2218727.32050314
92.3301690457006,7615415.18402415,2220836.05178757
92.3902697367746,7615148.47186699,2211414.72378439
92.4503704278487,7614954.71512641,2203566.65532844
92.51441223032,7614719.23433469,2199604.01555214
92.5784540327913,7614415.80391447,2209778.15422306
92.6424958352627,7614157.81284829,2209061.04711256
92.6940910678465,7613964.86757266,2203987.91658106
92.7238446158653,7613738.81501564,2214243.34838557
92.753598163884,7613490.89502661,2227851.69044233
92.7833517119028,7613242.82398055,2241453.10821638
92.8341105181444,7612951.37070282,2237016.54822151
92.884869324386,7612711.65397064,2218921.32142473
92.9221401162935,7612638.05024705,2203617.61886877
93.0117121554394,7612630.75874973,2166820.99353882
93.0695652660121,7612705.19145901,2157556.78203144
93.1274183765849,7612761.57770179,2154353.28287757
93.1852714871576,7612803.18645511,2157937.36932367
93.2431245977303,7612748.89222804,2168440.52901625
93.300977708303,7612661.37849682,2181378.48790987
93.3757622717414,7612354.76452515,2201234.25700374
93.4505468351797,7612226.00846178,2190454.90781384
93.4857166375018,7612200.46567702,2178411.02886023
93.5208864398239,7611961.85008313,2193244.60724473
93.5443471370627,7611722.62671334,2215622.96710109
93.5678078343015,7611482.08691034,2237964.52871742
93.6017592131136,7611136.12596434,2268243.92552468
93.6120471049538,7611063.13095878,2266023.33128506
93.622334996794,7610984.38520494,2263698.35522545
93.6437074138291,7610810.66379091,2258871.60127851
93.7252478724492,7610156.47467429,2246657.41323019
93.7865674285916,7609651.2660104,2247924.48587347
93.8416827673136,7609363.31085721,2233676.3810559
93.8967981060356,7609112.80386734,2214404.76346216
93.9316049530444,7608960.76690578,2212417.66466254
93.9664118000531,7608805.30632403,2211500.20176009
94.024077715141,7608534.62830625,2213686.64154103
94.0817436302289,7608215.81061816,2221100.99937677
94.1394095453169,7607574.2164365,2253877.92651803
94.1970754604048,7606792.52107952,2298536.35551644
94.2065082145733,7606789.96171248,2290967.46704819
94.2159409687419,7606806.99379223,2276243.76473246
94.2253737229105,7606826.71495721,2261574.19881301
94.249950977573,7606883.97841295,2223349.28434277
94.2898178988075,7606973.14389394,2161342.5238636
94.3007314487758,7606984.87700371,2146256.00821461
94.3049529432084,7606927.74937939,2150703.42739945
94.309174437641,7606888.35722225,2155400.90915164
94.3160625468835,7606833.52244021,2163032.90731919
94.3365710709083,7606651.15497102,2185755.34117304
94.3737132455632,7606323.64467571,2226909.27692556
94.3944738071498,7606140.37098115,2249912.02181858
94.4152343687363,7606017.26976934,2251749.73372236
94.4315106816629,7605920.80632073,2246964.18059404
94.4477869945895,7605825.54124006,2242205.11138022
94.4986583452948,7605532.1073995,2227331.3531301
94.5937730963535,7605160.10704981,2209310.19165287
94.6213057093711,7604971.26108768,2215690.91464476
94.6488383223887,7604765.64936751,2225540.72561591
94.6763709354063,7604559.80585329,2235382.47092445
94.7302327570365,7604284.50841179,2232137.00006302
94.7665548208808,7604155.40398046,2217946.34320162
94.802876884725,7603999.63243793,2207364.17489572
94.8137961963474,7603855.95607543,2216750.97011693
94.8247155079697,7603717.10392104,2226235.97088511
94.8477465509413,7603434.0373616,2246238.82938937
94.8824977129431,7603000.81543508,2276417.89450521
94.9035383395606,7602762.19511756,2290072.33001574
94.91787183603,7602658.09410942,2283557.43743213
94.9322053324995,7602551.10621637,2276983.2236723
94.9669927359938,7602283.92180198,2261027.05422799
95.0352121609478,7601911.42946769,2230884.79471711
95.1034315859019,7601657.52776373,2206773.94762102
95.1108703132558,7601544.2573471,2214246.00233089
95.1183090406097,7601438.44868113,2221851.45329754
95.1330500856622,7601238.9375726,2236913.01904547
95.1849082290608,7600520.62861191,2289892.83509261
95.2027705094356,7600298.19239025,2303734.19784807
95.2144206352983,7600218.00833655,2296817.85100604
95.226070761161,7600133.53180677,2289819.4085709
95.2519306261399,7599937.13460103,2274286.14904681
95.356727829803,7599269.39204788,2233837.35201332
95.4319626978369,7599020.55889527,2210120.27782148
95.4952983511836,7598978.84216337,2180427.54018465
95.5277916618529,7598929.53316395,2180505.68542115
95.5602849725222,7598881.80655488,2183250.59854565
95.6006552373335,7598816.0200322,2186903.8275966
95.628109781004,7598646.30004225,2199718.20747577
95.6555643246746,7598474.78255927,2212567.6358176
95.7313904058681,7597882.76479725,2245586.78586819
95.7793802961491,7597392.80637794,2264247.57818151
95.82737018643,7597145.34726156,2250082.90675116
95.8508984226694,7597099.70580312,2230836.84996417
95.8744266589087,7597055.50093739,2211627.89471801
95.939693943855,7596802.54435255,2202969.42166071
95.9650205225925,7596680.03825367,2210891.41690301
95.99034710133,7596556.26421026,2218782.24458523
96.0641400515369,7595840.19798638,2255610.63209028
96.0916506933156,7595549.55128086,2270126.57987671
96.1191613350944,7595404.09791528,2262739.53855547
96.1466719768731,7595294.45817612,2245578.85233161
96.1741826186518,7595185.60334236,2228441.59869326
96.1980902289518,7595093.03795026,2213549.75729648
96.2127219979315,7594992.42057123,2215714.23139274
96.2273537669112,7594895.94254567,2219696.59024493
96.2478158437747,7594759.71516429,2225253.18111731
96.3203308266075,7594257.09455276,2241409.35805667
96.3928458094402,7593702.5552119,2248434.31870547
96.4455172675512,7593134.14267205,2264846.47311207
96.4981887256622,7592541.96091826,2283068.74049724
96.5148041326692,7592444.36882928,2276006.71662292
96.5314195396762,7592348.34360061,2267261.93984786
96.5549548584788,7592213.3248722,2254885.14243571
96.5973549722074,7591971.20036616,2232589.43126717
96.6119632387531,7591840.0507925,2234942.10265576
96.6265715052988,7591709.14895321,2239644.4309157
96.6457072708214,7591536.95448499,2245788.97650314
96.6865035804012,7591167.93190531,2258888.47367602
96.727299889981,7590950.99192545,2249488.7333742
96.7680961995607,7590795.37638602,2228792.21817175
96.8000868867009,7590672.97615689,2212624.38672796
96.8150259760459,7590605.35623582,2213334.90548064
96.8299650653908,7590539.34123471,2214102.67474358
96.8666991580887,7590384.2032676,2215990.73171061
96.8974295646928,7590252.18423213,2217568.90306807
96.916386937629,7590039.98451105,2229685.57278285
96.9353443105653,7589814.50024617,2243645.32031962
96.9618931903103,7589497.91361622,2263186.34082792
97.0614468718216,7589025.10365942,2223975.26626278
97.1060623879066,7588962.46030744,2184136.44957413
97.1187808967851,7588892.13629166,2189572.45901725
97.1314994056636,7588826.39453498,2195096.43082679
97.1591207041353,7588692.84945121,2207091.5519432
97.2747309028866,7587909.54786881,2244879.5259339
97.3336277160736,7587642.0991286,2235101.67381362
97.3721837657336,7587539.68308007,2215991.49116616
97.4107398153936,7587438.40823302,2201863.93281702
97.4492958650536,7587358.17997156,2200746.16667154
97.5089364224616,7587205.06163491,2199892.09920022
97.5935903294175,7586950.83215321,2205787.44478801
97.6782442363734,7586536.55978435,2222003.83221912
97.7419011844281,7586283.89458395,2220171.05069416
97.7850418661501,7586132.4208925,2213712.43384688
97.8281825478721,7585711.0108241,2236357.59622161
97.871323229594,7585162.93834999,2274671.03706704
97.9016787495241,7584796.89374968,2298453.77635997
97.9092647961058,7584794.39902249,2290905.84154489
97.9168508426876,7584781.96990293,2283185.69631486
97.9306296804182,7584746.87239669,2269173.6032533
97.9758558545861,7584651.31947117,2223189.77133641
98.0450618560706,7584526.43401465,2195256.07409101
98.0848155933699,7584472.62423223,2192398.31418512
98.1245693306692,7584385.55433482,2194102.71970642
98.1865428291114,7584229.28458078,2201241.59110321
98.2485163275536,7583850.89014725,2224106.41214137
98.2961748498468,7583515.61727522,2245085.53477706
98.3113295717357,7583485.8084036,2240316.66936929
98.3264842936247,7583467.52405917,2231502.92643111
98.3416390155137,7583450.08584838,2222707.99971429
98.3952107674921,7583391.60089279,2191618.11481437
98.4119917152314,7583294.56264971,2195331.3824345
98.4287726629707,7583183.52380093,2204634.2093579
98.44555361071,7583071.48323928,2213913.88323891
98.5006664703074,7582703.49069196,2243706.56867383
98.5104082099177,7582694.49197082,2239136.71010886
98.520149949528,7582679.69069578,2234459.37532811
98.5403375329247,7582639.28007367,2224771.2084673
98.5825359537054,7582563.45788202,2204523.67992461
98.6247343744862,7582364.15205009,2207145.03402827
98.654064453887,7582179.05911395,2220363.060963
98.6833945332878,7581992.99672972,2233554.46848639
98.6988159111261,7581893.37437088,2240489.52804236
98.7082044695821,7581925.77852918,2233245.59796452
98.7175930280381,7581954.93439771,2224146.64750178
98.7305312212493,7581997.61868858,2211630.5477222
98.7713603042733,7582134.37156768,2172134.23819724
98.7905796090191,7582198.03267143,2153541.62970971
98.8032811622369,7582189.58141111,2147883.67896541
98.8159827154548,7582087.21957302,2161935.41582519
98.8286842686726,7581986.66983238,2176017.30256034
98.8675979310825,7581682.72712751,2219158.94393312
98.8909836438018,7581499.15218147,2245084.90309672
98.9143693565211,7581385.46605858,2250057.92365273
98.9352541245245,7581297.24385703,2242441.03500741
98.9561388925278,7581210.69211704,2234863.78758453
98.9893212899936,7581077.34748899,2222826.233033
99.0225036874594,7580775.9989853,2233845.97874658
99.0556860849252,7580412.19876427,2256019.62411882
99.0818843870331,7580124.49807513,2273509.18745898
99.0990092784439,7579935.03649024,2284940.59564882
99.1093894682137,7579884.99395567,2280675.68954468
99.1197696579835,7579838.01155214,2275072.55667668
99.1352544519014,7579745.20470109,2266723.91349478
99.1830385305791,7579491.51662278,2240973.01415611
99.2224154133069,7579173.77775447,2241083.39546841
99.2498129400358,7578910.96962307,2252576.59673246
99.2772104667647,7578647.06658656,2264041.05193736
99.3333148529013,7578167.45527771,2268218.59732368
99.3894192390379,7577721.46364297,2259050.68528773
99.4309916840328,7577526.41290881,2244597.46973299
99.4725641290277,7577374.5346255,2227482.59461665
99.5039882294953,7577240.98859952,2217718.35107895
99.5241453002694,7577082.41929823,2225576.07997092
99.5443023710434,7576925.76467628,2233479.75263907
99.5963705151986,7576527.76030063,2253897.9606219
99.6378543324592,7576178.47770554,2258616.05601537
99.6793381497197,7575831.09273868,2262192.84570455
99.7466675648995,7575186.81820108,2270187.01230838
99.8817128785801,7574424.5755665,2222202.25726454
99.9182776801783,7574150.07618934,2224134.01934682
99.9398140465098,7573913.94980842,2241286.62505831
99.9613504128412,7573675.6894737,2258386.8888029
99.9884367517381,7573371.29099424,2279892.16113916
100.015523090635,7573178.83508453,2280254.89459279
100.042609429532,7573039.4598799,2264508.34644865
100.061690954976,7572942.30323272,2253443.55585997
100.080619894036,7572848.42219342,2242468.65971651
100.099548833097,7572753.24474015,2231493.19903458
100.102397674374,7572613.17003603,2238667.68296723
100.105246515651,7572499.158381,2248119.15781174
100.108095356928,7572375.38106139,2257489.8986678
100.114484506099,7572100.13582115,2278525.87276778
100.137883018659,7571097.84433598,2355564.65708923
100.170013091553,7569720.35071666,2461350.64691148
100.202143164447,7568355.3532343,2559755.26610172
100.204427251326,7568291.74108136,2559635.42219481
100.206711338205,7568197.69473136,2559157.90247553
100.209865605951,7568065.96078594,2558561.42470485
100.217161249385,7567773.01604943,2557175.74893648
100.244819917916,7566656.43464809,2551917.6481191
100.383113260575,7561491.86940509,2508946.56623175
100.426395927503,7560367.55199089,2468966.49514812
100.469678594432,7559489.70162909,2414038.15192193
100.500633291783,7558859.68344241,2375764.94088471
100.506635616847,7558702.57489921,2377521.35845065
100.51263794191,7558556.59434347,2379447.11516825
100.523931664882,7558292.1972743,2383056.15128429
100.559539971742,7557441.63768027,2394427.37584394
100.59918715569,7556495.9008253,2407089.97718483
100.622665034686,7555985.05617668,2403629.27967309
100.646142913682,7555475.85601482,2399724.15304869
100.692842742835,7554450.45468925,2391952.46587161
100.723210581063,7553668.03872714,2400539.87697444
100.753578419291,7552856.34073783,2413432.5423343
100.783946257519,7552044.42291308,2426316.48180443
100.829043200385,7550950.98108149,2424375.16956946
100.874140143251,7549907.85311503,2410623.82857606
100.894889353041,7549428.03400513,2404303.80273853
100.91563856283,7548732.75653605,2419603.3072715
100.930977633897,7548180.32819017,2436323.6735531
100.946316704964,7547626.93051642,2453019.85365177
100.995614302952,7545844.4419123,2506677.73084655
101.008777921632,7545447.62751168,2506659.02499667
101.021941540312,7545061.86856845,2499119.75737083
101.035105158992,7544677.97323639,2491619.96368442
101.071904981445,7543610.05860361,2470654.90054616
101.09567253845,7542919.04152514,2457113.16754436
101.11021224272,7542380.30583115,2462871.35274824
101.124751946991,7541813.48399634,2474853.78563197
101.139291651262,7541245.37661576,2486806.65599335
101.183579806971,7539510.49905559,2523213.90630509
101.257891909405,7536134.85145364,2573459.98460192
101.295137126399,7534374.56851137,2597085.67152173
101.317887312895,7533320.27097211,2599319.43674902
101.340637499391,7532262.27892315,2598125.00908341
101.363387685888,7531204.66573384,2596940.0303895
101.457922118745,7525988.53705743,2655114.15103522
101.488280037513,7524153.72984315,2686708.32559578
101.518637956281,7522755.05700053,2668650.31238284
101.530167382959,7522306.01325467,2649648.95268194
101.541696809637,7521860.58245586,2630723.78592795
101.567935059284,7520855.22080103,2587656.68434788
101.587550305077,7520100.98521932,2555457.86160442
101.598044902276,7519697.69451259,2538231.25167116
101.605203237954,7519346.01083759,2538806.60552339
101.612361573632,7519002.41510933,2544470.98586417
101.61951990931,7518655.66767511,2550083.09163132
101.638913452624,7517711.55944388,2565291.36613039
101.689692424549,7515244.67505881,2605115.83027577
101.723457037396,7513540.97665957,2618572.4816692
101.757221650243,7511799.77403961,2626195.70747555
101.79098626309,7510058.99183611,2633829.46066746
101.817280655359,7508437.68641241,2654358.15897801
101.843575047627,7506689.08797323,2682676.77583157
101.869869439896,7504940.06421316,2710976.43906362
101.957581873687,7499473.09322347,2719134.80834317
102.023069474478,7495401.58724835,2708677.2128886
102.123417489248,7488907.45309834,2732472.52311007
102.209518135155,7483420.12141045,2726029.98779872
102.295618781061,7477969.01815443,2723706.42369013
102.324274594424,7476017.38030249,2732856.02503068
102.352930407787,7474045.12615504,2743854.72341111
102.393190651684,7471274.12102165,2759302.81107565
102.43062408095,7468689.25238333,2762885.83528944
102.468057510216,7466098.48434092,2764019.94571463
102.516325393043,7462865.8482021,2758086.35858402
102.550638545305,7460708.6444072,2743450.13336645
102.584951697567,7458551.72269389,2728821.8360624
102.638397477951,7455250.10313062,2718418.17893728
102.691843258335,7451975.86309703,2712926.11446093
102.745289038719,7448691.80901648,2712915.41195814
102.798734819103,7445407.37765586,2713908.60773847
102.891883733441,7439612.18903323,2719295.6064561
102.945650310544,7436041.86462787,2735075.15209794
102.999416887646,7432434.05466082,2753139.40356316
103.018018495699,7431268.60016638,2748259.18126382
103.036620103752,7430104.55613751,2742953.2819715
103.073071354618,7427811.14514781,2732548.39085362
103.14304701523,7423339.06846752,2730055.41687078
103.213022675842,7418850.95177737,2735445.01450565
103.282998336455,7414467.87442626,2726997.97278167
103.352973997067,7410148.68191273,2720817.50977055
103.459100243047,7403691.25723213,2713330.01646043
103.561847082424,7397380.54544249,2718036.05015873
103.6645939218,7391093.81798898,2716958.46908422
103.767340761177,7385013.46968654,2703628.98997687
103.870087600554,7378910.57267144,2705890.21719244
103.97283443993,7372746.54359636,2710528.83561494
104.053877054298,7367969.65696344,2705549.49051258
104.163047171692,7361748.87253482,2689895.64796878
104.272217289085,7355065.01316428,2722615.63536271
104.321920367075,7351866.5247376,2739817.85832211
104.371623445065,7348622.1492408,2744431.41548982
104.409309820072,7346207.0360607,2744421.74704855
104.446996195079,7343916.40672015,2733554.76169792
104.484682570085,7341625.63469198,2722682.81412622
104.550815037099,7337518.35215803,2723910.35841519
104.616947504114,7333429.21037831,2727071.83353278
104.703617992981,7328199.18367397,2716059.47634905
104.735029767176,7326222.51456414,2721588.83524433
104.766441541372,7324246.78490193,2727143.11271353
104.861513013095,7318391.34056222,2725697.32321167
104.943860793666,7313315.4894926,2724680.43041555
105.026208574237,7308339.8659505,2720306.40002165
105.08478483006,7305011.33013984,2699928.29386027
105.125484130997,7302561.10713161,2703030.97168418
105.166183431934,7300048.97884651,2716602.62603954
105.206882732871,7297551.58488241,2726812.28183633
105.247582033808,7295136.9676904,2720443.64831581
105.278702926828,7293290.09328431,2715560.04310026
105.388836265343,7286695.59713538,2716043.74560393
105.467180249228,7282136.8982222,2707769.93650664
105.522871069125,7278846.65375507,2707529.68350708
105.564572927715,7276320.04976277,2715006.94016047
105.606274786305,7273799.54701594,2720992.0114804
105.656414565206,7270809.78709766,2718053.46848524
105.706554344107,7267849.95305247,2713567.58151959
105.756694123008,7265089.99143338,2698788.74760488
105.806833901909,7262329.71903267,2685922.94353744
105.856973680809,7259579.29627076,2685340.38458883
105.896694754405,7257400.83134841,2684889.18775025
105.949153789746,7254672.03844858,2675447.36576083
106.001612825086,7251958.04820509,2665454.03840057
106.11311807908,7246412.6069551,2651886.23339389
106.180755238919,7242948.95874577,2659747.62748416
106.248392398758,7239681.051198,2649488.33516285
106.292932847737,7237576.65961356,2637935.24550617
106.318392284373,7236214.47065855,2646112.02287249
106.34385172101,7234801.87626598,2660119.1882643
106.369311157647,7233388.64725601,2674111.28752196
106.397286618501,7231834.68766575,2689485.01027906
106.41136177958,7231223.48427157,2680706.98091547
106.42543694066,7230635.72086609,2667751.15849675
106.439512101739,7230049.14483805,2654816.76317355
106.487328004437,7228058.94665015,2610877.33166474
106.514455749715,7226783.50659255,2607799.51865643
106.532454958348,7225875.71342651,2618776.48840138
106.550454166982,7224965.37643921,2629702.67664953
106.596535115585,7222629.81647615,2657672.06045543
106.624007370139,7221178.4709728,2664098.79762889
106.651479624694,7219713.23398193,2668988.03169835
106.692250265672,7217539.01560156,2676248.87024511
106.728540516695,7215749.5619972,2668540.38609088
106.764830767717,7213993.60588794,2656902.79260008
106.80112101874,7212236.36324312,2645543.82851268
106.846993876807,7210071.84487121,2642153.39985115
106.892866734874,7207905.53878168,2638781.04681218
107.040730554357,7201103.20195707,2630271.36590503
107.18859437384,7194028.96506858,2649537.18433014
107.235441354903,7191748.16262658,2650958.77720996
107.282288335965,7189470.4760028,2649442.17876107
107.339355543155,7186857.01685296,2638575.02770161
107.408958655655,7183699.75543192,2626085.84778305
107.433283794057,7182470.72607696,2635425.25656217
107.457608932458,7181243.35174727,2644800.26378909
107.497914654317,7179212.46575893,2660337.17690268
107.522281898299,7178028.41344033,2658657.09164747
107.546649142281,7176843.60805221,2655878.96495816
107.586328701092,7174914.73086019,2651359.36454692
107.66325193931,7171395.30572054,2635718.55377902
107.740175177528,7167865.87939864,2631093.14395337
107.817098415745,7164329.15997267,2634202.53429587
107.894021653963,7160916.21997966,2623893.52277328
107.946194391358,7158838.54672524,2607614.35111566
107.998367128752,7156790.09526654,2590107.72318326
108.016424699004,7155956.61936708,2597303.59643142
108.034482269257,7155118.39363659,2605921.01692026
108.061174565061,7153878.80568238,2618650.51116741
108.177205633819,7148678.43023092,2625533.78404496
108.232572215088,7146149.02734588,2627645.47299883
108.287938796356,7143564.91454046,2637217.48495149
108.343305377625,7141031.65715788,2636266.36414507
108.398671958894,7138509.71408039,2632346.86085201
108.466048652423,7135508.17612193,2628342.8685739
108.583816945802,7130193.04508423,2630389.91127452
108.650633314147,7127331.64295947,2620782.63762541
108.717449682493,7124655.84410135,2601783.71461478
108.765201538424,7123014.56167678,2577545.5289834
108.828459827006,7120929.77377934,2553605.23665419
108.875976502861,7119453.46838954,2543209.06034049
108.923493178716,7118000.77222603,2536193.81031204
108.971009854572,7116577.4158766,2532693.61538949
109.00119355367,7115663.74402895,2531135.67159735
109.020470223052,7114942.15631644,2540588.89168126
109.039746892434,7114222.95080774,2550092.32410415
109.089047054394,7112387.77030212,2574399.94064034
109.175539015307,7108450.39927452,2626457.67787601
109.233937878303,7105699.21405664,2643567.36750253
109.292336741298,7102919.82878061,2646857.17974114
109.335234275075,7100923.10226256,2644666.92846065
109.378131808853,7098938.83185103,2641456.83845132
109.452997924442,7095386.10162709,2644786.79675126
109.527864040032,7091763.63166058,2652053.68936464
109.602730155621,7088083.57034502,2658351.62736333
109.628413978031,7086975.99807827,2648464.36826902
109.654097800441,7085866.49274611,2638534.7955363
109.699828024493,7083887.95970209,2620851.67140955
109.727128947988,7082701.2013004,2621006.81955606
109.754429871483,7081516.42836498,2621269.32457386
109.823625693815,7078444.13381812,2626327.07162307
109.892821516147,7075232.838044,2639917.67705379
109.9,7074899.69061356,2641327.39978851
